time_stamp,data_value
1684926118.593458,0.000000
1684926118.603046,0.000000
1684926118.613466,0.000000
1684926118.623073,0.000000
1684926118.633696,0.000000
1684926118.643235,0.000000
1684926118.653488,0.000000
1684926118.663049,0.000000
1684926118.673479,0.000000
1684926118.683081,0.000000
1684926118.693492,0.000000
1684926118.703073,0.000000
1684926118.713465,0.000000
1684926118.723104,0.000000
1684926118.733472,0.000000
1684926118.743094,0.000000
1684926118.753488,0.000000
1684926118.763096,0.000000
1684926118.773507,0.000000
1684926118.783093,0.000000
1684926118.793531,0.000000
1684926118.803090,0.000000
1684926118.813549,0.000000
1684926118.823120,0.000000
1684926118.833499,0.000000
1684926118.843214,0.000000
1684926118.853485,0.000000
1684926118.863091,0.000000
1684926118.873529,0.000000
1684926118.873577,0.000000
1684926118.883121,0.000000
1684926118.893501,0.000000
1684926118.903469,0.000000
1684926118.913507,0.000000
1684926118.923114,0.000000
1684926118.932784,0.000000
1684926118.943163,0.000000
1684926118.952870,0.000000
1684926118.963192,0.000000
1684926118.972929,0.000000
1684926118.983136,0.000000
1684926118.993032,0.000000
1684926119.003156,0.000000
1684926119.013182,0.000000
1684926119.013259,0.000000
1684926119.023532,0.000000
1684926119.033368,0.000000
1684926119.043548,0.000000
1684926119.053416,0.000000
1684926119.062617,0.000000
1684926119.073554,0.000000
1684926119.082600,0.000000
1684926119.092671,0.000000
1684926119.103472,0.000000
1684926119.113856,0.000000
1684926119.122844,0.000000
1684926119.132853,0.000000
1684926119.142924,0.000000
1684926119.152936,0.000000
1684926119.162993,0.000000
1684926119.173100,0.000000
1684926119.183226,0.000000
1684926119.193520,0.000000
1684926119.203368,0.000000
1684926119.213348,0.000000
1684926119.223433,0.000000
1684926119.233532,0.000000
1684926119.243579,0.000000
1684926119.253532,0.000000
1684926119.263645,0.000000
1684926119.273540,0.000000
1684926119.282696,0.000000
1684926119.293561,0.000000
1684926119.302854,0.000000
1684926119.313560,0.000000
1684926119.322900,0.000000
1684926119.333535,0.000000
1684926119.342979,0.000000
1684926119.353537,0.000000
1684926119.363178,0.000000
1684926119.373628,0.000000
1684926119.383289,0.000000
1684926119.393569,0.000000
1684926119.403289,0.000000
1684926119.413659,0.000000
1684926119.423328,0.000000
1684926119.433583,0.000000
1684926119.443289,0.000000
1684926119.453648,0.000000
1684926119.455041,0.000000
1684926119.463311,0.000000
1684926119.473561,0.000000
1684926119.483292,0.000000
1684926119.493593,0.000000
1684926119.503291,0.000000
1684926119.513578,0.000000
1684926119.523295,0.000000
1684926119.533565,0.000000
1684926119.543289,0.000000
1684926119.553583,0.000000
1684926119.563288,0.000000
1684926119.573797,0.000000
1684926119.583308,0.000000
1684926119.593587,0.000000
1684926119.603289,0.000000
1684926119.613585,0.000000
1684926119.623583,0.000000
1684926119.633587,0.000000
1684926119.643321,0.000000
1684926119.653613,0.000000
1684926119.663314,0.000000
1684926119.673627,0.000000
1684926119.683416,0.000000
1684926119.693630,0.000000
1684926119.703629,0.000000
1684926119.704061,0.000000
1684926119.713624,0.000000
1684926119.723366,0.000000
1684926119.733612,0.000000
1684926119.743426,0.000000
1684926119.753604,0.000000
1684926119.763331,0.000000
1684926119.773671,0.000000
1684926119.783344,0.000000
1684926119.793632,0.000000
1684926119.803394,0.000000
1684926119.813599,0.000000
1684926119.823358,0.000000
1684926119.833634,0.000000
1684926119.843343,0.000000
1684926119.853607,0.000000
1684926119.863441,0.000000
1684926119.873606,0.000000
1684926119.883382,0.000000
1684926119.893610,0.000000
1684926119.903360,0.000000
1684926119.913641,0.000000
1684926119.923339,0.000000
1684926119.933681,0.000000
1684926119.943361,0.000000
1684926119.953645,0.000000
1684926119.963425,0.000000
1684926119.973629,0.000000
1684926119.983383,0.000000
1684926119.993641,0.000000
1684926120.003391,0.000000
1684926120.013674,0.000000
1684926120.023381,0.000000
1684926120.032633,0.000000
1684926120.043388,0.000000
1684926120.053687,0.000000
1684926120.063383,0.000000
1684926120.072639,0.000000
1684926120.083450,0.000000
1684926120.093662,0.000000
1684926120.103443,0.000000
1684926120.103534,0.000000
1684926120.113688,0.000000
1684926120.123401,0.000000
1684926120.133647,0.000000
1684926120.143415,0.000000
1684926120.153639,0.000000
1684926120.163431,0.000000
1684926120.173686,0.000000
1684926120.183495,0.000000
1684926120.193636,0.000000
1684926120.203440,0.000000
1684926120.213679,0.000000
1684926120.223431,0.000000
1684926120.232693,0.000000
1684926120.243450,0.000000
1684926120.253679,0.000000
1684926120.263430,0.000000
1684926120.273638,0.000000
1684926120.283436,0.000000
1684926120.293695,0.000000
1684926120.303451,0.000000
1684926120.313687,0.000000
1684926120.323436,0.000000
1684926120.333670,0.000000
1684926120.343446,0.000000
1684926120.353663,0.000000
1684926120.363475,0.000000
1684926120.373643,0.000000
1684926120.383452,0.000000
1684926120.393700,0.000000
1684926120.403476,0.000000
1684926120.413733,0.000000
1684926120.423452,0.000000
1684926120.433685,0.000000
1684926120.443480,0.000000
1684926120.453667,0.000000
1684926120.463526,0.000000
1684926120.473662,0.000000
1684926120.473724,0.000000
1684926120.483506,0.000000
1684926120.493694,0.000000
1684926120.503499,0.000000
1684926120.513685,0.000000
1684926120.523526,0.000000
1684926120.533684,0.000000
1684926120.543501,0.000000
1684926120.553658,0.000000
1684926120.563493,0.000000
1684926120.573812,0.000000
1684926120.583496,0.000000
1684926120.593690,0.000000
1684926120.603499,0.000000
1684926120.613694,0.000000
1684926120.623515,0.000000
1684926120.633713,0.000000
1684926120.643520,0.000000
1684926120.653688,0.000000
1684926120.663540,0.000000
1684926120.673895,0.000000
1684926120.683541,0.000000
1684926120.692881,0.000000
1684926120.703576,0.000000
1684926120.712960,0.000000
1684926120.723541,0.000000
1684926120.733200,0.000000
1684926120.743595,0.000000
1684926120.753164,0.000000
1684926120.763537,0.000000
1684926120.774189,0.000000
1684926120.783563,0.000000
1684926120.793196,0.000000
1684926120.803569,0.000000
1684926120.813228,0.000000
1684926120.823571,0.000000
1684926120.833247,0.000000
1684926120.843657,0.000000
1684926120.853190,0.000000
1684926120.863211,0.000000
1684926120.873230,0.000000
1684926120.883234,0.000000
1684926120.893318,0.000000
1684926120.903286,0.000000
1684926120.913757,0.000000
1684926120.923466,0.000000
1684926120.933477,0.000000
1684926120.943532,0.000000
1684926120.953676,0.000000
1684926120.963812,0.000000
1684926120.973786,0.000000
1684926120.983809,0.000000
1684926120.993780,0.000000
1684926121.003611,0.000000
1684926121.013800,0.000000
1684926121.023674,0.000000
1684926121.033800,0.000000
1684926121.043631,0.000000
1684926121.053807,0.000000
1684926121.063612,0.000000
1684926121.073801,0.000000
1684926121.083805,0.000000
1684926121.093868,0.000000
1684926121.103661,0.000000
1684926121.113858,0.000000
1684926121.123652,0.000000
1684926121.133839,0.000000
1684926121.143631,0.000000
1684926121.153867,0.000000
1684926121.163656,0.000000
1684926121.173847,0.000000
1684926121.183931,0.000000
1684926121.193851,0.000000
1684926121.203681,0.000000
1684926121.214195,0.000000
1684926121.223654,0.000000
1684926121.233192,0.000000
1684926121.243699,0.000000
1684926121.253314,0.000000
1684926121.263652,0.000000
1684926121.273553,0.000000
1684926121.283571,0.000000
1684926121.293619,0.000000
1684926121.302703,0.000000
1684926121.313785,0.000000
1684926121.323749,0.000000
1684926121.333578,0.000000
1684926121.343680,0.000000
1684926121.353597,0.000000
1684926121.363720,0.000000
1684926121.373696,0.000000
1684926121.383598,0.000000
1684926121.393658,0.000000
1684926121.402943,0.000000
1684926121.413664,0.000000
1684926121.423716,0.000000
1684926121.433618,0.000000
1684926121.443738,0.000000
1684926121.453625,0.000000
1684926121.462822,0.000000
1684926121.473821,0.000000
1684926121.483827,0.000000
1684926121.493831,0.000000
1684926121.502829,0.000000
1684926121.512769,0.000000
1684926121.523746,0.000000
1684926121.533798,0.000000
1684926121.543911,0.000000
1684926121.552773,0.000000
1684926121.563892,0.000000
1684926121.573791,0.000000
1684926121.583967,0.000000
1684926121.592794,0.000000
1684926121.602904,0.000000
1684926121.613788,0.000000
1684926121.623965,0.000000
1684926121.633807,0.000000
1684926121.642959,0.000000
1684926121.652793,0.000000
1684926121.662975,0.000000
1684926121.673807,0.000000
1684926121.682977,0.000000
1684926121.692798,0.000000
1684926121.702986,0.000000
1684926121.712797,0.000000
1684926121.722983,0.000000
1684926121.733804,0.000000
1684926121.743055,0.000000
1684926121.752793,0.000000
1684926121.763051,0.000000
1684926121.773853,0.000000
1684926121.783065,0.000000
1684926121.792887,0.000000
1684926121.803164,0.000000
1684926121.812813,0.000000
1684926121.823128,0.000000
1684926121.833921,0.000000
1684926121.843168,0.000000
1684926121.853830,0.000000
1684926121.863601,0.000000
1684926121.873846,0.000000
1684926121.883162,0.000000
1684926121.883297,0.000000
1684926121.892968,0.000000
1684926121.903152,0.000000
1684926121.912815,0.000000
1684926121.923233,0.000000
1684926121.933831,0.000000
1684926121.943243,0.000000
1684926121.953859,0.000000
1684926121.963253,0.000000
1684926121.973837,0.000000
1684926121.983374,0.000000
1684926121.992904,0.000000
1684926122.003252,0.000000
1684926122.013855,0.000000
1684926122.023257,0.000000
1684926122.032839,0.000000
1684926122.044246,0.000000
1684926122.044317,0.000000
1684926122.053948,0.000000
1684926122.063357,0.000000
1684926122.072938,0.000000
1684926122.083367,0.000000
1684926122.092880,0.000000
1684926122.103336,0.000000
1684926122.113882,0.000000
1684926122.123330,0.000000
1684926122.132864,0.000000
1684926122.143450,0.000000
1684926122.153864,0.000000
1684926122.163323,0.000000
1684926122.172884,0.000000
1684926122.183389,0.000000
1684926122.192901,0.000000
1684926122.203345,0.000000
1684926122.213140,0.000000
1684926122.223396,0.000000
1684926122.233315,0.000000
1684926122.243367,0.000000
1684926122.253241,0.000000
1684926122.263376,0.000000
1684926122.273467,0.000000
1684926122.283443,0.000000
1684926122.293576,0.000000
1684926122.303603,0.000000
1684926122.313655,0.000000
1684926122.323739,0.000000
1684926122.333760,0.000000
1684926122.343841,0.000000
1684926122.352925,0.000000
1684926122.363039,0.000000
1684926122.372966,0.000000
1684926122.383162,0.000000
1684926122.393160,0.000000
1684926122.403140,0.000000
1684926122.413251,0.000000
1684926122.423362,0.000000
1684926122.433353,0.000000
1684926122.443404,0.000000
1684926122.453619,0.000000
1684926122.463653,0.000000
1684926122.473661,0.000000
1684926122.483670,0.000000
1684926122.494078,0.000000
1684926122.503822,0.000000
1684926122.514148,0.000000
1684926122.523918,0.000000
1684926122.533908,0.000000
1684926122.543073,0.000000
1684926122.553963,0.000000
1684926122.563098,0.000000
1684926122.573909,0.000000
1684926122.583252,0.000000
1684926122.593916,0.000000
1684926122.603387,0.000000
1684926122.613933,0.000000
1684926122.623530,0.000000
1684926122.633925,0.000000
1684926122.643541,0.000000
1684926122.653945,0.000000
1684926122.656631,0.000000
1684926122.663785,0.000000
1684926122.673933,0.000000
1684926122.683789,0.000000
1684926122.693924,0.000000
1684926122.703776,0.000000
1684926122.713915,0.000000
1684926122.724753,0.000000
1684926122.733936,0.000000
1684926122.743857,0.000000
1684926122.753938,0.000000
1684926122.763923,0.000000
1684926122.774946,0.000000
1684926122.783917,0.000000
1684926122.794013,0.000000
1684926122.803944,0.000000
1684926122.814036,0.000000
1684926122.823855,0.000000
1684926122.833982,0.000000
1684926122.843996,0.000000
1684926122.853943,0.000000
1684926122.863873,0.000000
1684926122.873968,0.000000
1684926122.884001,0.000000
1684926122.893957,0.000000
1684926122.904000,0.000000
1684926122.913984,0.000000
1684926122.923715,0.000000
1684926122.933957,0.000000
1684926122.943855,0.000000
1684926122.953964,0.000000
1684926122.964454,0.000000
1684926122.974009,0.000000
1684926122.983847,0.000000
1684926122.994000,0.000000
1684926123.003840,0.000000
1684926123.014017,0.000000
1684926123.023694,0.000000
1684926123.033979,0.000000
1684926123.043832,0.000000
1684926123.053976,0.000000
1684926123.063882,0.000000
1684926123.073997,0.000000
1684926123.083904,0.000000
1684926123.093980,0.000000
1684926123.103943,0.000000
1684926123.113995,0.000000
1684926123.123842,0.000000
1684926123.133999,0.000000
1684926123.143986,0.000000
1684926123.153553,0.000000
1684926123.164023,0.000000
1684926123.173966,0.000000
1684926123.183950,0.000000
1684926123.193983,0.000000
1684926123.203773,0.000000
1684926123.213003,0.000000
1684926123.223661,0.000000
1684926123.233994,0.000000
1684926123.243791,0.000000
1684926123.253016,0.000000
1684926123.263853,0.000000
1684926123.273002,0.000000
1684926123.283759,0.000000
1684926123.292991,0.000000
1684926123.303773,0.000000
1684926123.313014,0.000000
1684926123.323659,0.000000
1684926123.334027,0.000000
1684926123.343796,0.000000
1684926123.353985,0.000000
1684926123.363817,0.000000
1684926123.374013,0.000000
1684926123.383847,0.000000
1684926123.394010,0.000000
1684926123.403912,0.000000
1684926123.414008,0.000000
1684926123.423785,0.000000
1684926123.434024,0.000000
1684926123.443941,0.000000
1684926123.454009,0.000000
1684926123.463740,0.000000
1684926123.472999,0.000000
1684926123.483779,0.000000
1684926123.494016,0.000000
1684926123.503733,0.000000
1684926123.513015,0.000000
1684926123.523609,0.000000
1684926123.534030,0.000000
1684926123.543759,0.000000
1684926123.553045,0.000000
1684926123.563805,0.000000
1684926123.574014,0.000000
1684926123.583716,0.000000
1684926123.594028,0.000000
1684926123.603714,0.000000
1684926123.614109,0.000000
1684926123.623606,0.000000
1684926123.633019,0.000000
1684926123.643860,0.000000
1684926123.653013,0.000000
1684926123.663857,0.000000
1684926123.673121,0.000000
1684926123.683828,0.000000
1684926123.694292,0.000000
1684926123.703865,0.000000
1684926123.713377,0.000000
1684926123.723987,0.000000
1684926123.733564,0.000000
1684926123.743929,0.000000
1684926123.753614,0.000000
1684926123.763853,0.000000
1684926123.773913,0.000000
1684926123.783950,0.000000
1684926123.794018,0.000000
1684926123.804065,0.000000
1684926123.813144,0.000000
1684926123.823182,0.000000
1684926123.833313,0.000000
1684926123.843414,0.000000
1684926123.853417,0.000000
1684926123.863604,0.000000
1684926123.873515,0.000000
1684926123.883511,0.000000
1684926123.893600,0.000000
1684926123.903789,0.000000
1684926123.913794,0.000000
1684926123.923853,0.000000
1684926123.933889,0.000000
1684926123.943985,0.000000
1684926123.954060,0.000000
1684926123.963042,0.000000
1684926123.974059,0.000000
1684926123.983166,0.000000
1684926123.994088,0.000000
1684926123.994140,0.000000
1684926124.003307,0.000000
1684926124.014206,0.000000
1684926124.023402,0.000000
1684926124.034101,0.000000
1684926124.043671,0.000000
1684926124.054134,0.000000
1684926124.063628,0.000000
1684926124.074087,0.000000
1684926124.083672,0.000000
1684926124.094085,0.000000
1684926124.103671,0.000000
1684926124.114131,0.000000
1684926124.124574,0.000000
1684926124.134087,0.000000
1684926124.143667,0.000000
1684926124.154031,0.000000
1684926124.163678,0.000000
1684926124.174154,0.000000
1684926124.183649,0.000000
1684926124.194102,0.000000
1684926124.203665,0.000000
1684926124.214084,0.000000
1684926124.224561,0.000000
1684926124.234097,0.000000
1684926124.243711,0.000000
1684926124.254106,0.000000
1684926124.263752,0.000000
1684926124.274131,0.000000
1684926124.283873,0.000000
1684926124.294165,0.000000
1684926124.303877,0.000000
1684926124.314129,0.000000
1684926124.324745,0.000000
1684926124.334103,0.000000
1684926124.344673,0.000000
1684926124.354163,0.000000
1684926124.363570,0.000000
1684926124.374135,0.000000
1684926124.384630,0.000000
1684926124.394200,0.000000
1684926124.403558,0.000000
1684926124.414147,0.000000
1684926124.423420,0.000000
1684926124.434112,0.000000
1684926124.443584,0.000000
1684926124.453227,0.000000
1684926124.463557,0.000000
1684926124.473116,0.000000
1684926124.473179,0.000000
1684926124.483571,0.000000
1684926124.493133,0.000000
1684926124.503651,0.000000
1684926124.513158,0.000000
1684926124.523534,0.000000
1684926124.533149,0.000000
1684926124.543692,0.000000
1684926124.554133,0.000000
1684926124.563872,0.000000
1684926124.573157,0.000000
1684926124.583760,0.000000
1684926124.594176,0.000000
1684926124.603561,0.000000
1684926124.613122,0.000000
1684926124.623400,0.000000
1684926124.633140,0.000000
1684926124.643536,0.000000
1684926124.653127,0.000000
1684926124.663519,0.000000
1684926124.673128,0.000000
1684926124.683534,0.000000
1684926124.693189,0.000000
1684926124.703677,0.000000
1684926124.714211,0.000000
1684926124.723704,0.000000
1684926124.733136,0.000000
1684926124.743533,0.000000
1684926124.753184,0.000000
1684926124.763795,0.000000
1684926124.774167,0.000000
1684926124.783577,0.000000
1684926124.793239,0.000000
1684926124.803704,0.000000
1684926124.814234,0.000000
1684926124.823536,0.000000
1684926124.833153,0.000000
1684926124.843680,0.000000
1684926124.853182,0.000000
1684926124.863761,0.000000
1684926124.873192,0.000000
1684926124.883717,0.000000
1684926124.893160,0.000000
1684926124.903481,0.000000
1684926124.914210,0.000000
1684926124.923373,0.000000
1684926124.933154,0.000000
1684926124.943454,0.000000
1684926124.953240,0.000000
1684926124.963450,0.000000
1684926124.974204,0.000000
1684926124.983501,0.000000
1684926124.993181,0.000000
1684926125.003458,0.000000
1684926125.013238,0.000000
1684926125.023425,0.000000
1684926125.033210,0.000000
1684926125.043478,0.000000
1684926125.053182,0.000000
1684926125.063523,0.000000
1684926125.074192,0.000000
1684926125.083574,0.000000
1684926125.093223,0.000000
1684926125.103602,0.000000
1684926125.113183,0.000000
1684926125.123479,0.000000
1684926125.133192,0.000000
1684926125.143649,0.000000
1684926125.153783,0.000000
1684926125.163682,0.000000
1684926125.174330,0.000000
1684926125.183451,0.000000
1684926125.193244,0.000000
1684926125.203454,0.000000
1684926125.213216,0.000000
1684926125.223285,0.000000
1684926125.233188,0.000000
1684926125.243581,0.000000
1684926125.253225,0.000000
1684926125.263410,0.000000
1684926125.273282,0.000000
1684926125.283422,0.000000
1684926125.293216,0.000000
1684926125.303418,0.000000
1684926125.313237,0.000000
1684926125.323344,0.000000
1684926125.333215,0.000000
1684926125.343476,0.000000
1684926125.353207,0.000000
1684926125.363484,0.000000
1684926125.374230,0.000000
1684926125.383508,0.000000
1684926125.393211,0.000000
1684926125.403583,0.000000
1684926125.413355,0.000000
1684926125.423436,0.000000
1684926125.433443,0.000000
1684926125.443659,0.000000
1684926125.453628,0.000000
1684926125.463650,0.000000
1684926125.473679,0.000000
1684926125.486641,0.000000
1684926125.486723,0.000000
1684926125.493779,0.000000
1684926125.503842,0.000000
1684926125.513931,0.000000
1684926125.523964,0.000000
1684926125.534020,0.000000
1684926125.543115,0.000000
1684926125.553167,0.000000
1684926125.564281,0.000000
1684926125.573263,0.000000
1684926125.583320,0.000000
1684926125.593351,0.000000
1684926125.603797,0.000000
1684926125.613448,0.000000
1684926125.623511,0.000000
1684926125.633561,0.000000
1684926125.643675,0.000000
1684926125.653654,0.000000
1684926125.663773,0.000000
1684926125.673907,0.000000
1684926125.683865,0.000000
1684926125.693904,0.000000
1684926125.703949,0.000000
1684926125.714073,0.000000
1684926125.724097,0.000000
1684926125.734252,0.000000
1684926125.743253,0.000000
1684926125.754439,0.000000
1684926125.764335,0.000000
1684926125.774296,0.000000
1684926125.783363,0.000000
1684926125.794287,0.000000
1684926125.803324,0.000000
1684926125.814296,0.000000
1684926125.824220,0.000000
1684926125.834303,0.000000
1684926125.843353,0.000000
1684926125.854281,0.000000
1684926125.864319,0.000000
1684926125.874294,0.000000
1684926125.884374,0.000000
1684926125.894304,0.000000
1684926125.904414,0.000000
1684926125.914307,0.000000
1684926125.924353,0.000000
1684926125.934340,0.000000
1684926125.944476,0.000000
1684926125.954320,0.000000
1684926125.964447,0.000000
1684926125.973290,0.000000
1684926125.983507,0.000000
1684926125.993293,0.000000
1684926126.003487,0.000000
1684926126.013300,0.000000
1684926126.023384,0.000000
1684926126.033262,0.000000
1684926126.043266,0.000000
1684926126.053345,0.000000
1684926126.063279,0.000000
1684926126.073282,0.000000
1684926126.083306,0.000000
1684926126.093301,0.000000
1684926126.103268,0.000000
1684926126.113306,0.000000
1684926126.123162,0.000000
1684926126.133378,0.000000
1684926126.143405,0.000000
1684926126.153297,0.000000
1684926126.163335,0.000000
1684926126.173238,0.000000
1684926126.183338,0.000000
1684926126.194299,0.000000
1684926126.203317,0.000000
1684926126.213354,0.000000
1684926126.223186,0.000000
1684926126.233328,0.000000
1684926126.243459,0.000000
1684926126.253307,0.000000
1684926126.263405,0.000000
1684926126.273307,0.000000
1684926126.283429,0.000000
1684926126.293332,0.000000
1684926126.303452,0.000000
1684926126.313333,0.000000
1684926126.324098,0.000000
1684926126.333223,0.000000
1684926126.343207,0.000000
1684926126.353277,0.000000
1684926126.363225,0.000000
1684926126.373235,0.000000
1684926126.383211,0.000000
1684926126.393207,0.000000
1684926126.404228,0.000000
1684926126.414207,0.000000
1684926126.424098,0.000000
1684926126.433237,0.000000
1684926126.443186,0.000000
1684926126.454234,0.000000
1684926126.463239,0.000000
1684926126.463985,0.000000
1684926126.473228,0.000000
1684926126.483285,0.000000
1684926126.493325,0.000000
1684926126.504288,0.000000
1684926126.513314,0.000000
1684926126.523190,0.000000
1684926126.533333,0.000000
1684926126.543388,0.000000
1684926126.553352,0.000000
1684926126.563429,0.000000
1684926126.573371,0.000000
1684926126.583449,0.000000
1684926126.593345,0.000000
1684926126.603414,0.000000
1684926126.614184,0.000000
1684926126.624060,0.000000
1684926126.634169,0.000000
1684926126.644189,0.000000
1684926126.654162,0.000000
1684926126.664193,0.000000
1684926126.674255,0.000000
1684926126.684160,0.000000
1684926126.694172,0.000000
1684926126.704168,0.000000
1684926126.714172,0.000000
1684926126.724045,0.000000
1684926126.734184,0.000000
1684926126.744214,0.000000
1684926126.754238,0.000000
1684926126.763295,0.000000
1684926126.774349,0.000000
1684926126.783491,0.000000
1684926126.793463,0.000000
1684926126.803541,0.000000
1684926126.813567,0.000000
1684926126.823647,0.000000
1684926126.833807,0.000000
1684926126.843754,0.000000
1684926126.853790,0.000000
1684926126.863921,0.000000
1684926126.873930,0.000000
1684926126.884003,0.000000
1684926126.894047,0.000000
1684926126.904135,0.000000
1684926126.914167,0.000000
1684926126.924231,0.000000
1684926126.934319,0.000000
1684926126.943427,0.000000
1684926126.953411,0.000000
1684926126.963508,0.000000
1684926126.973611,0.000000
1684926126.983597,0.000000
1684926126.993876,0.000000
1684926127.003855,0.000000
1684926127.013859,0.000000
1684926127.023951,0.000000
1684926127.033960,0.000000
1684926127.043983,0.000000
1684926127.054175,0.000000
1684926127.064254,0.000000
1684926127.074260,0.000000
1684926127.084320,0.000000
1684926127.094215,0.000000
1684926127.104275,0.000000
1684926127.114300,0.000000
1684926127.124196,0.000000
1684926127.134333,0.000000
1684926127.144281,0.000000
1684926127.154305,0.000000
1684926127.164309,0.000000
1684926127.174411,0.000000
1684926127.184104,0.000000
1684926127.194180,0.000000
1684926127.204146,0.000000
1684926127.214188,0.000000
1684926127.223991,0.000000
1684926127.234072,0.000000
1684926127.244083,0.000000
1684926127.254081,0.000000
1684926127.264062,0.000000
1684926127.274056,0.000000
1684926127.284069,0.000000
1684926127.294057,0.000000
1684926127.304052,0.000000
1684926127.314077,0.000000
1684926127.323970,0.000000
1684926127.334059,0.000000
1684926127.344116,0.000000
1684926127.345293,0.000000
1684926127.354136,0.000000
1684926127.364116,0.000000
1684926127.374115,0.000000
1684926127.384286,0.000000
1684926127.394205,0.000000
1684926127.404205,0.000000
1684926127.414207,0.000000
1684926127.424090,0.000000
1684926127.434230,0.000000
1684926127.444438,0.000000
1684926127.454319,0.000000
1684926127.464034,0.000000
1684926127.474081,0.000000
1684926127.484039,0.000000
1684926127.494084,0.000000
1684926127.504053,0.000000
1684926127.514035,0.000000
1684926127.523940,0.000000
1684926127.534021,0.000000
1684926127.543998,0.000000
1684926127.553993,0.000000
1684926127.564017,0.000000
1684926127.574023,0.000000
1684926127.583992,0.000000
1684926127.594000,0.000000
1684926127.604016,0.000000
1684926127.614086,0.000000
1684926127.623929,0.000000
1684926127.634084,0.000000
1684926127.644109,0.000000
1684926127.654178,0.000000
1684926127.664103,0.000000
1684926127.674168,0.000000
1684926127.684188,0.000000
1684926127.694175,0.000000
1684926127.704195,0.000000
1684926127.714190,0.000000
1684926127.724060,0.000000
1684926127.734228,0.000000
1684926127.744370,0.000000
1684926127.753994,0.000000
1684926127.763992,0.000000
1684926127.774027,0.000000
1684926127.784016,0.000000
1684926127.793975,0.000000
1684926127.803979,0.000000
1684926127.813994,0.000000
1684926127.823861,0.000000
1684926127.833986,0.000000
1684926127.843965,0.000000
1684926127.854037,0.000000
1684926127.863983,0.000000
1684926127.873962,0.000000
1684926127.883987,0.000000
1684926127.894001,0.000000
1684926127.904077,0.000000
1684926127.914010,0.000000
1684926127.923982,0.000000
1684926127.934176,0.000000
1684926127.944142,0.000000
1684926127.954206,0.000000
1684926127.964243,0.000000
1684926127.974371,0.000000
1684926127.984406,0.000000
1684926127.994380,0.000000
1684926128.004450,0.000000
1684926128.004506,0.000000
1684926128.014513,0.000000
1684926128.023533,0.000000
1684926128.033633,0.000000
1684926128.043612,0.000000
1684926128.053727,0.000000
1684926128.063732,0.000000
1684926128.073771,0.000000
1684926128.083884,0.000000
1684926128.093944,0.000000
1684926128.103983,0.000000
1684926128.114092,0.000000
1684926128.124084,0.000000
1684926128.134171,0.000000
1684926128.144252,0.000000
1684926128.154211,0.000000
1684926128.164276,0.000000
1684926128.174340,0.000000
1684926128.184400,0.000000
1684926128.194420,0.000000
1684926128.204535,0.000000
1684926128.214571,0.000000
1684926128.223943,0.000000
1684926128.234025,0.000000
1684926128.244013,0.000000
1684926128.254098,0.000000
1684926128.264083,0.000000
1684926128.275095,0.000000
1684926128.284111,0.000000
1684926128.284906,0.000000
1684926128.295110,0.000000
1684926128.305168,0.000000
1684926128.315149,0.000000
1684926128.324776,0.000000
1684926128.334920,0.000000
1684926128.344971,0.000000
1684926128.354886,0.000000
1684926128.364931,0.000000
1684926128.374919,0.000000
1684926128.384872,0.000000
1684926128.394898,0.000000
1684926128.404907,0.000000
1684926128.414893,0.000000
1684926128.424759,0.000000
1684926128.434885,0.000000
1684926128.443861,0.000000
1684926128.453884,0.000000
1684926128.463884,0.000000
1684926128.473899,0.000000
1684926128.483923,0.000000
1684926128.493916,0.000000
1684926128.503928,0.000000
1684926128.513945,0.000000
1684926128.524844,0.000000
1684926128.533968,0.000000
1684926128.543992,0.000000
1684926128.553993,0.000000
1684926128.564018,0.000000
1684926128.574012,0.000000
1684926128.584108,0.000000
1684926128.594052,0.000000
1684926128.604805,0.000000
1684926128.614850,0.000000
1684926128.624736,0.000000
1684926128.634820,0.000000
1684926128.644850,0.000000
1684926128.654822,0.000000
1684926128.664893,0.000000
1684926128.674848,0.000000
1684926128.684852,0.000000
1684926128.694864,0.000000
1684926128.704827,0.000000
1684926128.714839,0.000000
1684926128.724690,0.000000
1684926128.734842,0.000000
1684926128.744830,0.000000
1684926128.754864,0.000000
1684926128.764889,0.000000
1684926128.774869,0.000000
1684926128.784901,0.000000
1684926128.794889,0.000000
1684926128.804574,0.000000
1684926128.814948,0.000000
1684926128.824816,0.000000
1684926128.833979,0.000000
1684926128.843953,0.000000
1684926128.854059,0.000000
1684926128.864061,0.000000
1684926128.874005,0.000000
1684926128.884018,0.000000
1684926128.894042,0.000000
1684926128.904913,0.000000
1684926128.914827,0.000000
1684926128.924687,0.000000
1684926128.934826,0.000000
1684926128.944451,0.000000
1684926128.954830,0.000000
1684926128.964770,0.000000
1684926128.974798,0.000000
1684926128.984399,0.000000
1684926128.994832,0.000000
1684926129.004800,0.000000
1684926129.014827,0.000000
1684926129.024356,0.000000
1684926129.034774,0.000000
1684926129.044782,0.000000
1684926129.054824,0.000000
1684926129.064810,0.000000
1684926129.074828,0.000000
1684926129.084818,0.000000
1684926129.094850,0.000000
1684926129.104944,0.000000
1684926129.105061,0.000000
1684926129.114897,0.000000
1684926129.124791,0.000000
1684926129.134940,0.000000
1684926129.144955,0.000000
1684926129.154956,0.000000
1684926129.164961,0.000000
1684926129.175130,0.000000
1684926129.184750,0.000000
1684926129.194831,0.000000
1684926129.204727,0.000000
1684926129.214750,0.000000
1684926129.225338,0.000000
1684926129.234725,0.000000
1684926129.244774,0.000000
1684926129.254712,0.000000
1684926129.264725,0.000000
1684926129.274765,0.000000
1684926129.285321,0.000000
1684926129.294763,0.000000
1684926129.305344,0.000000
1684926129.314711,0.000000
1684926129.324582,0.000000
1684926129.334757,0.000000
1684926129.344756,0.000000
1684926129.354787,0.000000
1684926129.364820,0.000000
1684926129.374799,0.000000
1684926129.384814,0.000000
1684926129.393848,0.000000
1684926129.403838,0.000000
1684926129.413880,0.000000
1684926129.423782,0.000000
1684926129.434882,0.000000
1684926129.444902,0.000000
1684926129.454948,0.000000
1684926129.464975,0.000000
1684926129.474714,0.000000
1684926129.483895,0.000000
1684926129.494727,0.000000
1684926129.504729,0.000000
1684926129.514696,0.000000
1684926129.523911,0.000000
1684926129.534719,0.000000
1684926129.544704,0.000000
1684926129.554744,0.000000
1684926129.564843,0.000000
1684926129.574659,0.000000
1684926129.584673,0.000000
1684926129.594657,0.000000
1684926129.604708,0.000000
1684926129.614659,0.000000
1684926129.624583,0.000000
1684926129.634673,0.000000
1684926129.644739,0.000000
1684926129.654752,0.000000
1684926129.664840,0.000000
1684926129.674845,0.000000
1684926129.684823,0.000000
1684926129.694844,0.000000
1684926129.704808,0.000000
1684926129.714822,0.000000
1684926129.724783,0.000000
1684926129.734967,0.000000
1684926129.744983,0.000000
1684926129.754660,0.000000
1684926129.764635,0.000000
1684926129.774623,0.000000
1684926129.784636,0.000000
1684926129.794632,0.000000
1684926129.804651,0.000000
1684926129.814622,0.000000
1684926129.824549,0.000000
1684926129.834624,0.000000
1684926129.844661,0.000000
1684926129.854639,0.000000
1684926129.864620,0.000000
1684926129.874617,0.000000
1684926129.884639,0.000000
1684926129.894645,0.000000
1684926129.904667,0.000000
1684926129.914645,0.000000
1684926129.924534,0.000000
1684926129.934680,0.000000
1684926129.944723,0.000000
1684926129.954745,0.000000
1684926129.963844,0.000000
1684926129.974746,0.000000
1684926129.984743,0.000000
1684926129.993764,0.000000
1684926130.004833,0.000000
1684926130.014813,0.000000
1684926130.024704,0.000000
1684926130.033856,0.000000
1684926130.044602,0.000000
1684926130.054583,0.000000
1684926130.064692,0.000000
1684926130.074582,0.000000
1684926130.084671,0.000000
1684926130.094647,0.000000
1684926130.104713,0.000000
1684926130.114582,0.000000
1684926130.123686,0.000000
1684926130.134748,0.000000
1684926130.144733,0.000000
1684926130.154870,0.000000
1684926130.164388,0.000000
1684926130.173963,0.000000
1684926130.184338,0.000000
1684926130.194068,0.000000
1684926130.204349,0.000000
1684926130.214213,0.000000
1684926130.224349,0.000000
1684926130.234308,0.000000
1684926130.244371,0.000000
1684926130.254476,0.000000
1684926130.264498,0.000000
1684926130.274583,0.000000
1684926130.284607,0.000000
1684926130.294728,0.000000
1684926130.304846,0.000000
1684926130.313844,0.000000
1684926130.323853,0.000000
1684926130.333856,0.000000
1684926130.344385,0.000000
1684926130.355142,0.000000
1684926130.364376,0.000000
1684926130.374136,0.000000
1684926130.384380,0.000000
1684926130.394189,0.000000
1684926130.404360,0.000000
1684926130.414348,0.000000
1684926130.424383,0.000000
1684926130.434498,0.000000
1684926130.444590,0.000000
1684926130.454524,0.000000
1684926130.464525,0.000000
1684926130.474543,0.000000
1684926130.484599,0.000000
1684926130.494569,0.000000
1684926130.504585,0.000000
1684926130.514591,0.000000
1684926130.524519,0.000000
1684926130.534614,0.000000
1684926130.544726,0.000000
1684926130.554716,0.000000
1684926130.564717,0.000000
1684926130.574575,0.000000
1684926130.584727,0.000000
1684926130.594565,0.000000
1684926130.604729,0.000000
1684926130.614522,0.000000
1684926130.624354,0.000000
1684926130.634491,0.000000
1684926130.644513,0.000000
1684926130.654480,0.000000
1684926130.664485,0.000000
1684926130.674498,0.000000
1684926130.684488,0.000000
1684926130.694464,0.000000
1684926130.704531,0.000000
1684926130.714495,0.000000
1684926130.724393,0.000000
1684926130.734481,0.000000
1684926130.744461,0.000000
1684926130.754486,0.000000
1684926130.764577,0.000000
1684926130.774386,0.000000
1684926130.784621,0.000000
1684926130.794365,0.000000
1684926130.804527,0.000000
1684926130.814318,0.000000
1684926130.824431,0.000000
1684926130.834558,0.000000
1684926130.844760,0.000000
1684926130.854264,0.000000
1684926130.864630,0.000000
1684926130.874289,0.000000
1684926130.875767,0.000000
1684926130.884657,0.000000
1684926130.894305,0.000000
1684926130.904461,0.000000
1684926130.915266,0.000000
1684926130.924362,0.000000
1684926130.935226,0.000000
1684926130.944454,0.000000
1684926130.955180,0.000000
1684926130.964441,0.000000
1684926130.975230,0.000000
1684926130.984448,0.000000
1684926130.995181,0.000000
1684926131.004432,0.000000
1684926131.015184,0.000000
1684926131.023290,0.000000
1684926131.035140,0.000000
1684926131.044435,0.000000
1684926131.055096,0.000000
1684926131.064457,0.000000
1684926131.075099,0.000000
1684926131.084476,0.000000
1684926131.095053,0.000000
1684926131.104541,0.000000
1684926131.115160,0.000000
1684926131.125446,0.000000
1684926131.134017,0.000000
1684926131.144634,0.000000
1684926131.154095,0.000000
1684926131.163668,0.000000
1684926131.174970,0.000000
1684926131.184680,0.000000
1684926131.193932,0.000000
1684926131.204408,0.000000
1684926131.213940,0.000000
1684926131.224436,0.000000
1684926131.234079,0.000000
1684926131.244443,0.000000
1684926131.254042,0.000000
1684926131.254110,0.000000
1684926131.263429,0.000000
1684926131.273892,0.000000
1684926131.284368,0.000000
1684926131.293965,0.000000
1684926131.304413,0.000000
1684926131.312891,0.000000
1684926131.324475,0.000000
1684926131.334892,0.000000
1684926131.343369,0.000000
1684926131.353898,0.000000
1684926131.364459,0.000000
1684926131.373942,0.000000
1684926131.384833,0.000000
1684926131.393927,0.588235
1684926131.394321,0.588235
1684926131.404523,1.176471
1684926131.414744,1.764706
1684926131.423368,2.352941
1684926131.434711,2.941176
1684926131.443528,3.529412
1684926131.454686,3.529412
1684926131.463563,4.705883
1684926131.472917,4.705883
1684926131.484458,4.705883
1684926131.493979,4.705883
1684926131.503294,4.705883
1684926131.513708,5.294117
1684926131.523374,6.470588
1684926131.534952,7.058824
1684926131.543482,7.058824
1684926131.552955,8.235294
1684926131.563399,8.823529
1684926131.573936,9.411765
1684926131.584432,10.000000
1684926131.593940,10.000000
1684926131.603483,10.588235
1684926131.613580,10.588235
1684926131.623492,11.176471
1684926131.634162,11.176471
1684926131.643425,11.764706
1684926131.653626,12.352942
1684926131.663373,12.352942
1684926131.663434,12.352942
1684926131.672970,12.352942
1684926131.683548,12.352942
1684926131.693963,12.352942
1684926131.703525,12.352942
1684926131.712921,11.764706
1684926131.723397,12.352942
1684926131.734582,12.352942
1684926131.743484,12.352942
1684926131.753079,12.352942
1684926131.763568,12.352942
1684926131.774234,12.352942
1684926131.783437,12.352942
1684926131.793973,11.764706
1684926131.803397,12.352942
1684926131.814516,11.764706
1684926131.823511,11.764706
1684926131.833949,11.764706
1684926131.843480,11.764706
1684926131.853234,11.764706
1684926131.863373,11.764706
1684926131.872997,11.764706
1684926131.883484,11.764706
1684926131.893945,11.176471
1684926131.903073,11.176471
1684926131.913187,10.588235
1684926131.923426,10.588235
1684926131.933177,10.588235
1684926131.943455,10.000000
1684926131.953169,10.000000
1684926131.963409,10.000000
1684926131.973122,9.411765
1684926131.983486,9.411765
1684926131.993173,9.411765
1684926132.003531,8.823529
1684926132.014115,8.235294
1684926132.024839,7.647059
1684926132.033074,7.647059
1684926132.043422,7.058824
1684926132.053154,7.058824
1684926132.063503,7.058824
1684926132.075124,6.470588
1684926132.083387,5.882353
1684926132.093029,5.882353
1684926132.103211,5.882353
1684926132.113264,5.294117
1684926132.123381,5.294117
1684926132.133194,4.705883
1684926132.143521,4.705883
1684926132.153019,4.117647
1684926132.163195,4.117647
1684926132.173230,3.529412
1684926132.183498,2.941176
1684926132.193933,2.941176
1684926132.203206,2.352941
1684926132.213348,2.352941
1684926132.223148,1.764706
1684926132.233300,1.764706
1684926132.243328,1.764706
1684926132.253302,1.764706
1684926132.263368,1.176471
1684926132.274344,1.176471
1684926132.283329,0.588235
1684926132.293820,0.588235
1684926132.303416,1.176471
1684926132.313439,0.000000
1684926132.323285,0.000000
1684926132.333157,0.000000
1684926132.343147,0.000000
1684926132.353170,0.000000
1684926132.363182,0.000000
1684926132.373144,0.000000
1684926132.383142,0.000000
1684926132.393871,0.000000
1684926132.403157,0.000000
1684926132.413172,0.000000
1684926132.423029,0.000000
1684926132.433140,0.000000
1684926132.443225,0.000000
1684926132.454165,0.000000
1684926132.463263,0.000000
1684926132.473181,0.000000
1684926132.483333,0.000000
1684926132.493025,0.000000
1684926132.503493,0.000000
1684926132.513213,0.000000
1684926132.523458,0.000000
1684926132.533224,0.000000
1684926132.543481,0.000000
1684926132.553299,0.000000
1684926132.563433,0.000000
1684926132.573300,0.000000
1684926132.583473,0.000000
1684926132.593042,0.000000
1684926132.603502,0.000000
1684926132.613344,0.000000
1684926132.623462,0.000000
1684926132.634145,0.000000
1684926132.644552,0.000000
1684926132.655181,0.000000
1684926132.664496,0.000000
1684926132.675140,0.000000
1684926132.683487,0.000000
1684926132.693155,0.000000
1684926132.703512,0.000000
1684926132.714147,0.000000
1684926132.723504,0.000000
1684926132.733089,0.000000
1684926132.743454,0.000000
1684926132.753104,0.000000
1684926132.763417,0.000000
1684926132.774172,0.000000
1684926132.783478,0.000000
1684926132.793195,0.000000
1684926132.803519,0.000000
1684926132.813169,0.000000
1684926132.823500,0.000000
1684926132.833239,0.000000
1684926132.843565,0.000000
1684926132.853273,0.000000
1684926132.863586,0.000000
1684926132.873296,0.000000
1684926132.883542,0.000000
1684926132.893328,0.000000
1684926132.893337,0.000000
1684926132.903553,0.000000
1684926132.914064,0.000000
1684926132.923454,0.000000
1684926132.933063,0.000000
1684926132.943478,0.000000
1684926132.953087,0.000000
1684926132.963484,0.000000
1684926132.973052,0.000000
1684926132.983485,0.000000
1684926132.993092,0.000000
1684926133.003525,0.000000
1684926133.013092,0.000000
1684926133.023488,0.000000
1684926133.033063,0.000000
1684926133.043537,0.000000
1684926133.053063,0.000000
1684926133.063505,0.000000
1684926133.073097,0.000000
1684926133.083534,0.000000
1684926133.093144,0.000000
1684926133.103573,0.000000
1684926133.113175,0.000000
1684926133.123527,0.000000
1684926133.133185,0.000000
1684926133.143510,0.000000
1684926133.153089,0.000000
1684926133.163438,0.000000
1684926133.173248,0.000000
1684926133.183496,0.000000
1684926133.193166,0.000000
1684926133.203506,0.000000
1684926133.213091,0.000000
1684926133.223529,0.000000
1684926133.233086,0.000000
1684926133.243529,0.000000
1684926133.253077,0.000000
1684926133.263528,0.000000
1684926133.273087,0.000000
1684926133.283508,0.000000
1684926133.294193,0.000000
1684926133.303524,0.000000
1684926133.313124,0.000000
1684926133.323504,0.000000
1684926133.333178,0.000000
1684926133.343478,0.000000
1684926133.353148,0.000000
1684926133.363486,0.000000
1684926133.373093,0.000000
1684926133.383509,0.000000
1684926133.393116,0.000000
1684926133.403528,0.000000
1684926133.413152,0.000000
1684926133.423487,0.000000
1684926133.433121,0.000000
1684926133.443527,0.000000
1684926133.454122,0.000000
1684926133.463446,0.000000
1684926133.473119,0.000000
1684926133.483512,0.000000
1684926133.493155,0.000000
1684926133.503489,0.000000
1684926133.513136,0.000000
1684926133.523507,0.000000
1684926133.533152,0.000000
1684926133.543489,0.000000
1684926133.553149,0.000000
1684926133.563532,0.000000
1684926133.573175,0.000000
1684926133.583557,0.000000
1684926133.593160,0.000000
1684926133.603593,0.000000
1684926133.613556,0.000000
1684926133.623628,0.000000
1684926133.633172,0.000000
1684926133.643625,0.000000
1684926133.654158,0.000000
1684926133.663612,0.000000
1684926133.673218,0.000000
1684926133.683884,0.000000
1684926133.693168,0.000000
1684926133.703560,0.000000
1684926133.713067,0.000000
1684926133.723013,0.000000
1684926133.733159,0.000000
1684926133.743515,0.000000
1684926133.753205,0.000000
1684926133.763586,0.000000
1684926133.774189,0.000000
1684926133.783918,0.000000
1684926133.793160,0.000000
1684926133.793161,0.000000
1684926133.803941,0.000000
1684926133.813897,0.000000
1684926133.823812,0.000000
1684926133.833971,0.000000
1684926133.843586,0.000000
1684926133.853897,0.000000
1684926133.863912,0.000000
1684926133.873056,0.000000
1684926133.883955,0.000000
1684926133.893074,0.000000
1684926133.903915,0.000000
1684926133.913942,0.000000
1684926133.923810,0.000000
1684926133.933956,0.000000
1684926133.943977,0.000000
1684926133.953975,0.000000
1684926133.964001,0.000000
1684926133.974050,0.000000
1684926133.984064,0.000000
1684926133.993168,0.000000
1684926134.003059,0.000000
1684926134.013086,0.000000
1684926134.023954,0.000000
1684926134.034132,0.000000
1684926134.043063,0.000000
1684926134.054062,0.000000
1684926134.063262,0.000000
1684926134.073169,0.000000
1684926134.083214,0.000000
1684926134.093207,0.000000
1684926134.103415,0.000000
1684926134.113205,0.000000
1684926134.123479,0.000000
1684926134.134208,0.000000
1684926134.143539,0.000000
1684926134.153204,0.000000
1684926134.163547,0.000000
1684926134.173280,0.000000
1684926134.183506,0.000000
1684926134.194231,0.000000
1684926134.203541,0.000000
1684926134.213295,0.000000
1684926134.223571,0.000000
1684926134.233237,0.000000
1684926134.243527,0.000000
1684926134.254217,0.000000
1684926134.263543,0.000000
1684926134.274264,0.000000
1684926134.283564,0.000000
1684926134.294212,0.000000
1684926134.303601,0.000000
1684926134.314358,0.000000
1684926134.323610,0.000000
1684926134.333197,0.000000
1684926134.344634,0.000000
1684926134.353252,0.000000
1684926134.363612,0.000000
1684926134.373212,0.000000
1684926134.383551,0.000000
1684926134.394228,0.000000
1684926134.403578,0.000000
1684926134.413213,0.000000
1684926134.423574,0.000000
1684926134.433206,0.000000
1684926134.443688,0.000000
1684926134.453262,0.000000
1684926134.463577,0.000000
1684926134.473217,0.000000
1684926134.483688,0.000000
1684926134.493260,0.000000
1684926134.503628,0.000000
1684926134.513252,0.000000
1684926134.523679,0.000000
1684926134.533364,0.000000
1684926134.543608,0.000000
1684926134.553274,0.000000
1684926134.563591,0.000000
1684926134.573226,0.000000
1684926134.583675,0.000000
1684926134.593258,0.000000
1684926134.603611,0.000000
1684926134.613232,0.000000
1684926134.623567,0.000000
1684926134.633241,0.000000
1684926134.643716,0.000000
1684926134.653375,0.000000
1684926134.663590,0.000000
1684926134.673293,0.000000
1684926134.683548,0.000000
1684926134.693256,0.000000
1684926134.703635,0.000000
1684926134.713273,0.000000
1684926134.723775,0.000000
1684926134.733235,0.000000
1684926134.743572,0.000000
1684926134.753241,0.000000
1684926134.763548,0.000000
1684926134.774265,0.000000
1684926134.783568,0.000000
1684926134.793394,0.000000
1684926134.803538,0.000000
1684926134.813299,0.000000
1684926134.823721,0.000000
1684926134.833840,0.000000
1684926134.843974,0.000000
1684926134.853901,0.000000
1684926134.863896,0.000000
1684926134.873980,0.000000
1684926134.883990,0.000000
1684926134.893928,0.000000
1684926134.903743,0.000000
1684926134.913742,0.000000
1684926134.923596,0.000000
1684926134.933723,0.000000
1684926134.943867,0.000000
1684926134.953703,0.000000
1684926134.963842,0.000000
1684926134.973289,0.000000
1684926134.983706,0.000000
1684926134.993825,0.000000
1684926135.003642,0.000000
1684926135.013828,0.000000
1684926135.023895,0.000000
1684926135.033852,0.000000
1684926135.043868,0.000000
1684926135.053850,0.000000
1684926135.063853,0.000000
1684926135.073305,0.000000
1684926135.083478,0.000000
1684926135.093311,0.000000
1684926135.103563,0.000000
1684926135.113377,0.000000
1684926135.123501,0.000000
1684926135.133633,0.000000
1684926135.143497,0.000000
1684926135.153306,0.000000
1684926135.163499,0.000000
1684926135.173309,0.000000
1684926135.180129,0.000000
1684926135.183545,0.000000
1684926135.193323,0.000000
1684926135.203503,0.000000
1684926135.213304,0.000000
1684926135.223532,0.000000
1684926135.233322,0.000000
1684926135.243564,0.000000
1684926135.253315,0.000000
1684926135.263558,0.000000
1684926135.273315,0.000000
1684926135.283628,0.000000
1684926135.293337,0.000000
1684926135.303593,0.000000
1684926135.313497,0.000000
1684926135.323626,0.000000
1684926135.333339,0.000000
1684926135.343598,0.000000
1684926135.353325,0.000000
1684926135.363622,0.000000
1684926135.373420,0.000000
1684926135.383671,0.000000
1684926135.393332,0.000000
1684926135.403620,0.000000
1684926135.413752,0.000000
1684926135.423734,0.000000
1684926135.433336,0.000000
1684926135.443668,0.000000
1684926135.453435,0.000000
1684926135.463663,0.000000
1684926135.473650,0.000000
1684926135.483650,0.000000
1684926135.493605,0.000000
1684926135.503591,0.000000
1684926135.513664,0.000000
1684926135.523634,0.000000
1684926135.533582,0.000000
1684926135.543625,0.000000
1684926135.553608,0.000000
1684926135.563652,0.000000
1684926135.573603,0.000000
1684926135.583611,0.000000
1684926135.593670,0.000000
1684926135.603606,0.000000
1684926135.613653,0.000000
1684926135.623510,0.000000
1684926135.633634,0.000000
1684926135.643644,0.000000
1684926135.653662,0.000000
1684926135.663718,0.000000
1684926135.673682,0.000000
1684926135.683691,0.000000
1684926135.693739,0.000000
1684926135.703722,0.000000
1684926135.713753,0.000000
1684926135.724059,0.000000
1684926135.733859,0.000000
1684926135.743934,0.000000
1684926135.753939,0.000000
1684926135.764028,0.000000
1684926135.774043,0.000000
1684926135.784178,0.000000
1684926135.794170,0.000000
1684926135.803213,0.000000
1684926135.814261,0.000000
1684926135.823651,0.000000
1684926135.833363,0.000000
1684926135.843651,0.000000
1684926135.854406,0.000000
1684926135.863759,0.000000
1684926135.873406,0.000000
1684926135.883669,0.000000
1684926135.893414,0.000000
1684926135.903631,0.000000
1684926135.913409,0.000000
1684926135.923594,0.000000
1684926135.933405,0.000000
1684926135.943623,0.000000
1684926135.953406,0.000000
1684926135.963629,0.000000
1684926135.974418,0.000000
1684926135.983677,0.000000
1684926135.994405,0.000000
1684926136.003916,0.000000
1684926136.014438,0.000000
1684926136.023656,0.000000
1684926136.033432,0.000000
1684926136.043646,0.000000
1684926136.053419,0.000000
1684926136.063710,0.000000
1684926136.073411,0.000000
1684926136.083661,0.000000
1684926136.093433,0.000000
1684926136.103664,0.000000
1684926136.113403,0.000000
1684926136.123703,0.000000
1684926136.133512,0.000000
1684926136.143703,0.000000
1684926136.153444,0.000000
1684926136.163669,0.000000
1684926136.165294,0.000000
1684926136.173408,0.000000
1684926136.183700,0.000000
1684926136.193484,0.000000
1684926136.203718,0.000000
1684926136.213453,0.000000
1684926136.223716,0.000000
1684926136.233408,0.000000
1684926136.243645,0.000000
1684926136.253487,0.000000
1684926136.263697,0.000000
1684926136.273448,0.000000
1684926136.283720,0.000000
1684926136.293442,0.000000
1684926136.303713,0.000000
1684926136.313420,0.000000
1684926136.323703,0.000000
1684926136.333451,0.000000
1684926136.343704,0.000000
1684926136.353434,0.000000
1684926136.363749,0.000000
1684926136.373416,0.000000
1684926136.383702,0.000000
1684926136.393457,0.000000
1684926136.403705,0.000000
1684926136.413434,0.000000
1684926136.423767,0.000000
1684926136.433453,0.000000
1684926136.443751,0.000000
1684926136.453487,0.000000
1684926136.463732,0.000000
1684926136.473453,0.000000
1684926136.483729,0.000000
1684926136.493544,0.000000
1684926136.503791,0.000000
1684926136.513452,0.000000
1684926136.523709,0.000000
1684926136.533476,0.000000
1684926136.543710,0.000000
1684926136.553454,0.000000
1684926136.563714,0.000000
1684926136.573459,0.000000
1684926136.583706,0.000000
1684926136.593462,0.000000
1684926136.603687,0.000000
1684926136.613464,0.000000
1684926136.623708,0.000000
1684926136.623710,0.000000
1684926136.633460,0.000000
1684926136.643737,0.000000
1684926136.653461,0.000000
1684926136.663709,0.000000
1684926136.664667,0.000000
1684926136.673464,0.000000
1684926136.683738,0.000000
1684926136.693467,0.000000
1684926136.703731,0.000000
1684926136.713502,0.000000
1684926136.723748,0.000000
1684926136.733476,0.000000
1684926136.743727,0.000000
1684926136.753488,0.000000
1684926136.763705,0.000000
1684926136.774496,0.000000
1684926136.783713,0.000000
1684926136.793487,0.000000
1684926136.803656,0.000000
1684926136.813490,0.000000
1684926136.823761,0.000000
1684926136.833507,0.000000
1684926136.833569,0.000000
1684926136.843695,0.000000
1684926136.853509,0.000000
1684926136.863735,0.000000
1684926136.873503,0.000000
1684926136.883712,0.000000
1684926136.893481,0.000000
1684926136.903717,0.000000
1684926136.913496,0.000000
1684926136.924112,0.000000
1684926136.933483,0.000000
1684926136.943744,0.000000
1684926136.953505,0.000000
1684926136.963722,0.000000
1684926136.973484,0.000000
1684926136.983717,0.000000
1684926136.993504,0.000000
1684926137.003758,0.000000
1684926137.013503,0.000000
1684926137.023744,0.000000
1684926137.033569,0.000000
1684926137.043777,0.000000
1684926137.053505,0.000000
1684926137.063720,0.000000
1684926137.073512,0.000000
1684926137.083778,0.000000
1684926137.093504,0.000000
1684926137.103760,0.000000
1684926137.113534,0.000000
1684926137.123774,0.000000
1684926137.133524,0.000000
1684926137.143756,0.000000
1684926137.153759,0.000000
1684926137.163803,0.000000
1684926137.173533,0.000000
1684926137.183719,0.000000
1684926137.193600,0.000000
1684926137.204332,0.000000
1684926137.213389,0.000000
1684926137.223464,0.000000
1684926137.233304,0.000000
1684926137.243324,0.000000
1684926137.254365,0.000000
1684926137.263438,0.000000
1684926137.273464,0.000000
1684926137.283537,0.000000
1684926137.293576,0.000000
1684926137.303659,0.000000
1684926137.313709,0.000000
1684926137.315795,0.000000
1684926137.323763,0.000000
1684926137.333877,0.000000
1684926137.343905,0.000000
1684926137.353964,0.000000
1684926137.364040,0.000000
1684926137.374078,0.000000
1684926137.384143,0.000000
1684926137.394222,0.000000
1684926137.403480,0.000000
1684926137.414279,0.000000
1684926137.423387,0.000000
1684926137.433557,0.000000
1684926137.443517,0.000000
1684926137.454557,0.000000
1684926137.463668,0.000000
1684926137.473589,0.000000
1684926137.483765,0.000000
1684926137.493575,0.000000
1684926137.503786,0.000000
1684926137.513582,0.000000
1684926137.523726,0.000000
1684926137.533587,0.000000
1684926137.543770,0.000000
1684926137.553632,0.000000
1684926137.563720,0.000000
1684926137.573607,0.000000
1684926137.583733,0.000000
1684926137.593596,0.000000
1684926137.603727,0.000000
1684926137.613599,0.000000
1684926137.623741,0.000000
1684926137.633623,0.000000
1684926137.643728,0.000000
1684926137.654577,0.000000
1684926137.664792,0.000000
1684926137.673584,0.000000
1684926137.684850,0.000000
1684926137.694595,0.000000
1684926137.703749,0.000000
1684926137.713589,0.000000
1684926137.723722,0.000000
1684926137.733581,0.000000
1684926137.743795,0.000000
1684926137.753580,0.000000
1684926137.763742,0.000000
1684926137.774623,0.000000
1684926137.783747,0.000000
1684926137.793609,0.000000
1684926137.803812,0.000000
1684926137.813633,0.000000
1684926137.823787,0.000000
1684926137.823790,0.000000
1684926137.833622,0.000000
1684926137.843789,0.000000
1684926137.853608,0.000000
1684926137.863804,0.000000
1684926137.873602,0.000000
1684926137.883809,0.000000
1684926137.893628,0.000000
1684926137.904279,0.000000
1684926137.913683,0.000000
1684926137.923811,0.000000
1684926137.933621,0.000000
1684926137.943772,0.000000
1684926137.953604,0.000000
1684926137.963728,0.000000
1684926137.973766,0.000000
1684926137.983768,0.000000
1684926137.993683,0.588235
1684926138.003330,0.588235
1684926138.013625,0.588235
1684926138.023839,0.000000
1684926138.033705,0.588235
1684926138.043747,0.588235
1684926138.053616,0.588235
1684926138.063772,0.000000
1684926138.073627,0.000000
1684926138.083759,0.000000
1684926138.093628,0.000000
1684926138.103287,0.588235
1684926138.113642,1.176471
1684926138.123726,1.176471
1684926138.133638,0.588235
1684926138.143694,0.588235
1684926138.143695,0.588235
1684926138.153627,0.588235
1684926138.163680,1.176471
1684926138.173653,1.764706
1684926138.183668,1.764706
1684926138.193676,1.764706
1684926138.203583,1.764706
1684926138.213632,1.176471
1684926138.223609,1.764706
1684926138.233632,1.764706
1684926138.243588,1.764706
1684926138.253642,2.352941
1684926138.263553,1.764706
1684926138.273655,2.352941
1684926138.283568,2.352941
1684926138.293652,2.352941
1684926138.303611,2.352941
1684926138.313649,2.352941
1684926138.323589,2.352941
1684926138.333656,2.352941
1684926138.343613,2.941176
1684926138.353650,2.941176
1684926138.363588,3.529412
1684926138.373693,2.352941
1684926138.383637,2.352941
1684926138.393723,1.176471
1684926138.403733,1.176471
1684926138.413691,1.176471
1684926138.423636,0.588235
1684926138.433676,1.176471
1684926138.443706,1.176471
1684926138.453724,1.764706
1684926138.463682,1.764706
1684926138.473676,1.764706
1684926138.483760,1.176471
1684926138.493776,1.764706
1684926138.503735,1.764706
1684926138.513763,1.764706
1684926138.523802,1.764706
1684926138.533734,1.764706
1684926138.543695,1.764706
1684926138.553673,1.764706
1684926138.563674,2.352941
1684926138.573677,1.764706
1684926138.583698,2.352941
1684926138.593694,2.352941
1684926138.603744,2.352941
1684926138.613310,2.352941
1684926138.624163,2.352941
1684926138.633728,2.941176
1684926138.643738,3.529412
1684926138.653743,2.941176
1684926138.664048,2.941176
1684926138.674116,2.941176
1684926138.684176,3.529412
1684926138.694053,3.529412
1684926138.704103,2.941176
1684926138.714055,2.941176
1684926138.723988,2.352941
1684926138.734117,2.352941
1684926138.744102,2.941176
1684926138.754119,2.941176
1684926138.764037,3.529412
1684926138.774379,3.529412
1684926138.784063,3.529412
1684926138.794036,3.529412
1684926138.804096,3.529412
1684926138.814057,3.529412
1684926138.823948,3.529412
1684926138.834148,2.941176
1684926138.844182,2.941176
1684926138.854177,2.941176
1684926138.864146,2.352941
1684926138.874489,2.941176
1684926138.884274,2.352941
1684926138.894260,2.352941
1684926138.903225,2.941176
1684926138.914285,2.352941
1684926138.924139,2.941176
1684926138.934206,2.941176
1684926138.944252,2.352941
1684926138.953326,2.941176
1684926138.964381,2.352941
1684926138.973402,2.941176
1684926138.977303,2.941176
1684926138.983432,2.941176
1684926138.993504,2.352941
1684926139.003641,2.941176
1684926139.013617,2.352941
1684926139.023682,2.352941
1684926139.033932,2.941176
1684926139.043797,2.941176
1684926139.053965,2.941176
1684926139.063757,2.941176
1684926139.073941,2.352941
1684926139.083726,2.352941
1684926139.093937,2.352941
1684926139.103733,2.352941
1684926139.113971,2.352941
1684926139.123690,2.941176
1684926139.134130,2.941176
1684926139.143716,2.941176
1684926139.154277,2.352941
1684926139.163664,2.352941
1684926139.174107,1.764706
1684926139.183796,1.764706
1684926139.194192,1.764706
1684926139.203674,2.352941
1684926139.214139,1.764706
1684926139.223658,1.764706
1684926139.234136,1.764706
1684926139.243571,1.176471
1684926139.254246,1.176471
1684926139.263625,1.176471
1684926139.274167,1.176471
1684926139.283505,1.176471
1684926139.294187,1.176471
1684926139.303524,1.176471
1684926139.314167,1.176471
1684926139.324500,0.588235
1684926139.334196,1.176471
1684926139.344501,0.588235
1684926139.354191,0.588235
1684926139.364456,0.000000
1684926139.374248,0.000000
1684926139.383425,0.000000
1684926139.394325,0.000000
1684926139.403486,0.000000
1684926139.414341,0.000000
1684926139.423398,0.000000
1684926139.434362,0.000000
1684926139.443383,0.000000
1684926139.454363,0.000000
1684926139.463377,0.000000
1684926139.474385,0.000000
1684926139.483499,0.000000
1684926139.493389,0.000000
1684926139.503374,0.000000
1684926139.513358,0.000000
1684926139.523381,0.000000
1684926139.523653,0.000000
1684926139.534482,0.000000
1684926139.543379,0.000000
1684926139.553365,0.000000
1684926139.563378,0.000000
1684926139.574378,0.000000
1684926139.574431,0.000000
1684926139.584263,0.000000
1684926139.593431,0.000000
1684926139.603462,0.000000
1684926139.613465,0.000000
1684926139.623431,0.000000
1684926139.633489,0.000000
1684926139.643564,0.000000
1684926139.653468,0.000000
1684926139.663523,0.000000
1684926139.673482,0.000000
1684926139.684108,0.000000
1684926139.693497,0.000000
1684926139.703465,0.000000
1684926139.713558,0.000000
1684926139.723629,0.000000
1684926139.733559,0.000000
1684926139.743530,0.000000
1684926139.753550,0.000000
1684926139.763531,0.000000
1684926139.774535,0.000000
1684926139.784045,0.000000
1684926139.793544,0.000000
1684926139.803512,0.000000
1684926139.813522,0.000000
1684926139.823550,0.000000
1684926139.833527,0.000000
1684926139.843953,0.000000
1684926139.853546,0.000000
1684926139.863532,0.000000
1684926139.873531,0.000000
1684926139.883907,0.000000
1684926139.893562,0.000000
1684926139.903552,0.000000
1684926139.914556,0.000000
1684926139.923567,0.000000
1684926139.933573,0.000000
1684926139.943581,0.000000
1684926139.953573,0.000000
1684926139.963549,0.000000
1684926139.973555,0.000000
1684926139.983822,0.000000
1684926139.993593,0.000000
1684926140.003580,0.000000
1684926140.013638,0.000000
1684926140.023596,0.000000
1684926140.033638,0.000000
1684926140.043626,0.000000
1684926140.053638,0.000000
1684926140.063595,0.000000
1684926140.073791,0.000000
1684926140.083776,0.000000
1684926140.093707,0.000000
1684926140.103618,0.000000
1684926140.113622,0.000000
1684926140.123621,0.000000
1684926140.133650,0.000000
1684926140.144019,0.000000
1684926140.153635,0.000000
1684926140.163734,0.000000
1684926140.173657,0.000000
1684926140.183814,0.000000
1684926140.193664,0.000000
1684926140.203723,0.000000
1684926140.213760,0.000000
1684926140.223669,0.000000
1684926140.233647,0.000000
1684926140.243705,0.000000
1684926140.253660,0.000000
1684926140.263701,0.000000
1684926140.273839,0.000000
1684926140.283748,0.000000
1684926140.293681,0.000000
1684926140.303715,0.000000
1684926140.313707,0.000000
1684926140.323720,0.000000
1684926140.333783,0.000000
1684926140.343707,0.000000
1684926140.353711,0.000000
1684926140.363756,0.000000
1684926140.373730,0.000000
1684926140.384106,0.000000
1684926140.393741,0.000000
1684926140.403731,0.000000
1684926140.413781,0.000000
1684926140.423771,0.000000
1684926140.433394,0.000000
1684926140.443747,0.000000
1684926140.453788,0.000000
1684926140.463830,0.000000
1684926140.473770,0.000000
1684926140.483921,0.000000
1684926140.493747,0.000000
1684926140.503900,0.000000
1684926140.513782,0.000000
1684926140.523779,0.000000
1684926140.533916,0.000000
1684926140.543772,0.000000
1684926140.553917,0.000000
1684926140.563842,0.000000
1684926140.573962,0.000000
1684926140.583991,0.000000
1684926140.594014,0.000000
1684926140.604175,0.000000
1684926140.614108,0.000000
1684926140.623815,0.000000
1684926140.634271,0.000000
1684926140.643734,0.000000
1684926140.654333,0.000000
1684926140.663713,0.000000
1684926140.674451,0.000000
1684926140.683671,0.000000
1684926140.693534,0.000000
1684926140.703714,0.000000
1684926140.713610,0.000000
1684926140.713664,0.000000
1684926140.723782,0.000000
1684926140.733772,0.000000
1684926140.743903,0.000000
1684926140.753876,0.000000
1684926140.764023,0.000000
1684926140.773993,0.000000
1684926140.784074,0.000000
1684926140.794112,0.000000
1684926140.804165,0.000000
1684926140.814279,0.000000
1684926140.823299,0.000000
1684926140.833987,0.000000
1684926140.843423,0.000000
1684926140.854489,0.000000
1684926140.863528,0.000000
1684926140.874648,0.000000
1684926140.883670,0.000000
1684926140.894756,0.000000
1684926140.903714,0.000000
1684926140.914800,0.000000
1684926140.923881,0.000000
1684926140.933941,0.000000
1684926140.943971,0.000000
1684926140.953975,0.000000
1684926140.964044,0.000000
1684926140.974001,0.000000
1684926140.983945,0.000000
1684926140.993974,0.000000
1684926141.003970,0.000000
1684926141.013948,0.000000
1684926141.024036,0.000000
1684926141.033976,0.000000
1684926141.044075,0.000000
1684926141.055022,0.000000
1684926141.055088,0.000000
1684926141.064085,0.000000
1684926141.074051,0.000000
1684926141.083936,0.000000
1684926141.094990,0.000000
1684926141.103961,0.000000
1684926141.114986,0.000000
1684926141.124142,0.000000
1684926141.124148,0.000000
1684926141.134970,0.000000
1684926141.143547,0.000000
1684926141.153984,0.000000
1684926141.163943,0.000000
1684926141.173981,0.000000
1684926141.183955,0.000000
1684926141.193988,0.000000
1684926141.203978,0.000000
1684926141.213998,0.000000
1684926141.223982,0.000000
1684926141.233975,0.000000
1684926141.244096,0.000000
1684926141.254104,0.000000
1684926141.263952,0.000000
1684926141.274012,0.000000
1684926141.283988,0.000000
1684926141.293996,0.000000
1684926141.304071,0.000000
1684926141.314031,0.000000
1684926141.323976,0.000000
1684926141.333975,0.000000
1684926141.344034,0.000000
1684926141.353991,0.000000
1684926141.363971,0.000000
1684926141.374068,0.000000
1684926141.384035,0.000000
1684926141.394014,0.000000
1684926141.403932,0.000000
1684926141.413985,0.000000
1684926141.423975,0.000000
1684926141.433988,0.000000
1684926141.444041,0.000000
1684926141.454023,0.000000
1684926141.463975,0.000000
1684926141.474000,0.000000
1684926141.484004,0.000000
1684926141.494095,0.000000
1684926141.503932,0.000000
1684926141.514084,0.000000
1684926141.523934,0.000000
1684926141.534028,0.000000
1684926141.544036,0.000000
1684926141.554029,0.000000
1684926141.563956,0.000000
1684926141.574037,0.000000
1684926141.584004,0.588235
1684926141.594041,0.588235
1684926141.603921,0.588235
1684926141.613976,0.588235
1684926141.623986,0.588235
1684926141.634046,1.176471
1684926141.643966,1.764706
1684926141.654023,1.764706
1684926141.664035,1.176471
1684926141.674061,1.764706
1684926141.683959,2.352941
1684926141.694049,2.352941
1684926141.704053,2.352941
1684926141.714005,2.352941
1684926141.723983,2.352941
1684926141.734024,2.352941
1684926141.743974,2.352941
1684926141.746641,2.352941
1684926141.754022,2.941176
1684926141.764098,3.529412
1684926141.774039,2.941176
1684926141.784040,2.352941
1684926141.794092,1.764706
1684926141.803966,1.764706
1684926141.814046,1.764706
1684926141.823986,2.352941
1684926141.834045,2.941176
1684926141.843941,2.941176
1684926141.854007,2.941176
1684926141.863964,2.941176
1684926141.874040,2.941176
1684926141.884040,3.529412
1684926141.894064,4.117647
1684926141.904027,5.294117
1684926141.914068,5.294117
1684926141.924054,5.294117
1684926141.934041,4.705883
1684926141.944006,5.294117
1684926141.954058,5.882353
1684926141.964045,6.470588
1684926141.974067,6.470588
1684926141.983980,6.470588
1684926141.994029,6.470588
1684926142.003982,7.058824
1684926142.014049,7.647059
1684926142.014108,7.647059
1684926142.024141,7.647059
1684926142.034181,7.647059
1684926142.044044,8.235294
1684926142.054136,8.235294
1684926142.063962,8.823529
1684926142.074064,8.823529
1684926142.083978,9.411765
1684926142.094074,10.000000
1684926142.104052,10.000000
1684926142.114073,10.000000
1684926142.124071,10.000000
1684926142.134065,10.000000
1684926142.143633,10.588235
1684926142.154127,10.000000
1684926142.164046,10.000000
1684926142.174051,10.000000
1684926142.184124,10.588235
1684926142.194114,10.588235
1684926142.204055,10.588235
1684926142.214098,10.588235
1684926142.224058,10.588235
1684926142.234010,10.588235
1684926142.244051,10.588235
1684926142.254111,10.588235
1684926142.264216,10.588235
1684926142.274224,11.176471
1684926142.284303,11.176471
1684926142.294486,10.588235
1684926142.303382,11.176471
1684926142.314445,10.588235
1684926142.323589,10.000000
1684926142.334586,10.588235
1684926142.343608,10.588235
1684926142.354655,10.588235
1684926142.363713,10.588235
1684926142.373801,10.588235
1684926142.383863,10.588235
1684926142.393971,11.176471
1684926142.404114,11.176471
1684926142.414061,10.588235
1684926142.424132,10.588235
1684926142.434121,10.588235
1684926142.444364,10.000000
1684926142.454276,10.000000
1684926142.464261,10.000000
1684926142.474370,10.000000
1684926142.484433,10.000000
1684926142.494471,10.000000
1684926142.503538,10.000000
1684926142.514571,10.000000
1684926142.524290,10.000000
1684926142.534722,10.000000
1684926142.543811,10.000000
1684926142.554832,10.000000
1684926142.564214,10.000000
1684926142.573953,9.411765
1684926142.584026,9.411765
1684926142.594098,9.411765
1684926142.604175,10.000000
1684926142.614092,10.000000
1684926142.623976,10.000000
1684926142.634011,9.411765
1684926142.643979,9.411765
1684926142.643979,9.411765
1684926142.654036,9.411765
1684926142.663968,8.823529
1684926142.674111,8.823529
1684926142.684000,8.823529
1684926142.694139,8.823529
1684926142.703976,8.235294
1684926142.715058,8.235294
1684926142.724131,8.823529
1684926142.724958,8.823529
1684926142.734102,8.823529
1684926142.744121,8.823529
1684926142.754085,8.235294
1684926142.764059,8.235294
1684926142.775187,7.647059
1684926142.784124,7.647059
1684926142.795174,8.235294
1684926142.804210,8.823529
1684926142.814085,8.235294
1684926142.824002,7.647059
1684926142.834153,8.235294
1684926142.844180,8.823529
1684926142.854121,8.235294
1684926142.864044,8.235294
1684926142.874143,7.058824
1684926142.884147,7.058824
1684926142.894131,6.470588
1684926142.904044,6.470588
1684926142.914183,7.058824
1684926142.924120,7.647059
1684926142.934174,7.647059
1684926142.944127,7.647059
1684926142.954135,7.058824
1684926142.964056,7.058824
1684926142.974198,7.058824
1684926142.984086,6.470588
1684926142.994153,5.882353
1684926143.004078,5.882353
1684926143.014121,5.882353
1684926143.024169,5.294117
1684926143.034174,5.294117
1684926143.044080,5.294117
1684926143.054374,5.294117
1684926143.064091,5.294117
1684926143.074124,5.294117
1684926143.084071,5.294117
1684926143.094070,4.705883
1684926143.104021,4.705883
1684926143.114193,4.117647
1684926143.124108,3.529412
1684926143.134176,4.117647
1684926143.144130,4.117647
1684926143.154166,4.117647
1684926143.164126,4.117647
1684926143.174175,4.117647
1684926143.184148,3.529412
1684926143.194177,2.941176
1684926143.204223,2.352941
1684926143.214129,2.352941
1684926143.224082,2.352941
1684926143.234175,2.352941
1684926143.244067,2.352941
1684926143.254113,2.352941
1684926143.264064,2.352941
1684926143.274172,2.352941
1684926143.284068,2.352941
1684926143.294068,1.764706
1684926143.304110,2.352941
1684926143.314116,1.764706
1684926143.324023,1.764706
1684926143.334185,0.588235
1684926143.344063,0.588235
1684926143.354082,0.000000
1684926143.364187,0.000000
1684926143.374141,0.000000
1684926143.384129,0.000000
1684926143.394207,0.000000
1684926143.404090,0.000000
1684926143.414107,0.000000
1684926143.424215,0.000000
1684926143.434085,0.000000
1684926143.444181,0.000000
1684926143.454159,0.000000
1684926143.464023,0.000000
1684926143.474142,0.588235
1684926143.484035,0.588235
1684926143.494066,0.588235
1684926143.504030,0.588235
1684926143.514090,0.000000
1684926143.524067,0.000000
1684926143.534218,0.000000
1684926143.544031,0.000000
1684926143.554947,0.000000
1684926143.564077,0.000000
1684926143.574180,0.000000
1684926143.584068,0.000000
1684926143.594107,0.000000
1684926143.604089,0.000000
1684926143.614110,0.000000
1684926143.624102,0.000000
1684926143.634214,0.000000
1684926143.644098,0.588235
1684926143.654168,0.588235
1684926143.664092,0.588235
1684926143.674173,0.588235
1684926143.684035,0.588235
1684926143.694100,0.588235
1684926143.704062,0.588235
1684926143.714441,0.000000
1684926143.724199,0.588235
1684926143.734138,0.588235
1684926143.744185,0.588235
1684926143.754102,1.176471
1684926143.764074,1.176471
1684926143.774153,1.764706
1684926143.784117,1.764706
1684926143.794223,1.764706
1684926143.804103,1.764706
1684926143.815198,1.764706
1684926143.824134,1.764706
1684926143.835152,1.764706
1684926143.844163,1.176471
1684926143.855152,1.764706
1684926143.865180,1.764706
1684926143.875116,1.764706
1684926143.885113,2.352941
1684926143.895097,2.352941
1684926143.905060,2.352941
1684926143.915215,1.764706
1684926143.925070,2.352941
1684926143.935201,2.352941
1684926143.944076,2.352941
1684926143.954180,2.352941
1684926143.964126,2.352941
1684926143.974103,2.352941
1684926143.984076,2.352941
1684926143.994164,2.352941
1684926144.004199,2.941176
1684926144.014191,2.352941
1684926144.024204,2.941176
1684926144.034157,2.352941
1684926144.044183,2.352941
1684926144.054160,2.352941
1684926144.064315,3.529412
1684926144.074210,2.941176
1684926144.084081,1.764706
1684926144.094150,1.176471
1684926144.104110,0.588235
1684926144.114132,0.588235
1684926144.124075,0.588235
1684926144.134159,0.588235
1684926144.144118,0.588235
1684926144.154182,0.588235
1684926144.164066,0.588235
1684926144.174186,0.588235
1684926144.184146,1.176471
1684926144.194164,1.176471
1684926144.204128,0.588235
1684926144.214149,0.588235
1684926144.224112,1.176471
1684926144.234149,1.176471
1684926144.244121,1.176471
1684926144.254106,1.176471
1684926144.264339,1.176471
1684926144.274125,1.176471
1684926144.284144,1.176471
1684926144.294171,1.176471
1684926144.304336,1.176471
1684926144.314131,1.176471
1684926144.324106,1.176471
1684926144.334203,1.176471
1684926144.344186,1.176471
1684926144.354123,1.176471
1684926144.364078,1.176471
1684926144.374192,1.176471
1684926144.384081,1.764706
1684926144.394196,2.352941
1684926144.404094,2.941176
1684926144.414183,2.352941
1684926144.424167,2.352941
1684926144.434206,2.352941
1684926144.444228,2.352941
1684926144.454170,2.352941
1684926144.464165,2.352941
1684926144.474250,2.352941
1684926144.484168,2.352941
1684926144.494209,2.352941
1684926144.504188,2.352941
1684926144.514167,2.352941
1684926144.524126,2.941176
1684926144.534191,2.941176
1684926144.544151,2.941176
1684926144.554174,2.941176
1684926144.564127,2.941176
1684926144.574187,3.529412
1684926144.584148,3.529412
1684926144.594190,3.529412
1684926144.604154,3.529412
1684926144.614202,3.529412
1684926144.624225,4.117647
1684926144.634307,4.117647
1684926144.644149,4.117647
1684926144.654234,3.529412
1684926144.664173,2.941176
1684926144.674252,2.941176
1684926144.684175,2.941176
1684926144.694217,2.941176
1684926144.704181,4.117647
1684926144.714171,4.117647
1684926144.724105,3.529412
1684926144.734300,4.117647
1684926144.744162,4.117647
1684926144.754262,4.117647
1684926144.764203,4.117647
1684926144.774295,4.117647
1684926144.784195,4.117647
1684926144.794276,4.117647
1684926144.804162,4.705883
1684926144.814215,4.117647
1684926144.824178,4.117647
1684926144.834244,4.117647
1684926144.844178,4.117647
1684926144.854196,4.117647
1684926144.864196,4.117647
1684926144.874195,4.117647
1684926144.884203,4.117647
1684926144.894241,4.117647
1684926144.904201,3.529412
1684926144.914236,3.529412
1684926144.924199,3.529412
1684926144.934277,3.529412
1684926144.944219,3.529412
1684926144.954193,3.529412
1684926144.964230,4.117647
1684926144.974177,4.117647
1684926144.984178,4.117647
1684926144.994155,4.117647
1684926145.004179,3.529412
1684926145.014493,3.529412
1684926145.024163,4.117647
1684926145.034175,4.117647
1684926145.044199,3.529412
1684926145.054329,3.529412
1684926145.064210,4.117647
1684926145.074246,4.117647
1684926145.084160,4.117647
1684926145.094249,4.117647
1684926145.104198,4.117647
1684926145.114263,4.117647
1684926145.124338,3.529412
1684926145.134342,3.529412
1684926145.144490,3.529412
1684926145.154469,3.529412
1684926145.164494,3.529412
1684926145.174643,3.529412
1684926145.183577,3.529412
1684926145.193655,3.529412
1684926145.203795,3.529412
1684926145.213814,3.529412
1684926145.223846,2.941176
1684926145.233932,2.941176
1684926145.243992,2.941176
1684926145.253999,2.941176
1684926145.264054,2.941176
1684926145.274124,2.941176
1684926145.284223,2.941176
1684926145.294320,3.529412
1684926145.304347,2.352941
1684926145.314443,2.352941
1684926145.324436,2.352941
1684926145.334270,2.352941
1684926145.344258,2.941176
1684926145.354228,2.941176
1684926145.364190,2.941176
1684926145.374228,2.352941
1684926145.384164,2.941176
1684926145.394267,2.941176
1684926145.404226,3.529412
1684926145.414248,3.529412
1684926145.424178,2.941176
1684926145.434280,2.352941
1684926145.444186,2.352941
1684926145.454234,2.352941
1684926145.464241,2.941176
1684926145.474330,3.529412
1684926145.484169,2.941176
1684926145.494357,2.941176
1684926145.504188,2.941176
1684926145.514359,2.352941
1684926145.524233,2.352941
1684926145.534311,2.352941
1684926145.544232,2.352941
1684926145.554281,2.352941
1684926145.564208,2.352941
1684926145.574312,2.352941
1684926145.584248,2.352941
1684926145.594249,2.352941
1684926145.604245,2.352941
1684926145.614274,2.352941
1684926145.624160,2.352941
1684926145.634319,2.352941
1684926145.644191,2.352941
1684926145.654339,2.352941
1684926145.664198,2.352941
1684926145.674287,2.352941
1684926145.674284,2.352941
1684926145.684185,2.352941
1684926145.694253,2.352941
1684926145.704185,2.352941
1684926145.714230,2.352941
1684926145.724057,2.352941
1684926145.734364,1.764706
1684926145.744231,1.764706
1684926145.754332,1.176471
1684926145.764257,1.176471
1684926145.774208,1.176471
1684926145.784180,1.176471
1684926145.794268,1.176471
1684926145.804226,1.176471
1684926145.814295,1.176471
1684926145.824253,1.176471
1684926145.834213,1.176471
1684926145.844172,1.176471
1684926145.854295,1.176471
1684926145.864174,1.176471
1684926145.874271,0.588235
1684926145.884230,0.000000
1684926145.894300,0.000000
1684926145.904297,0.000000
1684926145.914251,0.000000
1684926145.923818,0.000000
1684926145.934252,0.000000
1684926145.944191,0.000000
1684926145.954424,0.000000
1684926145.964202,0.000000
1684926145.964275,0.000000
1684926145.974283,0.000000
1684926145.984174,0.000000
1684926145.994299,0.000000
1684926146.004222,0.000000
1684926146.014245,0.000000
1684926146.024270,0.000000
1684926146.034238,0.000000
1684926146.044272,0.000000
1684926146.054297,0.000000
1684926146.064213,0.000000
1684926146.074234,0.000000
1684926146.084168,0.000000
1684926146.094372,0.000000
1684926146.104237,0.000000
1684926146.117287,0.000000
1684926146.120228,0.000000
1684926146.123584,0.000000
1684926146.134301,0.000000
1684926146.144212,0.000000
1684926146.154297,0.000000
1684926146.164262,0.000000
1684926146.174322,0.000000
1684926146.184189,0.000000
1684926146.194258,0.000000
1684926146.204235,0.000000
1684926146.214280,0.000000
1684926146.224217,0.000000
1684926146.234306,0.000000
1684926146.244199,0.000000
1684926146.254365,0.000000
1684926146.264217,0.000000
1684926146.274262,0.000000
1684926146.284236,0.000000
1684926146.294288,0.000000
1684926146.304273,0.000000
1684926146.314317,0.000000
1684926146.324574,0.000000
1684926146.334343,0.000000
1684926146.344297,0.000000
1684926146.354403,0.000000
1684926146.364255,0.000000
1684926146.374289,0.000000
1684926146.384241,0.000000
1684926146.394304,0.000000
1684926146.404217,0.000000
1684926146.414276,0.000000
1684926146.424285,0.000000
1684926146.434290,0.000000
1684926146.444301,0.000000
1684926146.454368,0.000000
1684926146.464278,0.000000
1684926146.474305,0.000000
1684926146.484422,0.000000
1684926146.494404,0.000000
1684926146.504494,0.000000
1684926146.514598,0.000000
1684926146.524610,0.000000
1684926146.534701,0.000000
1684926146.543716,0.000000
1684926146.553928,0.000000
1684926146.564006,0.000000
1684926146.574981,0.000000
1684926146.583985,0.000000
1684926146.594062,0.000000
1684926146.604095,0.000000
1684926146.614171,0.000000
1684926146.624247,0.000000
1684926146.634271,0.000000
1684926146.644350,0.000000
1684926146.654361,0.000000
1684926146.664437,0.000000
1684926146.674519,0.000000
1684926146.684326,0.000000
1684926146.694342,0.000000
1684926146.704301,0.000000
1684926146.714392,0.000000
1684926146.724339,0.000000
1684926146.734325,0.000000
1684926146.744270,0.000000
1684926146.755347,0.000000
1684926146.764288,0.000000
1684926146.775380,0.000000
1684926146.784377,0.000000
1684926146.794322,0.000000
1684926146.804267,0.000000
1684926146.814324,0.000000
1684926146.824202,0.000000
1684926146.834312,0.000000
1684926146.844218,0.000000
1684926146.854315,0.000000
1684926146.864301,0.000000
1684926146.874288,0.000000
1684926146.884271,0.000000
1684926146.894335,0.000000
1684926146.904223,0.000000
1684926146.914299,0.000000
1684926146.924358,0.000000
1684926146.934489,0.000000
1684926146.944331,0.000000
1684926146.954269,0.000000
1684926146.964266,0.000000
1684926146.974352,0.000000
1684926146.984309,0.000000
1684926146.994303,0.000000
1684926147.004290,0.000000
1684926147.014310,0.000000
1684926147.024266,0.000000
1684926147.034312,0.000000
1684926147.044336,0.000000
1684926147.054358,0.000000
1684926147.064336,0.000000
1684926147.074378,0.000000
1684926147.084288,0.000000
1684926147.094379,0.000000
1684926147.104311,0.000000
1684926147.114361,0.000000
1684926147.124253,0.000000
1684926147.134353,0.000000
1684926147.144318,0.000000
1684926147.154355,0.000000
1684926147.164289,0.000000
1684926147.174470,0.000000
1684926147.184358,0.000000
1684926147.194379,0.000000
1684926147.204252,0.000000
1684926147.214358,0.000000
1684926147.224342,0.000000
1684926147.234302,0.000000
1684926147.244277,0.000000
1684926147.254257,0.000000
1684926147.264257,0.000000
1684926147.274304,0.000000
1684926147.284353,0.000000
1684926147.294245,0.000000
1684926147.304242,0.000000
1684926147.314192,0.000000
1684926147.324361,0.000000
1684926147.334197,0.000000
1684926147.344360,0.000000
1684926147.354149,0.000000
1684926147.364254,0.000000
1684926147.374208,0.000000
1684926147.384379,0.000000
1684926147.394097,0.000000
1684926147.404354,0.000000
1684926147.414069,0.000000
1684926147.424344,0.000000
1684926147.434096,0.000000
1684926147.444250,0.000000
1684926147.454035,0.000000
1684926147.464372,0.000000
1684926147.474299,0.000000
1684926147.484322,0.588235
1684926147.494174,0.000000
1684926147.504385,0.588235
1684926147.513966,0.588235
1684926147.524317,0.588235
1684926147.534538,0.588235
1684926147.544317,0.588235
1684926147.553932,0.588235
1684926147.564281,0.588235
1684926147.573948,0.588235
1684926147.584289,1.176471
1684926147.594905,1.176471
1684926147.604280,1.764706
1684926147.613926,1.176471
1684926147.624306,1.176471
1684926147.633840,1.176471
1684926147.644290,1.176471
1684926147.654899,1.176471
1684926147.664279,0.588235
1684926147.673799,0.588235
1684926147.684301,0.588235
1684926147.694797,0.588235
1684926147.704320,1.176471
1684926147.713822,1.176471
1684926147.724348,1.176471
1684926147.733758,1.176471
1684926147.744334,1.176471
1684926147.754993,1.176471
1684926147.764352,1.176471
1684926147.774450,1.764706
1684926147.784458,1.176471
1684926147.794529,1.176471
1684926147.804577,1.176471
1684926147.814609,1.176471
1684926147.823673,1.764706
1684926147.833781,1.764706
1684926147.843801,1.176471
1684926147.855010,1.764706
1684926147.863977,0.588235
1684926147.873974,0.588235
1684926147.884004,0.588235
1684926147.894139,0.588235
1684926147.904190,1.176471
1684926147.914219,1.176471
1684926147.924278,0.588235
1684926147.934319,0.588235
1684926147.944330,1.176471
1684926147.954417,1.176471
1684926147.964413,1.176471
1684926147.974522,1.176471
1684926147.984553,0.588235
1684926147.994491,0.588235
1684926148.004651,0.588235
1684926148.014452,0.588235
1684926148.023764,1.176471
1684926148.034497,1.176471
1684926148.043892,1.176471
1684926148.054437,1.176471
1684926148.064015,0.588235
1684926148.074417,0.588235
1684926148.084104,1.176471
1684926148.094385,1.176471
1684926148.104223,0.588235
1684926148.114373,0.588235
1684926148.124302,0.588235
1684926148.134437,0.588235
1684926148.144422,0.588235
1684926148.154420,0.588235
1684926148.164343,0.588235
1684926148.174346,0.588235
1684926148.184312,0.588235
1684926148.194430,0.588235
1684926148.204391,0.588235
1684926148.214398,0.588235
1684926148.224411,0.588235
1684926148.234434,0.588235
1684926148.244456,0.588235
1684926148.255482,0.588235
1684926148.264367,0.588235
1684926148.275205,0.588235
1684926148.284291,0.588235
1684926148.294393,0.588235
1684926148.304297,0.000000
1684926148.314415,0.000000
1684926148.314480,0.000000
1684926148.324291,0.000000
1684926148.334390,0.000000
1684926148.344357,0.000000
1684926148.354411,0.000000
1684926148.364330,0.000000
1684926148.374120,0.000000
1684926148.384379,0.000000
1684926148.394349,0.000000
1684926148.404314,0.000000
1684926148.414391,0.000000
1684926148.424307,0.000000
1684926148.434406,0.000000
1684926148.444374,0.000000
1684926148.454402,0.000000
1684926148.464393,0.000000
1684926148.474017,0.000000
1684926148.484392,0.000000
1684926148.494408,0.000000
1684926148.504419,0.000000
1684926148.514433,0.000000
1684926148.524393,0.000000
1684926148.534401,0.000000
1684926148.544296,0.000000
1684926148.554406,0.000000
1684926148.564295,0.000000
1684926148.573903,0.000000
1684926148.584343,0.000000
1684926148.594389,0.000000
1684926148.604317,0.000000
1684926148.614437,0.000000
1684926148.624403,0.000000
1684926148.634436,0.000000
1684926148.644327,0.000000
1684926148.654481,0.000000
1684926148.664395,0.000000
1684926148.673796,0.000000
1684926148.684356,0.000000
1684926148.694456,0.000000
1684926148.704361,0.000000
1684926148.714424,0.000000
1684926148.723714,0.000000
1684926148.734789,0.000000
1684926148.743790,0.000000
1684926148.754894,0.000000
1684926148.763895,0.000000
1684926148.774690,0.000000
1684926148.784030,0.000000
1684926148.795064,0.000000
1684926148.804149,0.000000
1684926148.815193,0.000000
1684926148.824191,0.000000
1684926148.834646,0.000000
1684926148.844420,0.000000
1684926148.854449,0.000000
1684926148.864433,0.000000
1684926148.874611,0.000000
1684926148.884410,0.000000
1684926148.894499,0.000000
1684926148.904406,0.000000
1684926148.914444,0.000000
1684926148.924476,0.000000
1684926148.934439,0.000000
1684926148.944454,0.000000
1684926148.954455,0.000000
1684926148.964336,0.000000
1684926148.974471,0.000000
1684926148.984369,0.000000
1684926148.994471,0.000000
1684926149.004422,0.000000
1684926149.014450,0.000000
1684926149.024473,0.000000
1684926149.034490,0.000000
1684926149.044547,0.000000
1684926149.055497,0.000000
1684926149.064443,0.000000
1684926149.075525,0.000000
1684926149.084442,0.000000
1684926149.094491,0.000000
1684926149.104352,0.000000
1684926149.114567,0.000000
1684926149.124410,0.000000
1684926149.134451,0.000000
1684926149.144403,0.000000
1684926149.154405,0.000000
1684926149.164445,0.000000
1684926149.174383,0.000000
1684926149.184442,0.000000
1684926149.194405,0.000000
1684926149.204467,0.000000
1684926149.214548,0.000000
1684926149.224400,0.000000
1684926149.234471,0.000000
1684926149.244362,0.000000
1684926149.254442,0.000000
1684926149.264430,0.000000
1684926149.274441,0.000000
1684926149.284351,0.000000
1684926149.294470,0.000000
1684926149.304469,0.000000
1684926149.314655,0.000000
1684926149.324433,0.000000
1684926149.334432,0.000000
1684926149.344160,0.000000
1684926149.354449,0.000000
1684926149.364431,0.000000
1684926149.374468,0.000000
1684926149.384428,0.000000
1684926149.394496,0.000000
1684926149.404409,0.000000
1684926149.414458,0.000000
1684926149.424373,0.000000
1684926149.434524,0.000000
1684926149.444498,0.000000
1684926149.454497,0.000000
1684926149.464411,0.000000
1684926149.474549,0.000000
1684926149.484375,0.000000
1684926149.494432,0.000000
1684926149.504408,0.000000
1684926149.514527,0.000000
1684926149.524451,0.000000
1684926149.534451,0.000000
1684926149.543974,0.000000
1684926149.554493,0.000000
1684926149.564387,0.000000
1684926149.574532,0.000000
1684926149.584410,0.000000
1684926149.594519,0.000000
1684926149.604429,0.000000
1684926149.614436,0.000000
1684926149.624456,0.000000
1684926149.634479,0.000000
1684926149.644406,0.000000
1684926149.654463,0.000000
1684926149.664484,0.000000
1684926149.674517,0.000000
1684926149.684371,0.000000
1684926149.694483,0.000000
1684926149.704497,0.000000
1684926149.714505,0.000000
1684926149.724468,0.000000
1684926149.734540,0.000000
1684926149.744788,0.000000
1684926149.754453,0.000000
1684926149.764456,0.000000
1684926149.774474,0.000000
1684926149.784463,0.000000
1684926149.794473,0.000000
1684926149.804428,0.000000
1684926149.814485,0.000000
1684926149.824395,0.000000
1684926149.834431,0.000000
1684926149.844441,0.000000
1684926149.854496,0.000000
1684926149.864395,0.000000
1684926149.874541,0.000000
1684926149.884514,0.000000
1684926149.894604,0.000000
1684926149.904457,0.000000
1684926149.914519,0.000000
1684926149.924478,0.000000
1684926149.934460,0.000000
1684926149.944611,0.000000
1684926149.954476,0.000000
1684926149.964438,0.000000
1684926149.974501,0.000000
1684926149.984416,0.000000
1684926149.994785,0.000000
1684926150.004444,0.000000
1684926150.014465,0.000000
1684926150.024440,0.000000
1684926150.034565,0.000000
1684926150.044516,0.000000
1684926150.054481,0.000000
1684926150.064458,0.000000
1684926150.074484,0.000000
1684926150.074576,0.000000
1684926150.084516,0.000000
1684926150.094599,0.000000
1684926150.104428,0.000000
1684926150.104482,0.000000
1684926150.114472,0.000000
1684926150.124422,0.000000
1684926150.134474,0.000000
1684926150.144041,0.000000
1684926150.154540,0.000000
1684926150.164473,0.000000
1684926150.174580,0.000000
1684926150.184485,0.000000
1684926150.194632,0.000000
1684926150.204480,0.000000
1684926150.214489,0.000000
1684926150.224438,0.000000
1684926150.234505,0.000000
1684926150.244495,0.000000
1684926150.254570,0.000000
1684926150.264469,0.000000
1684926150.274460,0.000000
1684926150.284614,0.000000
1684926150.294708,0.000000
1684926150.304738,0.000000
1684926150.314140,0.000000
1684926150.323871,0.000000
1684926150.334045,0.000000
1684926150.343985,0.000000
1684926150.354050,0.000000
1684926150.364114,0.000000
1684926150.374279,0.000000
1684926150.384259,0.000000
1684926150.394359,0.000000
1684926150.404358,0.000000
1684926150.414341,0.000000
1684926150.424385,0.000000
1684926150.434450,0.000000
1684926150.444489,0.000000
1684926150.454581,0.000000
1684926150.464764,0.000000
1684926150.474682,0.000000
1684926150.484798,0.000000
1684926150.494766,0.000000
1684926150.503864,0.000000
1684926150.514942,0.000000
1684926150.523975,0.000000
1684926150.535055,0.000000
1684926150.544119,0.000000
1684926150.555153,0.000000
1684926150.564249,0.000000
1684926150.574303,0.000000
1684926150.584329,0.000000
1684926150.594391,0.000000
1684926150.604490,0.000000
1684926150.614555,0.000000
1684926150.624525,0.000000
1684926150.634556,0.000000
1684926150.644489,0.000000
1684926150.654581,0.000000
1684926150.664591,0.000000
1684926150.674656,0.000000
1684926150.684593,0.000000
1684926150.694563,0.000000
1684926150.697296,0.000000
1684926150.704519,0.000000
1684926150.714563,0.000000
1684926150.724539,0.000000
1684926150.734656,0.000000
1684926150.744566,0.000000
1684926150.754555,0.000000
1684926150.754596,0.000000
1684926150.764517,0.000000
1684926150.775512,0.000000
1684926150.784599,0.000000
1684926150.794511,0.000000
1684926150.804516,0.000000
1684926150.815551,0.000000
1684926150.824471,0.000000
1684926150.834563,0.000000
1684926150.844513,0.000000
1684926150.854587,0.000000
1684926150.864478,0.000000
1684926150.874475,0.000000
1684926150.884480,0.000000
1684926150.894557,0.000000
1684926150.904455,0.000000
1684926150.914544,0.000000
1684926150.924481,0.000000
1684926150.934560,0.000000
1684926150.944494,0.000000
1684926150.954502,0.000000
1684926150.964539,0.000000
1684926150.974524,0.000000
1684926150.984450,0.000000
1684926150.994588,0.000000
1684926151.004522,0.000000
1684926151.004584,0.000000
1684926151.014646,0.000000
1684926151.024472,0.000000
1684926151.034561,0.000000
1684926151.044502,0.000000
1684926151.054576,0.000000
1684926151.064458,0.000000
1684926151.074507,0.000000
1684926151.084514,0.000000
1684926151.094501,0.000000
1684926151.104502,0.000000
1684926151.114532,0.000000
1684926151.124519,0.000000
1684926151.134562,0.000000
1684926151.144498,0.000000
1684926151.154501,0.000000
1684926151.164462,0.000000
1684926151.174532,0.000000
1684926151.184544,0.000000
1684926151.194582,0.000000
1684926151.204479,0.000000
1684926151.214556,0.000000
1684926151.224509,0.000000
1684926151.234631,0.000000
1684926151.244515,0.000000
1684926151.254558,0.000000
1684926151.264523,0.000000
1684926151.274558,0.000000
1684926151.284520,0.000000
1684926151.294556,0.000000
1684926151.304553,0.000000
1684926151.314601,0.000000
1684926151.324544,0.000000
1684926151.334553,0.000000
1684926151.344547,0.000000
1684926151.354666,0.000000
1684926151.364562,0.000000
1684926151.374622,0.000000
1684926151.384669,0.000000
1684926151.394594,0.000000
1684926151.404545,0.000000
1684926151.414603,0.000000
1684926151.424456,0.000000
1684926151.424467,0.000000
1684926151.434752,0.000000
1684926151.444506,0.000000
1684926151.454540,0.000000
1684926151.464548,0.000000
1684926151.474587,0.000000
1684926151.484543,0.000000
1684926151.494585,0.000000
1684926151.504592,0.000000
1684926151.514522,0.000000
1684926151.524576,0.000000
1684926151.534664,0.000000
1684926151.544641,0.000000
1684926151.554604,0.000000
1684926151.564482,0.000000
1684926151.574669,0.000000
1684926151.584546,0.000000
1684926151.594624,0.000000
1684926151.604552,0.000000
1684926151.614610,0.000000
1684926151.624505,0.000000
1684926151.634566,0.000000
1684926151.644531,0.000000
1684926151.654568,0.000000
1684926151.664496,0.000000
1684926151.674528,0.000000
1684926151.684566,0.000000
1684926151.694586,0.000000
1684926151.704593,0.000000
1684926151.714630,0.000000
1684926151.724533,0.000000
1684926151.734594,0.000000
1684926151.744516,0.000000
1684926151.754571,0.000000
1684926151.764478,0.000000
1684926151.774688,0.000000
1684926151.784564,0.000000
1684926151.794572,0.000000
1684926151.804464,0.000000
1684926151.814587,0.000000
1684926151.824572,0.000000
1684926151.834567,0.000000
1684926151.844727,0.000000
1684926151.854574,0.000000
1684926151.864548,0.000000
1684926151.874717,0.000000
1684926151.884557,0.000000
1684926151.894675,0.000000
1684926151.904632,0.000000
1684926151.914777,0.000000
1684926151.924739,0.000000
1684926151.934859,0.000000
1684926151.944822,0.000000
1684926151.954911,0.000000
1684926151.963946,0.000000
1684926151.974041,0.000000
1684926151.984019,0.000000
1684926151.995071,0.000000
1684926152.004155,0.000000
1684926152.014341,0.000000
1684926152.024298,0.000000
1684926152.034425,0.000000
1684926152.044392,0.000000
1684926152.054425,0.000000
1684926152.064529,0.000000
1684926152.074580,0.000000
1684926152.084704,0.000000
1684926152.094729,0.000000
1684926152.104802,0.000000
1684926152.104840,0.000000
1684926152.114824,0.000000
1684926152.123890,0.000000
1684926152.134931,0.000000
1684926152.143990,0.000000
1684926152.155038,0.000000
1684926152.164027,0.000000
1684926152.175144,0.000000
1684926152.184224,0.000000
1684926152.195327,0.000000
1684926152.204311,0.000000
1684926152.214395,0.000000
1684926152.224475,0.000000
1684926152.234480,0.000000
1684926152.244606,0.000000
1684926152.254651,0.000000
1684926152.264606,0.000000
1684926152.274639,0.000000
1684926152.284583,0.000000
1684926152.294558,0.000000
1684926152.304653,0.000000
1684926152.314580,0.000000
1684926152.324541,0.000000
1684926152.334582,0.000000
1684926152.344563,0.000000
1684926152.354625,0.000000
1684926152.364649,0.000000
1684926152.374645,0.000000
1684926152.384609,0.000000
1684926152.394704,0.000000
1684926152.404729,0.000000
1684926152.414710,0.000000
1684926152.424642,0.000000
1684926152.434593,0.000000
1684926152.444661,0.000000
1684926152.455647,0.000000
1684926152.464562,0.000000
1684926152.474715,0.000000
1684926152.484627,0.000000
1684926152.494560,0.000000
1684926152.504586,0.000000
1684926152.514632,0.000000
1684926152.524564,0.000000
1684926152.534687,0.000000
1684926152.544522,0.000000
1684926152.554712,0.000000
1684926152.564586,0.000000
1684926152.574705,0.000000
1684926152.584563,0.000000
1684926152.594614,0.000000
1684926152.604518,0.000000
1684926152.614802,0.000000
1684926152.624579,0.000000
1684926152.634610,0.000000
1684926152.644607,0.000000
1684926152.654661,0.000000
1684926152.664542,0.000000
1684926152.674654,0.000000
1684926152.684520,0.000000
1684926152.694628,0.000000
1684926152.704656,0.000000
1684926152.714603,0.000000
1684926152.724652,0.000000
1684926152.734632,0.000000
1684926152.744556,0.000000
1684926152.754655,0.000000
1684926152.764519,0.000000
1684926152.774617,0.000000
1684926152.777294,0.000000
1684926152.784585,0.000000
1684926152.794582,0.000000
1684926152.804591,0.000000
1684926152.814565,0.000000
1684926152.824584,0.000000
1684926152.834606,0.000000
1684926152.844754,0.000000
1684926152.854613,0.000000
1684926152.864611,0.000000
1684926152.874631,0.000000
1684926152.884605,0.000000
1684926152.894609,0.000000
1684926152.904582,0.000000
1684926152.914589,0.000000
1684926152.924545,0.000000
1684926152.934630,0.000000
1684926152.944551,0.000000
1684926152.954659,0.000000
1684926152.964661,0.000000
1684926152.974716,0.000000
1684926152.984627,0.000000
1684926152.994654,0.000000
1684926153.004565,0.000000
1684926153.014706,0.000000
1684926153.024608,0.000000
1684926153.034708,0.000000
1684926153.044616,0.000000
1684926153.054590,0.000000
1684926153.064565,0.000000
1684926153.074710,0.000000
1684926153.084305,0.000000
1684926153.094719,0.000000
1684926153.104677,0.000000
1684926153.114653,0.000000
1684926153.124635,0.000000
1684926153.134666,0.000000
1684926153.144634,0.000000
1684926153.154619,0.000000
1684926153.164633,0.000000
1684926153.174707,0.000000
1684926153.184611,0.000000
1684926153.194632,0.000000
1684926153.204655,0.000000
1684926153.214717,0.000000
1684926153.224570,0.000000
1684926153.234635,0.000000
1684926153.244690,0.000000
1684926153.254635,0.000000
1684926153.264702,0.000000
1684926153.274719,0.000000
1684926153.284652,0.000000
1684926153.294719,0.000000
1684926153.304613,0.000000
1684926153.314715,0.000000
1684926153.324589,0.000000
1684926153.334662,0.000000
1684926153.344698,0.000000
1684926153.354661,0.000000
1684926153.364592,0.000000
1684926153.374642,0.000000
1684926153.384599,0.000000
1684926153.394724,0.000000
1684926153.404716,0.000000
1684926153.414663,0.000000
1684926153.424720,0.000000
1684926153.434639,0.000000
1684926153.444596,0.000000
1684926153.454724,0.000000
1684926153.464661,0.000000
1684926153.464665,0.000000
1684926153.474703,0.000000
1684926153.484682,0.000000
1684926153.494665,0.000000
1684926153.504615,0.000000
1684926153.514656,0.000000
1684926153.524623,0.000000
1684926153.534684,0.000000
1684926153.544683,0.000000
1684926153.554726,0.000000
1684926153.564640,0.000000
1684926153.574677,0.000000
1684926153.584664,0.000000
1684926153.594772,0.000000
1684926153.604142,0.000000
1684926153.614124,0.000000
1684926153.624141,0.000000
1684926153.634119,0.000000
1684926153.644201,0.000000
1684926153.655226,0.000000
1684926153.664378,0.000000
1684926153.674333,0.000000
1684926153.684469,0.000000
1684926153.694518,0.000000
1684926153.704535,0.000000
1684926153.714618,0.000000
1684926153.724642,0.000000
1684926153.734741,0.000000
1684926153.744765,0.000000
1684926153.754812,0.000000
1684926153.763875,0.000000
1684926153.775030,0.000000
1684926153.783990,0.000000
1684926153.795056,0.000000
1684926153.804119,0.000000
1684926153.815124,0.000000
1684926153.824189,0.000000
1684926153.835243,0.000000
1684926153.844331,0.000000
1684926153.855409,0.000000
1684926153.864444,0.000000
1684926153.874532,0.000000
1684926153.884518,0.000000
1684926153.894731,0.000000
1684926153.904660,0.000000
1684926153.914696,0.000000
1684926153.924642,0.000000
1684926153.934706,0.000000
1684926153.944626,0.000000
1684926153.954646,0.000000
1684926153.964603,0.000000
1684926153.974703,0.000000
1684926153.984586,0.000000
1684926153.994762,0.000000
1684926154.004661,0.000000
1684926154.015732,0.000000
1684926154.024713,0.000000
1684926154.034750,0.000000
1684926154.044709,0.000000
1684926154.054810,0.000000
1684926154.064690,0.000000
1684926154.074745,0.000000
1684926154.084670,0.000000
1684926154.094732,0.000000
1684926154.104706,0.000000
1684926154.114794,0.000000
1684926154.124604,0.000000
1684926154.135692,0.000000
1684926154.144648,0.000000
1684926154.154731,0.000000
1684926154.164602,0.000000
1684926154.174673,0.000000
1684926154.184732,0.000000
1684926154.194673,0.000000
1684926154.204744,0.000000
1684926154.214671,0.000000
1684926154.224653,0.000000
1684926154.234653,0.000000
1684926154.244675,0.000000
1684926154.254672,0.000000
1684926154.264688,0.000000
1684926154.274715,0.000000
1684926154.284697,0.000000
1684926154.294840,0.000000
1684926154.304691,0.000000
1684926154.314756,0.000000
1684926154.324668,0.000000
1684926154.334732,0.000000
1684926154.344693,0.000000
1684926154.354736,0.000000
1684926154.364711,0.000000
1684926154.374733,0.000000
1684926154.384673,0.000000
1684926154.394764,0.000000
1684926154.404701,0.000000
1684926154.414804,0.000000
1684926154.424626,0.000000
1684926154.434711,0.000000
1684926154.444716,0.000000
1684926154.454731,0.000000
1684926154.464678,0.000000
1684926154.474743,0.000000
1684926154.484696,0.000000
1684926154.494700,0.000000
1684926154.504653,0.000000
1684926154.514755,0.000000
1684926154.524653,0.000000
1684926154.534744,0.000000
1684926154.544730,0.000000
1684926154.554764,0.000000
1684926154.564677,0.000000
1684926154.574756,0.000000
1684926154.584676,0.000000
1684926154.594768,0.000000
1684926154.604720,0.000000
1684926154.614697,0.000000
1684926154.624796,0.000000
1684926154.634783,0.000000
1684926154.644736,0.000000
1684926154.654739,0.000000
1684926154.664738,0.000000
1684926154.674764,0.000000
1684926154.684703,0.000000
1684926154.694805,0.000000
1684926154.704694,0.000000
1684926154.714785,0.000000
1684926154.724729,0.000000
1684926154.734771,0.000000
1684926154.744680,0.000000
1684926154.754806,0.000000
1684926154.764706,0.000000
1684926154.774768,0.000000
1684926154.784735,0.000000
1684926154.794776,0.000000
1684926154.804808,0.000000
1684926154.814735,0.000000
1684926154.824693,0.000000
1684926154.834705,0.000000
1684926154.844786,0.000000
1684926154.854765,0.000000
1684926154.864741,0.000000
1684926154.874862,0.000000
1684926154.884815,0.000000
1684926154.894764,0.000000
1684926154.904783,0.000000
1684926154.914720,0.000000
1684926154.924660,0.000000
1684926154.934742,0.000000
1684926154.944757,0.000000
1684926154.954740,0.000000
1684926154.964742,0.000000
1684926154.974804,0.000000
1684926154.984843,0.000000
1684926154.994802,0.000000
1684926155.004781,0.000000
1684926155.014744,0.000000
1684926155.024768,0.000000
1684926155.034745,0.000000
1684926155.044724,0.000000
1684926155.054744,0.000000
1684926155.064804,0.000000
1684926155.074814,0.000000
1684926155.084695,0.000000
1684926155.094781,0.000000
1684926155.104851,0.000000
1684926155.114750,0.000000
1684926155.124729,0.000000
1684926155.134745,0.000000
1684926155.144709,0.000000
1684926155.154763,0.000000
1684926155.164764,0.000000
1684926155.174845,0.000000
1684926155.184705,0.000000
1684926155.194783,0.000000
1684926155.204725,0.000000
1684926155.214771,0.000000
1684926155.224659,0.000000
1684926155.234765,0.000000
1684926155.244664,0.000000
1684926155.254746,0.000000
1684926155.265215,0.000000
1684926155.274767,0.000000
1684926155.284691,0.000000
1684926155.294801,0.000000
1684926155.304726,0.000000
1684926155.304782,0.000000
1684926155.314750,0.000000
1684926155.324757,0.000000
1684926155.334800,0.000000
1684926155.344519,0.000000
1684926155.354541,0.000000
1684926155.364501,0.000000
1684926155.374541,0.000000
1684926155.384572,0.000000
1684926155.394524,0.000000
1684926155.404543,0.000000
1684926155.414541,0.000000
1684926155.424543,0.000000
1684926155.434703,0.000000
1684926155.444672,0.000000
1684926155.454720,0.000000
1684926155.464799,0.000000
1684926155.474778,0.000000
1684926155.484831,0.000000
1684926155.494895,0.000000
1684926155.504981,0.000000
1684926155.515091,0.000000
1684926155.524105,0.000000
1684926155.535189,0.000000
1684926155.544302,0.000000
1684926155.555312,0.000000
1684926155.564317,0.000000
1684926155.575414,0.000000
1684926155.584452,0.000000
1684926155.595525,0.000000
1684926155.604621,0.000000
1684926155.614654,0.000000
1684926155.616723,0.000000
1684926155.624815,0.000000
1684926155.634790,0.000000
1684926155.644848,0.000000
1684926155.655072,0.000000
1684926155.664780,0.000000
1684926155.674815,0.000000
1684926155.684866,0.000000
1684926155.694870,0.000000
1684926155.704751,0.000000
1684926155.714818,0.000000
1684926155.724753,0.000000
1684926155.734860,0.000000
1684926155.744790,0.000000
1684926155.754888,0.000000
1684926155.764754,0.000000
1684926155.775836,0.000000
1684926155.784713,0.000000
1684926155.795893,0.000000
1684926155.804754,0.000000
1684926155.814867,0.000000
1684926155.824756,0.000000
1684926155.834884,0.000000
1684926155.844738,0.000000
1684926155.855011,0.000000
1684926155.864749,0.000000
1684926155.874815,0.000000
1684926155.884689,0.000000
1684926155.894779,0.000000
1684926155.904742,0.000000
1684926155.914824,0.000000
1684926155.924671,0.000000
1684926155.934840,0.000000
1684926155.944753,0.000000
1684926155.954859,0.000000
1684926155.964776,0.000000
1684926155.974805,0.000000
1684926155.984804,0.000000
1684926155.994851,0.000000
1684926156.004864,0.000000
1684926156.014737,0.000000
1684926156.024827,0.000000
1684926156.034820,0.000000
1684926156.044779,0.000000
1684926156.054874,0.000000
1684926156.064775,0.000000
1684926156.074783,0.000000
1684926156.084769,0.000000
1684926156.094790,0.000000
1684926156.104843,0.000000
1684926156.114761,0.000000
1684926156.124768,0.000000
1684926156.134781,0.000000
1684926156.144759,0.000000
1684926156.154840,0.000000
1684926156.164828,0.000000
1684926156.174866,0.000000
1684926156.184764,0.000000
1684926156.194884,0.000000
1684926156.204761,0.000000
1684926156.214802,0.000000
1684926156.224811,0.000000
1684926156.234810,0.000000
1684926156.244808,0.000000
1684926156.254806,0.000000
1684926156.264801,0.000000
1684926156.274816,0.000000
1684926156.284760,0.000000
1684926156.294865,0.000000
1684926156.304790,0.000000
1684926156.314417,0.000000
1684926156.324756,0.000000
1684926156.324758,0.000000
1684926156.334809,0.000000
1684926156.344761,0.000000
1684926156.354906,0.000000
1684926156.364785,0.000000
1684926156.374849,0.000000
1684926156.384778,0.000000
1684926156.394915,0.000000
1684926156.404760,0.000000
1684926156.414457,0.000000
1684926156.424766,0.000000
1684926156.434887,0.000000
1684926156.444964,0.000000
1684926156.454929,0.000000
1684926156.464951,0.000000
1684926156.474954,0.000000
1684926156.485023,0.000000
1684926156.494369,0.000000
1684926156.504369,0.000000
1684926156.514366,0.000000
1684926156.524369,0.000000
1684926156.534468,0.000000
1684926156.544388,0.000000
1684926156.554390,0.000000
1684926156.564393,0.000000
1684926156.574413,0.000000
1684926156.584455,0.000000
1684926156.594437,0.000000
1684926156.604439,0.000000
1684926156.614464,0.000000
1684926156.624428,0.000000
1684926156.634441,0.000000
1684926156.644451,0.000000
1684926156.654459,0.000000
1684926156.664476,0.000000
1684926156.674465,0.000000
1684926156.684481,0.000000
1684926156.694470,0.000000
1684926156.704480,0.000000
1684926156.714517,0.000000
1684926156.724483,0.000000
1684926156.734523,0.000000
1684926156.744397,0.000000
1684926156.754516,0.000000
1684926156.764384,0.000000
1684926156.775560,0.000000
1684926156.784379,0.000000
1684926156.794519,0.000000
1684926156.804358,0.000000
1684926156.814541,0.000000
1684926156.824313,0.000000
1684926156.834537,0.000000
1684926156.844346,0.000000
1684926156.854543,0.000000
1684926156.864274,0.000000
1684926156.874835,0.000000
1684926156.884854,0.000000
1684926156.894913,0.000000
1684926156.904916,0.000000
1684926156.914862,0.000000
1684926156.924871,0.000000
1684926156.934852,0.000000
1684926156.944887,0.000000
1684926156.954935,0.000000
1684926156.964947,0.000000
1684926156.974881,0.000000
1684926156.985062,0.000000
1684926156.994880,0.000000
1684926157.004126,0.000000
1684926157.014921,0.000000
1684926157.024270,0.000000
1684926157.034916,0.000000
1684926157.044899,0.000000
1684926157.054898,0.000000
1684926157.064483,0.000000
1684926157.075003,0.000000
1684926157.084669,0.000000
1684926157.095190,0.000000
1684926157.096482,0.000000
1684926157.104715,0.000000
1684926157.114933,0.000000
1684926157.124913,0.000000
1684926157.134922,0.000000
1684926157.144963,0.000000
1684926157.155051,0.000000
1684926157.155107,0.000000
1684926157.164964,0.000000
1684926157.175186,0.000000
1684926157.184957,0.000000
1684926157.195252,0.000000
1684926157.204934,0.000000
1684926157.215405,0.000000
1684926157.224905,0.000000
1684926157.235523,0.000000
1684926157.244999,0.000000
1684926157.254576,0.000000
1684926157.264877,0.000000
1684926157.274675,0.000000
1684926157.284840,0.000000
1684926157.294867,0.000000
1684926157.304847,0.000000
1684926157.314917,0.000000
1684926157.324822,0.000000
1684926157.335162,0.000000
1684926157.337284,0.000000
1684926157.344946,0.000000
1684926157.354842,0.000000
1684926157.364778,0.000000
1684926157.375950,0.000000
1684926157.384779,0.000000
1684926157.394901,0.000000
1684926157.404783,0.000000
1684926157.414856,0.000000
1684926157.414909,0.000000
1684926157.425880,0.000000
1684926157.435925,0.000000
1684926157.445992,0.000000
1684926157.455921,0.000000
1684926157.465729,0.000000
1684926157.475966,0.000000
1684926157.485905,0.000000
1684926157.495872,0.000000
1684926157.505633,0.000000
1684926157.515973,0.000000
1684926157.524900,0.000000
1684926157.535951,0.000000
1684926157.544998,0.000000
1684926157.555947,0.588235
1684926157.564574,2.941176
1684926157.574855,6.470588
1684926157.584847,8.823529
1684926157.594844,12.352942
1684926157.604846,14.705882
1684926157.614915,17.058823
1684926157.624921,20.588236
1684926157.634944,25.294117
1684926157.644998,28.823530
1684926157.654903,32.352940
1684926157.664458,34.705883
1684926157.674922,36.470589
1684926157.684932,37.647060
1684926157.695993,37.647060
1684926157.704423,39.411766
1684926157.715950,38.823528
1684926157.724921,39.411766
1684926157.735915,39.411766
1684926157.745055,40.000000
1684926157.755989,40.000000
1684926157.764386,39.411766
1684926157.775966,39.411766
1684926157.784884,39.411766
1684926157.794932,39.411766
1684926157.804956,39.411766
1684926157.814974,39.411766
1684926157.824910,38.823528
1684926157.835930,40.000000
1684926157.844937,40.588234
1684926157.855953,40.000000
1684926157.865263,40.000000
1684926157.875960,40.588234
1684926157.884852,40.000000
1684926157.895994,40.000000
1684926157.904942,39.411766
1684926157.915914,39.411766
1684926157.924830,39.411766
1684926157.935981,39.411766
1684926157.944946,39.411766
1684926157.955124,39.411766
1684926157.964920,39.411766
1684926157.975009,39.411766
1684926157.984866,38.823528
1684926157.994885,38.823528
1684926158.004811,38.235294
1684926158.014948,38.235294
1684926158.024933,38.235294
1684926158.034988,38.235294
1684926158.044857,38.235294
1684926158.054935,38.235294
1684926158.064110,38.235294
1684926158.075025,38.235294
1684926158.084909,38.823528
1684926158.094980,38.823528
1684926158.104841,38.235294
1684926158.115989,37.647060
1684926158.124912,38.823528
1684926158.136173,38.823528
1684926158.144910,38.235294
1684926158.156023,37.647060
1684926158.165101,37.647060
1684926158.175985,37.647060
1684926158.184831,38.235294
1684926158.196574,37.647060
1684926158.205184,38.235294
1684926158.205252,38.235294
1684926158.215878,38.235294
1684926158.224910,37.647060
1684926158.235998,37.647060
1684926158.244935,37.647060
1684926158.255966,37.647060
1684926158.264175,38.235294
1684926158.275914,38.823528
1684926158.284144,37.647060
1684926158.296218,37.058823
1684926158.304150,37.058823
1684926158.315168,37.058823
1684926158.315224,37.058823
1684926158.324142,37.058823
1684926158.335159,37.647060
1684926158.345235,37.647060
1684926158.355214,37.647060
1684926158.364146,37.058823
1684926158.376186,37.058823
1684926158.384186,37.058823
1684926158.396180,37.058823
1684926158.405218,37.647060
1684926158.416272,37.647060
1684926158.424146,37.647060
1684926158.436213,37.058823
1684926158.444195,37.647060
1684926158.456225,37.058823
1684926158.464191,37.647060
1684926158.476281,37.058823
1684926158.484269,37.058823
1684926158.496211,37.647060
1684926158.504177,37.058823
1684926158.516213,37.058823
1684926158.524196,37.058823
1684926158.536212,36.470589
1684926158.544240,36.470589
1684926158.556228,36.470589
1684926158.564216,36.470589
1684926158.576270,36.470589
1684926158.584338,36.470589
1684926158.595354,35.882355
1684926158.604424,36.470589
1684926158.615507,36.470589
1684926158.624631,36.470589
1684926158.634589,35.882355
1684926158.644647,36.470589
1684926158.654698,36.470589
1684926158.664763,37.058823
1684926158.675814,35.882355
1684926158.684988,35.294117
1684926158.695966,35.294117
1684926158.704918,35.294117
1684926158.715965,34.705883
1684926158.724865,35.882355
1684926158.734950,35.882355
1684926158.745023,35.882355
1684926158.755943,35.294117
1684926158.764927,35.294117
1684926158.775999,35.294117
1684926158.784924,35.882355
1684926158.796046,35.294117
1684926158.805920,34.705883
1684926158.815940,34.117645
1684926158.825947,34.117645
1684926158.835945,34.705883
1684926158.844841,34.705883
1684926158.855989,34.117645
1684926158.864923,34.705883
1684926158.875007,34.117645
1684926158.884863,34.705883
1684926158.896016,34.117645
1684926158.904961,34.117645
1684926158.914974,34.705883
1684926158.924921,34.117645
1684926158.935962,34.117645
1684926158.944966,34.117645
1684926158.956025,34.117645
1684926158.964984,34.117645
1684926158.976035,33.529411
1684926158.985049,32.941177
1684926158.996298,33.529411
1684926159.005034,33.529411
1684926159.015077,34.117645
1684926159.025005,34.705883
1684926159.035328,34.705883
1684926159.045017,34.705883
1684926159.055052,34.705883
1684926159.064919,34.117645
1684926159.075343,34.117645
1684926159.085040,34.117645
1684926159.095135,33.529411
1684926159.105038,34.117645
1684926159.115030,33.529411
1684926159.124948,34.117645
1684926159.135339,35.294117
1684926159.145031,35.294117
1684926159.155038,34.705883
1684926159.164978,34.705883
1684926159.176020,35.294117
1684926159.184948,35.294117
1684926159.196073,34.705883
1684926159.205028,34.117645
1684926159.216085,34.705883
1684926159.225058,35.294117
1684926159.235106,35.294117
1684926159.245014,35.294117
1684926159.255090,34.705883
1684926159.265030,35.294117
1684926159.275039,34.705883
1684926159.285029,35.882355
1684926159.295100,35.882355
1684926159.305019,34.705883
1684926159.315077,34.705883
1684926159.325079,35.294117
1684926159.335001,35.294117
1684926159.345073,34.705883
1684926159.354995,34.705883
1684926159.364971,34.705883
1684926159.375015,34.117645
1684926159.385075,35.294117
1684926159.395078,34.117645
1684926159.405014,34.117645
1684926159.415037,34.705883
1684926159.424937,34.705883
1684926159.435056,34.705883
1684926159.444973,34.705883
1684926159.455063,34.117645
1684926159.464977,34.705883
1684926159.475063,34.705883
1684926159.485015,34.117645
1684926159.495049,33.529411
1684926159.504953,33.529411
1684926159.516012,33.529411
1684926159.524976,33.529411
1684926159.535066,32.941177
1684926159.544954,32.941177
1684926159.556063,32.941177
1684926159.565067,32.941177
1684926159.576082,32.352940
1684926159.584978,32.352940
1684926159.596059,32.352940
1684926159.604977,31.764706
1684926159.615064,31.764706
1684926159.625025,31.764706
1684926159.635086,31.176470
1684926159.644997,31.764706
1684926159.655081,31.764706
1684926159.664957,31.176470
1684926159.676066,31.176470
1684926159.684997,30.588236
1684926159.695058,30.588236
1684926159.704988,30.000000
1684926159.715083,30.000000
1684926159.725002,30.588236
1684926159.735063,30.000000
1684926159.745059,30.000000
1684926159.755129,29.411764
1684926159.765043,30.000000
1684926159.776103,29.411764
1684926159.784999,29.411764
1684926159.795109,29.411764
1684926159.805057,30.000000
1684926159.815219,29.411764
1684926159.825063,29.411764
1684926159.836185,29.411764
1684926159.845047,28.823530
1684926159.855173,29.411764
1684926159.865061,29.411764
1684926159.876115,30.000000
1684926159.885061,30.000000
1684926159.895181,29.411764
1684926159.905098,30.000000
1684926159.915072,30.000000
1684926159.925056,29.411764
1684926159.936103,28.823530
1684926159.945142,28.823530
1684926159.956065,29.411764
1684926159.965109,30.000000
1684926159.975047,30.000000
1684926159.985183,30.000000
1684926159.996089,29.411764
1684926160.005137,29.411764
1684926160.015056,30.000000
1684926160.025057,30.000000
1684926160.035555,29.411764
1684926160.045063,29.411764
1684926160.055553,30.000000
1684926160.065004,30.000000
1684926160.075620,30.000000
1684926160.085145,30.000000
1684926160.095668,30.000000
1684926160.105062,30.000000
1684926160.115566,30.000000
1684926160.124964,30.000000
1684926160.135597,29.411764
1684926160.144904,30.000000
1684926160.155584,30.000000
1684926160.164921,30.000000
1684926160.175596,30.588236
1684926160.184982,30.588236
1684926160.195622,30.000000
1684926160.205112,30.588236
1684926160.215592,30.588236
1684926160.215667,30.588236
1684926160.225179,31.176470
1684926160.225248,31.176470
1684926160.235617,30.588236
1684926160.245381,30.588236
1684926160.255633,30.588236
1684926160.265403,31.176470
1684926160.275616,30.588236
1684926160.285564,30.588236
1684926160.295618,30.588236
1684926160.304690,31.176470
1684926160.315718,31.176470
1684926160.324696,30.588236
1684926160.335811,30.588236
1684926160.344976,30.000000
1684926160.355919,30.000000
1684926160.364952,30.588236
1684926160.375054,30.000000
1684926160.385062,30.000000
1684926160.395049,30.588236
1684926160.405125,30.000000
1684926160.416069,30.000000
1684926160.425126,30.000000
1684926160.436193,29.411764
1684926160.445028,30.000000
1684926160.455098,30.000000
1684926160.465093,30.000000
1684926160.475115,29.411764
1684926160.485065,29.411764
1684926160.495112,29.411764
1684926160.505027,30.000000
1684926160.515160,29.411764
1684926160.525066,29.411764
1684926160.535010,28.823530
1684926160.544981,28.823530
1684926160.555025,28.823530
1684926160.564990,28.823530
1684926160.576077,29.411764
1684926160.584991,28.823530
1684926160.595096,28.823530
1684926160.604948,28.823530
1684926160.615058,28.823530
1684926160.624996,28.823530
1684926160.635079,28.823530
1684926160.645005,28.823530
1684926160.655055,28.235294
1684926160.664996,27.647058
1684926160.675093,28.235294
1684926160.685070,27.647058
1684926160.695105,27.647058
1684926160.705042,27.647058
1684926160.715101,27.647058
1684926160.725068,27.647058
1684926160.735143,28.235294
1684926160.745014,27.647058
1684926160.755176,27.058823
1684926160.765303,27.058823
1684926160.776132,27.058823
1684926160.785074,27.058823
1684926160.795039,27.058823
1684926160.804980,27.058823
1684926160.816101,26.470589
1684926160.825254,27.058823
1684926160.835733,27.058823
1684926160.844711,26.470589
1684926160.854722,27.058823
1684926160.865217,27.058823
1684926160.875726,27.058823
1684926160.885748,27.058823
1684926160.894772,26.470589
1684926160.904746,26.470589
1684926160.914744,25.882353
1684926160.924739,25.882353
1684926160.935781,26.470589
1684926160.944767,25.882353
1684926160.954744,25.882353
1684926160.965074,25.882353
1684926160.975813,25.294117
1684926160.985118,25.294117
1684926160.995770,25.294117
1684926161.005249,24.705883
1684926161.015826,24.705883
1684926161.025348,24.705883
1684926161.035769,24.705883
1684926161.044793,24.117647
1684926161.055787,24.117647
1684926161.065596,24.117647
1684926161.075767,24.117647
1684926161.084658,24.705883
1684926161.095794,23.529411
1684926161.105022,23.529411
1684926161.116007,22.941177
1684926161.124953,23.529411
1684926161.136104,23.529411
1684926161.145082,23.529411
1684926161.155086,22.941177
1684926161.165148,23.529411
1684926161.176170,23.529411
1684926161.185091,22.941177
1684926161.196058,22.941177
1684926161.205999,22.352942
1684926161.216129,22.941177
1684926161.224986,22.941177
1684926161.236122,22.941177
1684926161.246186,22.941177
1684926161.256121,22.941177
1684926161.266104,22.941177
1684926161.276146,22.941177
1684926161.286002,22.941177
1684926161.296108,22.352942
1684926161.306418,22.352942
1684926161.316227,21.764706
1684926161.326018,21.176470
1684926161.326077,21.176470
1684926161.336128,21.176470
1684926161.346018,21.176470
1684926161.355076,21.764706
1684926161.365052,21.176470
1684926161.375134,21.764706
1684926161.385087,21.176470
1684926161.395297,21.176470
1684926161.405122,21.176470
1684926161.415130,21.764706
1684926161.425065,21.764706
1684926161.435139,21.176470
1684926161.444975,21.176470
1684926161.455138,21.176470
1684926161.465145,21.764706
1684926161.475128,21.176470
1684926161.485110,21.176470
1684926161.495128,21.176470
1684926161.504988,20.588236
1684926161.516064,20.588236
1684926161.525083,20.588236
1684926161.535067,20.588236
1684926161.545107,20.588236
1684926161.555127,20.588236
1684926161.565031,20.588236
1684926161.575090,20.588236
1684926161.585108,20.588236
1684926161.595096,21.176470
1684926161.605045,20.588236
1684926161.615061,20.588236
1684926161.625026,20.588236
1684926161.635146,20.588236
1684926161.645434,20.588236
1684926161.655143,20.000000
1684926161.665107,20.000000
1684926161.675151,20.000000
1684926161.685136,20.588236
1684926161.695134,20.588236
1684926161.705243,20.588236
1684926161.715148,21.176470
1684926161.725108,21.176470
1684926161.735116,21.176470
1684926161.745065,21.176470
1684926161.755068,21.176470
1684926161.765012,21.176470
1684926161.776131,21.176470
1684926161.785089,21.176470
1684926161.795156,21.176470
1684926161.805047,20.588236
1684926161.815126,21.176470
1684926161.825037,21.176470
1684926161.835199,21.176470
1684926161.845123,21.176470
1684926161.855133,21.176470
1684926161.865041,21.764706
1684926161.875098,21.176470
1684926161.885107,21.176470
1684926161.885447,21.176470
1684926161.895098,21.176470
1684926161.905093,21.764706
1684926161.915133,21.176470
1684926161.915201,21.176470
1684926161.925048,21.176470
1684926161.935175,20.588236
1684926161.945097,20.588236
1684926161.955112,20.588236
1684926161.965125,20.588236
1684926161.975098,21.176470
1684926161.985180,21.176470
1684926161.995093,21.176470
1684926162.005178,21.764706
1684926162.015133,21.176470
1684926162.025092,21.176470
1684926162.035077,21.176470
1684926162.035180,21.176470
1684926162.045037,21.176470
1684926162.055143,21.176470
1684926162.065115,21.176470
1684926162.075162,21.176470
1684926162.085091,21.176470
1684926162.095176,21.176470
1684926162.105075,21.176470
1684926162.115121,21.176470
1684926162.125028,21.176470
1684926162.134889,21.176470
1684926162.145107,21.176470
1684926162.155180,21.176470
1684926162.165101,21.176470
1684926162.175269,20.588236
1684926162.185090,20.000000
1684926162.195207,20.588236
1684926162.205096,20.000000
1684926162.215733,20.000000
1684926162.225138,20.000000
1684926162.235238,20.000000
1684926162.245101,20.000000
1684926162.255115,20.000000
1684926162.265063,20.000000
1684926162.275169,20.000000
1684926162.285117,20.000000
1684926162.295160,20.000000
1684926162.305129,20.588236
1684926162.315096,20.000000
1684926162.325142,20.000000
1684926162.335144,20.588236
1684926162.345119,20.588236
1684926162.355198,20.588236
1684926162.365077,21.176470
1684926162.375283,21.176470
1684926162.385163,21.764706
1684926162.395188,21.764706
1684926162.405164,21.764706
1684926162.415266,21.176470
1684926162.425106,21.764706
1684926162.435215,21.764706
1684926162.445225,21.764706
1684926162.455183,21.764706
1684926162.465142,21.764706
1684926162.475188,21.176470
1684926162.485093,21.176470
1684926162.495265,21.176470
1684926162.505104,20.588236
1684926162.515262,20.588236
1684926162.525124,20.588236
1684926162.535185,20.588236
1684926162.545145,20.000000
1684926162.555145,20.000000
1684926162.565102,20.588236
1684926162.575156,21.176470
1684926162.585184,21.176470
1684926162.595204,21.176470
1684926162.605119,21.176470
1684926162.615183,21.176470
1684926162.625139,21.764706
1684926162.635137,21.764706
1684926162.645128,21.764706
1684926162.655147,21.176470
1684926162.665193,21.764706
1684926162.675128,21.764706
1684926162.685149,21.764706
1684926162.695191,21.764706
1684926162.705162,21.764706
1684926162.715143,21.176470
1684926162.725172,21.764706
1684926162.735165,21.176470
1684926162.745142,21.764706
1684926162.755174,21.764706
1684926162.765378,21.764706
1684926162.776195,21.764706
1684926162.784476,21.764706
1684926162.795213,21.176470
1684926162.805584,21.764706
1684926162.815176,21.764706
1684926162.824723,21.176470
1684926162.835169,21.764706
1684926162.845203,21.764706
1684926162.855177,21.176470
1684926162.864887,21.764706
1684926162.875172,21.764706
1684926162.885005,21.764706
1684926162.895169,21.764706
1684926162.905089,21.176470
1684926162.915205,21.176470
1684926162.925204,21.764706
1684926162.936224,21.764706
1684926162.945309,21.176470
1684926162.956261,21.764706
1684926162.965176,21.764706
1684926162.975210,21.764706
1684926162.977317,21.764706
1684926162.985110,21.764706
1684926162.995252,21.764706
1684926163.005129,21.176470
1684926163.015213,21.176470
1684926163.025142,21.176470
1684926163.035248,21.176470
1684926163.045264,20.588236
1684926163.055235,20.588236
1684926163.065088,20.588236
1684926163.075212,20.588236
1684926163.085150,20.588236
1684926163.095234,20.000000
1684926163.105155,20.588236
1684926163.115238,20.000000
1684926163.125279,20.588236
1684926163.135229,20.588236
1684926163.145232,20.588236
1684926163.155236,20.588236
1684926163.165243,20.588236
1684926163.175268,20.588236
1684926163.185129,20.588236
1684926163.195370,20.588236
1684926163.205134,20.000000
1684926163.215284,20.588236
1684926163.225117,20.000000
1684926163.235256,20.588236
1684926163.245300,20.588236
1684926163.255275,20.588236
1684926163.265089,20.588236
1684926163.275275,20.588236
1684926163.285112,20.588236
1684926163.295281,20.588236
1684926163.305116,20.000000
1684926163.315287,20.588236
1684926163.325189,20.588236
1684926163.335302,20.588236
1684926163.345296,20.000000
1684926163.355301,20.000000
1684926163.365241,20.588236
1684926163.375304,20.588236
1684926163.385146,20.588236
1684926163.395299,20.588236
1684926163.405331,20.588236
1684926163.415299,20.000000
1684926163.425134,20.588236
1684926163.435323,20.588236
1684926163.445327,20.588236
1684926163.455323,20.000000
1684926163.465209,20.588236
1684926163.475326,20.000000
1684926163.485160,20.588236
1684926163.495326,20.588236
1684926163.505134,20.588236
1684926163.515356,20.588236
1684926163.525129,20.000000
1684926163.535332,20.588236
1684926163.545345,20.588236
1684926163.555361,20.000000
1684926163.565178,20.588236
1684926163.575347,20.588236
1684926163.585122,20.588236
1684926163.595374,20.588236
1684926163.605117,20.000000
1684926163.615372,20.588236
1684926163.625220,20.588236
1684926163.635370,20.588236
1684926163.644414,20.588236
1684926163.655381,20.588236
1684926163.665183,20.588236
1684926163.675364,20.000000
1684926163.685143,20.588236
1684926163.695447,20.588236
1684926163.705124,20.588236
1684926163.716608,20.588236
1684926163.725187,20.588236
1684926163.735369,20.588236
1684926163.744386,20.588236
1684926163.755404,20.588236
1684926163.765138,20.588236
1684926163.775416,20.588236
1684926163.785176,20.000000
1684926163.795403,20.588236
1684926163.805180,20.588236
1684926163.815200,20.588236
1684926163.825293,20.588236
1684926163.835293,20.588236
1684926163.845186,20.588236
1684926163.855295,20.588236
1684926163.865209,20.000000
1684926163.875240,20.588236
1684926163.885185,20.588236
1684926163.895292,20.588236
1684926163.905183,20.000000
1684926163.915298,20.000000
1684926163.925183,20.588236
1684926163.935372,20.588236
1684926163.944414,20.588236
1684926163.955476,20.000000
1684926163.965183,20.588236
1684926163.975245,20.588236
1684926163.985169,20.588236
1684926163.995245,20.588236
1684926164.005252,20.588236
1684926164.015218,20.588236
1684926164.025200,20.588236
1684926164.035266,20.588236
1684926164.045211,20.000000
1684926164.055224,20.588236
1684926164.065248,20.588236
1684926164.075294,20.588236
1684926164.085453,20.588236
1684926164.097287,20.588236
1684926164.105492,20.588236
1684926164.115536,20.588236
1684926164.125537,20.588236
1684926164.135117,20.588236
1684926164.144453,20.588236
1684926164.155520,20.588236
1684926164.164525,20.588236
1684926164.175476,20.000000
1684926164.184485,20.588236
1684926164.195505,20.588236
1684926164.205495,20.588236
1684926164.215476,20.588236
1684926164.224488,20.588236
1684926164.235493,20.588236
1684926164.244486,20.588236
1684926164.255510,20.588236
1684926164.264496,20.588236
1684926164.275522,20.588236
1684926164.284494,20.000000
1684926164.295489,20.588236
1684926164.305593,20.588236
1684926164.315517,20.588236
1684926164.324523,20.588236
1684926164.335625,20.588236
1684926164.344499,20.588236
1684926164.355548,20.588236
1684926164.364571,20.000000
1684926164.375576,20.588236
1684926164.384564,20.588236
1684926164.395547,20.588236
1684926164.405524,20.588236
1684926164.415522,20.588236
1684926164.424520,20.588236
1684926164.435527,20.588236
1684926164.444549,20.588236
1684926164.455588,20.588236
1684926164.464545,20.588236
1684926164.475524,20.588236
1684926164.484690,20.588236
1684926164.494667,20.000000
1684926164.504841,20.588236
1684926164.515566,20.588236
1684926164.524948,20.588236
1684926164.535557,20.588236
1684926164.555423,20.588236
1684926164.556542,20.588236
1684926164.565175,20.588236
1684926164.575635,20.588236
1684926164.585213,20.588236
1684926164.595571,20.588236
1684926164.605132,20.588236
1684926164.615630,20.588236
1684926164.625173,20.000000
1684926164.635583,20.588236
1684926164.645587,20.588236
1684926164.655641,20.588236
1684926164.665275,20.000000
1684926164.675694,20.588236
1684926164.685245,20.588236
1684926164.695583,20.588236
1684926164.705189,20.588236
1684926164.715615,20.588236
1684926164.725136,20.588236
1684926164.735595,20.588236
1684926164.744591,20.000000
1684926164.755637,20.588236
1684926164.765216,20.588236
1684926164.775639,20.588236
1684926164.785120,20.588236
1684926164.794646,20.588236
1684926164.805309,20.588236
1684926164.815660,20.588236
1684926164.825301,21.176470
1684926164.834653,20.588236
1684926164.844634,20.588236
1684926164.855630,20.588236
1684926164.865217,20.588236
1684926164.874633,20.588236
1684926164.885173,20.588236
1684926164.895678,20.588236
1684926164.905175,21.176470
1684926164.915661,20.588236
1684926164.925195,20.588236
1684926164.935657,20.588236
1684926164.944665,20.588236
1684926164.954647,20.588236
1684926164.965214,20.588236
1684926164.975678,20.588236
1684926164.985223,20.588236
1684926164.986375,20.588236
1684926164.994640,20.588236
1684926165.005186,20.588236
1684926165.015681,20.588236
1684926165.025152,20.588236
1684926165.035651,20.588236
1684926165.044659,20.588236
1684926165.055830,20.000000
1684926165.065259,20.588236
1684926165.074653,20.588236
1684926165.085259,20.588236
1684926165.095692,20.588236
1684926165.105260,20.588236
1684926165.114763,20.588236
1684926165.125262,20.588236
1684926165.134696,20.588236
1684926165.145209,20.588236
1684926165.154681,20.588236
1684926165.165206,20.588236
1684926165.174707,20.588236
1684926165.185166,20.588236
1684926165.194696,20.588236
1684926165.205165,20.588236
1684926165.214730,20.588236
1684926165.225165,20.588236
1684926165.234724,20.588236
1684926165.244787,20.588236
1684926165.255741,20.588236
1684926165.265286,20.588236
1684926165.274724,20.588236
1684926165.285201,20.588236
1684926165.294734,20.588236
1684926165.305204,20.588236
1684926165.315728,20.588236
1684926165.325238,20.588236
1684926165.334823,20.588236
1684926165.344792,20.588236
1684926165.355719,20.588236
1684926165.365183,20.588236
1684926165.374752,20.588236
1684926165.385189,20.588236
1684926165.395775,20.588236
1684926165.405223,20.588236
1684926165.414749,20.588236
1684926165.425229,20.588236
1684926165.435772,20.588236
1684926165.444756,20.000000
1684926165.455768,20.588236
1684926165.465304,20.588236
1684926165.474792,20.588236
1684926165.485247,20.588236
1684926165.494750,20.588236
1684926165.505340,20.000000
1684926165.515796,20.000000
1684926165.524558,20.588236
1684926165.534672,20.588236
1684926165.544558,20.588236
1684926165.555558,20.588236
1684926165.564597,20.588236
1684926165.575618,20.588236
1684926165.584577,20.588236
1684926165.595576,20.588236
1684926165.604622,20.588236
1684926165.615727,20.588236
1684926165.624600,20.588236
1684926165.635882,20.000000
1684926165.645165,20.000000
1684926165.655163,20.000000
1684926165.665196,20.588236
1684926165.675163,20.588236
1684926165.685119,20.588236
1684926165.695156,20.588236
1684926165.705190,20.588236
1684926165.715292,20.588236
1684926165.724647,20.588236
1684926165.735390,20.588236
1684926165.745376,20.588236
1684926165.755480,20.588236
1684926165.764796,20.588236
1684926165.775604,20.588236
1684926165.784645,20.588236
1684926165.796715,20.000000
1684926165.804837,20.588236
1684926165.814832,20.000000
1684926165.824839,20.588236
1684926165.834840,20.588236
1684926165.844897,20.588236
1684926165.854943,20.588236
1684926165.864897,20.588236
1684926165.874858,20.588236
1684926165.884974,20.588236
1684926165.894864,20.588236
1684926165.904892,20.588236
1684926165.914965,20.588236
1684926165.924969,20.588236
1684926165.934853,20.588236
1684926165.944896,20.588236
1684926165.954909,20.588236
1684926165.964875,20.588236
1684926165.974874,20.588236
1684926165.984906,20.588236
1684926165.994972,20.588236
1684926166.004880,20.588236
1684926166.014879,20.588236
1684926166.024895,20.588236
1684926166.034897,20.588236
1684926166.044923,20.588236
1684926166.054876,20.588236
1684926166.064903,20.588236
1684926166.074907,20.588236
1684926166.084929,20.588236
1684926166.094906,20.588236
1684926166.104926,20.588236
1684926166.114923,20.588236
1684926166.124923,20.588236
1684926166.135178,20.588236
1684926166.144942,20.000000
1684926166.154938,20.588236
1684926166.164949,20.588236
1684926166.174967,20.000000
1684926166.185048,20.588236
1684926166.194908,20.588236
1684926166.205043,20.588236
1684926166.214924,20.588236
1684926166.225073,20.588236
1684926166.234949,20.588236
1684926166.244942,20.588236
1684926166.254935,20.588236
1684926166.265048,20.588236
1684926166.275954,20.588236
1684926166.285086,20.588236
1684926166.295971,20.588236
1684926166.305127,20.588236
1684926166.315967,20.588236
1684926166.325228,20.588236
1684926166.335956,20.588236
1684926166.344949,20.000000
1684926166.355968,20.588236
1684926166.365195,20.588236
1684926166.375961,20.588236
1684926166.385258,20.588236
1684926166.395972,20.588236
1684926166.405042,20.000000
1684926166.415989,20.588236
1684926166.425099,20.588236
1684926166.434971,21.176470
1684926166.445056,20.588236
1684926166.454989,20.588236
1684926166.465283,20.588236
1684926166.474995,20.588236
1684926166.485027,20.588236
1684926166.494988,20.588236
1684926166.504970,20.588236
1684926166.514983,20.588236
1684926166.525138,20.588236
1684926166.534975,20.588236
1684926166.545027,20.588236
1684926166.554985,20.588236
1684926166.565037,20.588236
1684926166.575018,20.588236
1684926166.585088,20.588236
1684926166.595026,20.588236
1684926166.605141,20.588236
1684926166.615007,20.588236
1684926166.625232,20.588236
1684926166.635028,20.588236
1684926166.645036,20.588236
1684926166.655051,20.588236
1684926166.665183,20.588236
1684926166.675025,20.588236
1684926166.685204,20.588236
1684926166.695027,20.588236
1684926166.705027,20.588236
1684926166.715074,20.588236
1684926166.725218,20.588236
1684926166.735051,20.588236
1684926166.745069,20.588236
1684926166.755043,20.588236
1684926166.765071,20.588236
1684926166.776071,20.588236
1684926166.785079,20.588236
1684926166.795056,20.588236
1684926166.805067,20.588236
1684926166.815065,20.588236
1684926166.825244,20.000000
1684926166.835138,20.588236
1684926166.845053,20.588236
1684926166.855080,20.588236
1684926166.865057,20.588236
1684926166.875057,20.588236
1684926166.885081,20.588236
1684926166.895055,20.588236
1684926166.905074,20.588236
1684926166.915063,20.588236
1684926166.925372,20.588236
1684926166.935098,20.588236
1684926166.945108,20.588236
1684926166.955101,20.588236
1684926166.965146,20.588236
1684926166.975202,20.588236
1684926166.985096,20.588236
1684926166.995083,20.588236
1684926167.005077,20.588236
1684926167.015127,20.588236
1684926167.024746,20.588236
1684926167.035139,20.588236
1684926167.045147,20.588236
1684926167.055133,20.588236
1684926167.065120,20.588236
1684926167.075179,20.588236
1684926167.085099,20.588236
1684926167.095121,20.588236
1684926167.105217,20.588236
1684926167.115309,20.588236
1684926167.125377,20.588236
1684926167.135780,20.588236
1684926167.145505,20.588236
1684926167.155495,20.588236
1684926167.164541,20.588236
1684926167.174606,20.588236
1684926167.185683,20.588236
1684926167.194754,20.000000
1684926167.204862,20.588236
1684926167.214861,20.588236
1684926167.224898,20.588236
1684926167.234960,20.588236
1684926167.245155,20.000000
1684926167.246566,20.000000
1684926167.255058,20.588236
1684926167.265141,20.588236
1684926167.275172,20.588236
1684926167.285288,20.588236
1684926167.295312,20.588236
1684926167.305331,20.588236
1684926167.314663,20.588236
1684926167.324545,21.176470
1684926167.334591,20.588236
1684926167.344665,20.588236
1684926167.354674,20.588236
1684926167.364729,20.588236
1684926167.374774,20.588236
1684926167.384881,20.588236
1684926167.394938,20.588236
1684926167.405007,20.588236
1684926167.415039,20.588236
1684926167.425126,20.588236
1684926167.435143,20.588236
1684926167.445336,20.588236
1684926167.455307,20.000000
1684926167.465403,20.588236
1684926167.475384,20.588236
1684926167.485489,20.588236
1684926167.495501,20.588236
1684926167.504504,20.588236
1684926167.515658,20.588236
1684926167.524664,20.588236
1684926167.534739,20.588236
1684926167.544805,20.588236
1684926167.554918,20.588236
1684926167.564942,20.588236
1684926167.574955,20.588236
1684926167.585040,20.588236
1684926167.595170,20.588236
1684926167.605213,20.000000
1684926167.615220,20.588236
1684926167.625212,20.588236
1684926167.635252,20.588236
1684926167.645231,20.588236
1684926167.655263,20.588236
1684926167.665293,20.588236
1684926167.675210,20.588236
1684926167.685242,20.588236
1684926167.695261,20.588236
1684926167.705256,20.588236
1684926167.715265,20.588236
1684926167.725251,20.588236
1684926167.735289,20.588236
1684926167.745264,20.588236
1684926167.756129,20.588236
1684926167.765253,20.588236
1684926167.775304,20.000000
1684926167.785284,20.588236
1684926167.795274,20.588236
1684926167.805289,20.588236
1684926167.814921,20.588236
1684926167.825259,20.588236
1684926167.835277,20.588236
1684926167.845297,20.588236
1684926167.854996,20.588236
1684926167.865297,20.588236
1684926167.875281,20.588236
1684926167.885338,20.000000
1684926167.895316,20.588236
1684926167.905293,20.588236
1684926167.915311,20.588236
1684926167.916616,20.588236
1684926167.925300,20.000000
1684926167.935439,20.588236
1684926167.945299,20.588236
1684926167.954868,20.588236
1684926167.965403,20.588236
1684926167.975385,20.588236
1684926167.985335,20.588236
1684926167.985312,20.588236
1684926167.995314,20.588236
1684926168.005313,20.588236
1684926168.015326,21.176470
1684926168.025319,20.588236
1684926168.035312,20.588236
1684926168.045321,21.176470
1684926168.055757,20.588236
1684926168.065330,20.588236
1684926168.075352,20.588236
1684926168.085322,20.588236
1684926168.095356,20.588236
1684926168.105344,20.588236
1684926168.116318,20.588236
1684926168.125339,20.588236
1684926168.135350,20.588236
1684926168.145356,20.588236
1684926168.155666,20.588236
1684926168.165338,20.588236
1684926168.175394,20.588236
1684926168.185347,20.588236
1684926168.195372,20.588236
1684926168.205375,20.588236
1684926168.215365,20.588236
1684926168.225371,20.588236
1684926168.235467,20.000000
1684926168.245426,20.588236
1684926168.255538,20.588236
1684926168.265375,20.588236
1684926168.275353,20.588236
1684926168.285366,20.588236
1684926168.295668,20.588236
1684926168.305397,20.588236
1684926168.315386,20.588236
1684926168.325369,20.588236
1684926168.335375,20.588236
1684926168.345387,20.588236
1684926168.355594,20.588236
1684926168.365388,20.588236
1684926168.375409,20.588236
1684926168.385390,20.588236
1684926168.395388,20.588236
1684926168.405391,20.588236
1684926168.415429,20.588236
1684926168.425417,20.588236
1684926168.435430,20.588236
1684926168.445453,21.176470
1684926168.455428,20.588236
1684926168.465442,20.588236
1684926168.475536,20.588236
1684926168.485389,20.588236
1684926168.495430,20.588236
1684926168.505435,20.588236
1684926168.515465,20.588236
1684926168.525503,20.588236
1684926168.535457,20.588236
1684926168.545459,20.588236
1684926168.555429,20.588236
1684926168.565415,20.588236
1684926168.575453,20.588236
1684926168.585446,20.588236
1684926168.595429,20.588236
1684926168.605449,20.588236
1684926168.615429,20.588236
1684926168.625431,20.588236
1684926168.635455,20.588236
1684926168.645453,21.176470
1684926168.655452,20.588236
1684926168.665450,20.588236
1684926168.675452,20.588236
1684926168.685451,20.588236
1684926168.695500,20.588236
1684926168.705455,20.588236
1684926168.715469,20.588236
1684926168.725498,20.588236
1684926168.735483,20.588236
1684926168.745485,20.588236
1684926168.754986,20.588236
1684926168.765477,21.176470
1684926168.775481,20.588236
1684926168.785501,20.588236
1684926168.795476,21.176470
1684926168.805485,20.588236
1684926168.815499,20.588236
1684926168.825479,20.588236
1684926168.835496,20.588236
1684926168.845481,20.588236
1684926168.855608,20.588236
1684926168.864693,20.588236
1684926168.875825,20.588236
1684926168.884691,20.588236
1684926168.895746,20.588236
1684926168.904814,20.588236
1684926168.914927,20.588236
1684926168.924958,20.588236
1684926168.935026,20.588236
1684926168.945058,20.588236
1684926168.954860,20.588236
1684926168.965186,20.000000
1684926168.975262,20.588236
1684926168.985280,20.588236
1684926168.995333,20.588236
1684926169.005393,20.588236
1684926169.015571,20.588236
1684926169.025551,20.588236
1684926169.035644,20.588236
1684926169.045669,20.588236
1684926169.055780,20.588236
1684926169.064772,20.588236
1684926169.074944,20.588236
1684926169.084902,20.588236
1684926169.095946,20.588236
1684926169.104977,20.588236
1684926169.115109,20.588236
1684926169.125122,20.588236
1684926169.135200,20.588236
1684926169.145328,20.588236
1684926169.155384,20.588236
1684926169.165381,20.588236
1684926169.175438,20.588236
1684926169.185572,20.588236
1684926169.195565,20.588236
1684926169.205581,20.588236
1684926169.215688,20.588236
1684926169.224747,20.588236
1684926169.235634,20.588236
1684926169.245571,20.588236
1684926169.255635,20.588236
1684926169.265636,20.588236
1684926169.275586,20.588236
1684926169.284599,20.588236
1684926169.295612,20.588236
1684926169.305609,20.588236
1684926169.315610,20.588236
1684926169.324622,20.588236
1684926169.335624,20.588236
1684926169.344700,20.588236
1684926169.355645,20.588236
1684926169.365615,20.588236
1684926169.375645,20.588236
1684926169.384598,20.588236
1684926169.395624,20.588236
1684926169.405610,20.588236
1684926169.415645,20.588236
1684926169.424612,20.588236
1684926169.435631,20.588236
1684926169.444659,20.588236
1684926169.455644,20.588236
1684926169.465276,20.588236
1684926169.475614,20.588236
1684926169.485646,20.000000
1684926169.495698,20.588236
1684926169.505715,20.588236
1684926169.515635,20.588236
1684926169.525637,20.588236
1684926169.535771,20.588236
1684926169.545701,20.588236
1684926169.555660,20.588236
1684926169.565686,20.588236
1684926169.575671,20.588236
1684926169.585690,20.588236
1684926169.595675,20.588236
1684926169.605683,20.588236
1684926169.615719,20.588236
1684926169.624683,20.588236
1684926169.635676,20.588236
1684926169.644681,20.588236
1684926169.655685,20.588236
1684926169.665091,20.588236
1684926169.674681,20.588236
1684926169.685701,20.588236
1684926169.694708,20.588236
1684926169.704682,21.176470
1684926169.715675,20.588236
1684926169.724679,20.588236
1684926169.735701,20.588236
1684926169.744712,20.588236
1684926169.755699,20.588236
1684926169.764751,20.588236
1684926169.775739,20.588236
1684926169.784753,20.588236
1684926169.795699,20.588236
1684926169.804682,20.588236
1684926169.815718,20.588236
1684926169.824704,20.588236
1684926169.835701,20.588236
1684926169.845743,20.588236
1684926169.855722,20.588236
1684926169.864907,20.588236
1684926169.874743,20.588236
1684926169.884711,20.588236
1684926169.895727,20.588236
1684926169.904723,20.588236
1684926169.915718,20.588236
1684926169.924735,20.588236
1684926169.934731,20.588236
1684926169.944750,20.588236
1684926169.955807,20.588236
1684926169.964743,20.588236
1684926169.974746,20.588236
1684926169.984742,20.588236
1684926169.995792,20.588236
1684926170.004745,20.588236
1684926170.014856,20.588236
1684926170.024834,20.588236
1684926170.035071,20.588236
1684926170.044766,20.588236
1684926170.054751,20.588236
1684926170.064746,20.588236
1684926170.074778,20.588236
1684926170.084749,20.588236
1684926170.095773,20.588236
1684926170.104765,21.176470
1684926170.114769,20.588236
1684926170.124823,20.588236
1684926170.134788,20.588236
1684926170.144779,20.588236
1684926170.154819,20.588236
1684926170.164765,20.588236
1684926170.174781,20.588236
1684926170.184823,20.588236
1684926170.194800,20.588236
1684926170.204775,20.588236
1684926170.214818,20.588236
1684926170.224825,20.588236
1684926170.234801,20.588236
1684926170.244789,20.588236
1684926170.254830,20.588236
1684926170.254810,20.588236
1684926170.264827,20.588236
1684926170.274821,20.588236
1684926170.284832,20.588236
1684926170.294816,20.588236
1684926170.304829,20.588236
1684926170.314819,20.588236
1684926170.325064,20.588236
1684926170.334824,20.588236
1684926170.344831,20.588236
1684926170.354988,20.588236
1684926170.364828,20.588236
1684926170.364892,20.588236
1684926170.375878,20.588236
1684926170.384827,20.588236
1684926170.395212,20.588236
1684926170.404860,20.588236
1684926170.415026,20.588236
1684926170.424851,20.588236
1684926170.434859,20.588236
1684926170.444851,20.588236
1684926170.454839,20.588236
1684926170.464916,20.588236
1684926170.475852,20.588236
1684926170.484863,20.588236
1684926170.494877,20.588236
1684926170.504847,20.588236
1684926170.514916,20.588236
1684926170.524978,20.588236
1684926170.535009,20.588236
1684926170.545096,20.588236
1684926170.555134,20.588236
1684926170.565189,20.588236
1684926170.575425,20.588236
1684926170.585356,20.588236
1684926170.595354,20.588236
1684926170.605429,20.588236
1684926170.615530,20.588236
1684926170.625523,20.588236
1684926170.635605,20.588236
1684926170.645668,20.588236
1684926170.655710,20.588236
1684926170.665080,20.588236
1684926170.674860,20.588236
1684926170.684944,20.588236
1684926170.695039,20.588236
1684926170.705030,20.588236
1684926170.715101,20.588236
1684926170.725218,20.588236
1684926170.735167,20.588236
1684926170.745264,20.588236
1684926170.755412,20.588236
1684926170.765487,20.588236
1684926170.776521,20.588236
1684926170.785547,20.588236
1684926170.795603,20.588236
1684926170.805649,20.588236
1684926170.815847,20.588236
1684926170.824840,20.588236
1684926170.835961,20.588236
1684926170.845033,20.588236
1684926170.855958,20.588236
1684926170.864943,20.588236
1684926170.875961,20.588236
1684926170.885078,20.588236
1684926170.895991,20.588236
1684926170.906063,21.176470
1684926170.916048,20.588236
1684926170.924969,20.588236
1684926170.935988,20.588236
1684926170.944987,20.588236
1684926170.944984,20.588236
1684926170.955990,20.588236
1684926170.965046,20.588236
1684926170.976845,20.588236
1684926170.984975,20.588236
1684926170.995992,20.588236
1684926171.005982,20.588236
1684926171.016006,20.000000
1684926171.024989,20.588236
1684926171.036008,20.588236
1684926171.045008,20.588236
1684926171.056012,20.588236
1684926171.065009,20.588236
1684926171.076014,20.588236
1684926171.084989,20.588236
1684926171.096010,20.588236
1684926171.106025,20.588236
1684926171.116073,20.588236
1684926171.125047,20.588236
1684926171.136089,20.588236
1684926171.145032,20.000000
1684926171.156035,20.588236
1684926171.165020,20.588236
1684926171.176069,20.588236
1684926171.176185,20.588236
1684926171.185050,20.588236
1684926171.196037,20.588236
1684926171.206049,21.176470
1684926171.216077,20.588236
1684926171.225055,20.588236
1684926171.236089,20.588236
1684926171.246077,21.176470
1684926171.256056,20.588236
1684926171.266027,20.588236
1684926171.276079,20.588236
1684926171.285036,20.588236
1684926171.295038,20.588236
1684926171.305034,20.588236
1684926171.305035,20.588236
1684926171.315047,20.588236
1684926171.325048,20.588236
1684926171.335072,20.588236
1684926171.337158,20.588236
1684926171.345055,20.588236
1684926171.355045,20.588236
1684926171.365075,20.588236
1684926171.375074,20.588236
1684926171.385055,20.588236
1684926171.395055,20.588236
1684926171.405130,20.588236
1684926171.415132,20.588236
1684926171.425123,20.588236
1684926171.435082,20.588236
1684926171.445076,20.000000
1684926171.455135,20.588236
1684926171.465135,20.588236
1684926171.475085,20.588236
1684926171.475127,20.588236
1684926171.485094,20.588236
1684926171.495113,20.588236
1684926171.505073,20.588236
1684926171.515095,20.588236
1684926171.525095,20.588236
1684926171.535098,20.588236
1684926171.545154,20.588236
1684926171.555280,20.588236
1684926171.565073,20.588236
1684926171.575070,20.588236
1684926171.585079,20.588236
1684926171.595057,20.588236
1684926171.605057,20.588236
1684926171.614914,20.588236
1684926171.625052,20.588236
1684926171.635060,20.588236
1684926171.645082,20.588236
1684926171.655068,20.588236
1684926171.665033,20.588236
1684926171.675155,20.588236
1684926171.685055,20.588236
1684926171.695109,20.588236
1684926171.705099,20.588236
1684926171.714980,20.588236
1684926171.725138,20.588236
1684926171.735167,20.000000
1684926171.745292,20.588236
1684926171.755229,20.588236
1684926171.765161,20.000000
1684926171.776215,20.000000
1684926171.785144,20.588236
1684926171.795153,20.000000
1684926171.805193,20.588236
1684926171.815279,20.588236
1684926171.825161,20.588236
1684926171.835040,20.588236
1684926171.845049,20.588236
1684926171.855098,20.588236
1684926171.865029,20.588236
1684926171.875028,20.588236
1684926171.885057,20.588236
1684926171.895028,20.588236
1684926171.905034,20.588236
1684926171.915968,20.588236
1684926171.924998,20.588236
1684926171.935028,21.176470
1684926171.945087,20.588236
1684926171.956048,21.176470
1684926171.964995,20.588236
1684926171.975025,20.000000
1684926171.985022,20.588236
1684926171.995045,20.588236
1684926172.005038,20.588236
1684926172.015958,20.588236
1684926172.025082,20.588236
1684926172.035172,20.588236
1684926172.045127,20.588236
1684926172.055267,20.588236
1684926172.065150,20.588236
1684926172.075177,20.000000
1684926172.085164,20.588236
1684926172.095232,20.588236
1684926172.096182,20.588236
1684926172.105242,20.588236
1684926172.115871,20.588236
1684926172.125021,20.588236
1684926172.135031,20.588236
1684926172.144982,20.588236
1684926172.154986,21.176470
1684926172.164977,20.588236
1684926172.174967,20.588236
1684926172.184983,20.588236
1684926172.194978,20.588236
1684926172.204982,20.588236
1684926172.215860,20.588236
1684926172.224983,20.588236
1684926172.235255,20.588236
1684926172.245003,20.588236
1684926172.254986,20.588236
1684926172.265295,20.588236
1684926172.275262,20.588236
1684926172.285192,20.588236
1684926172.295268,20.588236
1684926172.305302,20.588236
1684926172.315366,20.588236
1684926172.325383,20.588236
1684926172.335483,20.000000
1684926172.345501,20.588236
1684926172.355704,20.588236
1684926172.365688,20.588236
1684926172.375669,20.588236
1684926172.384741,20.588236
1684926172.395812,20.588236
1684926172.404844,20.588236
1684926172.414941,20.588236
1684926172.424997,20.588236
1684926172.425286,20.588236
1684926172.435079,20.588236
1684926172.445099,21.176470
1684926172.455176,20.588236
1684926172.465234,20.588236
1684926172.475275,20.588236
1684926172.485346,20.588236
1684926172.495616,20.588236
1684926172.505428,20.588236
1684926172.515511,20.588236
1684926172.525610,20.588236
1684926172.535976,20.588236
1684926172.544925,20.588236
1684926172.556003,20.588236
1684926172.564910,20.588236
1684926172.575944,20.588236
1684926172.585028,20.588236
1684926172.595989,20.588236
1684926172.605990,20.588236
1684926172.615905,20.588236
1684926172.625008,20.588236
1684926172.635141,20.588236
1684926172.645077,20.588236
1684926172.656092,20.588236
1684926172.665087,20.588236
1684926172.675114,20.588236
1684926172.685139,20.588236
1684926172.695917,20.588236
1684926172.705892,20.588236
1684926172.715798,20.588236
1684926172.724908,20.588236
1684926172.735905,20.000000
1684926172.745862,20.588236
1684926172.755887,20.588236
1684926172.765866,20.588236
1684926172.775888,20.588236
1684926172.785881,20.588236
1684926172.795893,20.000000
1684926172.805898,20.588236
1684926172.815722,20.588236
1684926172.825890,20.588236
1684926172.835864,20.588236
1684926172.844940,20.588236
1684926172.855969,20.588236
1684926172.864961,20.588236
1684926172.875964,20.588236
1684926172.884956,20.588236
1684926172.895973,20.588236
1684926172.905974,20.588236
1684926172.915891,20.588236
1684926172.917964,20.588236
1684926172.925011,20.588236
1684926172.935121,20.588236
1684926172.945035,20.588236
1684926172.955085,20.588236
1684926172.965079,20.588236
1684926172.975079,20.588236
1684926172.984804,20.588236
1684926172.994919,20.588236
1684926173.004811,20.588236
1684926173.015678,20.588236
1684926173.024805,20.588236
1684926173.035833,20.588236
1684926173.044814,20.588236
1684926173.055864,20.588236
1684926173.064891,20.588236
1684926173.075815,20.588236
1684926173.084802,20.588236
1684926173.095804,20.588236
1684926173.104782,20.588236
1684926173.115714,20.588236
1684926173.125806,20.588236
1684926173.135865,20.588236
1684926173.144831,20.588236
1684926173.155869,20.000000
1684926173.164965,20.588236
1684926173.174888,20.588236
1684926173.184884,20.588236
1684926173.194908,20.588236
1684926173.204910,20.588236
1684926173.215865,20.588236
1684926173.224957,20.588236
1684926173.236012,20.588236
1684926173.244991,20.588236
1684926173.255775,20.588236
1684926173.265813,20.588236
1684926173.275807,20.588236
1684926173.285977,20.588236
1684926173.295793,20.588236
1684926173.305835,20.588236
1684926173.315627,21.176470
1684926173.324746,20.588236
1684926173.335768,20.588236
1684926173.345790,20.588236
1684926173.355767,20.588236
1684926173.364748,21.176470
1684926173.375783,20.588236
1684926173.385769,20.588236
1684926173.395789,20.588236
1684926173.404954,20.588236
1684926173.415665,20.588236
1684926173.424836,20.588236
1684926173.435875,21.176470
1684926173.445821,20.588236
1684926173.455898,20.588236
1684926173.464849,20.588236
1684926173.475873,20.588236
1684926173.484849,20.588236
1684926173.495914,20.588236
1684926173.504906,20.588236
1684926173.515854,20.588236
1684926173.524981,20.588236
1684926173.534944,20.588236
1684926173.545727,20.588236
1684926173.555714,20.588236
1684926173.565753,20.588236
1684926173.575708,20.588236
1684926173.585705,20.588236
1684926173.595726,20.588236
1684926173.605707,20.588236
1684926173.615727,20.588236
1684926173.624729,20.588236
1684926173.635761,20.588236
1684926173.645758,20.000000
1684926173.655727,20.588236
1684926173.665798,20.588236
1684926173.675951,20.588236
1684926173.684833,20.588236
1684926173.695740,20.588236
1684926173.705711,20.588236
1684926173.715606,20.588236
1684926173.724746,20.588236
1684926173.735774,20.588236
1684926173.745811,20.588236
1684926173.755871,20.588236
1684926173.764829,20.588236
1684926173.775853,20.588236
1684926173.784836,20.588236
1684926173.795900,20.588236
1684926173.805910,20.588236
1684926173.815819,20.588236
1684926173.825714,20.588236
1684926173.835718,21.176470
1684926173.845716,20.588236
1684926173.855716,20.588236
1684926173.865171,20.588236
1684926173.875357,20.588236
1684926173.885248,20.588236
1684926173.895200,20.588236
1684926173.905186,20.588236
1684926173.915286,20.588236
1684926173.925250,20.588236
1684926173.935389,20.588236
1684926173.945256,20.588236
1684926173.955278,21.176470
1684926173.965327,20.588236
1684926173.975286,20.588236
1684926173.985343,20.588236
1684926173.995276,20.588236
1684926174.005324,20.588236
1684926174.015310,21.176470
1684926174.025294,21.176470
1684926174.035276,20.588236
1684926174.045342,20.588236
1684926174.055311,20.588236
1684926174.065319,20.588236
1684926174.075388,20.588236
1684926174.085475,20.588236
1684926174.095530,20.588236
1684926174.105575,20.588236
1684926174.115676,20.588236
1684926174.125626,20.588236
1684926174.135384,20.588236
1684926174.145635,20.588236
1684926174.155644,20.588236
1684926174.165634,20.588236
1684926174.175640,20.588236
1684926174.185639,20.588236
1684926174.195630,20.588236
1684926174.205631,20.588236
1684926174.215474,21.176470
1684926174.225630,20.588236
1684926174.235919,20.588236
1684926174.245609,20.588236
1684926174.255616,20.588236
1684926174.265712,20.588236
1684926174.275773,20.588236
1684926174.285640,20.588236
1684926174.295647,20.588236
1684926174.305688,20.588236
1684926174.315676,20.588236
1684926174.325734,20.588236
1684926174.335653,20.588236
1684926174.345739,20.588236
1684926174.355812,20.588236
1684926174.365758,20.588236
1684926174.375767,20.588236
1684926174.385787,20.588236
1684926174.395633,20.588236
1684926174.405632,20.588236
1684926174.416118,20.588236
1684926174.425638,20.588236
1684926174.435728,20.588236
1684926174.445755,20.588236
1684926174.455691,20.588236
1684926174.465686,20.588236
1684926174.475685,20.588236
1684926174.485788,20.588236
1684926174.495804,20.588236
1684926174.505786,20.588236
1684926174.515833,20.588236
1684926174.524802,20.588236
1684926174.535835,20.588236
1684926174.545807,20.588236
1684926174.555880,20.588236
1684926174.565801,20.588236
1684926174.575808,20.588236
1684926174.585813,21.176470
1684926174.595833,21.176470
1684926174.604824,20.588236
1684926174.615832,20.588236
1684926174.625823,21.176470
1684926174.635852,20.588236
1684926174.645854,21.176470
1684926174.655842,20.588236
1684926174.666122,20.588236
1684926174.666833,20.588236
1684926174.675925,20.588236
1684926174.684892,21.176470
1684926174.695891,20.588236
1684926174.704932,20.588236
1684926174.715892,21.176470
1684926174.724895,20.588236
1684926174.735904,20.588236
1684926174.745916,20.588236
1684926174.755966,20.588236
1684926174.765894,20.588236
1684926174.776104,20.588236
1684926174.784943,20.588236
1684926174.795908,20.588236
1684926174.804901,20.588236
1684926174.815898,20.588236
1684926174.825928,20.588236
1684926174.835929,20.588236
1684926174.845932,20.588236
1684926174.855919,20.588236
1684926174.864954,20.588236
1684926174.875958,20.588236
1684926174.884929,20.588236
1684926174.895995,20.588236
1684926174.904932,20.588236
1684926174.915977,20.588236
1684926174.925981,20.588236
1684926174.935980,20.588236
1684926174.945962,20.588236
1684926174.955976,20.588236
1684926174.964988,20.588236
1684926174.976003,20.588236
1684926174.984977,20.588236
1684926174.996011,20.588236
1684926175.004985,20.588236
1684926175.016018,20.588236
1684926175.025028,20.588236
1684926175.036059,20.588236
1684926175.045131,21.176470
1684926175.055126,20.588236
1684926175.065251,20.588236
1684926175.075271,20.588236
1684926175.085354,20.588236
1684926175.095402,20.588236
1684926175.105461,20.588236
1684926175.105522,20.588236
1684926175.115588,20.588236
1684926175.125538,20.588236
1684926175.135603,20.588236
1684926175.145638,20.588236
1684926175.147316,20.588236
1684926175.155684,20.588236
1684926175.165753,20.588236
1684926175.175907,20.588236
1684926175.184935,20.588236
1684926175.195942,20.588236
1684926175.205072,20.588236
1684926175.215252,20.588236
1684926175.225274,20.588236
1684926175.235396,20.588236
1684926175.245420,20.588236
1684926175.255456,20.588236
1684926175.265563,20.588236
1684926175.275622,20.588236
1684926175.285603,20.588236
1684926175.295716,20.588236
1684926175.305754,20.588236
1684926175.315889,20.588236
1684926175.324859,20.588236
1684926175.335877,20.588236
1684926175.346010,20.588236
1684926175.356104,20.588236
1684926175.365130,20.588236
1684926175.376127,20.588236
1684926175.385104,20.588236
1684926175.396147,20.588236
1684926175.405212,20.588236
1684926175.416148,20.588236
1684926175.425175,20.588236
1684926175.435195,20.588236
1684926175.445349,20.588236
1684926175.456219,20.588236
1684926175.465196,20.588236
1684926175.476061,20.588236
1684926175.485155,20.588236
1684926175.496061,21.176470
1684926175.505194,21.176470
1684926175.516076,20.588236
1684926175.525191,20.588236
1684926175.536023,20.588236
1684926175.545190,20.588236
1684926175.556025,20.588236
1684926175.565294,20.588236
1684926175.575994,20.588236
1684926175.585199,20.588236
1684926175.596021,20.588236
1684926175.605218,20.588236
1684926175.616044,20.588236
1684926175.625292,20.588236
1684926175.635970,20.588236
1684926175.645236,20.588236
1684926175.656000,20.000000
1684926175.665287,20.588236
1684926175.675881,20.588236
1684926175.686271,20.588236
1684926175.696024,20.588236
1684926175.705397,20.588236
1684926175.716056,20.588236
1684926175.725309,20.588236
1684926175.735876,20.588236
1684926175.745281,20.588236
1684926175.756087,20.588236
1684926175.765289,20.588236
1684926175.776055,20.588236
1684926175.785320,20.588236
1684926175.796049,20.588236
1684926175.805313,20.588236
1684926175.815750,20.588236
1684926175.825304,20.588236
1684926175.835702,20.588236
1684926175.845323,20.588236
1684926175.855742,20.588236
1684926175.866318,20.588236
1684926175.875735,20.588236
1684926175.886328,20.588236
1684926175.895661,20.588236
1684926175.906339,20.588236
1684926175.916621,20.588236
1684926175.926399,20.588236
1684926175.935593,20.588236
1684926175.946345,20.588236
1684926175.955593,20.588236
1684926175.965322,20.588236
1684926175.975567,20.588236
1684926175.985305,20.588236
1684926175.995549,20.588236
1684926176.005366,20.588236
1684926176.015533,20.588236
1684926176.025365,20.588236
1684926176.035530,20.588236
1684926176.045392,20.588236
1684926176.055526,20.588236
1684926176.065421,20.588236
1684926176.075453,20.000000
1684926176.085569,20.588236
1684926176.095428,20.588236
1684926176.105446,20.588236
1684926176.115407,20.588236
1684926176.125288,20.588236
1684926176.135386,20.588236
1684926176.145295,20.588236
1684926176.155388,20.588236
1684926176.165287,20.588236
1684926176.175416,20.588236
1684926176.185226,20.588236
1684926176.195345,20.588236
1684926176.205350,20.588236
1684926176.215367,20.588236
1684926176.225292,20.588236
1684926176.235510,20.588236
1684926176.245255,20.588236
1684926176.256334,20.588236
1684926176.265303,20.588236
1684926176.276350,20.588236
1684926176.285305,20.588236
1684926176.296306,20.588236
1684926176.305457,20.588236
1684926176.316242,20.588236
1684926176.325379,20.588236
1684926176.335373,20.588236
1684926176.345370,20.588236
1684926176.355393,20.588236
1684926176.365424,20.588236
1684926176.375547,20.588236
1684926176.385475,20.588236
1684926176.395434,20.588236
1684926176.405224,20.588236
1684926176.416156,20.588236
1684926176.425202,20.588236
1684926176.435211,20.588236
1684926176.445228,20.588236
1684926176.456230,20.588236
1684926176.465235,20.588236
1684926176.475206,20.588236
1684926176.485185,20.588236
1684926176.496258,20.588236
1684926176.505224,20.588236
1684926176.515342,20.588236
1684926176.525174,20.588236
1684926176.535437,20.588236
1684926176.545190,20.588236
1684926176.555561,20.588236
1684926176.565206,20.588236
1684926176.575212,20.588236
1684926176.585401,20.588236
1684926176.595212,20.000000
1684926176.605305,20.588236
1684926176.615194,20.588236
1684926176.625331,20.588236
1684926176.635339,20.588236
1684926176.645340,20.588236
1684926176.655358,20.588236
1684926176.665373,20.588236
1684926176.675387,20.588236
1684926176.685410,20.588236
1684926176.695410,20.588236
1684926176.705496,20.588236
1684926176.715638,20.588236
1684926176.725567,20.588236
1684926176.735663,20.588236
1684926176.745709,20.000000
1684926176.755278,20.588236
1684926176.765229,20.588236
1684926176.776270,20.588236
1684926176.785306,20.588236
1684926176.795259,20.588236
1684926176.805340,21.176470
1684926176.815729,20.588236
1684926176.825237,20.588236
1684926176.835943,21.176470
1684926176.845354,20.588236
1684926176.855347,20.588236
1684926176.865337,20.588236
1684926176.875285,21.176470
1684926176.885517,20.588236
1684926176.895667,20.588236
1684926176.905610,20.588236
1684926176.915706,20.588236
1684926176.925717,20.588236
1684926176.936088,20.588236
1684926176.945821,20.588236
1684926176.955919,20.588236
1684926176.965925,20.588236
1684926176.976110,20.588236
1684926176.985164,20.588236
1684926176.996171,20.588236
1684926177.005091,20.588236
1684926177.015981,20.588236
1684926177.025091,20.588236
1684926177.036088,20.588236
1684926177.046131,20.588236
1684926177.056116,20.588236
1684926177.065089,20.588236
1684926177.076107,20.588236
1684926177.086062,20.000000
1684926177.096074,20.588236
1684926177.105125,20.588236
1684926177.115983,20.588236
1684926177.125094,20.588236
1684926177.136320,20.588236
1684926177.146126,20.588236
1684926177.156170,20.588236
1684926177.165156,20.588236
1684926177.176218,20.588236
1684926177.185195,21.176470
1684926177.196224,20.588236
1684926177.205196,20.588236
1684926177.216112,20.588236
1684926177.225306,20.588236
1684926177.236355,20.588236
1684926177.246310,20.588236
1684926177.256091,20.588236
1684926177.266045,20.000000
1684926177.276067,21.176470
1684926177.286086,20.588236
1684926177.296048,20.588236
1684926177.306171,20.588236
1684926177.316222,20.588236
1684926177.326262,20.588236
1684926177.336370,20.588236
1684926177.346421,20.588236
1684926177.356364,20.588236
1684926177.366362,20.588236
1684926177.376397,20.588236
1684926177.386484,20.588236
1684926177.396473,20.588236
1684926177.406422,20.588236
1684926177.416383,20.588236
1684926177.426424,20.588236
1684926177.436402,20.588236
1684926177.446631,20.588236
1684926177.456409,20.588236
1684926177.466420,20.588236
1684926177.476399,20.588236
1684926177.486424,20.588236
1684926177.496427,20.588236
1684926177.506473,20.588236
1684926177.516383,20.588236
1684926177.526425,20.588236
1684926177.536403,20.588236
1684926177.546420,20.588236
1684926177.556405,20.588236
1684926177.565467,20.588236
1684926177.576414,20.588236
1684926177.586425,20.588236
1684926177.596454,20.588236
1684926177.606445,20.588236
1684926177.615861,20.588236
1684926177.625606,20.588236
1684926177.636086,20.588236
1684926177.645861,20.588236
1684926177.655537,20.588236
1684926177.665440,20.588236
1684926177.676430,20.588236
1684926177.685448,20.588236
1684926177.695510,20.588236
1684926177.705451,20.588236
1684926177.716136,20.588236
1684926177.725443,20.588236
1684926177.725439,20.588236
1684926177.736112,20.588236
1684926177.745703,20.588236
1684926177.755577,20.588236
1684926177.765474,20.588236
1684926177.776479,20.588236
1684926177.785455,20.588236
1684926177.795474,20.588236
1684926177.805533,20.000000
1684926177.815524,20.588236
1684926177.825974,20.588236
1684926177.836025,20.588236
1684926177.845598,20.588236
1684926177.856007,20.588236
1684926177.865991,20.588236
1684926177.875949,20.588236
1684926177.885956,20.588236
1684926177.895953,20.588236
1684926177.905952,20.588236
1684926177.915798,20.588236
1684926177.925932,20.588236
1684926177.935971,20.588236
1684926177.945482,20.588236
1684926177.955992,20.588236
1684926177.965948,20.588236
1684926177.975991,20.588236
1684926177.985991,20.588236
1684926177.996003,20.588236
1684926178.006079,20.588236
1684926178.015894,20.588236
1684926178.026055,20.588236
1684926178.036039,21.176470
1684926178.045498,20.588236
1684926178.057290,20.588236
1684926178.065495,20.588236
1684926178.076020,20.588236
1684926178.085992,20.588236
1684926178.096073,20.588236
1684926178.105518,21.176470
1684926178.115524,20.588236
1684926178.126317,20.588236
1684926178.135309,20.588236
1684926178.145536,20.588236
1684926178.155540,20.588236
1684926178.165514,20.588236
1684926178.175547,20.588236
1684926178.185582,20.588236
1684926178.195684,20.588236
1684926178.205758,20.588236
1684926178.215742,20.588236
1684926178.225871,20.588236
1684926178.235873,20.588236
1684926178.245567,20.588236
1684926178.255889,20.588236
1684926178.265933,20.588236
1684926178.275919,20.588236
1684926178.285936,20.588236
1684926178.295949,20.588236
1684926178.305964,20.588236
1684926178.315852,20.588236
1684926178.325997,20.588236
1684926178.335999,20.588236
1684926178.346234,20.588236
1684926178.356061,20.588236
1684926178.366093,20.588236
1684926178.376112,20.588236
1684926178.386104,20.588236
1684926178.395898,20.588236
1684926178.405858,20.588236
1684926178.415707,20.588236
1684926178.425985,20.588236
1684926178.435901,20.588236
1684926178.446013,20.000000
1684926178.455884,20.588236
1684926178.465832,20.588236
1684926178.475838,20.588236
1684926178.485860,21.176470
1684926178.495853,20.588236
1684926178.505866,20.588236
1684926178.515722,20.588236
1684926178.525829,20.588236
1684926178.535862,20.588236
1684926178.546030,20.588236
1684926178.555882,20.588236
1684926178.565943,21.176470
1684926178.575925,20.588236
1684926178.585980,20.588236
1684926178.595923,20.588236
1684926178.605963,20.588236
1684926178.615861,20.588236
1684926178.626008,20.588236
1684926178.636007,20.588236
1684926178.646041,20.588236
1684926178.656089,20.588236
1684926178.666029,20.588236
1684926178.676088,20.588236
1684926178.685831,20.588236
1684926178.695801,20.588236
1684926178.705821,20.588236
1684926178.716676,20.588236
1684926178.725833,20.588236
1684926178.735818,20.588236
1684926178.745906,20.588236
1684926178.755806,20.588236
1684926178.765858,20.588236
1684926178.777149,20.588236
1684926178.785811,20.588236
1684926178.795896,20.588236
1684926178.805852,20.588236
1684926178.816685,20.588236
1684926178.825798,20.588236
1684926178.835815,20.588236
1684926178.845904,20.588236
1684926178.855864,21.176470
1684926178.865849,20.588236
1684926178.875873,21.176470
1684926178.885939,20.588236
1684926178.895930,20.588236
1684926178.905950,20.588236
1684926178.915828,20.588236
1684926178.925944,20.588236
1684926178.935968,20.588236
1684926178.945976,20.588236
1684926178.955988,20.588236
1684926178.965773,20.588236
1684926178.975760,21.176470
1684926178.985761,20.588236
1684926178.995909,21.176470
1684926179.005756,20.588236
1684926179.015715,20.588236
1684926179.025832,20.588236
1684926179.035761,20.588236
1684926179.045846,20.588236
1684926179.055792,20.588236
1684926179.065721,20.588236
1684926179.075723,20.588236
1684926179.075757,20.588236
1684926179.085780,21.176470
1684926179.095778,20.588236
1684926179.105847,20.588236
1684926179.116023,20.588236
1684926179.125807,20.588236
1684926179.135820,20.588236
1684926179.145829,20.588236
1684926179.155868,20.588236
1684926179.165850,20.588236
1684926179.175928,20.588236
1684926179.185861,20.588236
1684926179.195887,20.588236
1684926179.205922,20.588236
1684926179.215820,20.588236
1684926179.225985,20.588236
1684926179.235946,20.588236
1684926179.245954,20.588236
1684926179.255784,20.588236
1684926179.265766,20.588236
1684926179.275822,20.588236
1684926179.285800,20.588236
1684926179.295782,21.176470
1684926179.305782,20.588236
1684926179.315791,20.588236
1684926179.325818,20.588236
1684926179.335702,20.588236
1684926179.345847,20.588236
1684926179.355840,20.588236
1684926179.365823,20.588236
1684926179.375810,20.588236
1684926179.385796,20.588236
1684926179.395831,20.588236
1684926179.405812,20.588236
1684926179.415872,20.588236
1684926179.425801,20.588236
1684926179.435953,20.588236
1684926179.445791,20.588236
1684926179.455911,20.588236
1684926179.465909,20.588236
1684926179.475830,20.588236
1684926179.485956,20.588236
1684926179.495931,20.588236
1684926179.505953,20.588236
1684926179.516067,20.588236
1684926179.525810,20.588236
1684926179.535687,20.588236
1684926179.545829,20.588236
1684926179.555833,20.588236
1684926179.565829,20.588236
1684926179.575853,20.588236
1684926179.575895,20.588236
1684926179.585901,20.588236
1684926179.595873,20.588236
1684926179.605722,20.588236
1684926179.615521,20.588236
1684926179.625640,20.588236
1684926179.635626,20.588236
1684926179.645623,21.176470
1684926179.655718,20.588236
1684926179.665652,20.588236
1684926179.675626,20.588236
1684926179.685663,20.588236
1684926179.695704,20.588236
1684926179.705712,20.588236
1684926179.715724,20.588236
1684926179.725801,20.588236
1684926179.735713,20.588236
1684926179.745743,20.588236
1684926179.755767,20.588236
1684926179.765769,20.588236
1684926179.776786,20.588236
1684926179.785810,20.588236
1684926179.795907,20.588236
1684926179.805834,20.588236
1684926179.815752,20.588236
1684926179.815750,20.588236
1684926179.825748,20.588236
1684926179.835886,20.588236
1684926179.845917,20.588236
1684926179.855969,20.588236
1684926179.865956,20.588236
1684926179.875916,20.588236
1684926179.885945,20.588236
1684926179.896978,20.588236
1684926179.906933,20.588236
1684926179.916934,20.588236
1684926179.926940,20.588236
1684926179.936949,20.588236
1684926179.946940,20.588236
1684926179.956977,20.588236
1684926179.966960,20.588236
1684926179.977023,20.588236
1684926179.986967,21.176470
1684926179.997447,20.588236
1684926180.006984,20.588236
1684926180.016955,20.588236
1684926180.027033,20.588236
1684926180.037015,20.588236
1684926180.046987,20.588236
1684926180.057027,21.176470
1684926180.067011,20.588236
1684926180.077024,21.176470
1684926180.087006,20.588236
1684926180.097022,20.588236
1684926180.107006,20.588236
1684926180.117052,20.588236
1684926180.126519,20.588236
1684926180.136017,20.588236
1684926180.146011,20.588236
1684926180.156005,20.588236
1684926180.166009,20.588236
1684926180.176026,20.588236
1684926180.186024,20.588236
1684926180.196024,20.588236
1684926180.206193,20.588236
1684926180.216117,20.588236
1684926180.226029,20.588236
1684926180.236047,20.588236
1684926180.246127,21.176470
1684926180.256096,20.588236
1684926180.266082,20.588236
1684926180.276089,21.176470
1684926180.286142,20.588236
1684926180.296091,20.588236
1684926180.306101,20.588236
1684926180.316113,20.588236
1684926180.326120,21.176470
1684926180.336110,20.588236
1684926180.346085,20.588236
1684926180.356133,20.588236
1684926180.366083,20.588236
1684926180.376147,21.176470
1684926180.386087,20.588236
1684926180.396117,21.176470
1684926180.406117,20.588236
1684926180.416108,20.588236
1684926180.426125,20.588236
1684926180.436126,20.588236
1684926180.446131,20.588236
1684926180.456133,20.588236
1684926180.466154,20.588236
1684926180.476134,20.588236
1684926180.486213,20.588236
1684926180.496194,20.588236
1684926180.506233,20.588236
1684926180.516208,20.588236
1684926180.526221,20.588236
1684926180.529170,20.588236
1684926180.536220,20.588236
1684926180.546234,20.588236
1684926180.556215,20.588236
1684926180.566254,20.588236
1684926180.576238,20.588236
1684926180.586254,20.000000
1684926180.596279,20.588236
1684926180.606345,20.588236
1684926180.616236,20.588236
1684926180.626267,20.588236
1684926180.636308,20.588236
1684926180.646286,20.588236
1684926180.656288,20.588236
1684926180.666307,20.588236
1684926180.666490,20.588236
1684926180.676363,20.588236
1684926180.686480,20.588236
1684926180.696264,20.588236
1684926180.706264,20.588236
1684926180.716262,20.588236
1684926180.726285,20.588236
1684926180.736333,20.588236
1684926180.746304,20.588236
1684926180.756289,20.588236
1684926180.766321,20.588236
1684926180.776287,20.588236
1684926180.786307,20.588236
1684926180.796312,20.588236
1684926180.806304,20.588236
1684926180.816346,20.588236
1684926180.826303,20.588236
1684926180.836347,20.588236
1684926180.846320,20.588236
1684926180.856330,20.588236
1684926180.866331,20.588236
1684926180.876347,20.588236
1684926180.886325,20.588236
1684926180.896345,20.588236
1684926180.906556,20.588236
1684926180.916488,20.588236
1684926180.927238,20.588236
1684926180.927279,20.588236
1684926180.936575,20.588236
1684926180.946572,20.588236
1684926180.956599,20.588236
1684926180.966538,20.588236
1684926180.976558,20.588236
1684926180.986542,20.588236
1684926180.996561,20.588236
1684926181.006554,20.588236
1684926181.016576,20.588236
1684926181.026562,20.588236
1684926181.036576,20.588236
1684926181.046576,20.588236
1684926181.056575,21.176470
1684926181.065597,20.588236
1684926181.076592,20.588236
1684926181.085626,20.588236
1684926181.096602,20.588236
1684926181.106701,20.588236
1684926181.116677,20.588236
1684926181.126601,20.588236
1684926181.136616,20.588236
1684926181.146621,20.588236
1684926181.156635,20.588236
1684926181.165624,21.176470
1684926181.176612,20.588236
1684926181.186620,21.176470
1684926181.196659,20.000000
1684926181.205798,20.588236
1684926181.216685,20.588236
1684926181.225638,20.588236
1684926181.236636,20.588236
1684926181.246358,20.588236
1684926181.256348,20.588236
1684926181.266331,20.588236
1684926181.276359,20.000000
1684926181.286356,20.000000
1684926181.296437,20.588236
1684926181.306513,20.588236
1684926181.316568,20.588236
1684926181.325684,20.588236
1684926181.336685,20.588236
1684926181.345721,20.588236
1684926181.356771,20.588236
1684926181.365826,20.588236
1684926181.375924,20.588236
1684926181.386021,20.588236
1684926181.396022,20.588236
1684926181.406081,20.588236
1684926181.416122,20.588236
1684926181.426230,20.588236
1684926181.436252,20.588236
1684926181.446287,20.588236
1684926181.456355,20.588236
1684926181.466457,20.588236
1684926181.469293,20.588236
1684926181.476491,20.588236
1684926181.486528,20.588236
1684926181.496647,20.588236
1684926181.506769,20.588236
1684926181.516755,20.588236
1684926181.526747,20.588236
1684926181.536882,20.588236
1684926181.546796,20.588236
1684926181.556793,20.588236
1684926181.566787,20.000000
1684926181.576766,20.588236
1684926181.586765,20.588236
1684926181.596773,20.588236
1684926181.606781,20.588236
1684926181.616785,20.588236
1684926181.626817,20.588236
1684926181.636790,20.588236
1684926181.646792,20.588236
1684926181.656793,20.588236
1684926181.666984,21.176470
1684926181.676984,20.588236
1684926181.686979,20.588236
1684926181.696978,20.588236
1684926181.706998,20.588236
1684926181.717005,20.588236
1684926181.727084,21.176470
1684926181.737075,20.588236
1684926181.747058,20.588236
1684926181.756997,20.588236
1684926181.767054,20.588236
1684926181.777030,20.588236
1684926181.787039,20.588236
1684926181.797043,20.588236
1684926181.807068,21.176470
1684926181.817022,20.588236
1684926181.826050,20.588236
1684926181.836047,20.588236
1684926181.846058,20.588236
1684926181.846058,20.588236
1684926181.856076,20.588236
1684926181.866073,20.588236
1684926181.876045,20.588236
1684926181.886048,20.588236
1684926181.896061,20.588236
1684926181.906132,20.000000
1684926181.916131,20.588236
1684926181.926046,20.588236
1684926181.936134,20.588236
1684926181.946161,20.588236
1684926181.956136,20.588236
1684926181.966084,20.588236
1684926181.976158,20.588236
1684926181.986109,20.588236
1684926181.996129,20.588236
1684926182.006107,21.176470
1684926182.016110,20.588236
1684926182.026110,20.588236
1684926182.036127,20.588236
1684926182.046088,21.176470
1684926182.056112,20.588236
1684926182.066044,20.588236
1684926182.076183,20.588236
1684926182.086169,21.176470
1684926182.096234,20.588236
1684926182.106097,20.588236
1684926182.106168,20.588236
1684926182.116152,20.588236
1684926182.126106,20.588236
1684926182.136172,20.588236
1684926182.146128,20.588236
1684926182.156354,20.588236
1684926182.166177,20.588236
1684926182.176159,20.588236
1684926182.186131,20.588236
1684926182.196189,20.588236
1684926182.206073,20.588236
1684926182.216217,20.588236
1684926182.226057,20.588236
1684926182.236227,20.588236
1684926182.246164,20.588236
1684926182.256241,20.588236
1684926182.265985,20.588236
1684926182.276208,20.588236
1684926182.285989,20.588236
1684926182.296214,20.588236
1684926182.296288,20.588236
1684926182.305990,20.588236
1684926182.316156,20.588236
1684926182.325968,20.588236
1684926182.336167,20.588236
1684926182.346888,20.588236
1684926182.356199,20.588236
1684926182.366882,20.588236
1684926182.376179,20.588236
1684926182.386843,20.588236
1684926182.396116,20.588236
1684926182.406866,20.588236
1684926182.416359,20.588236
1684926182.426036,20.588236
1684926182.436113,20.588236
1684926182.446807,20.588236
1684926182.456221,20.588236
1684926182.466782,20.588236
1684926182.476158,20.588236
1684926182.485935,20.588236
1684926182.496190,20.588236
1684926182.506717,21.176470
1684926182.516121,20.588236
1684926182.526769,20.588236
1684926182.536156,20.588236
1684926182.546733,20.588236
1684926182.556163,20.588236
1684926182.566697,20.588236
1684926182.576166,20.588236
1684926182.586682,20.588236
1684926182.596179,20.588236
1684926182.606738,20.588236
1684926182.616222,20.588236
1684926182.626614,20.588236
1684926182.636173,20.588236
1684926182.646661,20.588236
1684926182.656261,20.588236
1684926182.666591,20.588236
1684926182.676229,20.588236
1684926182.686562,20.588236
1684926182.696226,20.588236
1684926182.706513,20.588236
1684926182.716185,20.588236
1684926182.726544,20.588236
1684926182.736234,20.588236
1684926182.746522,20.588236
1684926182.756258,20.588236
1684926182.758569,20.588236
1684926182.766457,20.588236
1684926182.777204,20.588236
1684926182.786624,20.588236
1684926182.796211,20.588236
1684926182.806404,20.588236
1684926182.816202,20.588236
1684926182.826408,20.588236
1684926182.836241,20.588236
1684926182.846386,20.588236
1684926182.856161,20.588236
1684926182.866098,20.588236
1684926182.876269,20.588236
1684926182.887137,20.588236
1684926182.896184,20.588236
1684926182.906231,20.588236
1684926182.916194,20.588236
1684926182.926262,20.588236
1684926182.936224,20.588236
1684926182.946254,20.588236
1684926182.956298,20.588236
1684926182.966261,20.588236
1684926182.976342,20.588236
1684926182.986368,20.588236
1684926182.996369,20.588236
1684926183.006430,20.588236
1684926183.016517,20.588236
1684926183.026535,20.588236
1684926183.036622,20.588236
1684926183.046721,20.588236
1684926183.056731,20.588236
1684926183.066811,20.588236
1684926183.076849,20.588236
1684926183.079760,20.588236
1684926183.085984,20.588236
1684926183.096975,20.588236
1684926183.106060,20.588236
1684926183.117097,20.588236
1684926183.126118,20.588236
1684926183.136270,20.588236
1684926183.146151,20.588236
1684926183.156336,20.588236
1684926183.166523,20.588236
1684926183.176471,20.588236
1684926183.186029,20.588236
1684926183.196572,20.588236
1684926183.207090,20.588236
1684926183.216644,20.588236
1684926183.227000,20.588236
1684926183.236807,20.588236
1684926183.246998,20.588236
1684926183.256916,20.588236
1684926183.266934,20.588236
1684926183.276995,20.588236
1684926183.287007,20.588236
1684926183.297119,20.588236
1684926183.307150,20.588236
1684926183.317182,20.588236
1684926183.327210,20.588236
1684926183.337255,20.588236
1684926183.347256,20.588236
1684926183.357183,20.588236
1684926183.367108,20.588236
1684926183.377256,20.588236
1684926183.387171,20.000000
1684926183.397224,20.588236
1684926183.407167,20.588236
1684926183.417188,20.588236
1684926183.427142,20.588236
1684926183.437227,20.588236
1684926183.447290,20.588236
1684926183.457210,20.588236
1684926183.467185,20.588236
1684926183.477251,20.588236
1684926183.477335,20.588236
1684926183.487193,20.588236
1684926183.497275,20.588236
1684926183.507252,20.588236
1684926183.517274,20.588236
1684926183.527183,20.588236
1684926183.537253,20.588236
1684926183.547105,20.588236
1684926183.557279,20.000000
1684926183.567131,20.588236
1684926183.577190,20.588236
1684926183.587102,21.176470
1684926183.597164,20.588236
1684926183.606205,20.588236
1684926183.617218,20.588236
1684926183.626206,20.588236
1684926183.636199,20.588236
1684926183.646192,20.588236
1684926183.656242,20.588236
1684926183.666185,20.588236
1684926183.676253,20.588236
1684926183.686141,20.588236
1684926183.696190,20.588236
1684926183.706174,20.588236
1684926183.716148,20.588236
1684926183.726155,20.588236
1684926183.736234,20.588236
1684926183.746157,20.000000
1684926183.756185,20.588236
1684926183.766293,20.588236
1684926183.766363,20.588236
1684926183.777230,20.588236
1684926183.786222,20.588236
1684926183.796229,20.588236
1684926183.806136,20.588236
1684926183.816345,20.588236
1684926183.826237,20.588236
1684926183.836237,20.588236
1684926183.846170,20.588236
1684926183.856249,20.588236
1684926183.866155,20.588236
1684926183.876254,20.588236
1684926183.886148,20.588236
1684926183.896429,20.588236
1684926183.906141,20.588236
1684926183.916182,20.588236
1684926183.926134,20.588236
1684926183.936266,20.588236
1684926183.946287,20.588236
1684926183.957320,20.588236
1684926183.966224,20.588236
1684926183.976197,20.588236
1684926183.987130,20.588236
1684926183.996191,20.588236
1684926184.006151,20.588236
1684926184.016493,20.588236
1684926184.026173,20.588236
1684926184.036255,20.588236
1684926184.046199,20.588236
1684926184.056199,20.000000
1684926184.066177,20.588236
1684926184.076196,20.588236
1684926184.086197,20.588236
1684926184.096228,20.588236
1684926184.107111,20.588236
1684926184.116242,20.588236
1684926184.127130,20.588236
1684926184.136242,21.176470
1684926184.146181,20.588236
1684926184.156286,20.588236
1684926184.166178,20.588236
1684926184.176302,20.588236
1684926184.187196,20.588236
1684926184.196251,20.588236
1684926184.206267,20.588236
1684926184.216323,20.588236
1684926184.227177,20.588236
1684926184.236268,20.588236
1684926184.246207,20.588236
1684926184.256258,20.588236
1684926184.267178,20.588236
1684926184.276222,20.588236
1684926184.287184,21.176470
1684926184.296222,20.588236
1684926184.307174,20.588236
1684926184.307179,20.588236
1684926184.316301,20.588236
1684926184.326226,20.588236
1684926184.336293,20.588236
1684926184.346257,20.588236
1684926184.346328,20.588236
1684926184.356302,20.588236
1684926184.366244,20.588236
1684926184.376378,20.588236
1684926184.386242,20.588236
1684926184.396284,20.588236
1684926184.406246,20.588236
1684926184.416373,20.588236
1684926184.426263,20.588236
1684926184.436339,20.588236
1684926184.447197,20.588236
1684926184.456256,20.588236
1684926184.467246,20.588236
1684926184.477362,20.588236
1684926184.487226,20.588236
1684926184.496307,20.588236
1684926184.506759,20.588236
1684926184.516349,20.588236
1684926184.526782,20.588236
1684926184.536455,21.176470
1684926184.546808,20.588236
1684926184.556558,20.588236
1684926184.566790,20.588236
1684926184.576702,20.588236
1684926184.586968,20.588236
1684926184.596819,20.588236
1684926184.606868,20.588236
1684926184.616969,20.588236
1684926184.627053,20.588236
1684926184.637147,20.588236
1684926184.647143,20.588236
1684926184.657207,20.588236
1684926184.667288,20.588236
1684926184.676280,20.588236
1684926184.686473,20.588236
1684926184.696444,20.588236
1684926184.706562,20.588236
1684926184.716534,20.588236
1684926184.726626,20.588236
1684926184.736732,20.588236
1684926184.746685,21.176470
1684926184.756759,20.588236
1684926184.766812,20.588236
1684926184.776855,20.588236
1684926184.786910,20.588236
1684926184.796930,20.588236
1684926184.807024,20.588236
1684926184.817155,20.588236
1684926184.827143,20.588236
1684926184.837264,20.588236
1684926184.847245,20.588236
1684926184.857333,20.588236
1684926184.867310,20.588236
1684926184.877337,20.588236
1684926184.887322,20.588236
1684926184.897320,20.000000
1684926184.907244,20.588236
1684926184.917326,20.588236
1684926184.927207,20.588236
1684926184.937276,20.588236
1684926184.947208,20.588236
1684926184.957328,20.588236
1684926184.967295,20.588236
1684926184.977297,20.588236
1684926184.987242,20.588236
1684926184.997261,20.588236
1684926185.007339,20.588236
1684926185.017452,20.588236
1684926185.027301,20.588236
1684926185.027362,20.588236
1684926185.037329,20.588236
1684926185.047286,20.588236
1684926185.057354,20.588236
1684926185.067231,20.588236
1684926185.077352,20.588236
1684926185.087294,20.588236
1684926185.097313,20.588236
1684926185.107266,20.588236
1684926185.117256,20.588236
1684926185.127248,20.588236
1684926185.137378,20.588236
1684926185.147398,20.588236
1684926185.157301,20.588236
1684926185.167239,20.588236
1684926185.177368,20.588236
1684926185.187378,20.588236
1684926185.197306,20.588236
1684926185.207325,20.588236
1684926185.217333,20.588236
1684926185.227296,20.588236
1684926185.237288,20.588236
1684926185.247319,21.176470
1684926185.256343,20.588236
1684926185.266624,21.176470
1684926185.277359,20.588236
1684926185.287318,20.588236
1684926185.297353,20.588236
1684926185.307208,20.588236
1684926185.317278,20.588236
1684926185.327274,20.000000
1684926185.337396,20.588236
1684926185.347300,20.588236
1684926185.357305,20.588236
1684926185.367236,20.588236
1684926185.377303,20.588236
1684926185.387259,20.588236
1684926185.397343,20.588236
1684926185.407260,20.588236
1684926185.417305,20.588236
1684926185.427317,20.588236
1684926185.437354,20.588236
1684926185.447314,20.000000
1684926185.456353,20.588236
1684926185.467309,20.588236
1684926185.477332,20.588236
1684926185.487380,20.588236
1684926185.497359,20.588236
1684926185.507280,20.588236
1684926185.517294,20.588236
1684926185.527338,20.588236
1684926185.537357,20.588236
1684926185.547277,20.588236
1684926185.557316,20.588236
1684926185.567333,20.588236
1684926185.577445,20.588236
1684926185.587280,20.588236
1684926185.597438,20.588236
1684926185.607216,20.588236
1684926185.616296,20.588236
1684926185.627414,20.588236
1684926185.637289,20.588236
1684926185.647323,20.588236
1684926185.656357,20.588236
1684926185.666219,20.588236
1684926185.677356,20.588236
1684926185.687330,20.588236
1684926185.697303,20.588236
1684926185.706300,20.588236
1684926185.717288,20.588236
1684926185.727253,20.588236
1684926185.737406,20.588236
1684926185.746234,20.588236
1684926185.756355,20.588236
1684926185.767236,20.588236
1684926185.777298,20.588236
1684926185.786192,20.588236
1684926185.796300,20.588236
1684926185.806260,20.588236
1684926185.816317,20.588236
1684926185.826264,20.588236
1684926185.836306,20.588236
1684926185.846264,20.588236
1684926185.856302,20.000000
1684926185.866249,20.588236
1684926185.876369,20.588236
1684926185.886282,20.588236
1684926185.896382,20.000000
1684926185.906283,20.588236
1684926185.916283,20.588236
1684926185.926346,20.588236
1684926185.936383,20.588236
1684926185.946407,20.588236
1684926185.956405,20.588236
1684926185.966274,20.000000
1684926185.976351,20.588236
1684926185.986280,20.588236
1684926185.986279,20.588236
1684926185.996572,21.176470
1684926186.006263,20.588236
1684926186.016348,20.588236
1684926186.026355,20.588236
1684926186.036378,20.588236
1684926186.046319,20.588236
1684926186.057300,20.588236
1684926186.066220,20.588236
1684926186.076303,21.176470
1684926186.086283,20.588236
1684926186.096322,20.588236
1684926186.106285,20.588236
1684926186.116347,21.176470
1684926186.126371,20.588236
1684926186.136307,20.588236
1684926186.146320,20.588236
1684926186.156351,20.588236
1684926186.166319,20.588236
1684926186.176368,20.588236
1684926186.186336,20.588236
1684926186.196424,20.588236
1684926186.206502,20.588236
1684926186.216497,20.588236
1684926186.226568,20.588236
1684926186.236593,20.588236
1684926186.246826,20.588236
1684926186.256765,20.588236
1684926186.266835,20.588236
1684926186.276976,20.588236
1684926186.286893,20.588236
1684926186.297001,20.588236
1684926186.306029,20.588236
1684926186.317119,20.588236
1684926186.327094,20.588236
1684926186.337178,20.588236
1684926186.346204,20.588236
1684926186.356294,20.588236
1684926186.367326,20.588236
1684926186.376393,20.588236
1684926186.386472,20.588236
1684926186.396515,20.588236
1684926186.406587,20.588236
1684926186.416628,20.588236
1684926186.426732,21.176470
1684926186.436787,20.588236
1684926186.445873,20.588236
1684926186.456906,20.588236
1684926186.466949,20.588236
1684926186.477037,20.588236
1684926186.487129,20.588236
1684926186.497122,20.588236
1684926186.507200,20.588236
1684926186.517397,20.000000
1684926186.527337,20.588236
1684926186.536334,20.588236
1684926186.545346,20.588236
1684926186.555411,20.588236
1684926186.566359,20.000000
1684926186.576418,20.588236
1684926186.586332,20.588236
1684926186.595313,20.588236
1684926186.605287,21.176470
1684926186.616422,20.588236
1684926186.625295,20.588236
1684926186.635396,20.588236
1684926186.645330,20.000000
1684926186.655332,20.588236
1684926186.666295,20.588236
1684926186.676412,20.588236
1684926186.676464,20.588236
1684926186.685386,20.588236
1684926186.696353,20.588236
1684926186.706318,20.588236
1684926186.716357,20.588236
1684926186.726309,20.588236
1684926186.737414,20.588236
1684926186.746311,20.588236
1684926186.756418,20.588236
1684926186.766316,20.588236
1684926186.777495,20.588236
1684926186.785395,20.588236
1684926186.796415,20.588236
1684926186.805384,20.588236
1684926186.816499,20.588236
1684926186.826290,20.588236
1684926186.836430,20.588236
1684926186.846324,20.588236
1684926186.856358,20.588236
1684926186.866306,20.588236
1684926186.876436,20.588236
1684926186.885354,20.588236
1684926186.896440,20.588236
1684926186.906357,20.588236
1684926186.916423,20.588236
1684926186.925334,20.588236
1684926186.937433,20.588236
1684926186.945444,20.588236
1684926186.956467,20.588236
1684926186.965355,20.588236
1684926186.975418,20.588236
1684926186.985430,20.588236
1684926186.995439,20.588236
1684926187.006335,20.588236
1684926187.016365,20.588236
1684926187.025359,20.588236
1684926187.036470,20.588236
1684926187.045493,20.588236
1684926187.056561,20.588236
1684926187.065608,20.588236
1684926187.075690,20.588236
1684926187.085707,20.588236
1684926187.095824,20.588236
1684926187.106901,20.588236
1684926187.115873,20.588236
1684926187.125960,20.588236
1684926187.136978,20.588236
1684926187.146099,20.588236
1684926187.157173,20.000000
1684926187.166164,20.588236
1684926187.176214,20.588236
1684926187.185299,20.000000
1684926187.196385,20.588236
1684926187.205408,20.588236
1684926187.215456,20.000000
1684926187.225510,20.588236
1684926187.236610,20.588236
1684926187.245632,20.588236
1684926187.256823,20.588236
1684926187.265836,20.588236
1684926187.275836,20.588236
1684926187.285862,20.588236
1684926187.297104,20.588236
1684926187.306099,20.588236
1684926187.317086,20.588236
1684926187.326109,20.588236
1684926187.337253,20.588236
1684926187.347229,20.588236
1684926187.357363,20.588236
1684926187.367338,20.588236
1684926187.377487,20.588236
1684926187.387344,20.588236
1684926187.397417,21.176470
1684926187.407425,20.588236
1684926187.417506,20.588236
1684926187.427450,20.588236
1684926187.437418,20.588236
1684926187.447410,20.588236
1684926187.458420,20.588236
1684926187.467341,20.588236
1684926187.475470,20.588236
1684926187.487342,20.588236
1684926187.496503,20.588236
1684926187.505426,20.588236
1684926187.516383,20.588236
1684926187.525318,20.588236
1684926187.525322,20.588236
1684926187.536381,20.588236
1684926187.546324,20.588236
1684926187.556431,20.588236
1684926187.566367,20.588236
1684926187.575377,20.588236
1684926187.585765,20.588236
1684926187.596431,20.588236
1684926187.606370,20.588236
1684926187.616366,20.588236
1684926187.625355,20.000000
1684926187.625422,20.000000
1684926187.637380,20.588236
1684926187.646369,20.588236
1684926187.656350,20.588236
1684926187.665395,20.588236
1684926187.675742,20.588236
1684926187.685391,20.588236
1684926187.697542,20.000000
1684926187.705327,20.588236
1684926187.716458,20.588236
1684926187.725381,20.588236
1684926187.736278,20.588236
1684926187.745571,20.588236
1684926187.755429,20.588236
1684926187.765392,20.588236
1684926187.777465,20.588236
1684926187.785411,20.588236
1684926187.797198,20.588236
1684926187.805409,20.588236
1684926187.815490,20.588236
1684926187.825367,20.588236
1684926187.836208,20.588236
1684926187.846384,20.588236
1684926187.856209,20.588236
1684926187.865389,20.588236
1684926187.875434,20.588236
1684926187.885405,20.588236
1684926187.895470,20.588236
1684926187.906431,20.000000
1684926187.915373,20.588236
1684926187.925442,20.588236
1684926187.936041,20.588236
1684926187.945370,20.588236
1684926187.956384,20.588236
1684926187.965407,20.588236
1684926187.975451,20.588236
1684926187.985344,20.588236
1684926187.995538,20.588236
1684926188.005386,20.588236
1684926188.015429,20.588236
1684926188.025360,20.588236
1684926188.035930,20.588236
1684926188.045433,20.588236
1684926188.055939,20.588236
1684926188.065389,20.588236
1684926188.075469,20.588236
1684926188.085366,20.588236
1684926188.095456,20.588236
1684926188.105412,20.588236
1684926188.115462,20.588236
1684926188.126440,20.588236
1684926188.135921,20.588236
1684926188.145484,20.588236
1684926188.155528,20.588236
1684926188.166572,20.588236
1684926188.176431,20.588236
1684926188.185414,20.588236
1684926188.195492,20.000000
1684926188.205428,20.588236
1684926188.215477,20.588236
1684926188.225436,20.000000
1684926188.235750,20.588236
1684926188.245442,20.588236
1684926188.255786,20.588236
1684926188.255913,20.588236
1684926188.265441,20.588236
1684926188.276436,20.588236
1684926188.286435,20.000000
1684926188.296434,20.588236
1684926188.305502,20.588236
1684926188.315427,20.588236
1684926188.326325,20.588236
1684926188.335814,20.588236
1684926188.345440,20.588236
1684926188.355436,20.588236
1684926188.365371,20.588236
1684926188.375495,20.588236
1684926188.386394,20.588236
1684926188.395530,20.588236
1684926188.405498,20.588236
1684926188.415437,20.588236
1684926188.425382,20.588236
1684926188.436103,20.588236
1684926188.445459,20.588236
1684926188.456184,20.588236
1684926188.465410,20.588236
1684926188.475460,20.588236
1684926188.486519,20.588236
1684926188.495571,20.588236
1684926188.505465,20.588236
1684926188.515584,20.588236
1684926188.525755,20.588236
1684926188.535718,20.588236
1684926188.545766,20.588236
1684926188.555790,20.588236
1684926188.555790,20.588236
1684926188.565857,20.588236
1684926188.575947,20.588236
1684926188.586007,20.588236
1684926188.596066,20.588236
1684926188.606078,20.588236
1684926188.616148,20.588236
1684926188.626214,20.588236
1684926188.636235,20.588236
1684926188.646336,20.588236
1684926188.656354,20.588236
1684926188.665429,20.588236
1684926188.675460,20.000000
1684926188.685614,21.176470
1684926188.695591,20.588236
1684926188.705608,20.588236
1684926188.715729,20.588236
1684926188.725773,20.000000
1684926188.736233,20.588236
1684926188.745951,20.588236
1684926188.755921,20.588236
1684926188.766029,20.588236
1684926188.777050,20.588236
1684926188.786112,20.588236
1684926188.796189,20.588236
1684926188.806236,20.588236
1684926188.817362,20.588236
1684926188.826340,20.588236
1684926188.837510,20.588236
1684926188.846555,20.588236
1684926188.857567,20.588236
1684926188.866505,20.588236
1684926188.877561,20.588236
1684926188.886441,20.588236
1684926188.897472,20.000000
1684926188.906395,20.588236
1684926188.917533,20.000000
1684926188.927494,20.588236
1684926188.937580,20.000000
1684926188.946462,20.588236
1684926188.956508,20.000000
1684926188.966399,20.588236
1684926188.976494,20.588236
1684926188.986416,20.588236
1684926188.996439,20.588236
1684926189.005440,20.588236
1684926189.016487,20.588236
1684926189.026508,20.588236
1684926189.035498,20.588236
1684926189.045553,20.588236
1684926189.055566,20.588236
1684926189.066481,20.588236
1684926189.076510,20.588236
1684926189.085486,20.588236
1684926189.095474,20.588236
1684926189.105446,20.588236
1684926189.115469,20.588236
1684926189.126488,20.588236
1684926189.135572,20.588236
1684926189.145464,20.588236
1684926189.155488,20.588236
1684926189.165469,20.588236
1684926189.176511,20.588236
1684926189.186423,20.588236
1684926189.196469,20.588236
1684926189.205407,20.588236
1684926189.215710,20.588236
1684926189.225865,20.588236
1684926189.236489,20.588236
1684926189.245418,20.588236
1684926189.255572,20.588236
1684926189.266464,20.588236
1684926189.276638,20.588236
1684926189.285541,20.588236
1684926189.295572,20.588236
1684926189.305467,20.588236
1684926189.315545,20.588236
1684926189.325481,20.000000
1684926189.335579,20.000000
1684926189.345528,20.588236
1684926189.355655,20.588236
1684926189.365539,20.588236
1684926189.375603,20.588236
1684926189.385457,20.000000
1684926189.395676,20.588236
1684926189.405490,20.588236
1684926189.415515,20.588236
1684926189.425496,20.588236
1684926189.435612,20.588236
1684926189.445495,20.588236
1684926189.455571,20.588236
1684926189.465402,20.588236
1684926189.475571,20.588236
1684926189.486448,20.588236
1684926189.495491,20.588236
1684926189.505455,20.588236
1684926189.515494,20.588236
1684926189.525498,20.588236
1684926189.535523,20.588236
1684926189.545513,20.000000
1684926189.556573,20.588236
1684926189.565427,20.588236
1684926189.576472,20.588236
1684926189.585449,20.588236
1684926189.595461,20.588236
1684926189.606426,20.588236
1684926189.615492,20.588236
1684926189.625488,20.588236
1684926189.635612,20.588236
1684926189.645431,20.588236
1684926189.647274,20.588236
1684926189.656513,20.588236
1684926189.665466,20.000000
1684926189.675549,20.588236
1684926189.676228,20.588236
1684926189.686565,20.588236
1684926189.695588,20.000000
1684926189.705531,20.588236
1684926189.715744,20.588236
1684926189.726433,20.588236
1684926189.735526,20.588236
1684926189.745509,20.588236
1684926189.756623,20.588236
1684926189.766512,20.000000
1684926189.776521,20.588236
1684926189.785449,20.588236
1684926189.795497,20.588236
1684926189.805470,20.588236
1684926189.816644,20.588236
1684926189.825457,20.588236
1684926189.835577,20.588236
1684926189.845496,20.588236
1684926189.855482,20.588236
1684926189.866516,20.588236
1684926189.876476,20.588236
1684926189.885499,20.588236
1684926189.895581,20.588236
1684926189.905428,20.588236
1684926189.916538,20.588236
1684926189.926449,20.000000
1684926189.935576,20.588236
1684926189.945453,20.588236
1684926189.955513,20.588236
1684926189.966633,20.588236
1684926189.975682,20.588236
1684926189.985521,20.588236
1684926189.995524,20.588236
1684926190.005545,20.588236
1684926190.016555,20.588236
1684926190.025454,20.588236
1684926190.035501,20.588236
1684926190.045538,20.588236
1684926190.055535,20.588236
1684926190.066499,20.588236
1684926190.075526,20.588236
1684926190.085452,20.588236
1684926190.095582,20.588236
1684926190.105445,20.588236
1684926190.115567,20.588236
1684926190.125492,20.588236
1684926190.135587,20.588236
1684926190.145494,20.588236
1684926190.155560,20.588236
1684926190.166472,20.588236
1684926190.175507,20.588236
1684926190.185570,20.588236
1684926190.195648,20.588236
1684926190.205588,20.588236
1684926190.215621,20.588236
1684926190.225586,20.000000
1684926190.235697,20.588236
1684926190.245713,20.588236
1684926190.255794,20.588236
1684926190.265766,20.588236
1684926190.275831,20.588236
1684926190.285870,20.588236
1684926190.295933,20.588236
1684926190.306001,20.588236
1684926190.316083,20.588236
1684926190.326166,20.588236
1684926190.336286,20.588236
1684926190.346276,20.588236
1684926190.356317,20.588236
1684926190.366359,20.588236
1684926190.376507,20.000000
1684926190.385507,20.588236
1684926190.389189,20.588236
1684926190.396577,20.000000
1684926190.405623,20.588236
1684926190.415646,20.588236
1684926190.425709,20.588236
1684926190.435756,20.588236
1684926190.445867,20.588236
1684926190.455885,20.588236
1684926190.465975,20.588236
1684926190.476118,20.000000
1684926190.486020,20.588236
1684926190.496142,20.588236
1684926190.506199,20.588236
1684926190.516479,20.588236
1684926190.526263,20.588236
1684926190.536657,20.588236
1684926190.546345,20.588236
1684926190.556437,20.588236
1684926190.566505,20.588236
1684926190.576644,20.588236
1684926190.586498,20.588236
1684926190.596661,20.588236
1684926190.606611,20.588236
1684926190.617588,20.588236
1684926190.626546,20.588236
1684926190.637641,20.588236
1684926190.646523,20.588236
1684926190.657635,20.588236
1684926190.666545,20.588236
1684926190.675613,20.000000
1684926190.686499,20.000000
1684926190.697591,20.588236
1684926190.706565,20.588236
1684926190.716648,20.588236
1684926190.725563,20.588236
1684926190.736688,20.588236
1684926190.745569,20.000000
1684926190.756581,20.588236
1684926190.765519,20.588236
1684926190.776618,20.588236
1684926190.785585,20.588236
1684926190.796655,20.588236
1684926190.805551,20.588236
1684926190.816686,20.588236
1684926190.825537,20.000000
1684926190.836605,20.588236
1684926190.845556,20.588236
1684926190.856663,20.588236
1684926190.865549,20.588236
1684926190.876584,20.588236
1684926190.885543,20.588236
1684926190.896587,20.588236
1684926190.905569,20.588236
1684926190.916657,20.588236
1684926190.925576,20.588236
1684926190.936632,20.588236
1684926190.945600,20.588236
1684926190.956736,20.588236
1684926190.965589,20.588236
1684926190.976619,20.588236
1684926190.985614,20.588236
1684926190.996588,20.000000
1684926191.005596,20.588236
1684926191.016632,20.588236
1684926191.025531,20.588236
1684926191.036668,20.588236
1684926191.045548,20.588236
1684926191.056722,20.000000
1684926191.065507,20.588236
1684926191.076570,20.588236
1684926191.085589,20.588236
1684926191.096624,20.000000
1684926191.105571,20.000000
1684926191.116712,20.588236
1684926191.125505,20.588236
1684926191.136613,20.000000
1684926191.145589,20.588236
1684926191.156655,20.588236
1684926191.165529,20.588236
1684926191.176667,20.588236
1684926191.185549,20.000000
1684926191.196717,20.588236
1684926191.205595,20.000000
1684926191.216791,20.588236
1684926191.225582,20.588236
1684926191.236628,20.588236
1684926191.246642,20.588236
1684926191.256713,20.588236
1684926191.265598,20.588236
1684926191.275886,20.588236
1684926191.285569,20.588236
1684926191.296618,20.000000
1684926191.305573,20.588236
1684926191.316561,20.000000
1684926191.325591,20.588236
1684926191.336612,20.588236
1684926191.336740,20.588236
1684926191.346670,20.588236
1684926191.356510,20.588236
1684926191.365619,20.588236
1684926191.376498,20.588236
1684926191.385616,20.588236
1684926191.396509,20.588236
1684926191.405558,20.588236
1684926191.416447,20.588236
1684926191.425580,20.588236
1684926191.436515,20.588236
1684926191.445585,20.588236
1684926191.456412,20.588236
1684926191.465544,20.588236
1684926191.476387,20.588236
1684926191.485563,20.000000
1684926191.496464,20.588236
1684926191.505580,20.588236
1684926191.516350,20.588236
1684926191.525498,20.588236
1684926191.536369,20.588236
1684926191.545596,20.588236
1684926191.556308,20.588236
1684926191.565578,20.588236
1684926191.576309,20.588236
1684926191.585720,20.588236
1684926191.596265,20.588236
1684926191.605603,20.588236
1684926191.616243,20.588236
1684926191.625542,20.000000
1684926191.636243,20.588236
1684926191.645613,20.588236
1684926191.656217,20.588236
1684926191.665565,20.588236
1684926191.676164,20.588236
1684926191.685611,20.588236
1684926191.696167,20.588236
1684926191.706513,20.588236
1684926191.716143,20.588236
1684926191.726585,20.588236
1684926191.736145,20.588236
1684926191.745562,20.588236
1684926191.756098,20.588236
1684926191.765645,20.588236
1684926191.765714,20.588236
1684926191.776115,20.588236
1684926191.785548,20.588236
1684926191.796039,20.588236
1684926191.805554,20.588236
1684926191.816018,20.588236
1684926191.825591,20.588236
1684926191.836052,20.588236
1684926191.845640,20.588236
1684926191.856063,20.588236
1684926191.865549,20.588236
1684926191.876173,20.588236
1684926191.886644,20.588236
1684926191.896165,20.588236
1684926191.905618,20.588236
1684926191.915570,20.588236
1684926191.925632,20.588236
1684926191.936665,20.588236
1684926191.945747,20.588236
1684926191.955782,20.588236
1684926191.965852,20.588236
1684926191.975939,20.588236
1684926191.986114,20.588236
1684926191.996045,20.588236
1684926192.006079,20.588236
1684926192.016208,20.588236
1684926192.026248,20.588236
1684926192.036287,20.588236
1684926192.046340,21.176470
1684926192.056477,20.000000
1684926192.066472,20.000000
1684926192.075557,20.588236
1684926192.086600,20.588236
1684926192.095872,20.588236
1684926192.105708,20.588236
1684926192.116731,20.588236
1684926192.125911,20.000000
1684926192.136763,20.000000
1684926192.145984,20.588236
1684926192.155691,20.588236
1684926192.166035,20.588236
1684926192.176679,20.588236
1684926192.186172,20.588236
1684926192.196718,20.000000
1684926192.206338,20.588236
1684926192.216642,20.588236
1684926192.226397,20.588236
1684926192.236629,20.588236
1684926192.246644,20.588236
1684926192.256737,20.588236
1684926192.266658,20.588236
1684926192.276715,20.588236
1684926192.286664,20.588236
1684926192.296727,20.000000
1684926192.306567,20.588236
1684926192.316739,20.588236
1684926192.326628,20.588236
1684926192.336757,20.588236
1684926192.346662,20.588236
1684926192.356730,20.588236
1684926192.366603,20.588236
1684926192.375680,20.588236
1684926192.386545,20.588236
1684926192.396649,20.588236
1684926192.405582,20.000000
1684926192.416670,20.588236
1684926192.425602,20.588236
1684926192.435631,20.588236
1684926192.445730,20.588236
1684926192.455713,20.588236
1684926192.455780,20.588236
1684926192.465588,20.588236
1684926192.475631,20.588236
1684926192.485631,20.588236
1684926192.495695,20.588236
1684926192.505627,20.588236
1684926192.516635,20.588236
1684926192.525584,20.588236
1684926192.535646,20.588236
1684926192.545609,20.588236
1684926192.555638,20.588236
1684926192.565623,20.588236
1684926192.576655,20.588236
1684926192.585652,20.000000
1684926192.595762,20.588236
1684926192.605591,20.588236
1684926192.615734,20.588236
1684926192.626603,20.588236
1684926192.635668,20.588236
1684926192.645587,20.588236
1684926192.655669,20.588236
1684926192.665681,20.588236
1684926192.676780,20.588236
1684926192.685609,20.588236
1684926192.695832,20.588236
1684926192.705637,20.588236
1684926192.715762,20.588236
1684926192.726609,20.588236
1684926192.735698,20.588236
1684926192.745711,20.588236
1684926192.755697,20.588236
1684926192.765591,20.588236
1684926192.776655,20.588236
1684926192.785631,20.588236
1684926192.795737,20.588236
1684926192.805678,20.588236
1684926192.815722,20.588236
1684926192.826703,20.588236
1684926192.835701,20.588236
1684926192.845639,20.588236
1684926192.855738,20.588236
1684926192.865908,20.588236
1684926192.876850,20.588236
1684926192.885730,20.588236
1684926192.895791,20.588236
1684926192.905635,20.588236
1684926192.915753,20.588236
1684926192.925612,20.588236
1684926192.935759,20.588236
1684926192.945623,20.588236
1684926192.955676,20.588236
1684926192.965656,20.588236
1684926192.975686,20.588236
1684926192.985611,20.000000
1684926192.995665,21.176470
1684926193.005622,20.588236
1684926193.015677,20.588236
1684926193.026613,20.588236
1684926193.035704,20.588236
1684926193.045679,20.588236
1684926193.055762,20.588236
1684926193.065674,20.588236
1684926193.075775,20.588236
1684926193.085641,20.588236
1684926193.095709,20.588236
1684926193.105726,20.588236
1684926193.116510,20.588236
1684926193.125695,20.588236
1684926193.135657,20.588236
1684926193.145672,20.588236
1684926193.155740,20.588236
1684926193.165678,20.588236
1684926193.175742,20.588236
1684926193.185678,20.000000
1684926193.195704,20.000000
1684926193.205634,20.588236
1684926193.215740,20.588236
1684926193.225630,20.588236
1684926193.235731,20.588236
1684926193.245619,20.588236
1684926193.256765,20.588236
1684926193.265678,20.588236
1684926193.275749,20.588236
1684926193.285664,20.588236
1684926193.295743,20.588236
1684926193.305698,20.588236
1684926193.316692,20.588236
1684926193.325722,20.588236
1684926193.335768,20.588236
1684926193.345719,20.588236
1684926193.355767,20.588236
1684926193.366642,20.588236
1684926193.375663,20.588236
1684926193.385698,20.588236
1684926193.395695,20.588236
1684926193.405683,20.588236
1684926193.416741,20.588236
1684926193.425702,20.588236
1684926193.435762,20.588236
1684926193.445642,20.588236
1684926193.455689,20.588236
1684926193.466658,20.588236
1684926193.475709,20.588236
1684926193.485638,20.588236
1684926193.495700,20.588236
1684926193.505687,20.588236
1684926193.516725,20.588236
1684926193.525857,20.000000
1684926193.535747,20.588236
1684926193.545681,20.588236
1684926193.555839,20.588236
1684926193.566683,20.588236
1684926193.575801,20.588236
1684926193.585685,20.588236
1684926193.595750,20.588236
1684926193.605819,20.588236
1684926193.616395,20.588236
1684926193.626013,20.588236
1684926193.636167,20.000000
1684926193.646081,20.588236
1684926193.656197,20.588236
1684926193.666177,20.588236
1684926193.676203,20.588236
1684926193.686266,20.588236
1684926193.696345,20.588236
1684926193.706369,20.588236
1684926193.716436,20.588236
1684926193.726556,20.588236
1684926193.736583,20.588236
1684926193.745620,20.000000
1684926193.756639,20.588236
1684926193.765718,20.000000
1684926193.776902,20.588236
1684926193.785835,20.588236
1684926193.795929,20.588236
1684926193.806064,20.588236
1684926193.816251,20.588236
1684926193.826160,20.588236
1684926193.836273,20.588236
1684926193.846285,20.588236
1684926193.856376,20.588236
1684926193.866510,20.588236
1684926193.876498,20.588236
1684926193.886500,20.588236
1684926193.896679,20.588236
1684926193.906737,20.588236
1684926193.916839,20.588236
1684926193.926748,20.588236
1684926193.936799,20.588236
1684926193.946815,20.000000
1684926193.956771,20.588236
1684926193.966708,20.588236
1684926193.976747,20.000000
1684926193.986706,20.588236
1684926193.996785,20.588236
1684926194.006729,20.588236
1684926194.016685,20.588236
1684926194.025729,20.588236
1684926194.035693,20.588236
1684926194.046725,20.588236
1684926194.056688,20.588236
1684926194.065628,20.000000
1684926194.075787,20.000000
1684926194.085693,20.000000
1684926194.095752,20.588236
1684926194.106688,20.588236
1684926194.116248,20.588236
1684926194.125666,20.588236
1684926194.135776,20.588236
1684926194.145750,20.588236
1684926194.156034,20.588236
1684926194.165651,20.000000
1684926194.175716,20.000000
1684926194.185721,20.588236
1684926194.195902,20.588236
1684926194.206729,20.588236
1684926194.215920,20.588236
1684926194.225675,20.588236
1684926194.235775,20.000000
1684926194.245646,20.588236
1684926194.256828,20.588236
1684926194.265643,20.588236
1684926194.275799,20.588236
1684926194.285769,20.588236
1684926194.295798,20.588236
1684926194.305751,20.588236
1684926194.315774,20.588236
1684926194.325711,20.588236
1684926194.335844,20.588236
1684926194.345683,20.588236
1684926194.355784,20.588236
1684926194.365727,20.588236
1684926194.375777,20.588236
1684926194.385698,20.588236
1684926194.395818,20.588236
1684926194.405718,20.588236
1684926194.415774,20.588236
1684926194.425688,20.588236
1684926194.435783,20.588236
1684926194.445702,20.588236
1684926194.455765,20.588236
1684926194.465714,20.588236
1684926194.476035,20.588236
1684926194.485944,20.588236
1684926194.495734,20.588236
1684926194.505718,20.588236
1684926194.515865,20.588236
1684926194.525835,20.588236
1684926194.535788,20.588236
1684926194.545835,20.588236
1684926194.555825,20.588236
1684926194.565713,20.588236
1684926194.575751,20.588236
1684926194.585836,20.588236
1684926194.595825,20.588236
1684926194.605721,20.588236
1684926194.615757,20.588236
1684926194.625704,20.588236
1684926194.635764,20.588236
1684926194.637280,20.588236
1684926194.645701,20.588236
1684926194.655791,20.588236
1684926194.665705,20.588236
1684926194.675754,20.588236
1684926194.685758,20.588236
1684926194.695762,20.588236
1684926194.705785,20.588236
1684926194.715763,20.588236
1684926194.725837,20.588236
1684926194.735824,20.588236
1684926194.746778,20.588236
1684926194.755825,20.588236
1684926194.765761,20.588236
1684926194.765818,20.588236
1684926194.776842,20.588236
1684926194.785753,20.588236
1684926194.796800,20.588236
1684926194.805696,20.588236
1684926194.815803,20.588236
1684926194.825798,20.588236
1684926194.835796,20.588236
1684926194.846758,20.588236
1684926194.855763,20.588236
1684926194.865766,20.588236
1684926194.875722,20.588236
1684926194.885763,20.588236
1684926194.896746,20.588236
1684926194.905765,20.588236
1684926194.915825,20.588236
1684926194.925702,20.588236
1684926194.935828,20.588236
1684926194.946765,20.588236
1684926194.955929,20.588236
1684926194.965762,20.588236
1684926194.975870,20.588236
1684926194.985779,20.588236
1684926194.996777,20.588236
1684926194.996829,20.588236
1684926195.005773,20.588236
1684926195.015802,20.588236
1684926195.025716,20.588236
1684926195.035767,20.588236
1684926195.045765,20.588236
1684926195.055770,20.588236
1684926195.065757,20.588236
1684926195.075782,20.588236
1684926195.085756,20.588236
1684926195.095851,20.588236
1684926195.105732,20.588236
1684926195.116539,20.588236
1684926195.125852,20.588236
1684926195.135770,20.588236
1684926195.145767,20.588236
1684926195.155804,20.588236
1684926195.165758,20.588236
1684926195.175880,20.588236
1684926195.185826,20.588236
1684926195.195815,20.588236
1684926195.205801,20.588236
1684926195.215852,20.588236
1684926195.225880,20.588236
1684926195.235831,20.588236
1684926195.245954,20.588236
1684926195.256021,20.588236
1684926195.266017,20.588236
1684926195.276081,20.588236
1684926195.286116,20.588236
1684926195.296185,20.588236
1684926195.306262,20.588236
1684926195.316308,20.588236
1684926195.326369,20.588236
1684926195.336440,20.588236
1684926195.346509,20.588236
1684926195.356562,20.588236
1684926195.366588,20.588236
1684926195.376751,20.588236
1684926195.385685,20.588236
1684926195.396762,20.588236
1684926195.405835,20.588236
1684926195.416696,20.588236
1684926195.426726,20.588236
1684926195.436683,20.588236
1684926195.446752,20.588236
1684926195.456816,20.588236
1684926195.466821,20.588236
1684926195.475891,20.588236
1684926195.486764,20.588236
1684926195.495838,20.588236
1684926195.505766,20.588236
1684926195.515794,20.588236
1684926195.525765,20.588236
1684926195.536788,20.588236
1684926195.545808,20.588236
1684926195.555837,20.588236
1684926195.565786,20.588236
1684926195.575811,20.588236
1684926195.586750,20.588236
1684926195.595864,20.588236
1684926195.605792,20.588236
1684926195.615797,20.588236
1684926195.625767,20.588236
1684926195.636829,20.588236
1684926195.645734,20.588236
1684926195.655787,20.588236
1684926195.665828,20.588236
1684926195.675870,20.588236
1684926195.686792,20.588236
1684926195.695824,20.588236
1684926195.705830,20.588236
1684926195.715780,20.588236
1684926195.725814,20.588236
1684926195.735774,20.588236
1684926195.745837,20.588236
1684926195.755814,20.588236
1684926195.765892,20.588236
1684926195.776868,20.588236
1684926195.785764,20.588236
1684926195.795816,20.588236
1684926195.805823,20.588236
1684926195.815935,20.588236
1684926195.825831,20.588236
1684926195.835815,20.588236
1684926195.846066,20.588236
1684926195.855791,20.588236
1684926195.865837,20.588236
1684926195.875910,20.000000
1684926195.885714,20.588236
1684926195.895990,20.000000
1684926195.905810,20.588236
1684926195.915822,20.588236
1684926195.925767,20.588236
1684926195.935849,20.588236
1684926195.946200,20.588236
1684926195.955850,20.000000
1684926195.957417,20.000000
1684926195.965918,20.588236
1684926195.975951,20.000000
1684926195.986066,20.588236
1684926195.996129,20.588236
1684926196.006176,20.588236
1684926196.016231,20.000000
1684926196.026291,20.588236
1684926196.036276,20.588236
1684926196.046388,20.588236
1684926196.056430,20.588236
1684926196.066460,20.588236
1684926196.076550,20.588236
1684926196.086553,20.588236
1684926196.096671,20.588236
1684926196.105704,20.588236
1684926196.116236,20.588236
1684926196.126850,20.588236
1684926196.135977,20.588236
1684926196.145966,20.000000
1684926196.156005,20.588236
1684926196.166069,20.000000
1684926196.176149,20.588236
1684926196.186179,20.588236
1684926196.196265,20.588236
1684926196.206329,20.588236
1684926196.216369,20.588236
1684926196.226440,20.588236
1684926196.236524,20.588236
1684926196.246552,20.588236
1684926196.256589,20.588236
1684926196.266653,20.588236
1684926196.276744,20.588236
1684926196.286803,20.588236
1684926196.296971,20.588236
1684926196.306839,20.588236
1684926196.316830,20.588236
1684926196.326802,20.588236
1684926196.336905,20.588236
1684926196.346808,20.588236
1684926196.356864,20.588236
1684926196.366786,20.588236
1684926196.376902,20.588236
1684926196.386842,20.588236
1684926196.397015,20.588236
1684926196.405924,20.588236
1684926196.415888,20.588236
1684926196.426816,20.588236
1684926196.435905,20.000000
1684926196.446820,20.588236
1684926196.455907,20.588236
1684926196.465883,20.588236
1684926196.476846,20.588236
1684926196.485833,20.588236
1684926196.495861,20.000000
1684926196.505800,20.588236
1684926196.515899,20.588236
1684926196.525845,20.588236
1684926196.535864,20.588236
1684926196.545759,20.588236
1684926196.555851,20.588236
1684926196.565933,20.588236
1684926196.575821,20.588236
1684926196.585923,20.588236
1684926196.595896,20.588236
1684926196.605891,20.588236
1684926196.615828,20.588236
1684926196.625824,20.588236
1684926196.635905,20.588236
1684926196.645904,20.588236
1684926196.655908,20.588236
1684926196.665960,20.588236
1684926196.675929,20.588236
1684926196.685850,20.588236
1684926196.695990,20.588236
1684926196.706762,20.000000
1684926196.715847,20.588236
1684926196.725804,20.588236
1684926196.735886,20.588236
1684926196.745813,20.588236
1684926196.756894,20.588236
1684926196.765886,20.588236
1684926196.776866,20.588236
1684926196.785796,20.588236
1684926196.795914,20.588236
1684926196.805824,20.588236
1684926196.815881,20.588236
1684926196.825786,20.588236
1684926196.835908,20.588236
1684926196.845786,20.588236
1684926196.855884,20.588236
1684926196.866847,20.588236
1684926196.875969,20.588236
1684926196.885916,20.588236
1684926196.895964,20.588236
1684926196.905858,20.588236
1684926196.916908,20.588236
1684926196.926722,20.588236
1684926196.935914,20.588236
1684926196.945914,20.588236
1684926196.955915,20.588236
1684926196.966906,20.588236
1684926196.975950,20.588236
1684926196.985884,20.588236
1684926196.986360,20.588236
1684926196.995895,20.588236
1684926197.005830,20.588236
1684926197.016956,20.588236
1684926197.026668,20.588236
1684926197.035902,20.588236
1684926197.046558,20.588236
1684926197.055849,20.588236
1684926197.066851,20.588236
1684926197.075957,20.588236
1684926197.085869,20.588236
1684926197.095916,20.000000
1684926197.105853,20.588236
1684926197.116874,20.000000
1684926197.120009,20.000000
1684926197.126488,20.588236
1684926197.135914,20.588236
1684926197.145909,20.588236
1684926197.155911,20.588236
1684926197.165818,20.588236
1684926197.175914,20.588236
1684926197.185831,20.000000
1684926197.195933,20.000000
1684926197.205865,20.588236
1684926197.216018,20.000000
1684926197.226407,20.588236
1684926197.235940,20.588236
1684926197.246362,20.588236
1684926197.255933,20.000000
1684926197.265916,20.588236
1684926197.275903,20.588236
1684926197.285923,20.588236
1684926197.295943,20.588236
1684926197.305909,20.588236
1684926197.315925,20.588236
1684926197.326433,20.588236
1684926197.335974,20.588236
1684926197.345939,20.588236
1684926197.355916,20.000000
1684926197.366164,20.588236
1684926197.375964,20.588236
1684926197.385828,20.588236
1684926197.395897,20.588236
1684926197.405911,20.588236
1684926197.415971,20.000000
1684926197.426201,20.588236
1684926197.436197,20.588236
1684926197.446172,20.588236
1684926197.455943,20.588236
1684926197.465910,20.588236
1684926197.475863,20.588236
1684926197.485878,20.588236
1684926197.496011,20.588236
1684926197.505934,20.588236
1684926197.515871,20.588236
1684926197.526681,20.000000
1684926197.536061,20.588236
1684926197.545915,20.588236
1684926197.555996,20.588236
1684926197.565925,20.588236
1684926197.575951,20.588236
1684926197.585835,20.588236
1684926197.596889,20.588236
1684926197.606997,20.588236
1684926197.615903,20.000000
1684926197.626736,20.588236
1684926197.635923,20.588236
1684926197.646751,20.588236
1684926197.656835,20.588236
1684926197.666784,20.588236
1684926197.676800,20.588236
1684926197.686738,20.588236
1684926197.696763,20.588236
1684926197.706754,20.588236
1684926197.716745,20.588236
1684926197.725835,20.588236
1684926197.736837,20.588236
1684926197.745761,20.588236
1684926197.755989,20.588236
1684926197.766006,20.588236
1684926197.777105,20.588236
1684926197.785799,20.588236
1684926197.796216,20.588236
1684926197.806258,20.588236
1684926197.816313,20.588236
1684926197.825800,20.000000
1684926197.836520,20.588236
1684926197.846896,20.588236
1684926197.856542,20.588236
1684926197.866656,20.588236
1684926197.876655,20.000000
1684926197.886734,20.588236
1684926197.896776,20.588236
1684926197.907034,20.000000
1684926197.916998,20.000000
1684926197.926919,20.588236
1684926197.937009,20.588236
1684926197.946920,20.588236
1684926197.956939,20.588236
1684926197.966857,20.588236
1684926197.976929,20.588236
1684926197.986877,20.588236
1684926197.996920,20.588236
1684926198.006996,20.588236
1684926198.015996,20.588236
1684926198.025876,20.588236
1684926198.037315,20.588236
1684926198.045943,20.588236
1684926198.056428,20.000000
1684926198.065920,20.000000
1684926198.075968,20.588236
1684926198.085885,20.588236
1684926198.096072,20.588236
1684926198.105880,20.588236
1684926198.116466,20.588236
1684926198.125916,20.588236
1684926198.136024,20.588236
1684926198.145901,20.588236
1684926198.155999,20.588236
1684926198.165943,20.588236
1684926198.176008,20.588236
1684926198.186948,20.588236
1684926198.196078,20.588236
1684926198.205921,20.000000
1684926198.216074,20.588236
1684926198.225943,20.588236
1684926198.235972,20.588236
1684926198.245940,20.588236
1684926198.255929,20.588236
1684926198.265918,20.588236
1684926198.275880,20.588236
1684926198.285906,20.588236
1684926198.296026,20.000000
1684926198.305860,20.000000
1684926198.315975,20.000000
1684926198.325969,20.000000
1684926198.335994,20.588236
1684926198.345989,20.588236
1684926198.355994,20.588236
1684926198.365972,20.588236
1684926198.376011,20.588236
1684926198.386022,20.588236
1684926198.397046,20.588236
1684926198.405946,20.588236
1684926198.415944,20.588236
1684926198.426046,20.588236
1684926198.435952,20.588236
1684926198.435954,20.588236
1684926198.446036,20.588236
1684926198.455906,20.588236
1684926198.465868,20.588236
1684926198.475988,20.588236
1684926198.485893,20.588236
1684926198.496969,20.588236
1684926198.505861,20.000000
1684926198.516032,20.000000
1684926198.526145,20.588236
1684926198.536115,20.588236
1684926198.546078,20.588236
1684926198.556047,20.588236
1684926198.565938,20.588236
1684926198.575969,20.588236
1684926198.585945,20.588236
1684926198.596001,20.588236
1684926198.605916,20.588236
1684926198.616016,20.588236
1684926198.625967,20.588236
1684926198.635962,20.588236
1684926198.645941,20.588236
1684926198.656038,20.588236
1684926198.665953,20.588236
1684926198.675988,20.588236
1684926198.686003,20.588236
1684926198.695994,20.588236
1684926198.705961,20.588236
1684926198.716022,20.588236
1684926198.726188,20.000000
1684926198.726259,20.000000
1684926198.735971,20.588236
1684926198.746240,20.588236
1684926198.755970,20.588236
1684926198.765930,20.588236
1684926198.777014,20.588236
1684926198.785946,20.588236
1684926198.796001,20.588236
1684926198.805926,20.588236
1684926198.816056,20.588236
1684926198.825893,20.588236
1684926198.835952,20.588236
1684926198.845955,20.588236
1684926198.855972,20.588236
1684926198.865948,20.588236
1684926198.876956,20.588236
1684926198.885899,20.000000
1684926198.895973,20.588236
1684926198.905916,20.588236
1684926198.916023,20.588236
1684926198.926074,20.588236
1684926198.936027,20.588236
1684926198.946466,20.000000
1684926198.956056,20.588236
1684926198.965957,20.588236
1684926198.976001,20.588236
1684926198.985930,20.588236
1684926198.996004,20.588236
1684926199.005929,20.588236
1684926199.016021,20.588236
1684926199.025962,20.588236
1684926199.036034,20.588236
1684926199.045959,20.588236
1684926199.056045,20.588236
1684926199.065923,20.588236
1684926199.076032,20.588236
1684926199.087003,20.588236
1684926199.096045,20.588236
1684926199.106027,20.588236
1684926199.116022,20.588236
1684926199.126024,20.588236
1684926199.136119,20.588236
1684926199.146142,20.588236
1684926199.156207,20.000000
1684926199.166228,20.588236
1684926199.176404,20.000000
1684926199.186329,20.588236
1684926199.196053,20.000000
1684926199.205994,20.000000
1684926199.216076,20.588236
1684926199.226335,20.588236
1684926199.237038,20.588236
1684926199.246312,20.588236
1684926199.255976,20.000000
1684926199.265956,20.000000
1684926199.275979,20.588236
1684926199.286939,20.588236
1684926199.296054,20.588236
1684926199.306078,20.588236
1684926199.316122,20.588236
1684926199.326207,20.588236
1684926199.336239,20.588236
1684926199.346409,20.588236
1684926199.356349,20.588236
1684926199.366549,20.588236
1684926199.376528,20.588236
1684926199.386561,20.588236
1684926199.396521,20.000000
1684926199.406558,20.588236
1684926199.416572,20.588236
1684926199.426584,20.588236
1684926199.436547,20.588236
1684926199.446542,20.588236
1684926199.456596,20.588236
1684926199.466560,20.000000
1684926199.476541,20.588236
1684926199.486559,20.588236
1684926199.496544,20.588236
1684926199.506855,20.588236
1684926199.516550,20.588236
1684926199.526598,20.588236
1684926199.536607,20.588236
1684926199.546606,20.588236
1684926199.556611,20.588236
1684926199.566630,20.000000
1684926199.576688,20.588236
1684926199.577192,20.588236
1684926199.586604,20.588236
1684926199.596606,20.000000
1684926199.606689,20.588236
1684926199.616745,20.588236
1684926199.626838,20.588236
1684926199.636878,20.588236
1684926199.646672,20.588236
1684926199.657008,20.000000
1684926199.667091,20.000000
1684926199.677091,20.588236
1684926199.687063,20.588236
1684926199.697109,20.000000
1684926199.706975,20.588236
1684926199.717075,20.588236
1684926199.727013,20.588236
1684926199.737026,20.588236
1684926199.737084,20.588236
1684926199.746735,20.588236
1684926199.757068,20.588236
1684926199.767019,20.000000
1684926199.777133,20.588236
1684926199.786009,20.000000
1684926199.796048,20.588236
1684926199.807064,20.000000
1684926199.816182,20.588236
1684926199.827011,20.588236
1684926199.836071,20.588236
1684926199.846864,20.000000
1684926199.856005,20.588236
1684926199.866103,20.588236
1684926199.877044,20.588236
1684926199.887064,20.588236
1684926199.896068,20.588236
1684926199.906003,20.588236
1684926199.916044,20.000000
1684926199.927026,20.588236
1684926199.935981,20.588236
1684926199.946880,20.588236
1684926199.956069,20.000000
1684926199.966990,20.588236
1684926199.976066,20.588236
1684926199.986072,20.588236
1684926199.996074,20.588236
1684926200.006092,20.588236
1684926200.016187,20.588236
1684926200.026094,20.588236
1684926200.036127,20.588236
1684926200.046093,20.588236
1684926200.046200,20.588236
1684926200.056096,20.588236
1684926200.066160,20.588236
1684926200.076111,20.588236
1684926200.086169,20.588236
1684926200.096227,20.588236
1684926200.106242,20.588236
1684926200.116305,20.588236
1684926200.126131,20.588236
1684926200.136134,20.588236
1684926200.146144,20.588236
1684926200.156139,20.588236
1684926200.166252,20.588236
1684926200.176167,20.000000
1684926200.186219,20.588236
1684926200.196142,20.588236
1684926200.206192,20.588236
1684926200.216259,20.588236
1684926200.226264,20.000000
1684926200.236220,20.588236
1684926200.246281,20.588236
1684926200.256211,20.588236
1684926200.266183,20.588236
1684926200.276263,20.588236
1684926200.286289,20.588236
1684926200.296386,20.588236
1684926200.306263,20.588236
1684926200.316323,20.000000
1684926200.326492,20.588236
1684926200.336288,20.000000
1684926200.346314,20.000000
1684926200.356307,20.588236
1684926200.366322,20.588236
1684926200.376449,20.588236
1684926200.386428,20.588236
1684926200.396472,20.588236
1684926200.406553,20.588236
1684926200.416617,20.588236
1684926200.426782,20.588236
1684926200.436803,20.000000
1684926200.446933,20.588236
1684926200.456873,20.588236
1684926200.466966,20.588236
1684926200.476960,20.588236
1684926200.485974,20.588236
1684926200.496165,20.588236
1684926200.506212,20.588236
1684926200.516160,20.588236
1684926200.526301,20.588236
1684926200.536285,20.000000
1684926200.546366,20.588236
1684926200.556447,20.588236
1684926200.566472,20.588236
1684926200.576623,20.000000
1684926200.586581,20.588236
1684926200.596617,20.588236
1684926200.605972,20.588236
1684926200.617091,20.000000
1684926200.626137,20.588236
1684926200.636155,20.588236
1684926200.646246,20.588236
1684926200.656269,20.000000
1684926200.666437,20.588236
1684926200.676448,20.588236
1684926200.686463,20.588236
1684926200.696456,20.588236
1684926200.706494,20.588236
1684926200.716490,20.588236
1684926200.726643,20.588236
1684926200.736606,20.000000
1684926200.746652,20.588236
1684926200.756817,20.588236
1684926200.766638,20.588236
1684926200.777624,20.000000
1684926200.786630,20.588236
1684926200.796627,20.588236
1684926200.806616,20.000000
1684926200.816654,20.000000
1684926200.826644,18.823530
1684926200.836648,18.235294
1684926200.846650,18.235294
1684926200.856647,17.058823
1684926200.866633,17.058823
1684926200.876644,5.882353
1684926200.886683,0.588235
1684926200.896690,0.000000
1684926200.906585,0.000000
1684926200.916675,0.000000
1684926200.926547,0.000000
1684926200.936663,0.000000
1684926200.946521,0.000000
1684926200.956684,0.000000
1684926200.966510,0.000000
1684926200.976702,0.000000
1684926200.986489,0.000000
1684926200.996744,0.000000
1684926201.006608,0.000000
1684926201.016692,0.000000
1684926201.026461,0.000000
1684926201.036711,0.000000
1684926201.046472,0.000000
1684926201.056765,0.000000
1684926201.066390,0.000000
1684926201.076745,0.000000
1684926201.086408,0.000000
1684926201.096732,0.000000
1684926201.106335,0.000000
1684926201.116334,0.000000
1684926201.126334,0.000000
1684926201.136785,0.000000
1684926201.148456,0.000000
1684926201.156781,0.000000
1684926201.166316,0.000000
1684926201.176779,0.000000
1684926201.186296,0.000000
1684926201.186371,0.000000
1684926201.196824,0.000000
1684926201.206328,0.000000
1684926201.216789,0.000000
1684926201.226232,0.000000
1684926201.236807,0.000000
1684926201.246240,0.000000
1684926201.256859,0.000000
1684926201.266210,0.000000
1684926201.276815,0.000000
1684926201.286198,0.000000
1684926201.296839,0.000000
1684926201.306156,0.000000
1684926201.306153,0.000000
1684926201.316869,0.000000
1684926201.326157,0.000000
1684926201.336812,0.000000
1684926201.346155,0.000000
1684926201.356893,0.000000
1684926201.366109,0.000000
1684926201.376918,0.000000
1684926201.386088,0.000000
1684926201.396878,0.000000
1684926201.406087,0.000000
1684926201.416833,0.000000
1684926201.426038,0.000000
1684926201.436963,0.000000
1684926201.446194,0.000000
1684926201.456980,0.000000
1684926201.466004,0.000000
1684926201.477028,0.000000
1684926201.486084,0.000000
1684926201.497032,0.000000
1684926201.506006,0.000000
1684926201.517003,0.000000
1684926201.526004,0.000000
1684926201.537022,0.000000
1684926201.547051,0.000000
1684926201.557022,0.000000
1684926201.566030,0.000000
1684926201.577063,0.000000
1684926201.586030,0.000000
1684926201.597111,0.000000
1684926201.606028,0.000000
1684926201.617095,0.000000
1684926201.626028,0.000000
1684926201.637047,0.000000
1684926201.647087,0.000000
1684926201.657047,0.000000
1684926201.666087,0.000000
1684926201.677079,0.000000
1684926201.686131,0.000000
1684926201.697171,0.000000
1684926201.706101,0.000000
1684926201.717084,0.000000
1684926201.726110,0.000000
1684926201.737087,0.000000
1684926201.747165,0.000000
1684926201.757101,0.000000
1684926201.766094,0.000000
1684926201.778111,0.000000
1684926201.786114,0.000000
1684926201.797103,0.000000
1684926201.806110,0.000000
1684926201.817118,0.000000
1684926201.826112,0.000000
1684926201.837123,0.000000
1684926201.847140,0.000000
1684926201.857131,0.000000
1684926201.866119,0.000000
1684926201.877223,0.000000
1684926201.886206,0.000000
1684926201.897128,0.000000
1684926201.909508,0.000000
1684926201.917162,0.000000
1684926201.926259,0.000000
1684926201.937212,0.000000
1684926201.937212,0.000000
1684926201.947156,0.000000
1684926201.957259,0.000000
1684926201.966213,0.000000
1684926201.977184,0.000000
1684926201.986215,0.000000
1684926201.997216,0.000000
1684926202.006361,0.000000
1684926202.017235,0.000000
1684926202.026363,0.000000
1684926202.036240,0.000000
1684926202.047278,0.000000
1684926202.057289,0.000000
1684926202.066234,0.000000
1684926202.077200,0.000000
1684926202.086269,0.000000
1684926202.097281,0.000000
1684926202.106213,0.000000
1684926202.117221,0.000000
1684926202.126135,0.000000
1684926202.137237,0.000000
1684926202.147227,0.000000
1684926202.157282,0.000000
1684926202.166223,0.000000
1684926202.177310,0.000000
1684926202.186280,0.000000
1684926202.196340,0.000000
1684926202.206254,0.000000
1684926202.216470,0.000000
1684926202.226206,0.000000
1684926202.236594,0.000000
1684926202.247226,0.000000
1684926202.256730,0.000000
1684926202.266212,0.000000
1684926202.276824,0.000000
1684926202.286135,0.000000
1684926202.296907,0.000000
1684926202.306433,0.000000
1684926202.317039,0.000000
1684926202.326097,0.000000
1684926202.337141,0.000000
1684926202.347205,0.000000
1684926202.357215,0.000000
1684926202.366267,0.000000
1684926202.376349,0.000000
1684926202.386427,0.000000
1684926202.396446,0.000000
1684926202.406521,0.000000
1684926202.417591,0.000000
1684926202.426612,0.000000
1684926202.436690,0.000000
1684926202.446746,0.000000
1684926202.456886,0.000000
1684926202.467885,0.000000
1684926202.477911,0.000000
1684926202.488055,0.000000
1684926202.497972,0.000000
1684926202.508105,0.000000
1684926202.518204,0.000000
1684926202.527182,0.000000
1684926202.537949,0.000000
1684926202.547230,0.000000
1684926202.558285,0.000000
1684926202.567266,0.000000
1684926202.577829,0.000000
1684926202.587197,0.000000
1684926202.598259,0.000000
1684926202.607243,0.000000
1684926202.618272,0.000000
1684926202.627229,0.000000
1684926202.637740,0.000000
1684926202.647180,0.000000
1684926202.658306,0.000000
1684926202.667205,0.000000
1684926202.677703,0.000000
1684926202.687198,0.000000
1684926202.697354,0.000000
1684926202.706171,0.000000
1684926202.717680,0.000000
1684926202.726275,0.000000
1684926202.738282,0.000000
1684926202.748283,0.000000
1684926202.758271,0.000000
1684926202.766283,0.000000
1684926202.778367,0.000000
1684926202.786329,0.000000
1684926202.797314,0.000000
1684926202.806186,0.000000
1684926202.817306,0.000000
1684926202.826217,0.000000
1684926202.837338,0.000000
1684926202.846214,0.000000
1684926202.857308,0.000000
1684926202.866262,0.000000
1684926202.877221,0.000000
1684926202.886283,0.000000
1684926202.897316,0.000000
1684926202.906187,0.000000
1684926202.916580,0.000000
1684926202.926288,0.000000
1684926202.937324,0.000000
1684926202.947206,0.000000
1684926202.956415,0.000000
1684926202.966296,0.000000
1684926202.977464,0.000000
1684926202.987362,0.000000
1684926202.997393,0.000000
1684926203.006183,0.000000
1684926203.017365,0.000000
1684926203.026304,0.000000
1684926203.037389,0.000000
1684926203.046271,0.000000
1684926203.057324,0.000000
1684926203.067179,0.000000
1684926203.077245,0.000000
1684926203.087270,0.000000
1684926203.097248,0.000000
1684926203.106320,0.000000
1684926203.117224,0.000000
1684926203.127262,0.000000
1684926203.137372,0.000000
1684926203.146254,0.000000
1684926203.157354,0.000000
1684926203.167274,0.000000
1684926203.177354,0.000000
1684926203.186261,0.000000
1684926203.197313,0.000000
1684926203.206274,0.000000
1684926203.217335,0.000000
1684926203.226349,0.000000
1684926203.237383,0.000000
1684926203.246311,0.000000
1684926203.257295,0.000000
1684926203.266247,0.000000
1684926203.276291,0.000000
1684926203.286252,0.000000
1684926203.296306,0.000000
1684926203.306284,0.000000
1684926203.317364,0.000000
1684926203.326299,0.000000
1684926203.337313,0.000000
1684926203.346272,0.000000
1684926203.357355,0.000000
1684926203.366314,0.000000
1684926203.377702,0.000000
1684926203.386323,0.000000
1684926203.397373,0.000000
1684926203.406348,0.000000
1684926203.417494,0.000000
1684926203.426277,0.000000
1684926203.437410,0.000000
1684926203.446304,0.000000
1684926203.456337,0.000000
1684926203.466374,0.000000
1684926203.476309,0.000000
1684926203.486295,0.000000
1684926203.496365,0.000000
1684926203.506264,0.000000
1684926203.516325,0.000000
1684926203.526294,0.000000
1684926203.536333,0.000000
1684926203.546321,0.000000
1684926203.558193,0.000000
1684926203.566351,0.000000
1684926203.577465,0.000000
1684926203.586362,0.000000
1684926203.597416,0.000000
1684926203.606291,0.000000
1684926203.617331,0.000000
1684926203.626315,0.000000
1684926203.637335,0.000000
1684926203.646192,0.000000
1684926203.657245,0.000000
1684926203.666413,0.000000
1684926203.677431,0.000000
1684926203.686363,0.000000
1684926203.697440,0.000000
1684926203.706487,0.000000
1684926203.717613,0.000000
1684926203.726588,0.000000
1684926203.737652,0.000000
1684926203.746687,0.000000
1684926203.757826,0.000000
1684926203.766857,0.000000
1684926203.777886,0.000000
1684926203.787980,0.000000
1684926203.798033,0.000000
1684926203.808043,0.000000
1684926203.818182,0.000000
1684926203.828174,0.000000
1684926203.838332,0.000000
1684926203.847394,0.000000
1684926203.858437,0.000000
1684926203.867425,0.000000
1684926203.878407,0.000000
1684926203.887281,0.000000
1684926203.898484,0.000000
1684926203.907364,0.000000
1684926203.918416,0.000000
1684926203.927366,0.000000
1684926203.938390,0.000000
1684926203.946256,0.000000
1684926203.958390,0.000000
1684926203.967382,0.000000
1684926203.978547,0.000000
1684926203.986275,0.000000
1684926203.998962,0.000000
1684926204.008325,0.000000
1684926204.018433,0.000000
1684926204.026316,0.000000
1684926204.038424,0.000000
1684926204.046318,0.000000
1684926204.058518,0.000000
1684926204.067389,0.000000
1684926204.077384,0.000000
1684926204.086688,0.000000
1684926204.096367,0.000000
1684926204.106288,0.000000
1684926204.116361,0.000000
1684926204.127314,0.000000
1684926204.137383,0.000000
1684926204.147321,0.000000
1684926204.157385,0.000000
1684926204.167384,0.000000
1684926204.177403,0.000000
1684926204.187268,0.000000
1684926204.197473,0.000000
1684926204.206304,0.000000
1684926204.217424,0.000000
1684926204.227316,0.000000
1684926204.237384,0.000000
1684926204.247324,0.000000
1684926204.257416,0.000000
1684926204.267361,0.000000
1684926204.277426,0.000000
1684926204.287388,0.000000
1684926204.297496,0.000000
1684926204.306265,0.000000
1684926204.317403,0.000000
1684926204.326322,0.000000
1684926204.337398,0.000000
1684926204.346298,0.000000
1684926204.357361,0.000000
1684926204.366263,0.000000
1684926204.377423,0.000000
1684926204.386396,0.000000
1684926204.396367,0.000000
1684926204.406360,0.000000
1684926204.417341,0.000000
1684926204.427384,0.000000
1684926204.437455,0.000000
1684926204.447323,0.000000
1684926204.457657,0.000000
1684926204.467426,0.000000
1684926204.477386,0.000000
1684926204.487385,0.000000
1684926204.497472,0.000000
1684926204.507415,0.000000
1684926204.517416,0.000000
1684926204.527308,0.000000
1684926204.537412,0.000000
1684926204.547351,0.000000
1684926204.557474,0.000000
1684926204.567349,0.000000
1684926204.577564,0.000000
1684926204.586316,0.000000
1684926204.597449,0.000000
1684926204.607442,0.000000
1684926204.617469,0.000000
1684926204.627324,0.000000
1684926204.637491,0.000000
1684926204.647309,0.000000
1684926204.657403,0.000000
1684926204.666328,0.000000
1684926204.677448,0.000000
1684926204.686449,0.000000
1684926204.697365,0.000000
1684926204.707374,0.000000
1684926204.717432,0.000000
1684926204.727394,0.000000
1684926204.737620,0.000000
1684926204.747349,0.000000
1684926204.757453,0.000000
1684926204.767298,0.000000
1684926204.777486,0.000000
1684926204.787337,0.000000
1684926204.797373,0.000000
1684926204.807347,0.000000
1684926204.817375,0.000000
1684926204.827349,0.000000
1684926204.837373,0.000000
1684926204.847346,0.000000
1684926204.857416,0.000000
1684926204.867414,0.000000
1684926204.877499,0.000000
1684926204.887391,0.000000
1684926204.897414,0.000000
1684926204.907416,0.000000
1684926204.917541,0.000000
1684926204.927369,0.000000
1684926204.937451,0.000000
1684926204.947389,0.000000
1684926204.957490,0.000000
1684926204.957602,0.000000
1684926204.966431,0.000000
1684926204.977445,0.000000
1684926204.987326,0.000000
1684926204.997448,0.000000
1684926205.007367,0.000000
1684926205.017414,0.000000
1684926205.027349,0.000000
1684926205.037392,0.000000
1684926205.047703,0.000000
1684926205.057397,0.000000
1684926205.067383,0.000000
1684926205.077502,0.000000
1684926205.087390,0.000000
1684926205.097410,0.000000
1684926205.107447,0.000000
1684926205.117469,0.000000
1684926205.127414,0.000000
1684926205.137461,0.000000
1684926205.147371,0.000000
1684926205.157579,0.000000
1684926205.167372,0.000000
1684926205.177377,0.000000
1684926205.187393,0.000000
1684926205.197479,0.000000
1684926205.207457,0.000000
1684926205.217524,0.000000
1684926205.226562,0.000000
1684926205.237735,0.000000
1684926205.246670,0.000000
1684926205.257694,0.000000
1684926205.266772,0.000000
1684926205.276982,0.000000
1684926205.286849,0.000000
1684926205.296943,0.000000
1684926205.306997,0.000000
1684926205.317153,0.000000
1684926205.327105,0.000000
1684926205.337214,0.000000
1684926205.347210,0.000000
1684926205.357367,0.000000
1684926205.367337,0.000000
1684926205.377382,0.000000
1684926205.387465,0.000000
1684926205.397557,0.000000
1684926205.407566,0.000000
1684926205.417607,0.000000
1684926205.426628,0.000000
1684926205.437696,0.000000
1684926205.446806,0.000000
1684926205.457875,0.000000
1684926205.466883,0.000000
1684926205.477056,0.000000
1684926205.487062,0.000000
1684926205.497046,0.000000
1684926205.507128,0.000000
1684926205.517181,0.000000
1684926205.527238,0.000000
1684926205.538321,0.000000
1684926205.547318,0.000000
1684926205.557402,0.000000
1684926205.567451,0.000000
1684926205.577509,0.000000
1684926205.587498,0.000000
1684926205.597443,0.000000
1684926205.607426,0.000000
1684926205.617419,0.000000
1684926205.617421,0.000000
1684926205.627362,0.000000
1684926205.637427,0.000000
1684926205.647383,0.000000
1684926205.657460,0.000000
1684926205.667362,0.000000
1684926205.677421,0.000000
1684926205.687487,0.000000
1684926205.697530,0.000000
1684926205.707505,0.000000
1684926205.717528,0.000000
1684926205.727391,0.000000
1684926205.737556,0.000000
1684926205.747503,0.000000
1684926205.757502,0.000000
1684926205.767441,0.000000
1684926205.778407,0.000000
1684926205.787496,0.000000
1684926205.797463,0.000000
1684926205.807361,0.000000
1684926205.817400,0.000000
1684926205.827493,0.000000
1684926205.837512,0.000000
1684926205.847450,0.000000
1684926205.857461,0.000000
1684926205.867337,0.000000
1684926205.877426,0.000000
1684926205.887381,0.000000
1684926205.897453,0.000000
1684926205.907403,0.000000
1684926205.917381,0.000000
1684926205.927435,0.000000
1684926205.937493,0.000000
1684926205.947446,0.000000
1684926205.957462,0.000000
1684926205.967467,0.000000
1684926205.977471,0.000000
1684926205.987366,0.000000
1684926205.997492,0.000000
1684926206.007403,0.000000
1684926206.017212,0.000000
1684926206.027422,0.000000
1684926206.037529,0.000000
1684926206.047443,0.000000
1684926206.057620,0.000000
1684926206.067403,0.000000
1684926206.077586,0.000000
1684926206.087402,0.000000
1684926206.097149,0.000000
1684926206.107423,0.000000
1684926206.117157,0.000000
1684926206.127425,0.000000
1684926206.137130,0.000000
1684926206.147512,0.000000
1684926206.157489,0.000000
1684926206.167543,0.000000
1684926206.177038,0.000000
1684926206.187430,0.000000
1684926206.197544,0.000000
1684926206.207485,0.000000
1684926206.217066,0.000000
1684926206.227492,0.000000
1684926206.237486,0.000000
1684926206.247457,0.000000
1684926206.257513,0.000000
1684926206.267459,0.000000
1684926206.277524,0.000000
1684926206.287474,0.000000
1684926206.297514,0.000000
1684926206.307396,0.000000
1684926206.316889,0.000000
1684926206.327435,0.000000
1684926206.337435,0.000000
1684926206.347466,0.000000
1684926206.357451,0.000000
1684926206.367490,0.000000
1684926206.377518,0.000000
1684926206.387508,0.000000
1684926206.397560,0.000000
1684926206.407429,0.000000
1684926206.416962,0.000000
1684926206.427507,0.000000
1684926206.437506,0.000000
1684926206.447494,0.000000
1684926206.457584,0.000000
1684926206.467432,0.000000
1684926206.477617,0.000000
1684926206.487521,0.000000
1684926206.497570,0.000000
1684926206.507470,0.000000
1684926206.517530,0.000000
1684926206.526574,0.000000
1684926206.531940,0.000000
1684926206.537626,0.000000
1684926206.547699,0.000000
1684926206.557694,0.000000
1684926206.566719,0.000000
1684926206.577781,0.000000
1684926206.586824,0.000000
1684926206.597890,0.000000
1684926206.607055,0.000000
1684926206.617004,0.000000
1684926206.627078,0.000000
1684926206.637103,0.000000
1684926206.647160,0.000000
1684926206.657224,0.000000
1684926206.667244,0.000000
1684926206.677331,0.000000
1684926206.687426,0.000000
1684926206.697617,0.000000
1684926206.707491,0.000000
1684926206.717547,0.000000
1684926206.727642,0.000000
1684926206.737685,0.000000
1684926206.746666,0.000000
1684926206.757720,0.000000
1684926206.767064,0.000000
1684926206.777400,0.000000
1684926206.787157,0.000000
1684926206.797226,0.000000
1684926206.807312,0.000000
1684926206.817408,0.000000
1684926206.827502,0.000000
1684926206.837468,0.000000
1684926206.847436,0.000000
1684926206.857487,0.000000
1684926206.867409,0.000000
1684926206.877578,0.000000
1684926206.887475,0.000000
1684926206.897495,0.000000
1684926206.907470,0.000000
1684926206.917586,0.000000
1684926206.927480,0.000000
1684926206.937518,0.000000
1684926206.947479,0.000000
1684926206.957509,0.000000
1684926206.967537,0.000000
1684926206.977524,0.000000
1684926206.987584,0.000000
1684926206.997897,0.000000
1684926207.007538,0.000000
1684926207.017537,0.000000
1684926207.027516,0.000000
1684926207.037543,0.000000
1684926207.047474,0.000000
1684926207.057541,0.000000
1684926207.067542,0.000000
1684926207.077573,0.000000
1684926207.087524,0.000000
1684926207.097544,0.000000
1684926207.107409,0.000000
1684926207.117527,0.000000
1684926207.127535,0.000000
1684926207.137515,0.000000
1684926207.147739,0.000000
1684926207.157564,0.000000
1684926207.167521,0.000000
1684926207.177567,0.000000
1684926207.187538,0.000000
1684926207.197605,0.000000
1684926207.201328,0.000000
1684926207.207518,0.000000
1684926207.217578,0.000000
1684926207.227477,0.000000
1684926207.237480,0.000000
1684926207.247398,0.000000
1684926207.257494,0.000000
1684926207.267415,0.000000
1684926207.277461,0.000000
1684926207.287502,0.000000
1684926207.297462,0.000000
1684926207.307374,0.000000
1684926207.317477,0.000000
1684926207.327508,0.000000
1684926207.337572,0.000000
1684926207.347483,0.000000
1684926207.357455,0.000000
1684926207.367476,0.000000
1684926207.377485,0.000000
1684926207.387460,0.000000
1684926207.397564,0.000000
1684926207.407338,0.000000
1684926207.417462,0.000000
1684926207.427479,0.000000
1684926207.437479,0.000000
1684926207.447502,0.000000
1684926207.457521,0.000000
1684926207.467442,0.000000
1684926207.477543,0.000000
1684926207.487465,0.000000
1684926207.497462,0.000000
1684926207.507464,0.000000
1684926207.517569,0.000000
1684926207.527436,0.000000
1684926207.537566,0.000000
1684926207.547426,0.000000
1684926207.557530,0.000000
1684926207.567438,0.000000
1684926207.577437,0.000000
1684926207.587458,0.000000
1684926207.597504,0.000000
1684926207.607345,0.000000
1684926207.607524,0.000000
1684926207.617453,0.000000
1684926207.627419,0.000000
1684926207.637447,0.000000
1684926207.647413,0.000000
1684926207.657426,0.000000
1684926207.667435,0.000000
1684926207.677400,0.000000
1684926207.687421,0.000000
1684926207.697469,0.000000
1684926207.707314,0.000000
1684926207.717465,0.000000
1684926207.720920,0.000000
1684926207.727448,0.000000
1684926207.737486,0.000000
1684926207.747480,0.000000
1684926207.757534,0.000000
1684926207.767604,0.000000
1684926207.777539,0.000000
1684926207.787527,0.000000
1684926207.797575,0.000000
1684926207.807485,0.000000
1684926207.817666,0.000000
1684926207.827550,0.000000
1684926207.837555,0.000000
1684926207.847505,0.000000
1684926207.856755,0.000000
1684926207.867379,0.000000
1684926207.877391,0.000000
1684926207.887378,0.000000
1684926207.897357,0.000000
1684926207.907298,0.000000
1684926207.917362,0.000000
1684926207.927385,0.000000
1684926207.937403,0.000000
1684926207.947359,0.000000
1684926207.957366,0.000000
1684926207.966468,0.000000
1684926207.977403,0.000000
1684926207.986661,0.000000
1684926207.996516,0.000000
1684926208.007313,0.000000
1684926208.016615,0.000000
1684926208.027403,0.000000
1684926208.036718,0.000000
1684926208.047418,0.000000
1684926208.057236,0.000000
1684926208.067028,0.000000
1684926208.076986,0.000000
1684926208.087354,0.000000
1684926208.097120,0.000000
1684926208.107278,0.000000
1684926208.116977,0.000000
1684926208.127300,0.000000
1684926208.137371,0.000000
1684926208.146547,0.000000
1684926208.156455,0.000000
1684926208.166492,0.000000
1684926208.176585,0.000000
1684926208.186639,0.000000
1684926208.196681,0.000000
1684926208.206796,0.000000
1684926208.216951,0.000000
1684926208.226798,0.000000
1684926208.236910,0.000000
1684926208.246951,0.000000
1684926208.256961,0.000000
1684926208.267079,0.000000
1684926208.277137,0.000000
1684926208.287285,0.000000
1684926208.297217,0.000000
1684926208.307314,0.000000
1684926208.317305,0.000000
1684926208.327406,0.000000
1684926208.337485,0.000000
1684926208.347467,0.000000
1684926208.357527,0.000000
1684926208.367658,0.000000
1684926208.377695,0.000000
1684926208.387778,0.000000
1684926208.397809,0.000000
1684926208.407861,0.000000
1684926208.417902,0.000000
1684926208.427948,0.000000
1684926208.438031,0.000000
1684926208.447313,0.000000
1684926208.458164,0.000000
1684926208.467293,0.000000
1684926208.477300,0.000000
1684926208.487284,0.000000
1684926208.497261,0.000000
1684926208.508145,0.000000
1684926208.517281,0.000000
1684926208.527290,0.000000
1684926208.537287,0.000000
1684926208.547285,0.000000
1684926208.557248,0.000000
1684926208.567289,0.000000
1684926208.577257,0.000000
1684926208.587295,0.000000
1684926208.597281,0.000000
1684926208.608177,0.000000
1684926208.617314,0.000000
1684926208.627323,0.000000
1684926208.637345,0.000000
1684926208.647374,0.000000
1684926208.657412,0.000000
1684926208.667406,0.000000
1684926208.677431,0.000000
1684926208.687414,0.000000
1684926208.697438,0.000000
1684926208.708333,0.000000
1684926208.717539,0.000000
1684926208.727280,0.000000
1684926208.727279,0.000000
1684926208.737228,0.000000
1684926208.747235,0.000000
1684926208.757225,0.000000
1684926208.767204,0.000000
1684926208.777259,0.000000
1684926208.787207,0.000000
1684926208.797208,0.000000
1684926208.807168,0.000000
1684926208.817204,0.000000
1684926208.827224,0.000000
1684926208.837221,0.000000
1684926208.847207,0.000000
1684926208.857249,0.000000
1684926208.867236,0.000000
1684926208.877260,0.000000
1684926208.887285,0.000000
1684926208.897276,0.000000
1684926208.907225,0.000000
1684926208.917343,0.000000
1684926208.927309,0.000000
1684926208.937383,0.000000
1684926208.947352,0.000000
1684926208.957360,0.000000
1684926208.967389,0.000000
1684926208.977398,0.000000
1684926208.987392,0.000000
1684926208.997414,0.000000
1684926209.007200,0.000000
1684926209.017250,0.000000
1684926209.027208,0.000000
1684926209.037170,0.000000
1684926209.047163,0.000000
1684926209.057207,0.000000
1684926209.069340,0.000000
1684926209.077235,0.000000
1684926209.087172,0.000000
1684926209.097139,0.000000
1684926209.107056,0.000000
1684926209.117165,0.000000
1684926209.127156,0.000000
1684926209.137177,0.000000
1684926209.147174,0.000000
1684926209.157171,0.000000
1684926209.167225,0.000000
1684926209.177186,0.000000
1684926209.187211,0.000000
1684926209.197215,0.000000
1684926209.207118,0.000000
1684926209.217231,0.000000
1684926209.227293,0.000000
1684926209.237328,0.000000
1684926209.247293,0.000000
1684926209.257312,0.000000
1684926209.267385,0.000000
1684926209.277379,0.000000
1684926209.287354,1.176471
1684926209.297126,1.176471
1684926209.307039,2.352941
1684926209.317131,2.941176
1684926209.327105,4.117647
1684926209.337118,4.117647
1684926209.347136,4.117647
1684926209.357112,4.117647
1684926209.367087,3.529412
1684926209.377134,1.764706
1684926209.387104,1.176471
1684926209.397105,1.176471
1684926209.407033,1.764706
1684926209.417156,2.941176
1684926209.427100,3.529412
1684926209.437125,3.529412
1684926209.447126,4.117647
1684926209.457162,3.529412
1684926209.467149,3.529412
1684926209.477185,3.529412
1684926209.487185,4.117647
1684926209.497205,4.117647
1684926209.507089,3.529412
1684926209.517339,4.117647
1684926209.527232,4.705883
1684926209.537256,4.705883
1684926209.547274,4.705883
1684926209.557297,5.294117
1684926209.567317,5.294117
1684926209.577316,5.294117
1684926209.587061,5.294117
1684926209.597044,5.294117
1684926209.606974,5.882353
1684926209.617096,5.882353
1684926209.617122,5.882353
1684926209.627074,6.470588
1684926209.637052,6.470588
1684926209.647068,6.470588
1684926209.657044,6.470588
1684926209.667047,6.470588
1684926209.677074,5.882353
1684926209.687045,5.294117
1684926209.697054,5.294117
1684926209.706924,5.882353
1684926209.717059,6.470588
1684926209.727053,7.058824
1684926209.727104,7.058824
1684926209.737079,7.058824
1684926209.747097,7.058824
1684926209.757164,7.058824
1684926209.767163,6.470588
1684926209.777156,6.470588
1684926209.787153,5.882353
1684926209.797168,5.882353
1684926209.807281,5.882353
1684926209.817176,5.882353
1684926209.827309,5.294117
1684926209.837276,4.705883
1684926209.847369,4.705883
1684926209.856609,4.705883
1684926209.867239,4.705883
1684926209.877318,5.294117
1684926209.886458,5.294117
1684926209.897492,4.705883
1684926209.897496,4.705883
1684926209.906477,4.705883
1684926209.916639,4.117647
1684926209.926602,4.117647
1684926209.936672,4.117647
1684926209.946703,4.117647
1684926209.956814,3.529412
1684926209.966829,2.941176
1684926209.976901,2.941176
1684926209.986945,2.941176
1684926209.997004,2.941176
1684926210.006419,2.352941
1684926210.017137,2.352941
1684926210.027217,1.764706
1684926210.037299,1.764706
1684926210.046314,1.764706
1684926210.057405,1.176471
1684926210.066439,1.176471
1684926210.077575,0.588235
1684926210.086583,0.588235
1684926210.097578,0.588235
1684926210.107751,0.588235
1684926210.116736,0.588235
1684926210.126756,0.588235
1684926210.137859,0.000000
1684926210.147951,0.000000
1684926210.156967,0.000000
1684926210.166964,0.000000
1684926210.176970,0.000000
1684926210.187044,0.000000
1684926210.197957,0.000000
1684926210.207820,0.000000
1684926210.217881,0.000000
1684926210.226970,0.000000
1684926210.237878,0.000000
1684926210.247963,0.000000
1684926210.257827,0.000000
1684926210.267946,0.000000
1684926210.277846,0.000000
1684926210.287961,0.000000
1684926210.297757,0.000000
1684926210.307800,0.000000
1684926210.317778,0.000000
1684926210.327966,0.000000
1684926210.337752,0.000000
1684926210.347018,0.000000
1684926210.358049,0.000000
1684926210.367082,0.000000
1684926210.377741,0.000000
1684926210.387078,0.000000
1684926210.397705,0.000000
1684926210.407219,0.000000
1684926210.417695,0.000000
1684926210.427166,0.000000
1684926210.436621,0.000000
1684926210.446906,0.000000
1684926210.456618,0.000000
1684926210.466926,0.000000
1684926210.476654,0.000000
1684926210.486939,0.000000
1684926210.496734,0.000000
1684926210.506804,0.000000
1684926210.516556,0.000000
1684926210.526952,0.000000
1684926210.537532,0.000000
1684926210.546996,0.000000
1684926210.557513,0.000000
1684926210.566919,0.000000
1684926210.577499,0.000000
1684926210.586932,0.000000
1684926210.597468,0.000000
1684926210.606806,0.000000
1684926210.617439,0.000000
1684926210.626946,0.000000
1684926210.637427,0.000000
1684926210.647033,0.000000
1684926210.657418,0.000000
1684926210.667028,0.000000
1684926210.677388,0.000000
1684926210.687055,0.000000
1684926210.697433,0.000000
1684926210.706987,0.000000
1684926210.717328,0.000000
1684926210.726991,0.000000
1684926210.737372,0.000000
1684926210.746866,0.000000
1684926210.746869,0.000000
1684926210.757307,0.000000
1684926210.766876,0.000000
1684926210.777350,0.000000
1684926210.786856,0.000000
1684926210.797249,0.000000
1684926210.806706,0.000000
1684926210.817263,0.000000
1684926210.826868,0.000000
1684926210.837276,0.000000
1684926210.846841,0.000000
1684926210.857201,0.000000
1684926210.866838,0.000000
1684926210.877286,0.000000
1684926210.886852,0.000000
1684926210.897181,0.000000
1684926210.906769,0.000000
1684926210.917171,0.000000
1684926210.926933,0.000000
1684926210.937132,0.000000
1684926210.946955,0.000000
1684926210.957139,0.000000
1684926210.967106,0.000000
1684926210.976876,0.000000
1684926210.987103,0.000000
1684926210.996891,0.000000
1684926211.007016,0.000000
1684926211.017081,0.000000
1684926211.026827,0.000000
1684926211.036867,0.000000
1684926211.047018,0.000000
1684926211.056890,0.000000
1684926211.066872,0.000000
1684926211.077042,0.000000
1684926211.086807,0.000000
1684926211.097210,0.000000
1684926211.106627,0.000000
1684926211.117363,0.000000
1684926211.126645,0.000000
1684926211.137457,0.000000
1684926211.146605,0.000000
1684926211.156935,0.000000
1684926211.166717,0.000000
1684926211.176681,0.000000
1684926211.186769,0.000000
1684926211.196792,0.000000
1684926211.206953,0.000000
1684926211.216884,0.000000
1684926211.227020,0.000000
1684926211.236880,0.000000
1684926211.247063,0.000000
1684926211.256963,0.000000
1684926211.267122,0.000000
1684926211.276790,0.000000
1684926211.287255,0.000000
1684926211.296726,0.000000
1684926211.307330,0.000000
1684926211.316729,0.000000
1684926211.326460,0.000000
1684926211.336718,0.000000
1684926211.346670,0.000000
1684926211.356920,0.000000
1684926211.366747,0.000000
1684926211.376842,0.000000
1684926211.386768,0.000000
1684926211.396739,0.000000
1684926211.406595,0.000000
1684926211.406645,0.000000
1684926211.416768,0.000000
1684926211.426735,0.000000
1684926211.436716,0.000000
1684926211.446730,0.000000
1684926211.456980,0.000000
1684926211.466801,0.000000
1684926211.476755,0.000000
1684926211.486850,0.000000
1684926211.497799,0.000000
1684926211.507686,0.000000
1684926211.517880,0.000000
1684926211.527924,0.000000
1684926211.537909,0.000000
1684926211.547984,0.000000
1684926211.558030,0.000000
1684926211.568011,0.000000
1684926211.577961,0.000000
1684926211.587692,0.000000
1684926211.597709,0.000000
1684926211.606599,0.000000
1684926211.617790,0.000000
1684926211.626716,0.000000
1684926211.636712,0.000000
1684926211.646693,0.000000
1684926211.657034,0.000000
1684926211.666699,0.000000
1684926211.677719,0.000000
1684926211.686708,0.000000
1684926211.696694,0.000000
1684926211.706530,0.000000
1684926211.716761,0.000000
1684926211.726690,0.000000
1684926211.736699,0.000000
1684926211.746743,0.000000
1684926211.757029,0.000000
1684926211.766719,0.000000
1684926211.777759,0.000000
1684926211.786786,0.000000
1684926211.796781,0.000000
1684926211.806700,0.000000
1684926211.816843,0.000000
1684926211.826821,0.000000
1684926211.836874,0.000000
1684926211.846859,0.000000
1684926211.857087,0.000000
1684926211.866884,0.000000
1684926211.876651,0.000000
1684926211.886620,0.000000
1684926211.896744,0.000000
1684926211.907529,0.000000
1684926211.916656,0.000000
1684926211.926697,0.000000
1684926211.937610,0.000000
1684926211.946615,0.000000
1684926211.956727,0.000000
1684926211.966632,0.000000
1684926211.976641,0.000000
1684926211.986637,0.000000
1684926211.997650,0.000000
1684926212.006499,0.000000
1684926212.017654,0.000000
1684926212.026665,0.000000
1684926212.036647,0.000000
1684926212.046654,0.000000
1684926212.057713,0.000000
1684926212.066720,0.000000
1684926212.076735,0.000000
1684926212.086738,0.000000
1684926212.096802,0.000000
1684926212.106658,0.000000
1684926212.116789,0.000000
1684926212.126837,0.000000
1684926212.136875,0.000000
1684926212.146822,0.000000
1684926212.148614,0.000000
1684926212.156618,0.000000
1684926212.166708,0.000000
1684926212.176811,0.000000
1684926212.186674,0.000000
1684926212.196680,0.000000
1684926212.206469,0.000000
1684926212.217683,0.000000
1684926212.226603,0.000000
1684926212.236601,0.000000
1684926212.236627,0.000000
1684926212.246689,0.000000
1684926212.257816,0.000000
1684926212.266585,0.000000
1684926212.277567,0.000000
1684926212.286683,0.000000
1684926212.297573,0.000000
1684926212.306469,0.000000
1684926212.316654,0.000000
1684926212.326648,0.000000
1684926212.336645,0.000000
1684926212.346636,0.000000
1684926212.356717,0.000000
1684926212.366700,0.000000
1684926212.376704,0.000000
1684926212.386715,0.000000
1684926212.396848,0.000000
1684926212.406718,0.000000
1684926212.416862,0.000000
1684926212.426781,0.000000
1684926212.437817,0.000000
1684926212.446783,0.000000
1684926212.457562,0.000000
1684926212.466742,0.000000
1684926212.477541,0.000000
1684926212.486866,0.000000
1684926212.497531,0.000000
1684926212.506860,0.000000
1684926212.517529,0.000000
1684926212.526822,0.000000
1684926212.537524,0.000000
1684926212.546789,0.000000
1684926212.557559,0.000000
1684926212.566763,0.000000
1684926212.577548,0.000000
1684926212.586763,0.000000
1684926212.597221,0.000000
1684926212.606734,0.000000
1684926212.617240,0.000000
1684926212.626854,0.000000
1684926212.637231,0.000000
1684926212.646970,0.000000
1684926212.657318,0.000000
1684926212.667078,0.000000
1684926212.677229,0.000000
1684926212.687185,0.000000
1684926212.697245,0.000000
1684926212.707361,0.000000
1684926212.717381,0.000000
1684926212.726516,0.000000
1684926212.737511,0.000000
1684926212.747492,0.000000
1684926212.757499,0.000000
1684926212.766521,0.000000
1684926212.777481,0.000000
1684926212.787473,0.000000
1684926212.797499,0.000000
1684926212.807344,0.000000
1684926212.817474,0.000000
1684926212.826531,0.000000
1684926212.837538,0.000000
1684926212.847453,0.000000
1684926212.857466,0.000000
1684926212.867659,0.000000
1684926212.877491,0.000000
1684926212.887495,0.000000
1684926212.897518,0.000000
1684926212.907469,0.000000
1684926212.917547,0.000000
1684926212.927981,0.000000
1684926212.937579,0.000000
1684926212.947666,0.000000
1684926212.957726,0.000000
1684926212.967715,0.000000
1684926212.977669,0.000000
1684926212.987665,0.000000
1684926212.997702,0.000000
1684926213.007731,0.000000
1684926213.017434,0.000000
1684926213.027464,0.000000
1684926213.037520,0.000000
1684926213.047435,0.588235
1684926213.057457,0.000000
1684926213.066491,0.000000
1684926213.077440,0.000000
1684926213.087421,0.000000
1684926213.097493,0.000000
1684926213.107350,0.000000
1684926213.117457,0.000000
1684926213.127471,0.000000
1684926213.137476,0.000000
1684926213.146396,0.000000
1684926213.157458,0.000000
1684926213.166416,0.000000
1684926213.177670,0.000000
1684926213.186469,0.000000
1684926213.197471,0.000000
1684926213.207349,0.588235
1684926213.217502,0.000000
1684926213.226654,0.000000
1684926213.237546,0.000000
1684926213.237600,0.000000
1684926213.246533,0.000000
1684926213.257556,0.000000
1684926213.266583,0.000000
1684926213.277577,0.000000
1684926213.286665,0.000000
1684926213.297695,0.000000
1684926213.307245,0.000000
1684926213.317415,0.000000
1684926213.327394,0.000000
1684926213.337454,0.000000
1684926213.346426,0.000000
1684926213.357421,0.000000
1684926213.367408,0.000000
1684926213.377375,0.000000
1684926213.387358,0.000000
1684926213.397399,0.000000
1684926213.406521,0.000000
1684926213.417351,0.000000
1684926213.426929,0.000000
1684926213.437393,0.000000
1684926213.438180,0.000000
1684926213.446555,0.000000
1684926213.457397,0.000000
1684926213.466557,0.000000
1684926213.466665,0.000000
1684926213.477439,0.000000
1684926213.487580,0.000000
1684926213.497504,0.000000
1684926213.506857,0.000000
1684926213.517687,0.000000
1684926213.517723,0.000000
1684926213.526847,0.000000
1684926213.537522,0.000000
1684926213.546885,0.000000
1684926213.557555,0.000000
1684926213.566921,0.000000
1684926213.577564,0.000000
1684926213.586871,0.000000
1684926213.597456,0.000000
1684926213.606592,0.000000
1684926213.617416,0.000000
1684926213.627048,0.000000
1684926213.637372,0.000000
1684926213.646886,0.000000
1684926213.657351,0.000000
1684926213.666503,0.000000
1684926213.677300,0.000000
1684926213.677354,0.000000
1684926213.687418,0.000000
1684926213.697410,0.000000
1684926213.706920,0.000000
1684926213.717316,0.000000
1684926213.726902,0.000000
1684926213.737232,0.000000
1684926213.747482,0.000000
1684926213.757220,0.000000
1684926213.767446,0.000000
1684926213.777220,0.000000
1684926213.787463,0.000000
1684926213.797176,0.000000
1684926213.806553,0.000000
1684926213.817168,0.000000
1684926213.826895,0.000000
1684926213.837230,0.000000
1684926213.846494,0.000000
1684926213.857138,0.000000
1684926213.867272,0.000000
1684926213.877096,0.000000
1684926213.886469,0.000000
1684926213.897223,0.000000
1684926213.906934,0.000000
1684926213.917069,0.000000
1684926213.926901,0.000000
1684926213.937071,0.000000
1684926213.946486,0.000000
1684926213.957246,0.000000
1684926213.967514,0.000000
1684926213.977273,0.000000
1684926213.986505,0.000000
1684926213.997276,0.000000
1684926214.007131,0.000000
1684926214.017327,0.000000
1684926214.027305,0.000000
1684926214.037297,0.000000
1684926214.047390,0.000000
1684926214.057341,0.000000
1684926214.067354,0.000000
1684926214.077362,0.000000
1684926214.086733,0.000000
1684926214.097395,0.000000
1684926214.106948,0.000000
1684926214.107028,0.000000
1684926214.117426,0.000000
1684926214.127446,0.000000
1684926214.137527,0.000000
1684926214.147468,0.000000
1684926214.157469,0.000000
1684926214.166601,0.000000
1684926214.177252,0.000000
1684926214.187590,0.000000
1684926214.197288,0.000000
1684926214.207575,0.000000
1684926214.217248,0.000000
1684926214.227643,0.000000
1684926214.237239,0.000000
1684926214.247745,0.000000
1684926214.258260,0.000000
1684926214.267384,0.000000
1684926214.278212,0.000000
1684926214.287775,0.000000
1684926214.298234,0.000000
1684926214.307884,0.000000
1684926214.318319,0.000000
1684926214.326785,0.000000
1684926214.338263,0.000000
1684926214.346823,0.000000
1684926214.358296,0.000000
1684926214.366760,0.000000
1684926214.377341,0.000000
1684926214.386764,0.000000
1684926214.397346,0.000000
1684926214.407571,0.000000
1684926214.417386,0.000000
1684926214.426596,0.000000
1684926214.437403,0.000000
1684926214.446746,0.000000
1684926214.456868,0.000000
1684926214.467220,0.000000
1684926214.477175,0.000000
1684926214.486766,0.000000
1684926214.497158,0.000000
1684926214.506785,0.000000
1684926214.517291,0.000000
1684926214.526815,0.000000
1684926214.537250,0.000000
1684926214.546825,0.000000
1684926214.556911,0.000000
1684926214.567261,0.000000
1684926214.577155,0.000000
1684926214.586822,0.000000
1684926214.597187,0.000000
1684926214.606830,0.000000
1684926214.617198,0.000000
1684926214.626788,0.000000
1684926214.637294,0.000000
1684926214.646830,0.000000
1684926214.656902,0.000000
1684926214.667298,0.000000
1684926214.677370,0.000000
1684926214.686850,0.000000
1684926214.697330,0.000000
1684926214.707638,0.000000
1684926214.717342,0.000000
1684926214.726830,0.000000
1684926214.737137,0.000000
1684926214.746860,0.000000
1684926214.757142,0.000000
1684926214.766929,0.000000
1684926214.777142,0.000000
1684926214.786912,0.000000
1684926214.797100,0.000000
1684926214.806763,0.000000
1684926214.817102,0.000000
1684926214.817100,0.000000
1684926214.826852,0.000000
1684926214.837120,0.000000
1684926214.846884,0.000000
1684926214.857089,0.000000
1684926214.867223,0.000000
1684926214.877087,0.000000
1684926214.887220,0.000000
1684926214.897287,0.000000
1684926214.907307,0.000000
1684926214.917145,0.000000
1684926214.927156,0.000000
1684926214.937308,0.000000
1684926214.946822,0.000000
1684926214.957239,0.000000
1684926214.967346,0.000000
1684926214.976872,0.000000
1684926214.987267,0.000000
1684926214.997323,0.000000
1684926215.007235,0.000000
1684926215.017330,0.000000
1684926215.027121,0.000000
1684926215.037215,0.000000
1684926215.046913,0.000000
1684926215.057075,0.000000
1684926215.067241,0.000000
1684926215.077075,0.000000
1684926215.087221,0.000000
1684926215.097168,0.000000
1684926215.107058,0.000000
1684926215.117214,0.000000
1684926215.127039,0.000000
1684926215.137158,0.000000
1684926215.146896,0.000000
1684926215.146903,0.000000
1684926215.157161,0.000000
1684926215.166901,0.000000
1684926215.177335,0.000000
1684926215.186875,0.000000
1684926215.197397,0.000000
1684926215.207033,0.000000
1684926215.216872,0.000000
1684926215.227095,0.000000
1684926215.236832,0.000000
1684926215.247067,0.000000
1684926215.256831,0.000000
1684926215.267042,0.000000
1684926215.276851,0.000000
1684926215.287067,0.000000
1684926215.296851,0.000000
1684926215.307041,0.000000
1684926215.316959,0.000000
1684926215.327081,0.000000
1684926215.336914,0.000000
1684926215.347104,0.000000
1684926215.356901,0.000000
1684926215.367081,0.000000
1684926215.376958,0.000000
1684926215.387132,0.000000
1684926215.396897,0.000000
1684926215.407099,0.000000
1684926215.416916,0.000000
1684926215.427101,0.000000
1684926215.436919,0.000000
1684926215.447148,0.000000
1684926215.456973,0.000000
1684926215.467124,0.000000
1684926215.476912,0.000000
1684926215.487110,0.000000
1684926215.497137,0.000000
1684926215.507121,0.000000
1684926215.516951,0.000000
1684926215.527146,0.000000
1684926215.536925,0.000000
1684926215.547142,0.000000
1684926215.556975,0.000000
1684926215.567147,0.000000
1684926215.576934,0.000000
1684926215.587144,0.000000
1684926215.596838,0.000000
1684926215.607255,0.000000
1684926215.616878,0.000000
1684926215.627252,0.000000
1684926215.636985,0.000000
1684926215.647207,0.000000
1684926215.657097,0.000000
1684926215.667206,0.000000
1684926215.676963,0.000000
1684926215.687251,0.000000
1684926215.696976,0.000000
1684926215.707236,0.000000
1684926215.717010,0.000000
1684926215.727267,0.000000
1684926215.737003,0.000000
1684926215.747207,0.000000
1684926215.756901,0.000000
1684926215.767304,0.000000
1684926215.777048,0.000000
1684926215.787292,0.000000
1684926215.797045,0.000000
1684926215.807225,0.000000
1684926215.817114,0.000000
1684926215.817119,0.000000
1684926215.827294,0.000000
1684926215.837203,0.000000
1684926215.847245,0.000000
1684926215.856880,0.000000
1684926215.867254,0.000000
1684926215.876922,0.000000
1684926215.887418,0.000000
1684926215.896925,0.000000
1684926215.907341,0.000000
1684926215.916948,0.000000
1684926215.927634,0.000000
1684926215.937900,0.000000
1684926215.948027,0.000000
1684926215.957957,0.000000
1684926215.968112,0.000000
1684926215.977951,0.000000
1684926215.988062,0.000000
1684926215.997937,0.000000
1684926216.007182,0.000000
1684926216.017924,0.000000
1684926216.027902,0.000000
1684926216.037945,0.000000
1684926216.046901,0.000000
1684926216.057947,0.000000
1684926216.067095,0.000000
1684926216.076969,0.000000
1684926216.087127,0.000000
1684926216.097014,0.000000
1684926216.106922,0.000000
1684926216.117052,0.000000
1684926216.126930,0.000000
1684926216.137056,0.000000
1684926216.147247,0.000000
1684926216.157037,0.000000
1684926216.166928,0.000000
1684926216.177022,0.000000
1684926216.186899,0.000000
1684926216.196986,0.000000
1684926216.207224,0.000000
1684926216.216987,0.000000
1684926216.226968,0.000000
1684926216.236974,0.000000
1684926216.246989,0.000000
1684926216.257234,0.000000
1684926216.266881,0.000000
1684926216.276986,0.000000
1684926216.286882,0.000000
1684926216.297057,0.000000
1684926216.307110,0.000000
1684926216.317061,0.000000
1684926216.326922,0.000000
1684926216.337035,0.000000
1684926216.346894,0.000000
1684926216.356986,0.000000
1684926216.367116,0.000000
1684926216.377017,0.000000
1684926216.387194,0.000000
1684926216.397010,0.000000
1684926216.407182,0.000000
1684926216.417011,0.000000
1684926216.427184,0.000000
1684926216.437081,0.000000
1684926216.447186,0.000000
1684926216.456927,0.000000
1684926216.466988,0.000000
1684926216.476964,0.000000
1684926216.486970,0.000000
1684926216.497055,0.000000
1684926216.507155,0.000000
1684926216.517023,0.000000
1684926216.526860,0.000000
1684926216.537013,0.000000
1684926216.546881,0.000000
1684926216.556958,0.000000
1684926216.566956,0.000000
1684926216.577003,0.000000
1684926216.586988,0.000000
1684926216.597032,0.000000
1684926216.607175,0.000000
1684926216.616988,0.000000
1684926216.626923,0.000000
1684926216.636930,0.000000
1684926216.646964,0.000000
1684926216.657114,0.000000
1684926216.666920,0.000000
1684926216.677097,0.000000
1684926216.686865,0.000000
1684926216.697062,0.000000
1684926216.706864,0.000000
1684926216.717113,0.000000
1684926216.726910,0.000000
1684926216.736967,0.000000
1684926216.747041,0.000000
1684926216.757181,0.000000
1684926216.766869,0.000000
1684926216.778022,0.000000
1684926216.786906,0.000000
1684926216.797015,0.000000
1684926216.807203,0.000000
1684926216.816992,0.000000
1684926216.826906,0.000000
1684926216.836994,0.000000
1684926216.846881,0.000000
1684926216.857005,0.000000
1684926216.866865,0.000000
1684926216.877013,0.000000
1684926216.886863,0.000000
1684926216.896911,0.000000
1684926216.906888,0.000000
1684926216.917020,0.000000
1684926216.926969,0.000000
1684926216.936906,0.000000
1684926216.946907,0.000000
1684926216.957018,0.000000
1684926216.966910,0.000000
1684926216.977057,0.000000
1684926216.986980,0.000000
1684926216.996942,0.000000
1684926217.007244,0.000000
1684926217.017118,0.000000
1684926217.027214,0.000000
1684926217.037026,0.000000
1684926217.047211,0.000000
1684926217.057163,0.000000
1684926217.067222,0.000000
1684926217.077067,0.000000
1684926217.087156,0.000000
1684926217.097160,0.000000
1684926217.107163,0.000000
1684926217.117064,0.000000
1684926217.127158,0.000000
1684926217.137028,0.000000
1684926217.147140,0.000000
1684926217.157256,0.000000
1684926217.167161,0.000000
1684926217.176945,0.000000
1684926217.187191,0.000000
1684926217.197209,0.000000
1684926217.207182,0.000000
1684926217.217184,0.588235
1684926217.227181,0.588235
1684926217.237188,0.588235
1684926217.247199,1.176471
1684926217.257188,1.764706
1684926217.267200,1.764706
1684926217.277184,1.764706
1684926217.287220,1.764706
1684926217.297233,1.764706
1684926217.307214,1.764706
1684926217.317246,2.941176
1684926217.327225,3.529412
1684926217.337240,2.941176
1684926217.347240,3.529412
1684926217.357207,2.941176
1684926217.367237,2.352941
1684926217.377249,1.764706
1684926217.387209,1.764706
1684926217.397229,1.764706
1684926217.407273,1.764706
1684926217.417247,1.764706
1684926217.427230,1.764706
1684926217.437212,1.764706
1684926217.447228,1.764706
1684926217.457238,1.764706
1684926217.467229,2.352941
1684926217.477289,2.941176
1684926217.487226,2.941176
1684926217.497247,2.941176
1684926217.507255,2.941176
1684926217.517321,2.941176
1684926217.527331,2.941176
1684926217.537244,2.941176
1684926217.547311,2.941176
1684926217.557401,2.941176
1684926217.567501,2.941176
1684926217.577547,2.941176
1684926217.579273,2.941176
1684926217.587592,2.941176
1684926217.597673,3.529412
1684926217.607732,2.941176
1684926217.617782,2.941176
1684926217.627844,3.529412
1684926217.627916,3.529412
1684926217.638006,2.941176
1684926217.647909,2.941176
1684926217.658046,2.352941
1684926217.667950,2.352941
1684926217.678000,1.764706
1684926217.687937,1.176471
1684926217.698066,0.588235
1684926217.706892,0.588235
1684926217.718073,0.588235
1684926217.727005,0.000000
1684926217.738001,0.000000
1684926217.746999,0.000000
1684926217.758022,0.000000
1684926217.767011,0.000000
1684926217.778054,0.000000
1684926217.786962,0.000000
1684926217.796965,0.000000
1684926217.807001,0.000000
1684926217.817025,0.000000
1684926217.826937,0.000000
1684926217.836989,0.000000
1684926217.846926,0.000000
1684926217.856981,0.000000
1684926217.867039,0.000000
1684926217.867043,0.000000
1684926217.877074,0.000000
1684926217.886988,0.000000
1684926217.897102,0.000000
1684926217.906940,0.000000
1684926217.917111,0.000000
1684926217.927011,0.000000
1684926217.937166,0.000000
1684926217.946997,0.000000
1684926217.957095,0.000000
1684926217.966999,0.000000
1684926217.977056,0.000000
1684926217.986961,0.000000
1684926217.997023,0.000000
1684926218.006926,0.000000
1684926218.017047,0.000000
1684926218.027002,0.000000
1684926218.037106,0.000000
1684926218.046952,0.000000
1684926218.056997,0.000000
1684926218.066926,0.000000
1684926218.077051,0.000000
1684926218.087008,0.000000
1684926218.097016,0.000000
1684926218.107193,0.000000
1684926218.117054,0.000000
1684926218.126949,0.000000
1684926218.137078,0.000000
1684926218.146945,0.000000
1684926218.157064,0.000000
1684926218.167055,0.000000
1684926218.177073,0.000000
1684926218.186968,0.000000
1684926218.197015,0.000000
1684926218.207001,0.000000
1684926218.217044,0.000000
1684926218.227000,0.000000
1684926218.237016,0.000000
1684926218.246991,0.000000
1684926218.257146,0.000000
1684926218.267085,0.000000
1684926218.276983,0.588235
1684926218.287008,1.176471
1684926218.297005,1.764706
1684926218.307297,2.352941
1684926218.317125,2.352941
1684926218.326958,2.352941
1684926218.337068,2.941176
1684926218.347013,3.529412
1684926218.357057,3.529412
1684926218.367032,4.117647
1684926218.377137,3.529412
1684926218.387131,4.705883
1684926218.396998,4.117647
1684926218.407008,3.529412
1684926218.417029,3.529412
1684926218.427016,4.117647
1684926218.436990,4.705883
1684926218.447162,4.705883
1684926218.457010,4.705883
1684926218.466955,5.882353
1684926218.477007,6.470588
1684926218.487020,7.058824
1684926218.497254,8.235294
1684926218.507076,8.235294
1684926218.517041,8.235294
1684926218.526956,9.411765
1684926218.537035,9.411765
1684926218.547008,10.000000
1684926218.557052,10.588235
1684926218.567027,10.588235
1684926218.577156,10.588235
1684926218.587010,11.176471
1684926218.597135,11.764706
1684926218.607348,11.764706
1684926218.617175,11.764706
1684926218.627392,11.764706
1684926218.637060,11.176471
1684926218.647468,10.588235
1684926218.657544,10.588235
1684926218.667508,10.000000
1684926218.677071,10.000000
1684926218.687556,10.000000
1684926218.697577,9.411765
1684926218.707434,8.823529
1684926218.717097,8.823529
1684926218.727515,8.235294
1684926218.737132,7.647059
1684926218.747550,7.647059
1684926218.757535,7.058824
1684926218.767403,6.470588
1684926218.778142,5.882353
1684926218.787520,5.294117
1684926218.797557,4.705883
1684926218.807407,4.117647
1684926218.817143,4.117647
1684926218.827531,3.529412
1684926218.837118,2.941176
1684926218.848128,2.352941
1684926218.857647,1.764706
1684926218.867565,1.176471
1684926218.877110,1.176471
1684926218.887601,1.176471
1684926218.897591,1.176471
1684926218.907431,1.176471
1684926218.917107,0.588235
1684926218.927545,0.000000
1684926218.937035,0.000000
1684926218.947536,0.000000
1684926218.957602,0.000000
1684926218.967576,0.000000
1684926218.977577,0.000000
1684926218.987638,0.000000
1684926218.997657,0.000000
1684926219.007429,0.000000
1684926219.017605,0.000000
1684926219.027627,0.000000
1684926219.037579,0.000000
1684926219.047583,0.000000
1684926219.057575,0.000000
1684926219.067570,0.000000
1684926219.077597,0.000000
1684926219.087638,0.000000
1684926219.097612,0.000000
1684926219.107461,0.000000
1684926219.117615,0.000000
1684926219.127686,0.000000
1684926219.137599,0.000000
1684926219.147579,0.000000
1684926219.157667,0.000000
1684926219.167572,0.000000
1684926219.177597,0.000000
1684926219.187653,0.000000
1684926219.197592,0.000000
1684926219.207592,0.000000
1684926219.217618,0.000000
1684926219.227618,0.000000
1684926219.237686,0.000000
1684926219.247713,0.000000
1684926219.257926,0.000000
1684926219.267605,0.000000
1684926219.278069,0.000000
1684926219.287639,0.000000
1684926219.298043,0.000000
1684926219.307865,0.000000
1684926219.318105,0.000000
1684926219.327705,0.000000
1684926219.338083,0.000000
1684926219.347690,0.000000
1684926219.358087,0.000000
1684926219.367618,0.000000
1684926219.378152,0.000000
1684926219.387655,0.000000
1684926219.398139,0.000000
1684926219.407619,0.000000
1684926219.417113,0.000000
1684926219.427670,0.000000
1684926219.437147,0.000000
1684926219.447666,0.000000
1684926219.447665,0.000000
1684926219.457146,0.000000
1684926219.467660,0.000000
1684926219.477026,0.000000
1684926219.487664,0.000000
1684926219.497165,0.000000
1684926219.507662,0.000000
1684926219.517210,0.000000
1684926219.527679,0.588235
1684926219.537066,0.588235
1684926219.547680,0.588235
1684926219.557224,0.588235
1684926219.567679,1.176471
1684926219.577172,1.764706
1684926219.587763,2.352941
1684926219.597189,1.764706
1684926219.607734,1.764706
1684926219.617102,1.764706
1684926219.627692,1.764706
1684926219.637105,2.352941
1684926219.647685,2.352941
1684926219.657149,2.352941
1684926219.667722,2.352941
1684926219.677089,2.352941
1684926219.687700,2.352941
1684926219.697114,3.529412
1684926219.707725,3.529412
1684926219.717107,1.764706
1684926219.727712,1.176471
1684926219.737066,0.000000
1684926219.747727,0.000000
1684926219.757057,0.000000
1684926219.767193,0.000000
1684926219.778126,0.000000
1684926219.787716,0.000000
1684926219.797192,0.000000
1684926219.807753,0.000000
1684926219.817148,0.000000
1684926219.817148,0.000000
1684926219.826750,0.000000
1684926219.826809,0.000000
1684926219.837151,0.000000
1684926219.847716,0.000000
1684926219.857130,0.000000
1684926219.867774,0.000000
1684926219.877110,0.000000
1684926219.886776,0.000000
1684926219.897168,0.000000
1684926219.907139,0.000000
1684926219.917166,0.000000
1684926219.927045,0.000000
1684926219.937103,0.000000
1684926219.947146,0.000000
1684926219.957189,0.000000
1684926219.967144,0.000000
1684926219.977151,0.000000
1684926219.987349,0.000000
1684926219.997143,0.000000
1684926220.007376,0.000000
1684926220.017243,0.000000
1684926220.027438,0.000000
1684926220.037186,0.000000
1684926220.047653,0.000000
1684926220.057351,0.000000
1684926220.067336,0.000000
1684926220.077177,0.000000
1684926220.087141,0.000000
1684926220.097192,0.000000
1684926220.107543,0.000000
1684926220.117174,0.000000
1684926220.127115,0.000000
1684926220.137224,0.000000
1684926220.147184,0.000000
1684926220.157175,0.000000
1684926220.167069,0.000000
1684926220.177194,0.000000
1684926220.187099,0.000000
1684926220.187100,0.000000
1684926220.197189,0.000000
1684926220.207527,0.000000
1684926220.217156,0.000000
1684926220.227160,0.000000
1684926220.237155,0.000000
1684926220.247533,0.000000
1684926220.257384,0.000000
1684926220.261290,0.000000
1684926220.267152,0.000000
1684926220.277168,0.000000
1684926220.287064,0.000000
1684926220.297148,0.000000
1684926220.307382,0.000000
1684926220.317213,0.000000
1684926220.327095,0.000000
1684926220.337243,0.000000
1684926220.347682,0.000000
1684926220.357343,0.000000
1684926220.367595,0.000000
1684926220.377463,0.000000
1684926220.387654,0.000000
1684926220.397590,0.000000
1684926220.407654,0.000000
1684926220.417719,0.000000
1684926220.426861,0.000000
1684926220.437286,0.000000
1684926220.447861,0.000000
1684926220.457904,0.000000
1684926220.466880,0.000000
1684926220.477373,0.000000
1684926220.487946,0.000000
1684926220.497937,0.000000
1684926220.506870,0.000000
1684926220.517238,0.000000
1684926220.526864,0.000000
1684926220.537205,0.000000
1684926220.546906,0.000000
1684926220.557929,0.000000
1684926220.566918,0.000000
1684926220.577195,0.000000
1684926220.587911,0.000000
1684926220.597920,0.000000
1684926220.606904,0.000000
1684926220.617171,0.000000
1684926220.626883,0.000000
1684926220.637222,0.000000
1684926220.647068,0.000000
1684926220.657945,0.000000
1684926220.666915,0.000000
1684926220.677275,0.000000
1684926220.686904,0.000000
1684926220.698013,0.000000
1684926220.706954,0.000000
1684926220.717264,0.000000
1684926220.726931,0.000000
1684926220.737947,0.000000
1684926220.746932,0.000000
1684926220.757948,0.000000
1684926220.767037,0.000000
1684926220.777956,0.000000
1684926220.786928,0.000000
1684926220.797947,0.000000
1684926220.806949,0.000000
1684926220.817948,0.000000
1684926220.826955,0.000000
1684926220.837943,0.000000
1684926220.846925,0.000000
1684926220.857970,0.000000
1684926220.867047,0.000000
1684926220.877964,0.000000
1684926220.886997,0.000000
1684926220.897983,0.000000
1684926220.906978,0.000000
1684926220.916999,0.000000
1684926220.927994,0.000000
1684926220.937951,0.000000
1684926220.947998,0.000000
1684926220.958027,0.000000
1684926220.968030,0.000000
1684926220.978019,0.000000
1684926220.988012,0.000000
1684926220.998060,0.000000
1684926221.008126,0.000000
1684926221.018198,0.000000
1684926221.028153,0.000000
1684926221.038208,0.000000
1684926221.048237,0.000000
1684926221.058302,0.000000
1684926221.068223,0.000000
1684926221.078345,0.000000
1684926221.087175,0.000000
1684926221.098281,0.000000
1684926221.107689,0.000000
1684926221.118283,0.000000
1684926221.127128,0.000000
1684926221.137240,0.000000
1684926221.147161,0.000000
1684926221.157221,0.000000
1684926221.167145,0.000000
1684926221.177387,0.000000
1684926221.187174,0.000000
1684926221.197243,0.000000
1684926221.207157,0.000000
1684926221.217292,0.000000
1684926221.227218,0.000000
1684926221.237309,0.000000
1684926221.247199,0.000000
1684926221.257281,0.000000
1684926221.267210,0.000000
1684926221.277295,0.000000
1684926221.287227,0.000000
1684926221.297281,0.000000
1684926221.307300,0.000000
1684926221.317251,0.000000
1684926221.327230,0.000000
1684926221.337226,0.000000
1684926221.347241,0.000000
1684926221.357244,0.000000
1684926221.367229,0.000000
1684926221.377300,0.000000
1684926221.387182,0.000000
1684926221.397243,0.000000
1684926221.407395,0.000000
1684926221.417259,0.000000
1684926221.427201,0.000000
1684926221.437287,0.000000
1684926221.447212,0.000000
1684926221.457326,0.000000
1684926221.467229,0.000000
1684926221.477327,0.000000
1684926221.487198,0.000000
1684926221.497224,0.000000
1684926221.507343,0.000000
1684926221.517264,0.000000
1684926221.527407,0.000000
1684926221.537264,0.000000
1684926221.547446,0.000000
1684926221.557246,0.000000
1684926221.567391,0.000000
1684926221.577244,0.000000
1684926221.587432,0.000000
1684926221.597243,0.000000
1684926221.607387,0.000000
1684926221.617294,0.000000
1684926221.627158,0.000000
1684926221.637262,0.000000
1684926221.647142,0.000000
1684926221.657278,0.000000
1684926221.667157,0.000000
1684926221.677286,0.000000
1684926221.687163,0.000000
1684926221.697228,0.000000
1684926221.707387,0.000000
1684926221.717306,0.000000
1684926221.727303,0.000000
1684926221.737366,0.000000
1684926221.747475,0.000000
1684926221.757308,0.000000
1684926221.767465,0.000000
1684926221.778316,0.000000
1684926221.787574,0.000000
1684926221.797305,0.000000
1684926221.807394,0.000000
1684926221.817282,0.000000
1684926221.827227,0.000000
1684926221.837375,0.000000
1684926221.847239,0.000000
1684926221.857276,0.000000
1684926221.867167,0.000000
1684926221.877380,0.000000
1684926221.887298,0.000000
1684926221.897248,0.000000
1684926221.907229,0.000000
1684926221.917259,0.000000
1684926221.927147,0.000000
1684926221.937216,0.000000
1684926221.947231,0.000000
1684926221.957289,0.000000
1684926221.967217,0.000000
1684926221.977322,0.000000
1684926221.987151,0.000000
1684926221.997225,0.000000
1684926222.007386,0.000000
1684926222.017476,0.000000
1684926222.027190,0.000000
1684926222.037234,0.000000
1684926222.047267,0.000000
1684926222.057323,0.000000
1684926222.067203,0.000000
1684926222.077343,0.000000
1684926222.087245,0.000000
1684926222.097237,0.000000
1684926222.107378,0.000000
1684926222.117281,0.000000
1684926222.127787,0.000000
1684926222.137324,0.000000
1684926222.147791,0.000000
1684926222.157263,0.000000
1684926222.167796,0.000000
1684926222.177354,0.000000
1684926222.187809,0.000000
1684926222.197383,0.000000
1684926222.207797,0.000000
1684926222.217351,0.000000
1684926222.227858,0.000000
1684926222.237195,0.000000
1684926222.247797,0.000000
1684926222.257258,0.000000
1684926222.267796,0.000000
1684926222.267982,0.000000
1684926222.277252,0.000000
1684926222.287796,0.000000
1684926222.297247,0.000000
1684926222.307793,0.000000
1684926222.317549,0.000000
1684926222.327799,0.000000
1684926222.337441,0.000000
1684926222.347792,0.000000
1684926222.357363,0.000000
1684926222.367788,0.000000
1684926222.377327,0.000000
1684926222.387788,0.000000
1684926222.398063,0.000000
1684926222.407190,0.000000
1684926222.417306,0.000000
1684926222.427789,0.000000
1684926222.437296,0.000000
1684926222.447795,0.000000
1684926222.447856,0.000000
1684926222.457318,0.000000
1684926222.467830,0.000000
1684926222.477993,0.000000
1684926222.487794,0.000000
1684926222.498044,0.000000
1684926222.507824,0.000000
1684926222.518007,0.000000
1684926222.527831,0.000000
1684926222.538045,0.000000
1684926222.547799,0.000000
1684926222.558103,0.000000
1684926222.567879,0.000000
1684926222.578127,0.000000
1684926222.587829,0.000000
1684926222.598142,0.000000
1684926222.607884,0.000000
1684926222.617651,0.000000
1684926222.627909,0.000000
1684926222.637759,0.000000
1684926222.647823,0.000000
1684926222.657264,0.000000
1684926222.667973,0.000000
1684926222.678371,0.000000
1684926222.688110,0.000000
1684926222.698249,0.000000
1684926222.708263,0.000000
1684926222.718297,0.000000
1684926222.728299,0.000000
1684926222.738348,0.000000
1684926222.748296,0.000000
1684926222.758303,0.000000
1684926222.768339,0.000000
1684926222.778404,0.000000
1684926222.787313,0.000000
1684926222.798332,0.000000
1684926222.807296,0.000000
1684926222.817346,0.000000
1684926222.827211,0.000000
1684926222.837320,0.000000
1684926222.847256,0.000000
1684926222.847258,0.000000
1684926222.857441,0.000000
1684926222.867223,0.000000
1684926222.877351,0.000000
1684926222.887251,0.000000
1684926222.897357,0.000000
1684926222.907296,0.000000
1684926222.917306,0.000000
1684926222.927297,0.000000
1684926222.937355,0.000000
1684926222.947307,0.000000
1684926222.957343,0.000000
1684926222.967318,0.000000
1684926222.977342,0.000000
1684926222.987281,0.000000
1684926222.997348,0.000000
1684926223.007305,0.000000
1684926223.017366,0.000000
1684926223.027298,0.000000
1684926223.037423,0.000000
1684926223.047306,0.000000
1684926223.057383,0.000000
1684926223.067267,0.000000
1684926223.077472,0.000000
1684926223.087355,0.000000
1684926223.097387,0.000000
1684926223.107296,0.000000
1684926223.117451,0.000000
1684926223.127270,0.000000
1684926223.137365,0.000000
1684926223.147306,0.000000
1684926223.157411,0.000000
1684926223.167342,0.000000
1684926223.177303,0.000000
1684926223.187453,0.000000
1684926223.197351,0.000000
1684926223.207477,0.000000
1684926223.217375,0.000000
1684926223.227612,0.000000
1684926223.237403,0.000000
1684926223.247531,0.000000
1684926223.257471,0.000000
1684926223.267253,0.000000
1684926223.277395,0.000000
1684926223.287303,0.000000
1684926223.297386,0.000000
1684926223.307237,0.000000
1684926223.317292,0.000000
1684926223.327250,0.000000
1684926223.337348,0.000000
1684926223.347328,0.000000
1684926223.357536,0.000000
1684926223.367344,0.000000
1684926223.377371,0.000000
1684926223.387345,0.000000
1684926223.397394,0.000000
1684926223.407546,0.000000
1684926223.417389,0.000000
1684926223.421288,0.000000
1684926223.427530,0.000000
1684926223.437295,0.000000
1684926223.447295,0.000000
1684926223.457454,0.000000
1684926223.467222,0.000000
1684926223.477390,0.000000
1684926223.487324,0.000000
1684926223.497345,0.000000
1684926223.507290,0.000000
1684926223.517310,0.000000
1684926223.527241,0.000000
1684926223.537346,0.000000
1684926223.547202,0.000000
1684926223.557319,0.000000
1684926223.567342,0.000000
1684926223.577367,0.000000
1684926223.587291,0.000000
1684926223.597372,0.000000
1684926223.607324,0.000000
1684926223.617369,0.000000
1684926223.627347,0.000000
1684926223.637375,0.000000
1684926223.647406,0.000000
1684926223.657408,0.000000
1684926223.667337,0.000000
1684926223.677374,0.000000
1684926223.687280,0.000000
1684926223.697308,0.000000
1684926223.707278,0.000000
1684926223.717312,0.000000
1684926223.727357,0.000000
1684926223.737373,0.000000
1684926223.747873,0.000000
1684926223.757499,0.000000
1684926223.767806,0.000000
1684926223.777539,0.000000
1684926223.787803,0.000000
1684926223.797660,0.588235
1684926223.807746,0.588235
1684926223.817635,0.588235
1684926223.827729,1.176471
1684926223.837622,1.764706
1684926223.847754,1.764706
1684926223.857753,1.764706
1684926223.867771,2.352941
1684926223.877686,1.764706
1684926223.887739,2.941176
1684926223.897469,3.529412
1684926223.907658,4.117647
1684926223.917433,4.117647
1684926223.927662,4.117647
1684926223.937445,3.529412
1684926223.947624,3.529412
1684926223.957509,3.529412
1684926223.967591,4.117647
1684926223.977415,4.705883
1684926223.987577,5.294117
1684926223.997415,6.470588
1684926224.007563,7.058824
1684926224.017465,7.647059
1684926224.027563,8.823529
1684926224.037437,9.411765
1684926224.047516,10.000000
1684926224.057457,11.176471
1684926224.067495,11.764706
1684926224.077516,11.764706
1684926224.087567,12.941176
1684926224.097548,13.529411
1684926224.107687,14.705882
1684926224.117591,15.882353
1684926224.127585,16.470589
1684926224.137672,17.058823
1684926224.147627,18.235294
1684926224.157627,18.235294
1684926224.167428,18.823530
1684926224.177445,19.411764
1684926224.185284,19.411764
1684926224.187391,20.000000
1684926224.197398,19.411764
1684926224.207568,19.411764
1684926224.217432,20.000000
1684926224.227485,20.588236
1684926224.237366,20.588236
1684926224.247354,20.588236
1684926224.257402,21.176470
1684926224.267292,21.176470
1684926224.277395,21.176470
1684926224.287374,21.176470
1684926224.297374,21.176470
1684926224.307284,21.764706
1684926224.317401,21.764706
1684926224.327435,21.764706
1684926224.337422,21.764706
1684926224.348212,21.764706
1684926224.357552,22.352942
1684926224.368202,22.352942
1684926224.377456,21.764706
1684926224.387607,21.764706
1684926224.398725,21.764706
1684926224.407670,21.764706
1684926224.418560,21.176470
1684926224.428503,21.176470
1684926224.438582,21.176470
1684926224.448373,21.176470
1684926224.458448,21.176470
1684926224.468446,21.176470
1684926224.478554,21.176470
1684926224.487632,21.176470
1684926224.498414,21.176470
1684926224.507339,21.176470
1684926224.518690,21.176470
1684926224.527026,21.176470
1684926224.538463,20.588236
1684926224.547647,20.588236
1684926224.557493,20.588236
1684926224.567651,20.000000
1684926224.577467,20.000000
1684926224.587615,20.000000
1684926224.597316,19.411764
1684926224.607546,19.411764
1684926224.617358,18.235294
1684926224.627338,18.235294
1684926224.637439,18.823530
1684926224.647391,18.823530
1684926224.657442,18.823530
1684926224.667356,18.823530
1684926224.677457,18.235294
1684926224.687604,18.823530
1684926224.697521,19.411764
1684926224.707586,19.411764
1684926224.717547,19.411764
1684926224.727611,18.823530
1684926224.737450,18.235294
1684926224.747571,17.647058
1684926224.757302,18.235294
1684926224.767479,18.823530
1684926224.778480,18.823530
1684926224.787623,19.411764
1684926224.797334,19.411764
1684926224.807434,19.411764
1684926224.817544,18.823530
1684926224.827629,18.823530
1684926224.837501,18.235294
1684926224.847604,18.235294
1684926224.857501,17.647058
1684926224.867637,17.647058
1684926224.867792,17.647058
1684926224.877494,18.235294
1684926224.887594,18.235294
1684926224.897321,18.235294
1684926224.907483,17.647058
1684926224.917423,18.235294
1684926224.927570,18.235294
1684926224.937451,18.235294
1684926224.947613,18.235294
1684926224.957494,18.823530
1684926224.967363,18.235294
1684926224.977481,18.235294
1684926224.987420,18.235294
1684926224.997862,18.235294
1684926225.007537,18.823530
1684926225.017451,18.235294
1684926225.027384,18.823530
1684926225.037426,18.235294
1684926225.047378,17.647058
1684926225.057409,18.235294
1684926225.067507,18.235294
1684926225.077469,18.235294
1684926225.077487,18.235294
1684926225.087363,18.235294
1684926225.097537,18.235294
1684926225.097498,18.235294
1684926225.107487,18.823530
1684926225.117453,18.235294
1684926225.127401,18.823530
1684926225.137464,19.411764
1684926225.147378,20.000000
1684926225.157472,20.000000
1684926225.167073,19.411764
1684926225.177579,19.411764
1684926225.187441,18.235294
1684926225.197573,18.823530
1684926225.207566,18.823530
1684926225.217447,18.823530
1684926225.227380,18.823530
1684926225.237428,18.235294
1684926225.237431,18.235294
1684926225.247103,18.235294
1684926225.257383,18.235294
1684926225.267094,18.823530
1684926225.277419,18.823530
1684926225.287073,18.823530
1684926225.297500,19.411764
1684926225.308066,19.411764
1684926225.318215,18.823530
1684926225.327112,19.411764
1684926225.338204,20.000000
1684926225.347340,20.000000
1684926225.358217,19.411764
1684926225.368109,18.823530
1684926225.378192,18.823530
1684926225.387141,18.823530
1684926225.398190,19.411764
1684926225.407330,19.411764
1684926225.418193,20.000000
1684926225.427107,20.000000
1684926225.438155,19.411764
1684926225.447121,19.411764
1684926225.457435,19.411764
1684926225.468092,18.823530
1684926225.478244,18.823530
1684926225.487112,18.235294
1684926225.498314,18.235294
1684926225.507135,18.235294
1684926225.518395,18.823530
1684926225.527117,18.823530
1684926225.537319,19.411764
1684926225.547117,19.411764
1684926225.558322,19.411764
1684926225.568143,19.411764
1684926225.577406,19.411764
1684926225.587101,19.411764
1684926225.598136,19.411764
1684926225.607240,19.411764
1684926225.618160,19.411764
1684926225.627153,19.411764
1684926225.638154,19.411764
1684926225.648150,19.411764
1684926225.658142,20.000000
1684926225.668159,20.000000
1684926225.678140,20.000000
1684926225.688164,19.411764
1684926225.698191,18.235294
1684926225.708221,18.823530
1684926225.718230,19.411764
1684926225.728325,19.411764
1684926225.738345,19.411764
1684926225.748477,20.000000
1684926225.758125,20.000000
1684926225.768452,19.411764
1684926225.778453,18.823530
1684926225.788348,18.823530
1684926225.798433,18.235294
1684926225.807350,18.823530
1684926225.818448,18.823530
1684926225.827380,19.411764
1684926225.838536,19.411764
1684926225.847366,18.823530
1684926225.857434,18.823530
1684926225.867322,19.411764
1684926225.877414,18.823530
1684926225.887393,19.411764
1684926225.898081,19.411764
1684926225.907457,19.411764
1684926225.917448,19.411764
1684926225.927450,19.411764
1684926225.937478,18.823530
1684926225.947478,18.823530
1684926225.958099,19.411764
1684926225.967531,18.823530
1684926225.977490,18.823530
1684926225.987173,18.235294
1684926225.998082,18.235294
1684926226.007410,18.235294
1684926226.017480,18.235294
1684926226.027185,18.235294
1684926226.037569,18.823530
1684926226.047431,19.411764
1684926226.058135,20.000000
1684926226.067332,20.000000
1684926226.077420,20.000000
1684926226.087413,19.411764
1684926226.098197,19.411764
1684926226.107164,19.411764
1684926226.117492,18.823530
1684926226.127166,18.823530
1684926226.137512,19.411764
1684926226.147173,19.411764
1684926226.157558,18.823530
1684926226.167233,18.823530
1684926226.177559,19.411764
1684926226.187234,19.411764
1684926226.198073,18.823530
1684926226.207165,18.235294
1684926226.217466,18.235294
1684926226.227599,18.235294
1684926226.237432,17.647058
1684926226.247617,17.647058
1684926226.258026,17.647058
1684926226.267183,17.647058
1684926226.278022,17.647058
1684926226.287186,17.058823
1684926226.298014,17.647058
1684926226.298024,17.647058
1684926226.307152,17.647058
1684926226.318049,16.470589
1684926226.327918,16.470589
1684926226.337550,15.882353
1684926226.348036,15.294118
1684926226.358162,15.882353
1684926226.367442,15.294118
1684926226.377529,15.882353
1684926226.387456,15.294118
1684926226.397502,15.294118
1684926226.407662,14.705882
1684926226.417689,14.705882
1684926226.427669,14.705882
1684926226.437661,14.117647
1684926226.447687,14.117647
1684926226.457680,12.941176
1684926226.467767,12.941176
1684926226.477835,12.941176
1684926226.487854,12.352942
1684926226.498202,12.352942
1684926226.508166,12.352942
1684926226.517527,11.764706
1684926226.527304,11.176471
1684926226.537722,11.176471
1684926226.547228,11.176471
1684926226.557709,11.176471
1684926226.567243,11.176471
1684926226.577926,11.176471
1684926226.587240,11.176471
1684926226.597720,10.588235
1684926226.607228,10.588235
1684926226.617780,10.000000
1684926226.627229,9.411765
1684926226.637835,9.411765
1684926226.647253,8.823529
1684926226.652786,8.823529
1684926226.658058,8.823529
1684926226.667206,8.823529
1684926226.677560,9.411765
1684926226.687236,8.823529
1684926226.697467,8.823529
1684926226.707241,8.823529
1684926226.717469,8.823529
1684926226.727236,8.235294
1684926226.737483,8.235294
1684926226.747250,7.647059
1684926226.757925,7.647059
1684926226.767283,7.058824
1684926226.777966,7.058824
1684926226.787258,7.058824
1684926226.797915,7.647059
1684926226.807297,7.647059
1684926226.817963,7.647059
1684926226.827347,7.058824
1684926226.837941,7.058824
1684926226.847274,7.058824
1684926226.857919,6.470588
1684926226.867236,6.470588
1684926226.877957,7.058824
1684926226.887324,6.470588
1684926226.897939,6.470588
1684926226.907399,6.470588
1684926226.917944,6.470588
1684926226.927501,6.470588
1684926226.938043,6.470588
1684926226.947657,6.470588
1684926226.958015,6.470588
1684926226.967769,5.882353
1684926226.978028,5.882353
1684926226.987900,5.294117
1684926226.998131,5.294117
1684926227.007256,5.294117
1684926227.018121,5.294117
1684926227.027259,5.882353
1684926227.037914,5.294117
1684926227.047900,4.705883
1684926227.057908,4.705883
1684926227.067923,4.705883
1684926227.077884,4.117647
1684926227.087979,4.705883
1684926227.097911,4.117647
1684926227.107962,4.705883
1684926227.117940,5.294117
1684926227.127905,5.294117
1684926227.137924,5.294117
1684926227.147968,5.294117
1684926227.157977,5.294117
1684926227.167962,5.294117
1684926227.177995,5.294117
1684926227.187945,5.294117
1684926227.197945,5.882353
1684926227.207957,5.294117
1684926227.217962,4.705883
1684926227.227962,4.705883
1684926227.237969,5.294117
1684926227.247967,5.294117
1684926227.258046,5.882353
1684926227.267966,5.294117
1684926227.278071,5.882353
1684926227.287981,5.882353
1684926227.298048,5.294117
1684926227.307300,5.294117
1684926227.317969,5.294117
1684926227.327985,5.294117
1684926227.337988,5.294117
1684926227.347997,5.882353
1684926227.358140,5.882353
1684926227.368008,5.882353
1684926227.378129,6.470588
1684926227.387981,6.470588
1684926227.397823,6.470588
1684926227.408027,6.470588
1684926227.418036,6.470588
1684926227.428062,6.470588
1684926227.438022,6.470588
1684926227.448014,6.470588
1684926227.458074,6.470588
1684926227.468062,7.058824
1684926227.479027,6.470588
1684926227.488072,6.470588
1684926227.498037,6.470588
1684926227.508095,7.058824
1684926227.518043,7.647059
1684926227.528301,7.647059
1684926227.538069,7.647059
1684926227.548091,7.647059
1684926227.558071,8.235294
1684926227.568074,8.823529
1684926227.578105,8.823529
1684926227.588170,8.823529
1684926227.598119,8.235294
1684926227.607145,8.235294
1684926227.618162,8.235294
1684926227.628157,8.235294
1684926227.638219,8.235294
1684926227.647213,8.823529
1684926227.658221,8.823529
1684926227.668214,8.235294
1684926227.678199,8.235294
1684926227.687300,8.235294
1684926227.698198,8.235294
1684926227.707179,8.823529
1684926227.718249,8.235294
1684926227.727213,8.235294
1684926227.738235,8.235294
1684926227.747221,8.823529
1684926227.758219,8.235294
1684926227.768220,8.823529
1684926227.778239,8.823529
1684926227.787328,8.823529
1684926227.798237,8.823529
1684926227.807309,8.823529
1684926227.818238,8.823529
1684926227.827234,8.823529
1684926227.838238,8.823529
1684926227.847229,8.235294
1684926227.858257,8.823529
1684926227.867250,8.823529
1684926227.877397,8.823529
1684926227.887260,9.411765
1684926227.898332,9.411765
1684926227.907268,9.411765
1684926227.917283,10.000000
1684926227.927278,10.000000
1684926227.937291,10.000000
1684926227.947280,10.000000
1684926227.958318,10.588235
1684926227.967281,10.588235
1684926227.978305,10.588235
1684926227.987302,10.000000
1684926227.998302,10.588235
1684926228.007301,10.000000
1684926228.018329,10.588235
1684926228.027346,11.176471
1684926228.038315,11.176471
1684926228.047375,11.764706
1684926228.058342,11.176471
1684926228.067476,11.764706
1684926228.078367,11.764706
1684926228.087333,11.764706
1684926228.098386,11.764706
1684926228.107336,11.764706
1684926228.118369,12.352942
1684926228.127348,11.764706
1684926228.138356,11.764706
1684926228.147367,12.352942
1684926228.158374,12.352942
1684926228.167367,12.352942
1684926228.178370,12.352942
1684926228.187397,12.352942
1684926228.198393,13.529411
1684926228.207432,13.529411
1684926228.218365,13.529411
1684926228.227393,13.529411
1684926228.237646,13.529411
1684926228.247454,13.529411
1684926228.258390,13.529411
1684926228.267462,13.529411
1684926228.278426,14.705882
1684926228.287410,14.117647
1684926228.297707,14.117647
1684926228.307428,14.117647
1684926228.318449,13.529411
1684926228.327424,14.117647
1684926228.329295,14.117647
1684926228.338468,14.705882
1684926228.347550,14.117647
1684926228.358434,14.705882
1684926228.367472,14.705882
1684926228.377482,14.705882
1684926228.387464,14.705882
1684926228.397791,14.705882
1684926228.407447,14.705882
1684926228.417793,14.705882
1684926228.427475,14.705882
1684926228.437861,14.705882
1684926228.447483,15.294118
1684926228.457858,14.705882
1684926228.467498,15.294118
1684926228.477597,15.882353
1684926228.487479,15.882353
1684926228.497608,15.294118
1684926228.507515,15.294118
1684926228.517702,15.294118
1684926228.527413,15.294118
1684926228.537680,15.294118
1684926228.547431,15.294118
1684926228.557580,15.294118
1684926228.567444,15.294118
1684926228.577608,15.294118
1684926228.587433,15.882353
1684926228.597599,16.470589
1684926228.607533,16.470589
1684926228.617647,16.470589
1684926228.627642,16.470589
1684926228.637672,15.294118
1684926228.647707,15.882353
1684926228.657884,15.882353
1684926228.667830,15.882353
1684926228.677871,15.294118
1684926228.687995,15.294118
1684926228.688001,15.294118
1684926228.698162,15.294118
1684926228.708134,15.294118
1684926228.708218,15.294118
1684926228.718158,15.294118
1684926228.727242,15.294118
1684926228.738288,15.882353
1684926228.747408,15.294118
1684926228.758435,14.705882
1684926228.767501,14.705882
1684926228.778640,14.705882
1684926228.787669,14.705882
1684926228.797642,14.705882
1684926228.807743,14.705882
1684926228.817659,14.705882
1684926228.827616,14.705882
1684926228.837604,14.117647
1684926228.847640,14.117647
1684926228.857640,14.705882
1684926228.867643,14.705882
1684926228.877642,14.705882
1684926228.887648,14.117647
1684926228.897650,14.117647
1684926228.907647,14.117647
1684926228.917660,14.117647
1684926228.927656,14.705882
1684926228.937645,14.705882
1684926228.947709,14.705882
1684926228.957668,14.117647
1684926228.967701,14.117647
1684926228.977667,14.117647
1684926228.987750,14.117647
1684926228.997745,13.529411
1684926229.007689,13.529411
1684926229.017712,13.529411
1684926229.027715,13.529411
1684926229.037688,13.529411
1684926229.037729,13.529411
1684926229.047728,13.529411
1684926229.057717,13.529411
1684926229.068707,12.941176
1684926229.078767,12.941176
1684926229.088794,12.941176
1684926229.098732,12.941176
1684926229.108767,12.941176
1684926229.118714,12.352942
1684926229.128755,12.352942
1684926229.138833,12.352942
1684926229.147762,12.352942
1684926229.158747,12.941176
1684926229.167822,12.352942
1684926229.178828,12.941176
1684926229.187836,12.352942
1684926229.197737,12.352942
1684926229.207812,12.352942
1684926229.217864,12.352942
1684926229.227774,11.764706
1684926229.237827,12.352942
1684926229.247783,12.352942
1684926229.257763,12.352942
1684926229.267868,12.352942
1684926229.277799,12.352942
1684926229.287874,11.764706
1684926229.297891,11.764706
1684926229.307944,11.176471
1684926229.317792,10.588235
1684926229.327852,10.588235
1684926229.337860,10.000000
1684926229.347854,10.000000
1684926229.357817,10.000000
1684926229.367879,10.000000
1684926229.377825,10.000000
1684926229.387830,9.411765
1684926229.397877,9.411765
1684926229.407851,9.411765
1684926229.417816,9.411765
1684926229.427860,8.823529
1684926229.437851,8.823529
1684926229.447850,7.647059
1684926229.457880,7.647059
1684926229.467856,7.647059
1684926229.477813,7.647059
1684926229.487856,7.647059
1684926229.497775,7.647059
1684926229.507852,7.058824
1684926229.517776,7.058824
1684926229.527854,6.470588
1684926229.537861,7.058824
1684926229.547929,7.058824
1684926229.557670,7.058824
1684926229.567894,6.470588
1684926229.577715,7.058824
1684926229.587942,7.058824
1684926229.597641,6.470588
1684926229.607956,6.470588
1684926229.617655,6.470588
1684926229.627859,5.882353
1684926229.637613,5.882353
1684926229.647900,5.882353
1684926229.657608,5.882353
1684926229.668054,6.470588
1684926229.677553,6.470588
1684926229.687915,6.470588
1684926229.697532,6.470588
1684926229.707896,7.058824
1684926229.718528,7.647059
1684926229.727898,7.058824
1684926229.738478,7.058824
1684926229.747899,7.647059
1684926229.758505,8.235294
1684926229.767918,8.235294
1684926229.778462,8.235294
1684926229.787900,8.235294
1684926229.797448,8.823529
1684926229.807934,8.235294
1684926229.818420,8.235294
1684926229.827934,7.647059
1684926229.837624,8.823529
1684926229.847924,9.411765
1684926229.858387,10.000000
1684926229.867970,11.176471
1684926229.878337,11.764706
1684926229.887950,11.764706
1684926229.898363,11.764706
1684926229.907946,11.764706
1684926229.917967,11.764706
1684926229.927949,11.764706
1684926229.938336,11.176471
1684926229.947946,11.176471
1684926229.958359,11.176471
1684926229.967951,11.176471
1684926229.978345,11.176471
1684926229.987343,11.764706
1684926229.998320,12.352942
1684926230.008197,12.352942
1684926230.018361,12.941176
1684926230.027363,13.529411
1684926230.038319,13.529411
1684926230.047360,13.529411
1684926230.058375,14.117647
1684926230.067404,14.117647
1684926230.078468,14.705882
1684926230.087558,14.705882
1684926230.097608,14.705882
1684926230.107664,15.294118
1684926230.117814,15.294118
1684926230.127900,15.294118
1684926230.137858,15.294118
1684926230.147927,15.882353
1684926230.157952,16.470589
1684926230.168024,16.470589
1684926230.178042,17.058823
1684926230.188128,17.058823
1684926230.198051,17.058823
1684926230.208275,17.647058
1684926230.218058,18.823530
1684926230.227396,18.823530
1684926230.237999,19.411764
1684926230.247520,19.411764
1684926230.258082,20.588236
1684926230.267597,20.588236
1684926230.277949,20.588236
1684926230.287714,20.588236
1684926230.297912,20.588236
1684926230.307882,21.764706
1684926230.318033,21.764706
1684926230.328053,21.764706
1684926230.338010,21.764706
1684926230.348045,22.352942
1684926230.358077,22.941177
1684926230.368032,22.941177
1684926230.378062,22.941177
1684926230.388034,24.117647
1684926230.398036,24.117647
1684926230.408052,24.117647
1684926230.418055,24.705883
1684926230.428058,25.294117
1684926230.438199,25.294117
1684926230.448052,25.294117
1684926230.458057,25.882353
1684926230.468073,26.470589
1684926230.478053,27.058823
1684926230.488076,26.470589
1684926230.498127,26.470589
1684926230.508081,27.058823
1684926230.518080,27.647058
1684926230.528059,27.058823
1684926230.538084,27.647058
1684926230.548099,26.470589
1684926230.558125,27.058823
1684926230.568123,27.058823
1684926230.578122,26.470589
1684926230.588076,26.470589
1684926230.598136,26.470589
1684926230.608175,26.470589
1684926230.619102,26.470589
1684926230.628096,27.058823
1684926230.639167,27.058823
1684926230.648104,26.470589
1684926230.658118,26.470589
1684926230.668118,25.882353
1684926230.679134,25.882353
1684926230.688101,25.882353
1684926230.698142,25.294117
1684926230.708190,24.705883
1684926230.718168,25.294117
1684926230.728121,24.705883
1684926230.738159,24.117647
1684926230.748117,24.705883
1684926230.758157,24.117647
1684926230.768164,24.117647
1684926230.778175,23.529411
1684926230.788134,23.529411
1684926230.798150,22.941177
1684926230.808117,22.352942
1684926230.818141,22.352942
1684926230.828116,21.764706
1684926230.838151,21.764706
1684926230.847408,21.176470
1684926230.858141,21.176470
1684926230.868160,20.588236
1684926230.878141,20.000000
1684926230.888167,20.000000
1684926230.898159,19.411764
1684926230.908225,18.235294
1684926230.918285,17.647058
1684926230.928229,17.647058
1684926230.938164,17.647058
1684926230.948187,16.470589
1684926230.958161,16.470589
1684926230.968215,15.294118
1684926230.978218,15.294118
1684926230.988249,14.705882
1684926230.998187,14.705882
1684926231.008180,14.117647
1684926231.018188,13.529411
1684926231.028182,12.941176
1684926231.038187,12.352942
1684926231.048183,11.764706
1684926231.058366,11.764706
1684926231.068182,11.176471
1684926231.078223,10.588235
1684926231.088179,10.000000
1684926231.098215,10.000000
1684926231.108210,9.411765
1684926231.118207,8.823529
1684926231.128182,8.235294
1684926231.138391,7.647059
1684926231.148204,6.470588
1684926231.158246,6.470588
1684926231.168237,5.882353
1684926231.178256,5.294117
1684926231.188207,4.705883
1684926231.198248,4.117647
1684926231.208230,3.529412
1684926231.218247,3.529412
1684926231.228209,2.941176
1684926231.238211,1.764706
1684926231.248237,1.176471
1684926231.258336,1.176471
1684926231.268252,1.176471
1684926231.278255,1.176471
1684926231.288226,0.000000
1684926231.298245,0.000000
1684926231.308226,0.000000
1684926231.318266,0.000000
1684926231.328522,0.000000
1684926231.338252,0.000000
1684926231.348261,0.000000
1684926231.358252,1.764706
1684926231.368229,4.705883
1684926231.378306,5.882353
1684926231.388280,7.058824
1684926231.398277,8.823529
1684926231.408249,9.411765
1684926231.418311,10.000000
1684926231.428251,10.000000
1684926231.438342,10.000000
1684926231.448353,9.411765
1684926231.458287,8.823529
1684926231.468277,8.235294
1684926231.478288,8.235294
1684926231.488269,7.647059
1684926231.498285,7.058824
1684926231.508291,6.470588
1684926231.518296,5.882353
1684926231.528290,6.470588
1684926231.538271,5.882353
1684926231.548293,5.294117
1684926231.558291,4.705883
1684926231.568300,4.117647
1684926231.578311,3.529412
1684926231.588304,4.705883
1684926231.598327,5.294117
1684926231.608293,5.882353
1684926231.618357,4.705883
1684926231.628296,4.117647
1684926231.638303,3.529412
1684926231.648370,5.882353
1684926231.658317,7.058824
1684926231.658376,7.058824
1684926231.668371,7.058824
1684926231.678343,8.823529
1684926231.687303,9.411765
1684926231.698358,10.000000
1684926231.708315,10.000000
1684926231.718318,10.000000
1684926231.728323,9.411765
1684926231.738356,8.823529
1684926231.748558,8.235294
1684926231.758350,7.647059
1684926231.768506,7.058824
1684926231.778337,6.470588
1684926231.787687,5.882353
1684926231.798360,4.705883
1684926231.808001,2.941176
1684926231.818129,2.941176
1684926231.827776,2.352941
1684926231.838227,0.588235
1684926231.838268,0.588235
1684926231.847944,0.000000
1684926231.858249,0.000000
1684926231.868263,0.000000
1684926231.878256,0.000000
1684926231.888243,0.000000
1684926231.898247,0.000000
1684926231.908251,0.000000
1684926231.918313,0.000000
1684926231.928260,0.000000
1684926231.937402,0.000000
1684926231.947568,0.000000
1684926231.957486,0.000000
1684926231.967590,0.000000
1684926231.977620,0.000000
1684926231.987689,0.000000
1684926231.997754,0.000000
1684926232.007756,0.000000
1684926232.017856,0.000000
1684926232.027911,0.000000
1684926232.038007,0.000000
1684926232.048147,0.000000
1684926232.058177,0.000000
1684926232.068172,0.000000
1684926232.078250,0.000000
1684926232.088390,0.000000
1684926232.097752,0.000000
1684926232.108377,0.000000
1684926232.118427,0.000000
1684926232.128406,0.000000
1684926232.138439,0.000000
1684926232.148463,0.000000
1684926232.158439,0.000000
1684926232.168430,0.000000
1684926232.178439,0.000000
1684926232.188436,0.000000
1684926232.198442,0.000000
1684926232.208442,0.000000
1684926232.218445,0.000000
1684926232.228430,0.000000
1684926232.238449,0.000000
1684926232.248496,0.000000
1684926232.258471,0.000000
1684926232.268453,0.000000
1684926232.278465,0.000000
1684926232.288480,0.000000
1684926232.298476,0.000000
1684926232.308449,0.000000
1684926232.318510,0.000000
1684926232.328444,0.000000
1684926232.338469,0.000000
1684926232.348465,0.000000
1684926232.358470,0.000000
1684926232.368513,0.000000
1684926232.378482,0.000000
1684926232.388487,0.000000
1684926232.398488,0.000000
1684926232.408522,0.000000
1684926232.418498,0.000000
1684926232.428502,0.000000
1684926232.437497,0.000000
1684926232.447478,0.000000
1684926232.457490,0.000000
1684926232.467510,0.000000
1684926232.477484,0.000000
1684926232.487531,0.000000
1684926232.497503,0.000000
1684926232.507514,0.000000
1684926232.517515,0.000000
1684926232.527515,0.000000
1684926232.537536,0.000000
1684926232.547511,0.000000
1684926232.557509,0.000000
1684926232.567527,0.000000
1684926232.577517,0.000000
1684926232.587552,0.000000
1684926232.597532,0.000000
1684926232.607519,0.000000
1684926232.617549,0.000000
1684926232.627584,0.000000
1684926232.637537,0.000000
1684926232.647511,0.000000
1684926232.657523,0.000000
1684926232.667531,0.000000
1684926232.677528,0.000000
1684926232.687534,0.000000
1684926232.697629,0.000000
1684926232.707543,0.000000
1684926232.717580,0.000000
1684926232.727609,0.000000
1684926232.737541,0.000000
1684926232.747561,0.000000
1684926232.757567,0.000000
1684926232.767579,0.000000
1684926232.778569,0.000000
1684926232.787603,0.000000
1684926232.797585,0.000000
1684926232.807559,0.000000
1684926232.817575,0.000000
1684926232.827627,0.000000
1684926232.837623,0.000000
1684926232.847574,0.000000
1684926232.857635,0.000000
1684926232.867583,0.000000
1684926232.877601,0.000000
1684926232.887582,0.000000
1684926232.898190,0.000000
1684926232.908207,0.000000
1684926232.918295,0.000000
1684926232.928252,0.000000
1684926232.938278,0.000000
1684926232.948363,0.000000
1684926232.958422,0.000000
1684926232.968540,0.000000
1684926232.978722,0.000000
1684926232.988633,0.000000
1684926232.998640,0.000000
1684926233.008675,0.000000
1684926233.018703,0.000000
1684926233.028631,0.000000
1684926233.038641,0.000000
1684926233.047637,0.000000
1684926233.057651,0.000000
1684926233.067616,0.000000
1684926233.077648,0.000000
1684926233.087643,0.000000
1684926233.097644,0.000000
1684926233.107623,0.000000
1684926233.117643,0.000000
1684926233.127646,0.000000
1684926233.137641,0.000000
1684926233.147642,0.000000
1684926233.157684,0.000000
1684926233.167668,0.000000
1684926233.177672,0.000000
1684926233.187663,0.000000
1684926233.197665,0.000000
1684926233.207881,0.000000
1684926233.217664,0.000000
1684926233.227644,0.000000
1684926233.237682,0.000000
1684926233.247676,0.000000
1684926233.247727,0.000000
1684926233.257744,0.000000
1684926233.267734,0.000000
1684926233.277700,0.000000
1684926233.287665,0.000000
1684926233.297666,0.000000
1684926233.307821,0.000000
1684926233.317701,0.000000
1684926233.327674,0.000000
1684926233.337691,0.000000
1684926233.347939,0.000000
1684926233.357701,0.000000
1684926233.367792,0.000000
1684926233.367854,0.000000
1684926233.377705,0.000000
1684926233.387717,0.000000
1684926233.397775,0.000000
1684926233.407722,0.000000
1684926233.417708,0.000000
1684926233.427688,0.000000
1684926233.437706,0.000000
1684926233.447690,0.000000
1684926233.457725,0.000000
1684926233.467706,0.000000
1684926233.477737,0.000000
1684926233.487759,0.000000
1684926233.497726,0.000000
1684926233.507722,0.000000
1684926233.509296,0.000000
1684926233.517848,0.000000
1684926233.527744,0.000000
1684926233.527755,0.000000
1684926233.537730,0.000000
1684926233.547734,0.000000
1684926233.557738,0.000000
1684926233.567734,0.000000
1684926233.577740,0.000000
1684926233.587759,0.000000
1684926233.597775,0.000000
1684926233.607814,0.000000
1684926233.617766,0.000000
1684926233.627779,0.000000
1684926233.647784,0.000000
1684926233.657784,0.000000
1684926233.667757,0.000000
1684926233.677765,0.000000
1684926233.687776,0.000000
1684926233.697749,0.000000
1684926233.707765,0.000000
1684926233.717865,0.000000
1684926233.727769,0.000000
1684926233.737777,0.000000
1684926233.747771,0.000000
1684926233.757798,0.000000
1684926233.768005,0.000000
1684926233.778843,0.000000
1684926233.787996,0.000000
1684926233.797984,0.000000
1684926233.808156,0.000000
1684926233.818068,0.000000
1684926233.828146,0.000000
1684926233.838187,0.000000
1684926233.848268,0.000000
1684926233.858354,0.000000
1684926233.868400,0.000000
1684926233.878392,0.000000
1684926233.888496,0.000000
1684926233.898561,0.000000
1684926233.908586,0.000000
1684926233.918736,0.000000
1684926233.928727,0.000000
1684926233.938810,0.000000
1684926233.947812,0.000000
1684926233.957932,0.000000
1684926233.967979,0.000000
1684926233.978107,0.000000
1684926233.988106,0.000000
1684926233.998169,0.000000
1684926234.008250,0.000000
1684926234.018316,0.000000
1684926234.028339,0.000000
1684926234.038416,0.000000
1684926234.048433,0.000000
1684926234.058555,0.000000
1684926234.068588,0.000000
1684926234.078899,0.000000
1684926234.088706,0.000000
1684926234.098593,0.000000
1684926234.108850,0.000000
1684926234.118863,0.000000
1684926234.128873,0.000000
1684926234.138894,0.000000
1684926234.148874,0.000000
1684926234.158857,0.000000
1684926234.168879,0.000000
1684926234.178903,0.000000
1684926234.188897,0.000000
1684926234.198880,0.000000
1684926234.208874,0.000000
1684926234.218898,0.000000
1684926234.228880,0.000000
1684926234.238892,0.000000
1684926234.249000,0.000000
1684926234.258923,0.000000
1684926234.268876,0.000000
1684926234.278893,0.000000
1684926234.288714,0.000000
1684926234.299041,0.000000
1684926234.309004,0.000000
1684926234.319023,0.000000
1684926234.328991,0.000000
1684926234.338896,0.000000
1684926234.348959,0.000000
1684926234.358898,0.000000
1684926234.368933,0.000000
1684926234.378906,0.000000
1684926234.388611,0.000000
1684926234.398927,0.000000
1684926234.408908,0.000000
1684926234.418915,0.000000
1684926234.428917,0.000000
1684926234.438958,0.000000
1684926234.447905,0.000000
1684926234.457919,0.000000
1684926234.467958,0.000000
1684926234.468002,0.000000
1684926234.477983,0.000000
1684926234.488635,0.000000
1684926234.498008,0.000000
1684926234.507935,0.000000
1684926234.517935,0.000000
1684926234.527954,0.000000
1684926234.537951,0.000000
1684926234.547939,0.000000
1684926234.557948,0.000000
1684926234.567945,0.000000
1684926234.577967,0.000000
1684926234.588390,0.000000
1684926234.588861,0.000000
1684926234.597988,0.000000
1684926234.608015,0.000000
1684926234.617966,0.000000
1684926234.627942,0.000000
1684926234.637968,0.000000
1684926234.647952,0.000000
1684926234.657985,0.000000
1684926234.667999,0.000000
1684926234.677983,0.000000
1684926234.688280,0.000000
1684926234.697976,0.000000
1684926234.707943,0.000000
1684926234.717999,0.000000
1684926234.727975,0.000000
1684926234.737997,0.000000
1684926234.748152,0.000000
1684926234.758032,0.000000
1684926234.767967,0.000000
1684926234.779023,0.000000
1684926234.788235,0.000000
1684926234.798026,0.000000
1684926234.808081,0.000000
1684926234.818022,0.000000
1684926234.827989,0.000000
1684926234.838126,0.000000
1684926234.848012,0.000000
1684926234.858023,0.000000
1684926234.868048,0.000000
1684926234.878007,0.000000
1684926234.888151,0.000000
1684926234.898039,0.000000
1684926234.908015,0.000000
1684926234.918043,0.000000
1684926234.928028,0.000000
1684926234.938031,0.000000
1684926234.948017,0.000000
1684926234.958027,0.000000
1684926234.968107,0.000000
1684926234.978047,0.000000
1684926234.988055,0.000000
1684926234.998076,0.000000
1684926235.008029,0.000000
1684926235.018051,0.000000
1684926235.028074,0.000000
1684926235.038054,0.000000
1684926235.048033,0.000000
1684926235.058072,0.000000
1684926235.068050,0.000000
1684926235.068050,0.000000
1684926235.078064,0.000000
1684926235.088071,0.000000
1684926235.098053,0.000000
1684926235.108100,0.000000
1684926235.118081,0.000000
1684926235.128079,0.000000
1684926235.138082,0.000000
1684926235.148148,0.000000
1684926235.158096,0.000000
1684926235.168094,0.000000
1684926235.178071,0.000000
1684926235.188783,0.000000
1684926235.198193,0.000000
1684926235.208168,0.000000
1684926235.218096,0.000000
1684926235.228080,0.000000
1684926235.238201,0.000000
1684926235.248096,0.000000
1684926235.258143,0.000000
1684926235.268496,0.000000
1684926235.278093,0.000000
1684926235.288653,0.000000
1684926235.298119,0.000000
1684926235.308124,0.000000
1684926235.318153,0.000000
1684926235.328104,0.000000
1684926235.338137,0.000000
1684926235.348417,0.000000
1684926235.358121,0.000000
1684926235.368129,0.000000
1684926235.378120,0.000000
1684926235.388292,0.000000
1684926235.398134,0.000000
1684926235.408141,0.000000
1684926235.418126,0.000000
1684926235.428377,0.000000
1684926235.438147,0.000000
1684926235.448388,0.000000
1684926235.458136,0.000000
1684926235.468307,0.000000
1684926235.478270,0.000000
1684926235.488470,0.000000
1684926235.498396,0.000000
1684926235.508441,0.000000
1684926235.518485,0.000000
1684926235.528495,0.000000
1684926235.538575,0.000000
1684926235.548668,0.000000
1684926235.558704,0.000000
1684926235.567794,0.000000
1684926235.577874,0.000000
1684926235.588418,0.000000
1684926235.598103,0.000000
1684926235.608020,0.000000
1684926235.618096,0.000000
1684926235.628187,0.000000
1684926235.638247,0.000000
1684926235.648292,0.000000
1684926235.658332,0.000000
1684926235.668499,0.000000
1684926235.678469,0.000000
1684926235.688495,0.000000
1684926235.698581,0.000000
1684926235.708771,0.000000
1684926235.718763,0.000000
1684926235.728779,0.000000
1684926235.738744,0.000000
1684926235.738744,0.000000
1684926235.748808,0.000000
1684926235.758867,0.000000
1684926235.769005,0.000000
1684926235.779055,0.000000
1684926235.789109,0.000000
1684926235.799226,0.000000
1684926235.809204,0.000000
1684926235.819247,0.000000
1684926235.829228,0.000000
1684926235.839289,0.000000
1684926235.849296,0.000000
1684926235.859277,0.000000
1684926235.868382,0.000000
1684926235.878256,0.000000
1684926235.888297,0.000000
1684926235.898246,0.000000
1684926235.908285,0.000000
1684926235.918255,0.000000
1684926235.928310,0.000000
1684926235.938253,0.000000
1684926235.948290,0.000000
1684926235.958245,0.000000
1684926235.968281,0.000000
1684926235.978265,0.000000
1684926235.988264,0.000000
1684926235.998279,0.000000
1684926236.008301,0.000000
1684926236.018274,0.000000
1684926236.028291,0.000000
1684926236.038512,0.000000
1684926236.048268,0.000000
1684926236.058276,0.000000
1684926236.068289,0.000000
1684926236.078341,0.000000
1684926236.088300,0.000000
1684926236.098330,0.000000
1684926236.108299,0.000000
1684926236.118309,0.000000
1684926236.128299,0.000000
1684926236.138391,0.000000
1684926236.148430,0.000000
1684926236.158317,0.000000
1684926236.168338,0.000000
1684926236.178316,0.000000
1684926236.188292,0.000000
1684926236.198348,0.000000
1684926236.208308,0.000000
1684926236.218314,0.000000
1684926236.228314,0.000000
1684926236.238357,0.000000
1684926236.248322,0.000000
1684926236.258317,0.000000
1684926236.268332,0.000000
1684926236.278340,0.000000
1684926236.288337,0.000000
1684926236.298348,0.000000
1684926236.308413,0.000000
1684926236.318351,0.000000
1684926236.328347,0.000000
1684926236.338343,0.000000
1684926236.348336,0.000000
1684926236.358359,0.000000
1684926236.368350,0.000000
1684926236.368382,0.000000
1684926236.378359,0.000000
1684926236.388355,0.000000
1684926236.398383,0.000000
1684926236.408361,0.000000
1684926236.418357,0.000000
1684926236.428356,0.000000
1684926236.438392,0.000000
1684926236.448369,0.000000
1684926236.458380,0.000000
1684926236.468448,0.000000
1684926236.478380,0.000000
1684926236.488560,0.000000
1684926236.488596,0.000000
1684926236.498385,0.000000
1684926236.508362,0.000000
1684926236.518377,0.000000
1684926236.528383,0.000000
1684926236.538417,0.000000
1684926236.548389,0.000000
1684926236.558379,0.000000
1684926236.568367,0.000000
1684926236.578403,0.000000
1684926236.588391,0.000000
1684926236.598380,0.000000
1684926236.608423,0.000000
1684926236.618411,0.000000
1684926236.628422,0.000000
1684926236.638404,0.000000
1684926236.648382,0.000000
1684926236.658395,0.000000
1684926236.668439,0.000000
1684926236.678403,0.000000
1684926236.688456,0.000000
1684926236.698430,0.000000
1684926236.708427,0.000000
1684926236.718423,0.000000
1684926236.728430,0.000000
1684926236.738426,0.000000
1684926236.748412,0.000000
1684926236.758521,0.000000
1684926236.768496,0.000000
1684926236.778572,0.000000
1684926236.788726,0.000000
1684926236.798742,0.000000
1684926236.808802,0.000000
1684926236.818861,0.000000
1684926236.828921,0.000000
1684926236.838918,0.000000
1684926236.847970,0.000000
1684926236.858066,0.000000
1684926236.868128,0.000000
1684926236.878134,0.000000
1684926236.888190,0.000000
1684926236.898264,0.000000
1684926236.908344,0.000000
1684926236.918405,0.000000
1684926236.928419,0.000000
1684926236.938513,0.000000
1684926236.948571,0.000000
1684926236.958596,0.000000
1684926236.968634,0.000000
1684926236.978760,0.000000
1684926236.988764,0.000000
1684926236.998814,0.000000
1684926237.008932,0.000000
1684926237.018924,0.000000
1684926237.029002,0.000000
1684926237.039064,0.000000
1684926237.049147,0.000000
1684926237.059170,0.000000
1684926237.069213,0.000000
1684926237.079295,0.000000
1684926237.089341,0.000000
1684926237.099518,0.000000
1684926237.109486,0.000000
1684926237.119514,0.000000
1684926237.129498,0.000000
1684926237.139496,0.000000
1684926237.149632,0.000000
1684926237.159512,0.000000
1684926237.169481,0.000000
1684926237.179509,0.000000
1684926237.189507,0.000000
1684926237.199521,0.000000
1684926237.209522,0.000000
1684926237.219541,0.000000
1684926237.229510,0.000000
1684926237.239545,0.000000
1684926237.249610,0.000000
1684926237.259534,0.000000
1684926237.269528,0.000000
1684926237.279529,0.000000
1684926237.289529,0.000000
1684926237.299578,0.000000
1684926237.309523,0.000000
1684926237.319555,0.000000
1684926237.329547,0.000000
1684926237.339540,0.000000
1684926237.348533,0.000000
1684926237.358549,0.000000
1684926237.368531,0.000000
1684926237.378557,0.000000
1684926237.388534,0.000000
1684926237.398532,0.000000
1684926237.408563,0.000000
1684926237.418555,0.000000
1684926237.428561,0.000000
1684926237.438550,0.000000
1684926237.448585,0.000000
1684926237.458588,0.000000
1684926237.468487,0.000000
1684926237.478674,0.000000
1684926237.488690,0.000000
1684926237.498573,0.000000
1684926237.508446,0.000000
1684926237.518603,0.000000
1684926237.528579,0.000000
1684926237.538603,0.000000
1684926237.548425,0.000000
1684926237.558570,0.000000
1684926237.568639,0.000000
1684926237.578679,0.000000
1684926237.588592,0.000000
1684926237.598599,0.000000
1684926237.608623,0.000000
1684926237.618598,0.000000
1684926237.628602,0.000000
1684926237.638616,0.000000
1684926237.648624,0.000000
1684926237.658637,0.000000
1684926237.668624,0.000000
1684926237.678686,0.000000
1684926237.688658,0.000000
1684926237.698685,0.000000
1684926237.708625,0.000000
1684926237.718689,0.000000
1684926237.728683,0.000000
1684926237.738705,0.000000
1684926237.748221,0.000000
1684926237.758634,0.000000
1684926237.768649,0.000000
1684926237.778699,0.000000
1684926237.788649,0.000000
1684926237.798679,0.000000
1684926237.808643,0.000000
1684926237.818736,0.000000
1684926237.828645,0.000000
1684926237.838687,0.000000
1684926237.848685,0.000000
1684926237.858735,0.000000
1684926237.868680,0.000000
1684926237.878744,0.000000
1684926237.888692,0.000000
1684926237.898690,0.000000
1684926237.908657,0.000000
1684926237.918676,0.000000
1684926237.928773,0.000000
1684926237.938720,0.000000
1684926237.949048,0.000000
1684926237.958677,0.000000
1684926237.968677,0.000000
1684926237.978676,0.000000
1684926237.988683,0.000000
1684926237.998704,0.000000
1684926238.008695,0.000000
1684926238.018704,0.000000
1684926238.028776,0.000000
1684926238.038700,0.000000
1684926238.048709,0.000000
1684926238.058701,0.000000
1684926238.068745,0.000000
1684926238.078726,0.000000
1684926238.088684,0.000000
1684926238.098750,0.000000
1684926238.108789,0.000000
1684926238.118764,0.000000
1684926238.128786,0.000000
1684926238.138808,0.000000
1684926238.148810,0.000000
1684926238.158721,0.000000
1684926238.168722,0.000000
1684926238.178732,0.000000
1684926238.188722,0.000000
1684926238.198765,0.000000
1684926238.208780,0.000000
1684926238.218746,0.000000
1684926238.228731,0.000000
1684926238.238811,0.000000
1684926238.248734,0.000000
1684926238.258744,0.000000
1684926238.268726,0.000000
1684926238.278773,0.000000
1684926238.279759,0.000000
1684926238.288902,0.000000
1684926238.298746,0.000000
1684926238.308757,0.000000
1684926238.318773,0.000000
1684926238.328746,0.000000
1684926238.338753,0.000000
1684926238.348755,0.000000
1684926238.358768,0.000000
1684926238.368743,0.000000
1684926238.378812,0.000000
1684926238.388767,0.000000
1684926238.398843,0.000000
1684926238.408835,0.000000
1684926238.418805,0.000000
1684926238.428825,0.000000
1684926238.438802,0.000000
1684926238.448852,0.000000
1684926238.458841,0.000000
1684926238.468807,0.000000
1684926238.478817,0.000000
1684926238.488893,0.000000
1684926238.498918,0.000000
1684926238.508986,0.000000
1684926238.519181,0.000000
1684926238.529095,0.000000
1684926238.539217,0.000000
1684926238.549284,0.000000
1684926238.559247,0.000000
1684926238.569338,0.000000
1684926238.578371,0.000000
1684926238.588412,0.000000
1684926238.598460,0.000000
1684926238.608696,0.000000
1684926238.618701,0.000000
1684926238.628708,0.000000
1684926238.639303,0.000000
1684926238.649327,0.000000
1684926238.659375,0.000000
1684926238.669415,0.000000
1684926238.679479,0.000000
1684926238.689559,0.000000
1684926238.699607,0.000000
1684926238.709656,0.000000
1684926238.720729,0.000000
1684926238.729846,0.000000
1684926238.739930,0.000000
1684926238.749856,0.000000
1684926238.759872,0.000000
1684926238.769855,0.000000
1684926238.779878,0.000000
1684926238.789835,0.000000
1684926238.799851,0.000000
1684926238.809850,0.000000
1684926238.819877,0.000000
1684926238.829852,0.000000
1684926238.839871,0.000000
1684926238.849851,0.000000
1684926238.859868,0.000000
1684926238.869876,0.000000
1684926238.879887,0.000000
1684926238.889853,0.000000
1684926238.899895,0.000000
1684926238.909878,0.000000
1684926238.919880,0.000000
1684926238.929873,0.000000
1684926238.939895,0.000000
1684926238.949886,0.000000
1684926238.959889,0.000000
1684926238.969886,0.000000
1684926238.973289,0.000000
1684926238.978933,0.000000
1684926238.988961,0.000000
1684926238.998875,0.000000
1684926239.008904,0.000000
1684926239.018905,0.000000
1684926239.028898,0.000000
1684926239.038894,0.000000
1684926239.048879,0.000000
1684926239.058981,0.000000
1684926239.059028,0.000000
1684926239.068881,0.000000
1684926239.078915,0.000000
1684926239.088903,0.000000
1684926239.099029,0.000000
1684926239.108916,0.000000
1684926239.108977,0.000000
1684926239.118972,0.000000
1684926239.128984,0.000000
1684926239.138921,0.000000
1684926239.148926,0.000000
1684926239.158943,0.000000
1684926239.168936,0.000000
1684926239.178949,0.000000
1684926239.189021,0.000000
1684926239.198929,0.000000
1684926239.209293,0.000000
1684926239.218964,0.000000
1684926239.228930,0.000000
1684926239.238966,0.000000
1684926239.248945,0.000000
1684926239.258964,0.000000
1684926239.268943,0.000000
1684926239.278967,0.000000
1684926239.288965,0.000000
1684926239.298976,0.000000
1684926239.308964,0.000000
1684926239.318990,0.000000
1684926239.328969,0.000000
1684926239.339001,0.000000
1684926239.348962,0.000000
1684926239.358981,0.000000
1684926239.368972,0.000000
1684926239.378990,0.000000
1684926239.388970,0.000000
1684926239.399009,0.000000
1684926239.408985,0.000000
1684926239.419008,0.000000
1684926239.428990,0.000000
1684926239.439006,0.000000
1684926239.449011,0.000000
1684926239.459010,0.000000
1684926239.469078,0.000000
1684926239.479128,0.000000
1684926239.488986,0.000000
1684926239.498983,0.000000
1684926239.509106,0.000000
1684926239.519009,0.000000
1684926239.528990,0.000000
1684926239.539027,0.000000
1684926239.549015,0.000000
1684926239.559025,0.000000
1684926239.569074,0.000000
1684926239.569073,0.000000
1684926239.579035,0.000000
1684926239.589064,0.000000
1684926239.599027,0.000000
1684926239.609115,0.000000
1684926239.619038,0.000000
1684926239.629009,0.000000
1684926239.639283,0.000000
1684926239.649024,0.000000
1684926239.659049,0.000000
1684926239.669083,0.000000
1684926239.679058,0.000000
1684926239.679080,0.000000
1684926239.689070,0.000000
1684926239.699106,0.000000
1684926239.699243,0.000000
1684926239.709072,0.000000
1684926239.719108,0.000000
1684926239.729070,0.000000
1684926239.739082,0.000000
1684926239.749075,0.000000
1684926239.759048,0.000000
1684926239.769114,0.000000
1684926239.779127,0.000000
1684926239.789102,0.000000
1684926239.799091,0.000000
1684926239.809077,0.000000
1684926239.819131,0.000000
1684926239.829077,0.000000
1684926239.839115,0.000000
1684926239.849053,0.000000
1684926239.849055,0.000000
1684926239.859128,0.000000
1684926239.869090,0.000000
1684926239.879102,0.000000
1684926239.889071,0.000000
1684926239.899070,0.000000
1684926239.909096,0.000000
1684926239.919177,0.000000
1684926239.929111,0.000000
1684926239.939289,0.000000
1684926239.939340,0.000000
1684926239.949101,0.000000
1684926239.959113,0.000000
1684926239.969091,0.000000
1684926239.979099,0.000000
1684926239.989115,0.000000
1684926239.999091,0.000000
1684926240.009073,0.000000
1684926240.019226,0.000000
1684926240.029112,0.000000
1684926240.039159,0.000000
1684926240.049050,0.000000
1684926240.059072,0.000000
1684926240.069130,0.000000
1684926240.079125,0.000000
1684926240.089298,0.000000
1684926240.099138,0.000000
1684926240.109076,0.000000
1684926240.119159,0.000000
1684926240.129139,0.000000
1684926240.139096,0.000000
1684926240.149139,0.000000
1684926240.159274,0.000000
1684926240.169139,0.000000
1684926240.179230,0.000000
1684926240.189126,0.000000
1684926240.199268,0.000000
1684926240.209223,0.000000
1684926240.219323,0.000000
1684926240.229376,0.000000
1684926240.239468,0.000000
1684926240.249475,0.000000
1684926240.259538,0.000000
1684926240.269548,0.000000
1684926240.279731,0.000000
1684926240.288637,0.000000
1684926240.299727,0.000000
1684926240.308792,0.000000
1684926240.318851,0.000000
1684926240.328888,0.000000
1684926240.339158,0.000000
1684926240.348991,0.000000
1684926240.359053,0.000000
1684926240.369118,0.000000
1684926240.379154,0.000000
1684926240.389260,0.000000
1684926240.399295,0.000000
1684926240.409391,0.000000
1684926240.419636,0.000000
1684926240.429492,0.000000
1684926240.429500,0.000000
1684926240.439558,0.000000
1684926240.449634,0.000000
1684926240.459653,0.000000
1684926240.469716,0.000000
1684926240.479769,0.000000
1684926240.489830,0.000000
1684926240.499866,0.000000
1684926240.509991,0.000000
1684926240.519994,0.000000
1684926240.530095,0.000000
1684926240.540096,0.000000
1684926240.550104,0.000000
1684926240.561199,0.000000
1684926240.570137,0.000000
1684926240.580180,0.000000
1684926240.590095,0.000000
1684926240.601181,0.000000
1684926240.601252,0.000000
1684926240.610271,0.000000
1684926240.620114,0.000000
1684926240.630099,0.000000
1684926240.640112,0.000000
1684926240.650177,0.000000
1684926240.660158,0.000000
1684926240.670262,0.000000
1684926240.680171,0.000000
1684926240.690151,0.000000
1684926240.700104,0.000000
1684926240.710195,0.000000
1684926240.720181,0.000000
1684926240.730142,0.000000
1684926240.740147,0.000000
1684926240.750108,0.000000
1684926240.760269,0.000000
1684926240.769165,0.000000
1684926240.781159,0.000000
1684926240.789094,0.000000
1684926240.799127,0.000000
1684926240.809196,0.000000
1684926240.819248,0.000000
1684926240.829154,0.000000
1684926240.839131,0.000000
1684926240.849102,0.000000
1684926240.859203,0.000000
1684926240.869146,0.000000
1684926240.879143,0.000000
1684926240.889249,0.000000
1684926240.899186,0.000000
1684926240.909168,0.000000
1684926240.919168,0.000000
1684926240.929112,0.000000
1684926240.929185,0.000000
1684926240.939158,0.000000
1684926240.949126,0.000000
1684926240.959242,0.000000
1684926240.969161,0.000000
1684926240.979113,0.000000
1684926240.989171,0.000000
1684926240.999220,0.000000
1684926241.009075,0.000000
1684926241.019329,0.000000
1684926241.029138,0.000000
1684926241.039283,0.000000
1684926241.049115,0.000000
1684926241.059206,0.000000
1684926241.069101,0.000000
1684926241.079170,0.000000
1684926241.089127,0.000000
1684926241.099275,0.000000
1684926241.109322,0.000000
1684926241.119238,0.000000
1684926241.129151,0.000000
1684926241.139194,0.000000
1684926241.149110,0.000000
1684926241.159142,0.000000
1684926241.169169,0.000000
1684926241.179207,0.000000
1684926241.189099,0.000000
1684926241.199344,0.000000
1684926241.209207,0.000000
1684926241.219167,0.000000
1684926241.229089,0.000000
1684926241.239147,0.000000
1684926241.249148,0.000000
1684926241.259253,0.000000
1684926241.269146,0.000000
1684926241.279195,0.000000
1684926241.279251,0.000000
1684926241.289285,0.000000
1684926241.299145,0.000000
1684926241.309150,0.000000
1684926241.319164,0.000000
1684926241.329102,0.000000
1684926241.339283,0.000000
1684926241.349350,0.000000
1684926241.359206,0.000000
1684926241.369132,0.000000
1684926241.379254,0.000000
1684926241.389304,0.000000
1684926241.399304,0.000000
1684926241.409153,0.000000
1684926241.419173,0.000000
1684926241.429276,0.000000
1684926241.439147,0.000000
1684926241.449143,0.000000
1684926241.459184,0.000000
1684926241.469214,0.000000
1684926241.479148,0.000000
1684926241.479561,0.000000
1684926241.489138,0.000000
1684926241.499211,0.000000
1684926241.509152,0.000000
1684926241.519167,0.000000
1684926241.529206,0.000000
1684926241.539195,0.000000
1684926241.549204,0.000000
1684926241.559209,0.000000
1684926241.569149,0.000000
1684926241.579218,0.000000
1684926241.589209,0.000000
1684926241.599230,0.000000
1684926241.609205,0.000000
1684926241.619126,0.000000
1684926241.628817,0.000000
1684926241.639190,0.000000
1684926241.649165,0.000000
1684926241.659212,0.000000
1684926241.669140,0.000000
1684926241.679212,0.000000
1684926241.689213,0.000000
1684926241.699171,0.000000
1684926241.709285,0.000000
1684926241.719344,0.000000
1684926241.729395,0.000000
1684926241.739491,0.000000
1684926241.749522,0.000000
1684926241.759546,0.000000
1684926241.769612,0.000000
1684926241.779715,0.000000
1684926241.789715,0.000000
1684926241.798761,0.000000
1684926241.798808,0.000000
1684926241.808937,0.000000
1684926241.818885,0.000000
1684926241.828880,0.000000
1684926241.838985,0.000000
1684926241.838981,0.000000
1684926241.849028,0.000000
1684926241.859058,0.000000
1684926241.869071,0.000000
1684926241.879155,0.000000
1684926241.879291,0.000000
1684926241.889215,0.000000
1684926241.899254,0.000000
1684926241.909275,0.000000
1684926241.919373,0.000000
1684926241.929428,0.000000
1684926241.939510,0.000000
1684926241.949634,0.000000
1684926241.959636,0.000000
1684926241.969710,0.000000
1684926241.979729,0.000000
1684926241.989832,0.000000
1684926242.000111,0.000000
1684926242.009924,0.000000
1684926242.019995,0.000000
1684926242.030116,0.000000
1684926242.040067,0.000000
1684926242.050153,0.000000
1684926242.060252,0.000000
1684926242.070157,0.000000
1684926242.080238,0.000000
1684926242.090274,0.000000
1684926242.100216,0.000000
1684926242.110244,0.000000
1684926242.120176,0.000000
1684926242.130168,0.000000
1684926242.140239,0.000000
1684926242.150301,0.000000
1684926242.160304,0.000000
1684926242.170225,0.000000
1684926242.180172,0.000000
1684926242.190257,0.000000
1684926242.200222,0.000000
1684926242.210225,0.000000
1684926242.220174,0.000000
1684926242.229133,0.000000
1684926242.240234,0.000000
1684926242.249221,0.000000
1684926242.259173,0.000000
1684926242.269194,0.000000
1684926242.279170,0.000000
1684926242.289255,0.000000
1684926242.289256,0.000000
1684926242.299219,0.000000
1684926242.309158,0.000000
1684926242.320274,0.000000
1684926242.329216,0.000000
1684926242.339228,0.000000
1684926242.349178,0.000000
1684926242.359175,0.000000
1684926242.369335,0.000000
1684926242.379191,0.000000
1684926242.389213,0.000000
1684926242.399264,0.000000
1684926242.409112,0.000000
1684926242.419249,0.000000
1684926242.429381,0.000000
1684926242.439251,0.000000
1684926242.449236,0.000000
1684926242.459153,0.000000
1684926242.469243,0.000000
1684926242.480281,0.000000
1684926242.489387,0.000000
1684926242.499226,0.000000
1684926242.509138,0.000000
1684926242.519297,0.000000
1684926242.529247,0.000000
1684926242.539231,0.000000
1684926242.549170,0.000000
1684926242.559520,0.000000
1684926242.569199,0.000000
1684926242.580338,0.000000
1684926242.589170,0.000000
1684926242.600236,0.000000
1684926242.609233,0.000000
1684926242.619177,0.000000
1684926242.629352,0.000000
1684926242.639233,0.000000
1684926242.649216,0.000000
1684926242.649218,0.000000
1684926242.659180,0.000000
1684926242.669129,0.000000
1684926242.680338,0.000000
1684926242.689213,0.000000
1684926242.699226,0.000000
1684926242.709167,0.000000
1684926242.719217,0.000000
1684926242.729244,0.000000
1684926242.739784,0.000000
1684926242.749175,0.000000
1684926242.759295,0.000000
1684926242.769416,0.000000
1684926242.780270,0.000000
1684926242.789225,0.000000
1684926242.799199,0.000000
1684926242.809164,0.000000
1684926242.819177,0.000000
1684926242.829222,0.000000
1684926242.839239,0.000000
1684926242.849198,0.000000
1684926242.859196,0.000000
1684926242.869136,0.000000
1684926242.879238,0.000000
1684926242.889216,0.000000
1684926242.899248,0.000000
1684926242.909157,0.000000
1684926242.919184,0.000000
1684926242.929198,0.000000
1684926242.940291,0.000000
1684926242.949159,0.000000
1684926242.959240,0.000000
1684926242.969182,0.000000
1684926242.980250,0.000000
1684926242.989215,0.000000
1684926242.999219,0.000000
1684926243.009215,0.000000
1684926243.019236,0.000000
1684926243.029242,0.000000
1684926243.039275,0.000000
1684926243.049185,0.000000
1684926243.060297,0.000000
1684926243.069285,0.000000
1684926243.079288,0.000000
1684926243.089293,0.000000
1684926243.099262,0.000000
1684926243.110221,0.000000
1684926243.119203,0.000000
1684926243.129218,0.000000
1684926243.139284,0.000000
1684926243.149163,0.000000
1684926243.160300,0.000000
1684926243.169379,0.000000
1684926243.179269,0.000000
1684926243.189263,0.000000
1684926243.199195,0.000000
1684926243.209273,0.000000
1684926243.220454,0.000000
1684926243.229238,0.000000
1684926243.239236,0.000000
1684926243.249199,0.000000
1684926243.259246,0.000000
1684926243.259245,0.000000
1684926243.269286,0.000000
1684926243.279219,0.000000
1684926243.289246,0.000000
1684926243.299343,0.000000
1684926243.308394,0.000000
1684926243.320446,0.000000
1684926243.329528,0.000000
1684926243.339596,0.000000
1684926243.348795,0.000000
1684926243.359712,0.000000
1684926243.369997,0.000000
1684926243.379885,0.000000
1684926243.389879,0.000000
1684926243.398907,0.000000
1684926243.408021,0.000000
1684926243.420102,0.000000
1684926243.430167,0.000000
1684926243.440199,0.000000
1684926243.448204,0.000000
1684926243.459891,0.000000
1684926243.469972,0.000000
1684926243.480016,0.000000
1684926243.490061,0.000000
1684926243.500303,0.000000
1684926243.510272,0.000000
1684926243.520268,0.000000
1684926243.530251,0.000000
1684926243.540326,0.000000
1684926243.550260,0.000000
1684926243.560205,0.000000
1684926243.570246,0.000000
1684926243.580293,0.000000
1684926243.590348,0.000000
1684926243.600253,0.000000
1684926243.608168,0.000000
1684926243.620329,0.000000
1684926243.628227,0.000000
1684926243.638258,0.000000
1684926243.648192,0.000000
1684926243.658213,0.000000
1684926243.668252,0.000000
1684926243.680308,0.000000
1684926243.688202,0.000000
1684926243.700311,0.000000
1684926243.708237,0.000000
1684926243.720308,0.000000
1684926243.728267,0.000000
1684926243.738244,0.000000
1684926243.750292,0.000000
1684926243.758284,0.000000
1684926243.768286,0.000000
1684926243.768372,0.000000
1684926243.780274,0.000000
1684926243.788302,0.000000
1684926243.789304,0.000000
1684926243.800377,0.000000
1684926243.808246,0.000000
1684926243.818258,0.000000
1684926243.828325,0.000000
1684926243.838229,0.000000
1684926243.848260,0.000000
1684926243.858272,0.000000
1684926243.868246,0.000000
1684926243.879311,0.000000
1684926243.888207,0.000000
1684926243.900349,0.000000
1684926243.909382,0.000000
1684926243.918288,0.000000
1684926243.928221,0.000000
1684926243.938205,0.000000
1684926243.949308,0.000000
1684926243.960398,0.000000
1684926243.968231,0.000000
1684926243.978246,0.000000
1684926243.988276,0.000000
1684926243.998263,0.000000
1684926244.010312,0.000000
1684926244.018230,0.000000
1684926244.028387,0.000000
1684926244.038322,0.000000
1684926244.048175,0.000000
1684926244.060424,0.000000
1684926244.068253,0.000000
1684926244.078304,0.000000
1684926244.088225,0.000000
1684926244.098232,0.000000
1684926244.110323,0.000000
1684926244.118315,0.000000
1684926244.128228,0.000000
1684926244.138231,0.000000
1684926244.148396,0.000000
1684926244.159469,0.000000
1684926244.168249,0.000000
1684926244.178231,0.000000
1684926244.188206,0.000000
1684926244.198424,0.000000
1684926244.208251,0.000000
1684926244.218295,0.000000
1684926244.228230,0.000000
1684926244.238279,0.000000
1684926244.248241,0.000000
1684926244.258279,0.000000
1684926244.268324,0.000000
1684926244.278271,0.000000
1684926244.288238,0.000000
1684926244.298230,0.000000
1684926244.308264,0.000000
1684926244.318411,0.000000
1684926244.328233,0.000000
1684926244.338238,0.000000
1684926244.348306,0.000000
1684926244.358338,0.000000
1684926244.368275,0.000000
1684926244.378240,0.000000
1684926244.388246,0.000000
1684926244.398256,0.000000
1684926244.408240,0.000000
1684926244.420396,0.000000
1684926244.428270,0.000000
1684926244.440353,0.000000
1684926244.448258,0.000000
1684926244.458289,0.000000
1684926244.468229,0.000000
1684926244.478319,0.000000
1684926244.488385,0.000000
1684926244.498273,0.000000
1684926244.508234,0.000000
1684926244.518270,0.000000
1684926244.528206,0.000000
1684926244.538371,0.000000
1684926244.548308,0.000000
1684926244.558275,0.000000
1684926244.568303,0.000000
1684926244.580343,0.000000
1684926244.588336,0.000000
1684926244.598356,0.000000
1684926244.608276,0.000000
1684926244.618276,0.000000
1684926244.628194,0.000000
1684926244.638334,0.000000
1684926244.648319,0.000000
1684926244.658312,0.000000
1684926244.668249,0.000000
1684926244.678276,0.000000
1684926244.688306,0.000000
1684926244.700386,0.000000
1684926244.708234,0.000000
1684926244.718273,0.000000
1684926244.728272,0.000000
1684926244.738234,0.000000
1684926244.748362,0.000000
1684926244.758299,0.000000
1684926244.768355,0.000000
1684926244.778262,0.000000
1684926244.788237,0.000000
1684926244.798424,0.000000
1684926244.808275,0.000000
1684926244.818281,0.000000
1684926244.828197,0.000000
1684926244.838278,0.000000
1684926244.848289,0.000000
1684926244.858342,0.000000
1684926244.868479,0.000000
1684926244.878462,0.000000
1684926244.888489,0.000000
1684926244.898590,0.000000
1684926244.908695,0.000000
1684926244.908755,0.000000
1684926244.918661,0.000000
1684926244.928676,0.000000
1684926244.938764,0.000000
1684926244.948795,0.000000
1684926244.958860,0.000000
1684926244.967922,0.000000
1684926244.977955,0.000000
1684926244.988032,0.000000
1684926244.998039,0.000000
1684926245.008110,0.000000
1684926245.018237,0.000000
1684926245.028234,0.000000
1684926245.038309,0.000000
1684926245.048502,0.000000
1684926245.058447,0.000000
1684926245.068424,0.000000
1684926245.078564,0.000000
1684926245.088590,0.000000
1684926245.098656,0.000000
1684926245.108389,0.000000
1684926245.118779,0.000000
1684926245.128861,0.000000
1684926245.139901,0.000000
1684926245.150386,0.000000
1684926245.160035,0.000000
1684926245.170144,0.000000
1684926245.180170,0.000000
1684926245.190303,0.000000
1684926245.200339,0.000000
1684926245.210346,0.000000
1684926245.220304,0.000000
1684926245.230385,0.000000
1684926245.240640,0.000000
1684926245.250389,0.000000
1684926245.260360,0.000000
1684926245.268304,0.000000
1684926245.280380,0.000000
1684926245.288341,0.000000
1684926245.298357,0.000000
1684926245.308332,0.000000
1684926245.318276,0.000000
1684926245.328300,0.000000
1684926245.340421,0.000000
1684926245.348321,0.000000
1684926245.358279,0.000000
1684926245.368347,0.000000
1684926245.378352,0.000000
1684926245.388345,0.000000
1684926245.398307,0.000000
1684926245.408294,0.000000
1684926245.418592,0.000000
1684926245.428277,0.000000
1684926245.438366,0.000000
1684926245.448287,0.000000
1684926245.448287,0.000000
1684926245.458378,0.000000
1684926245.468301,0.000000
1684926245.478255,0.000000
1684926245.488357,0.000000
1684926245.498371,0.000000
1684926245.508330,0.000000
1684926245.518351,0.000000
1684926245.528295,0.000000
1684926245.538410,0.000000
1684926245.548341,0.000000
1684926245.558300,0.000000
1684926245.568261,0.000000
1684926245.578353,0.000000
1684926245.588358,0.000000
1684926245.598407,0.000000
1684926245.608244,0.000000
1684926245.618296,0.000000
1684926245.628330,0.000000
1684926245.638282,0.000000
1684926245.648309,0.000000
1684926245.658308,0.000000
1684926245.668282,0.000000
1684926245.678269,0.000000
1684926245.688335,0.000000
1684926245.698438,0.000000
1684926245.708319,0.000000
1684926245.718269,0.000000
1684926245.728271,0.000000
1684926245.738434,0.000000
1684926245.748306,0.000000
1684926245.758375,0.000000
1684926245.768249,0.000000
1684926245.778268,0.000000
1684926245.788345,0.000000
1684926245.798351,0.000000
1684926245.808339,0.000000
1684926245.818389,0.000000
1684926245.828337,0.000000
1684926245.838372,0.000000
1684926245.848340,0.000000
1684926245.858303,0.000000
1684926245.868342,0.000000
1684926245.878323,0.000000
1684926245.888327,0.000000
1684926245.898293,0.000000
1684926245.908309,0.000000
1684926245.918453,0.000000
1684926245.928286,0.000000
1684926245.938325,0.000000
1684926245.948301,0.000000
1684926245.958318,0.000000
1684926245.968371,0.000000
1684926245.978362,0.000000
1684926245.988380,0.000000
1684926245.998365,0.000000
1684926246.008239,0.000000
1684926246.018395,0.000000
1684926246.028307,0.000000
1684926246.038373,0.000000
1684926246.048338,0.000000
1684926246.058283,0.000000
1684926246.068366,0.000000
1684926246.080428,0.000000
1684926246.088559,0.000000
1684926246.098453,0.000000
1684926246.108578,0.000000
1684926246.118362,0.000000
1684926246.128482,0.000000
1684926246.138473,0.000000
1684926246.148432,0.000000
1684926246.158370,0.000000
1684926246.168267,0.000000
1684926246.178348,0.000000
1684926246.188351,0.000000
1684926246.198366,0.000000
1684926246.208241,0.000000
1684926246.218387,0.000000
1684926246.228329,0.000000
1684926246.238421,0.000000
1684926246.248397,0.000000
1684926246.258289,0.000000
1684926246.268362,0.000000
1684926246.278244,0.000000
1684926246.288369,0.000000
1684926246.298396,0.000000
1684926246.308366,0.000000
1684926246.318377,0.000000
1684926246.328349,0.000000
1684926246.338367,0.000000
1684926246.348321,0.000000
1684926246.358307,0.000000
1684926246.368377,0.000000
1684926246.378156,0.000000
1684926246.388374,0.000000
1684926246.398366,0.000000
1684926246.408358,0.000000
1684926246.418286,0.000000
1684926246.428338,0.000000
1684926246.438393,0.000000
1684926246.448319,0.000000
1684926246.458291,0.000000
1684926246.468328,0.000000
1684926246.468455,0.000000
1684926246.479067,0.000000
1684926246.479144,0.000000
1684926246.488393,0.000000
1684926246.498366,0.000000
1684926246.508476,0.000000
1684926246.518327,0.000000
1684926246.528465,0.000000
1684926246.538451,0.000000
1684926246.548300,0.000000
1684926246.558431,0.000000
1684926246.568569,0.000000
1684926246.578475,0.000000
1684926246.589053,0.000000
1684926246.598597,0.000000
1684926246.608641,0.000000
1684926246.618746,0.000000
1684926246.628762,0.000000
1684926246.638869,0.000000
1684926246.648921,0.000000
1684926246.658972,0.000000
1684926246.667977,0.000000
1684926246.678063,0.000000
1684926246.688122,0.000000
1684926246.699164,0.000000
1684926246.708229,0.000000
1684926246.718333,0.000000
1684926246.728524,0.000000
1684926246.738415,0.000000
1684926246.748460,0.000000
1684926246.758567,0.000000
1684926246.768625,0.000000
1684926246.780672,0.000000
1684926246.788652,0.000000
1684926246.798740,0.000000
1684926246.809857,0.000000
1684926246.819871,0.000000
1684926246.829912,0.000000
1684926246.839976,0.000000
1684926246.850030,0.000000
1684926246.860069,0.000000
1684926246.870152,0.000000
1684926246.880689,0.000000
1684926246.890282,0.000000
1684926246.900410,0.000000
1684926246.910479,0.000000
1684926246.920457,0.000000
1684926246.930539,0.000000
1684926246.940415,0.000000
1684926246.950334,0.000000
1684926246.958350,0.000000
1684926246.970417,0.000000
1684926246.980556,0.000000
1684926246.988393,0.000000
1684926246.998340,0.000000
1684926247.008376,0.000000
1684926247.020504,0.000000
1684926247.028316,0.000000
1684926247.028397,0.000000
1684926247.038388,0.000000
1684926247.048301,0.000000
1684926247.058513,0.000000
1684926247.068339,0.000000
1684926247.078417,0.000000
1684926247.090224,0.000000
1684926247.098378,0.000000
1684926247.098379,0.000000
1684926247.108339,0.000000
1684926247.118398,0.000000
1684926247.128357,0.000000
1684926247.139419,0.000000
1684926247.148294,0.000000
1684926247.158325,0.000000
1684926247.169403,0.000000
1684926247.180385,0.000000
1684926247.188357,0.000000
1684926247.198321,0.000000
1684926247.208295,0.000000
1684926247.218400,0.000000
1684926247.228356,0.000000
1684926247.238470,0.000000
1684926247.248460,0.000000
1684926247.258496,0.000000
1684926247.268402,0.000000
1684926247.278377,0.000000
1684926247.288359,0.000000
1684926247.300478,0.000000
1684926247.308377,0.000000
1684926247.308904,0.000000
1684926247.318377,0.000000
1684926247.328343,0.000000
1684926247.338371,0.000000
1684926247.349421,0.000000
1684926247.359378,0.000000
1684926247.369383,0.000000
1684926247.379376,0.000000
1684926247.388352,0.000000
1684926247.399461,0.000000
1684926247.409384,0.000000
1684926247.419470,0.000000
1684926247.429438,0.000000
1684926247.439371,0.000000
1684926247.449439,0.000000
1684926247.460418,0.000000
1684926247.469422,0.000000
1684926247.479442,0.000000
1684926247.489354,0.000000
1684926247.499464,0.000000
1684926247.509368,0.000000
1684926247.519427,0.000000
1684926247.528403,0.000000
1684926247.539478,0.000000
1684926247.548409,0.000000
1684926247.560486,0.000000
1684926247.568408,0.000000
1684926247.578427,0.000000
1684926247.588391,0.000000
1684926247.598388,0.000000
1684926247.608498,0.000000
1684926247.618409,0.000000
1684926247.629469,0.000000
1684926247.639374,0.000000
1684926247.649347,0.000000
1684926247.660596,0.000000
1684926247.669419,0.000000
1684926247.679429,0.000000
1684926247.689361,0.000000
1684926247.699403,0.000000
1684926247.709399,0.000000
1684926247.719629,0.000000
1684926247.729348,0.000000
1684926247.739359,0.000000
1684926247.749416,0.000000
1684926247.759469,0.000000
1684926247.769384,0.000000
1684926247.779406,0.000000
1684926247.789356,0.000000
1684926247.799467,0.000000
1684926247.809382,0.000000
1684926247.819408,0.000000
1684926247.828354,0.000000
1684926247.838438,0.000000
1684926247.848334,0.000000
1684926247.859423,0.000000
1684926247.868438,0.000000
1684926247.878404,0.000000
1684926247.888338,0.000000
1684926247.898343,0.000000
1684926247.908415,0.000000
1684926247.919451,0.000000
1684926247.929369,0.000000
1684926247.929400,0.000000
1684926247.939542,0.000000
1684926247.949360,0.000000
1684926247.959447,4.117647
1684926247.969365,7.058824
1684926247.979392,9.411765
1684926247.989356,9.411765
1684926247.999452,10.000000
1684926248.009297,9.411765
1684926248.019449,11.176471
1684926248.029286,12.352942
1684926248.039525,13.529411
1684926248.049246,14.117647
1684926248.059452,15.294118
1684926248.069298,16.470589
1684926248.079377,17.647058
1684926248.090841,20.000000
1684926248.099383,20.000000
1684926248.109177,20.000000
1684926248.119446,20.588236
1684926248.129158,20.588236
1684926248.139829,21.764706
1684926248.149130,22.352942
1684926248.159445,22.941177
1684926248.169167,22.941177
1684926248.178419,24.117647
1684926248.189193,24.117647
1684926248.199510,24.705883
1684926248.209223,25.294117
1684926248.219408,25.294117
1684926248.229199,25.294117
1684926248.239500,25.294117
1684926248.249261,25.294117
1684926248.259426,25.294117
1684926248.269433,25.294117
1684926248.279449,25.882353
1684926248.289474,26.470589
1684926248.299507,25.882353
1684926248.308590,26.470589
1684926248.318645,26.470589
1684926248.328743,26.470589
1684926248.338725,25.882353
1684926248.348843,25.882353
1684926248.358884,25.882353
1684926248.368927,25.882353
1684926248.379268,25.882353
1684926248.389088,25.882353
1684926248.399187,26.470589
1684926248.409198,26.470589
1684926248.419214,27.058823
1684926248.429260,26.470589
1684926248.439389,25.882353
1684926248.449412,25.882353
1684926248.459519,25.882353
1684926248.469488,25.882353
1684926248.478550,25.882353
1684926248.488584,25.294117
1684926248.498773,25.294117
1684926248.508766,24.705883
1684926248.518872,25.294117
1684926248.528861,24.705883
1684926248.538992,25.294117
1684926248.549795,25.294117
1684926248.559049,24.117647
1684926248.569819,24.705883
1684926248.579139,24.705883
1684926248.590706,24.117647
1684926248.600283,24.705883
1684926248.610687,24.117647
1684926248.620413,24.117647
1684926248.630697,23.529411
1684926248.660533,23.529411
1684926248.670758,23.529411
1684926248.680453,23.529411
1684926248.690594,22.941177
1684926248.700514,23.529411
1684926248.710560,22.941177
1684926248.720437,22.352942
1684926248.730556,22.352942
1684926248.740506,22.352942
1684926248.749513,22.352942
1684926248.759433,22.352942
1684926248.769491,22.352942
1684926248.780545,22.352942
1684926248.788513,21.764706
1684926248.799435,21.764706
1684926248.809463,21.764706
1684926248.819437,21.176470
1684926248.829451,21.176470
1684926248.839516,21.176470
1684926248.849435,20.588236
1684926248.859521,20.588236
1684926248.869399,21.176470
1684926248.879621,21.176470
1684926248.888641,20.588236
1684926248.899509,20.588236
1684926248.909482,20.588236
1684926248.919413,20.588236
1684926248.929516,20.588236
1684926248.939567,20.588236
1684926248.949413,20.588236
1684926248.959430,20.588236
1684926248.969471,20.588236
1684926248.979472,20.588236
1684926248.989466,20.588236
1684926248.999487,20.588236
1684926249.009478,20.588236
1684926249.019459,20.588236
1684926249.019460,20.588236
1684926249.029409,20.000000
1684926249.039560,20.000000
1684926249.049453,20.000000
1684926249.059510,20.588236
1684926249.069282,20.588236
1684926249.079459,20.000000
1684926249.089171,19.411764
1684926249.099509,19.411764
1684926249.109121,19.411764
1684926249.119396,19.411764
1684926249.129452,18.823530
1684926249.139582,19.411764
1684926249.149105,19.411764
1684926249.159453,18.823530
1684926249.169375,20.000000
1684926249.179513,20.588236
1684926249.189571,20.000000
1684926249.199521,19.411764
1684926249.209388,19.411764
1684926249.219510,19.411764
1684926249.229418,19.411764
1684926249.239508,20.000000
1684926249.249538,20.000000
1684926249.259521,20.588236
1684926249.269484,20.588236
1684926249.279435,20.588236
1684926249.289471,20.000000
1684926249.299455,20.588236
1684926249.309430,20.588236
1684926249.319399,20.000000
1684926249.329389,20.588236
1684926249.339501,20.588236
1684926249.349010,20.000000
1684926249.359452,20.588236
1684926249.369505,20.000000
1684926249.379456,20.000000
1684926249.389005,19.411764
1684926249.399513,19.411764
1684926249.409399,19.411764
1684926249.419558,19.411764
1684926249.428823,18.823530
1684926249.439575,19.411764
1684926249.449444,19.411764
1684926249.459498,19.411764
1684926249.469473,19.411764
1684926249.479468,19.411764
1684926249.489442,19.411764
1684926249.499511,19.411764
1684926249.509418,19.411764
1684926249.509557,19.411764
1684926249.519556,18.823530
1684926249.529477,18.235294
1684926249.539485,17.647058
1684926249.549476,17.058823
1684926249.559410,17.647058
1684926249.569517,17.058823
1684926249.579521,16.470589
1684926249.589498,15.882353
1684926249.599563,15.294118
1684926249.609372,15.294118
1684926249.619520,15.294118
1684926249.629452,15.294118
1684926249.639515,15.294118
1684926249.648607,14.705882
1684926249.659515,14.117647
1684926249.669456,13.529411
1684926249.669455,13.529411
1684926249.679543,14.117647
1684926249.688655,13.529411
1684926249.699515,13.529411
1684926249.708604,12.941176
1684926249.708841,12.941176
1684926249.719491,12.941176
1684926249.729483,12.941176
1684926249.739493,12.352942
1684926249.748703,12.352942
1684926249.759581,12.352942
1684926249.769455,12.352942
1684926249.779629,11.764706
1684926249.789478,10.000000
1684926249.799582,8.235294
1684926249.809391,5.882353
1684926249.819461,3.529412
1684926249.829479,1.764706
1684926249.839564,0.000000
1684926249.849426,0.000000
1684926249.859462,0.000000
1684926249.859529,0.000000
1684926249.869477,0.000000
1684926249.879584,0.000000
1684926249.888627,0.000000
1684926249.899439,0.000000
1684926249.909411,0.000000
1684926249.919578,0.000000
1684926249.928654,0.000000
1684926249.939480,0.000000
1684926249.948629,0.000000
1684926249.959454,0.000000
1684926249.968646,0.000000
1684926249.979502,0.000000
1684926249.988638,0.000000
1684926249.999680,0.000000
1684926250.008687,0.000000
1684926250.018678,0.000000
1684926250.028646,0.000000
1684926250.028702,0.000000
1684926250.038791,0.000000
1684926250.048666,0.000000
1684926250.058896,0.000000
1684926250.068653,0.000000
1684926250.079030,0.000000
1684926250.089656,0.000000
1684926250.099147,0.000000
1684926250.108739,0.000000
1684926250.119229,0.000000
1684926250.128702,0.000000
1684926250.139379,0.000000
1684926250.148655,0.000000
1684926250.159486,0.000000
1684926250.168647,0.000000
1684926250.178643,0.000000
1684926250.188679,0.000000
1684926250.198714,0.000000
1684926250.208753,0.000000
1684926250.219012,0.000000
1684926250.229062,0.000000
1684926250.239073,0.000000
1684926250.249155,0.000000
1684926250.259158,0.000000
1684926250.269204,0.000000
1684926250.279308,0.000000
1684926250.289321,0.000000
1684926250.299444,0.000000
1684926250.309464,0.000000
1684926250.319471,0.000000
1684926250.329466,0.000000
1684926250.339449,0.000000
1684926250.349475,0.000000
1684926250.359471,0.000000
1684926250.369462,0.000000
1684926250.379471,0.000000
1684926250.389458,0.000000
1684926250.399757,0.000000
1684926250.409485,0.000000
1684926250.419580,0.000000
1684926250.429534,0.000000
1684926250.439527,0.000000
1684926250.449549,0.000000
1684926250.459459,0.000000
1684926250.469671,0.000000
1684926250.479549,0.000000
1684926250.489431,0.000000
1684926250.499299,0.000000
1684926250.509546,0.000000
1684926250.519406,0.000000
1684926250.529450,0.000000
1684926250.539424,0.000000
1684926250.549419,0.000000
1684926250.559416,0.000000
1684926250.569397,0.000000
1684926250.579425,0.000000
1684926250.589442,0.000000
1684926250.599408,0.000000
1684926250.609413,0.000000
1684926250.619399,0.000000
1684926250.629398,0.000000
1684926250.639400,0.000000
1684926250.649424,0.000000
1684926250.659453,0.000000
1684926250.669509,0.000000
1684926250.679485,0.000000
1684926250.689530,0.000000
1684926250.699486,0.000000
1684926250.709436,0.000000
1684926250.719530,0.000000
1684926250.729503,0.000000
1684926250.739526,0.000000
1684926250.749439,0.000000
1684926250.759463,0.000000
1684926250.769503,0.000000
1684926250.779530,0.000000
1684926250.789358,0.000000
1684926250.799233,0.000000
1684926250.809356,0.000000
1684926250.819343,0.000000
1684926250.829400,0.000000
1684926250.839358,0.000000
1684926250.849373,0.000000
1684926250.859356,0.000000
1684926250.869380,0.000000
1684926250.879336,0.000000
1684926250.889400,0.000000
1684926250.899251,0.000000
1684926250.909349,0.000000
1684926250.919337,0.000000
1684926250.929402,0.000000
1684926250.939360,0.000000
1684926250.949398,0.000000
1684926250.959385,0.000000
1684926250.969402,0.000000
1684926250.979424,0.000000
1684926250.989446,0.000000
1684926250.999323,0.000000
1684926251.009488,0.000000
1684926251.019482,0.000000
1684926251.029514,0.000000
1684926251.039512,0.000000
1684926251.049532,0.000000
1684926251.059551,0.000000
1684926251.068827,0.000000
1684926251.078541,0.000000
1684926251.088740,0.000000
1684926251.098578,0.000000
1684926251.108804,0.000000
1684926251.118619,0.000000
1684926251.128782,0.000000
1684926251.138676,0.000000
1684926251.148740,0.000000
1684926251.158877,0.000000
1684926251.168909,0.000000
1684926251.178557,0.000000
1684926251.188985,0.000000
1684926251.199112,0.000000
1684926251.209093,0.000000
1684926251.219151,0.000000
1684926251.229214,0.000000
1684926251.239231,0.000000
1684926251.249322,0.000000
1684926251.259411,0.000000
1684926251.269403,0.000000
1684926251.278659,0.000000
1684926251.289510,0.000000
1684926251.299592,0.000000
1684926251.308637,0.000000
1684926251.318722,0.000000
1684926251.328794,0.000000
1684926251.339041,0.000000
1684926251.348960,0.000000
1684926251.359088,0.000000
1684926251.369090,0.000000
1684926251.379153,0.000000
1684926251.389248,0.000000
1684926251.399155,0.000000
1684926251.409317,0.000000
1684926251.419285,0.000000
1684926251.429305,0.000000
1684926251.439308,0.000000
1684926251.449252,0.000000
1684926251.459266,0.000000
1684926251.469298,0.000000
1684926251.479352,0.000000
1684926251.489286,0.000000
1684926251.499167,0.000000
1684926251.509241,0.000000
1684926251.519261,0.000000
1684926251.529264,0.000000
1684926251.539289,0.000000
1684926251.549304,0.000000
1684926251.559377,0.000000
1684926251.569328,0.000000
1684926251.579346,0.000000
1684926251.589365,0.000000
1684926251.599367,0.000000
1684926251.609415,0.000000
1684926251.619429,0.000000
1684926251.629458,0.000000
1684926251.639221,0.000000
1684926251.649213,0.000000
1684926251.659209,0.000000
1684926251.669217,0.000000
1684926251.679199,0.000000
1684926251.689177,0.000000
1684926251.699061,0.000000
1684926251.709184,0.000000
1684926251.719175,0.000000
1684926251.729197,0.000000
1684926251.739268,0.000000
1684926251.749226,0.000000
1684926251.759242,0.000000
1684926251.769213,0.000000
1684926251.779193,0.000000
1684926251.789203,0.000000
1684926251.799181,0.000000
1684926251.809285,0.000000
1684926251.819225,0.000000
1684926251.829244,0.000000
1684926251.839265,0.000000
1684926251.849304,0.000000
1684926251.859325,0.000000
1684926251.869309,0.000000
1684926251.879328,0.000000
1684926251.889354,0.000000
1684926251.899230,0.000000
1684926251.909374,0.000000
1684926251.919415,0.000000
1684926251.929170,0.000000
1684926251.939160,0.000000
1684926251.949145,0.000000
1684926251.959143,0.000000
1684926251.969177,0.000000
1684926251.979160,0.000000
1684926251.989140,0.000000
1684926251.999012,0.000000
1684926252.009206,0.000000
1684926252.019138,0.000000
1684926252.029161,0.000000
1684926252.039175,0.000000
1684926252.049293,0.000000
1684926252.059124,0.000000
1684926252.069124,0.000000
1684926252.079252,0.000000
1684926252.089144,0.000000
1684926252.099038,0.000000
1684926252.109180,0.000000
1684926252.109187,0.000000
1684926252.119178,0.000000
1684926252.129257,0.000000
1684926252.139238,0.000000
1684926252.149246,0.000000
1684926252.159284,0.000000
1684926252.169279,1.764706
1684926252.179283,10.588235
1684926252.188994,14.117647
1684926252.199189,14.705882
1684926252.209315,14.117647
1684926252.219104,14.705882
1684926252.229099,15.294118
1684926252.239101,15.882353
1684926252.249076,16.470589
1684926252.259154,16.470589
1684926252.269096,17.058823
1684926252.279093,17.058823
1684926252.289086,17.647058
1684926252.298956,18.235294
1684926252.309097,18.235294
1684926252.319084,18.823530
1684926252.329107,19.411764
1684926252.339081,20.000000
1684926252.349083,20.000000
1684926252.359077,20.000000
1684926252.369118,20.000000
1684926252.379123,20.588236
1684926252.388869,20.588236
1684926252.399037,21.764706
1684926252.409162,21.764706
1684926252.419192,21.764706
1684926252.429180,21.764706
1684926252.439220,22.352942
1684926252.449238,21.764706
1684926252.459334,22.352942
1684926252.469278,22.352942
1684926252.479300,22.941177
1684926252.489290,22.941177
1684926252.498971,22.941177
1684926252.509036,22.941177
1684926252.519040,22.941177
1684926252.529108,22.352942
1684926252.539127,22.352942
1684926252.548921,22.352942
1684926252.559019,21.764706
1684926252.569126,21.764706
1684926252.579036,21.764706
1684926252.588944,21.764706
1684926252.598888,21.764706
1684926252.609052,21.764706
1684926252.619039,21.764706
1684926252.628917,22.352942
1684926252.639085,21.764706
1684926252.649023,21.764706
1684926252.659101,22.352942
1684926252.669042,21.764706
1684926252.679105,21.176470
1684926252.689095,21.764706
1684926252.699163,21.176470
1684926252.709133,21.176470
1684926252.719143,21.764706
1684926252.728919,21.176470
1684926252.739160,21.176470
1684926252.748952,21.176470
1684926252.759132,21.764706
1684926252.769048,21.176470
1684926252.779171,21.176470
1684926252.789004,21.764706
1684926252.799163,21.176470
1684926252.808937,21.764706
1684926252.819129,21.764706
1684926252.828941,21.764706
1684926252.838232,21.176470
1684926252.848939,21.764706
1684926252.858441,21.764706
1684926252.868975,21.764706
1684926252.879187,21.764706
1684926252.888948,21.764706
1684926252.898575,21.764706
1684926252.908970,21.764706
1684926252.918707,21.764706
1684926252.929194,21.764706
1684926252.938805,21.764706
1684926252.948920,21.764706
1684926252.959149,21.764706
1684926252.968951,21.764706
1684926252.979209,21.764706
1684926252.989090,22.352942
1684926252.999036,22.352942
1684926253.009112,22.352942
1684926253.019282,22.352942
1684926253.029125,22.352942
1684926253.039289,22.352942
1684926253.049291,22.352942
1684926253.059203,22.352942
1684926253.068986,22.941177
1684926253.079319,22.941177
1684926253.089007,22.941177
1684926253.099808,22.352942
1684926253.108966,22.941177
1684926253.118952,23.529411
1684926253.128951,22.941177
1684926253.138959,22.352942
1684926253.148978,22.352942
1684926253.158947,22.352942
1684926253.169130,22.352942
1684926253.179391,22.352942
1684926253.188962,22.941177
1684926253.198797,22.352942
1684926253.208956,22.352942
1684926253.218926,22.941177
1684926253.228975,22.941177
1684926253.239065,22.352942
1684926253.248965,22.352942
1684926253.258986,22.941177
1684926253.269042,22.352942
1684926253.279353,22.941177
1684926253.289048,22.352942
1684926253.299045,22.352942
1684926253.309062,22.941177
1684926253.319075,22.352942
1684926253.319156,22.352942
1684926253.329089,22.352942
1684926253.339156,22.352942
1684926253.348994,22.941177
1684926253.358944,22.352942
1684926253.368969,22.352942
1684926253.379337,22.352942
1684926253.389003,22.352942
1684926253.398801,21.764706
1684926253.408962,21.764706
1684926253.418939,21.764706
1684926253.428984,21.176470
1684926253.438879,21.176470
1684926253.449000,20.588236
1684926253.458863,20.588236
1684926253.468991,20.000000
1684926253.478436,19.411764
1684926253.489046,19.411764
1684926253.498764,18.823530
1684926253.508985,18.235294
1684926253.518902,17.647058
1684926253.529043,17.058823
1684926253.538964,16.470589
1684926253.549042,16.470589
1684926253.558961,15.882353
1684926253.569040,15.882353
1684926253.578399,15.294118
1684926253.589029,15.294118
1684926253.598920,15.294118
1684926253.609044,15.294118
1684926253.619050,14.705882
1684926253.629230,14.705882
1684926253.638822,14.705882
1684926253.649057,14.705882
1684926253.658851,14.705882
1684926253.669042,14.117647
1684926253.678421,12.941176
1684926253.689054,12.352942
1684926253.698720,12.941176
1684926253.709070,12.941176
1684926253.718820,12.352942
1684926253.729050,12.352942
1684926253.738823,12.352942
1684926253.749056,11.764706
1684926253.758815,11.764706
1684926253.769056,12.352942
1684926253.779540,11.176471
1684926253.789094,10.000000
1684926253.799699,10.588235
1684926253.809018,11.764706
1684926253.818967,11.176471
1684926253.829044,10.588235
1684926253.838926,11.176471
1684926253.849039,9.411765
1684926253.858936,10.588235
1684926253.869083,9.411765
1684926253.878557,10.000000
1684926253.889074,9.411765
1684926253.898864,10.000000
1684926253.909049,9.411765
1684926253.918782,10.000000
1684926253.929069,8.823529
1684926253.938762,10.000000
1684926253.949183,8.823529
1684926253.958820,10.000000
1684926253.969085,9.411765
1684926253.978593,10.000000
1684926253.989050,9.411765
1684926253.998673,10.000000
1684926254.009025,9.411765
1684926254.018803,10.000000
1684926254.029057,8.823529
1684926254.038966,10.000000
1684926254.049074,9.411765
1684926254.058799,10.000000
1684926254.069044,8.823529
1684926254.078596,10.000000
1684926254.088840,8.823529
1684926254.089033,8.823529
1684926254.098707,10.000000
1684926254.109064,9.411765
1684926254.118838,10.000000
1684926254.129094,9.411765
1684926254.138867,9.411765
1684926254.149083,8.823529
1684926254.158893,10.000000
1684926254.169067,9.411765
1684926254.178661,10.000000
1684926254.189075,9.411765
1684926254.198872,10.000000
1684926254.209054,9.411765
1684926254.218755,10.000000
1684926254.229051,9.411765
1684926254.238736,10.000000
1684926254.249095,9.411765
1684926254.258909,10.000000
1684926254.269072,10.000000
1684926254.278656,10.000000
1684926254.289093,9.411765
1684926254.298685,9.411765
1684926254.309067,9.411765
1684926254.318777,10.000000
1684926254.329175,10.000000
1684926254.338716,10.000000
1684926254.349084,9.411765
1684926254.358723,9.411765
1684926254.369098,9.411765
1684926254.378698,10.000000
1684926254.389093,10.000000
1684926254.398700,10.000000
1684926254.409093,10.000000
1684926254.418850,10.000000
1684926254.428854,9.411765
1684926254.438941,9.411765
1684926254.448855,9.411765
1684926254.458853,10.000000
1684926254.469176,10.000000
1684926254.478747,10.000000
1684926254.488919,9.411765
1684926254.498751,9.411765
1684926254.508908,10.000000
1684926254.518770,10.000000
1684926254.528804,10.000000
1684926254.538763,10.000000
1684926254.548908,10.588235
1684926254.558839,10.000000
1684926254.568932,8.235294
1684926254.578804,7.058824
1684926254.589051,5.294117
1684926254.598898,3.529412
1684926254.608788,1.764706
1684926254.618917,0.000000
1684926254.628861,0.000000
1684926254.638824,0.000000
1684926254.648871,0.000000
1684926254.658851,0.000000
1684926254.668561,0.000000
1684926254.678852,0.000000
1684926254.688808,0.000000
1684926254.698838,0.000000
1684926254.709288,0.000000
1684926254.718966,0.000000
1684926254.728944,0.000000
1684926254.739028,0.000000
1684926254.749146,0.000000
1684926254.759046,0.000000
1684926254.769175,0.000000
1684926254.779187,0.000000
1684926254.789134,0.000000
1684926254.799323,0.000000
1684926254.809173,0.000000
1684926254.818376,0.000000
1684926254.829185,0.000000
1684926254.838523,0.000000
1684926254.849148,0.000000
1684926254.849195,0.000000
1684926254.858621,0.000000
1684926254.869124,0.000000
1684926254.878726,0.000000
1684926254.889189,0.000000
1684926254.898877,0.000000
1684926254.898881,0.000000
1684926254.909182,0.000000
1684926254.919057,0.000000
1684926254.929179,0.000000
1684926254.939117,0.000000
1684926254.949192,0.000000
1684926254.959236,0.000000
1684926254.969177,0.000000
1684926254.978309,0.000000
1684926254.989181,0.000000
1684926254.999427,0.000000
1684926255.009176,0.000000
1684926255.018545,0.000000
1684926255.029183,0.000000
1684926255.038730,0.000000
1684926255.049184,0.000000
1684926255.058793,0.000000
1684926255.069257,0.000000
1684926255.078890,0.000000
1684926255.089017,0.000000
1684926255.099034,0.000000
1684926255.109184,0.000000
1684926255.119037,0.000000
1684926255.129178,0.000000
1684926255.139110,0.000000
1684926255.149188,0.000000
1684926255.159065,0.000000
1684926255.169272,0.000000
1684926255.179056,0.000000
1684926255.189225,0.000000
1684926255.199137,0.000000
1684926255.209232,0.000000
1684926255.219056,0.000000
1684926255.229182,0.000000
1684926255.239059,0.000000
1684926255.249175,0.000000
1684926255.259118,0.000000
1684926255.269196,0.000000
1684926255.279100,0.000000
1684926255.289233,0.000000
1684926255.299122,0.000000
1684926255.309186,0.000000
1684926255.319120,0.000000
1684926255.329208,0.000000
1684926255.339103,0.000000
1684926255.349318,0.000000
1684926255.359126,0.000000
1684926255.369201,0.000000
1684926255.379160,0.000000
1684926255.389201,0.000000
1684926255.400120,0.000000
1684926255.409163,0.000000
1684926255.419148,0.000000
1684926255.429183,0.000000
1684926255.439146,0.000000
1684926255.449208,0.000000
1684926255.459234,0.000000
1684926255.469289,0.000000
1684926255.479229,0.000000
1684926255.489206,0.000000
1684926255.500165,0.000000
1684926255.509202,0.000000
1684926255.519163,0.000000
1684926255.529185,0.000000
1684926255.539184,0.000000
1684926255.549189,0.000000
1684926255.559183,0.000000
1684926255.569205,0.000000
1684926255.579328,0.000000
1684926255.589205,0.000000
1684926255.599213,0.000000
1684926255.609205,0.000000
1684926255.619220,0.000000
1684926255.629209,0.000000
1684926255.639208,0.000000
1684926255.649240,0.000000
1684926255.649239,0.000000
1684926255.659208,0.000000
1684926255.669241,0.000000
1684926255.679226,0.000000
1684926255.689262,0.000000
1684926255.699278,0.000000
1684926255.709262,0.000000
1684926255.719281,0.000000
1684926255.728359,0.000000
1684926255.738238,0.000000
1684926255.749245,0.000000
1684926255.759273,0.000000
1684926255.769254,0.000000
1684926255.779459,0.000000
1684926255.788275,0.000000
1684926255.799390,0.000000
1684926255.808293,0.000000
1684926255.818309,0.000000
1684926255.829315,0.000000
1684926255.838336,0.000000
1684926255.848355,0.000000
1684926255.859354,0.000000
1684926255.868378,0.000000
1684926255.879332,0.000000
1684926255.888459,0.000000
1684926255.899360,0.000000
1684926255.908333,0.000000
1684926255.919371,0.000000
1684926255.929351,0.000000
1684926255.938334,0.000000
1684926255.948356,0.000000
1684926255.959369,0.000000
1684926255.968359,0.000000
1684926255.979437,0.000000
1684926255.988365,0.000000
1684926255.998362,0.000000
1684926256.008353,0.000000
1684926256.018384,0.000000
1684926256.028364,0.000000
1684926256.039449,0.000000
1684926256.048383,0.000000
1684926256.058460,0.000000
1684926256.068437,0.000000
1684926256.078408,0.000000
1684926256.089430,0.000000
1684926256.098397,0.000000
1684926256.108399,0.000000
1684926256.118410,0.000000
1684926256.128420,0.000000
1684926256.138437,0.000000
1684926256.148504,0.000000
1684926256.158424,0.000000
1684926256.168433,0.000000
1684926256.178469,0.000000
1684926256.188443,0.000000
1684926256.198434,0.000000
1684926256.208468,0.000000
1684926256.218338,0.000000
1684926256.228347,0.000000
1684926256.239382,0.000000
1684926256.248345,0.000000
1684926256.258360,0.000000
1684926256.268806,0.000000
1684926256.279338,0.000000
1684926256.288587,0.000000
1684926256.299291,0.000000
1684926256.308379,0.000000
1684926256.319357,0.000000
1684926256.329314,0.000000
1684926256.339320,0.000000
1684926256.348349,0.000000
1684926256.358346,0.000000
1684926256.368380,0.000000
1684926256.378358,0.000000
1684926256.388394,0.000000
1684926256.398437,0.000000
1684926256.408467,0.000000
1684926256.418574,0.000000
1684926256.428461,0.000000
1684926256.438675,0.000000
1684926256.448491,0.000000
1684926256.458775,0.000000
1684926256.468313,0.000000
1684926256.478899,0.000000
1684926256.489315,0.000000
1684926256.499069,0.000000
1684926256.508319,0.000000
1684926256.519153,0.000000
1684926256.528296,0.000000
1684926256.539301,0.000000
1684926256.549315,0.000000
1684926256.558340,0.000000
1684926256.569313,0.000000
1684926256.578726,0.000000
1684926256.589324,0.000000
1684926256.589326,0.000000
1684926256.598588,0.000000
1684926256.608319,0.000000
1684926256.618733,0.000000
1684926256.628318,0.000000
1684926256.638904,0.000000
1684926256.649327,0.000000
1684926256.659414,0.000000
1684926256.669390,0.000000
1684926256.679357,0.000000
1684926256.689409,0.000000
1684926256.699235,0.000000
1684926256.708358,0.000000
1684926256.719431,0.000000
1684926256.729405,0.000000
1684926256.738484,0.000000
1684926256.748427,0.000000
1684926256.759467,0.000000
1684926256.769329,0.000000
1684926256.779502,0.000000
1684926256.789317,0.000000
1684926256.799109,0.000000
1684926256.809320,0.000000
1684926256.819238,0.000000
1684926256.829322,0.000000
1684926256.839258,0.000000
1684926256.849319,0.000000
1684926256.859309,0.000000
1684926256.869441,0.000000
1684926256.879375,0.000000
1684926256.889432,0.000000
1684926256.899091,0.000000
1684926256.909371,0.000000
1684926256.919285,0.000000
1684926256.929362,0.000000
1684926256.939260,0.000000
1684926256.948317,0.000000
1684926256.959304,0.000000
1684926256.969340,0.000000
1684926256.979348,0.000000
1684926256.988412,0.000000
1684926256.999220,0.000000
1684926257.008359,0.000000
1684926257.019406,0.000000
1684926257.028339,0.000000
1684926257.038436,0.000000
1684926257.048499,0.000000
1684926257.058444,0.000000
1684926257.068341,0.000000
1684926257.079215,0.000000
1684926257.089349,0.000000
1684926257.099191,0.000000
1684926257.108432,0.000000
1684926257.119213,0.000000
1684926257.128365,0.000000
1684926257.139172,0.000000
1684926257.148361,0.000000
1684926257.159236,0.000000
1684926257.168344,0.000000
1684926257.179152,0.000000
1684926257.188405,0.000000
1684926257.199106,0.000000
1684926257.208373,0.000000
1684926257.219204,0.000000
1684926257.229362,0.000000
1684926257.239208,0.000000
1684926257.248541,0.000000
1684926257.259235,0.000000
1684926257.268385,0.000000
1684926257.279259,0.000000
1684926257.289407,0.000000
1684926257.299216,0.000000
1684926257.309363,0.000000
1684926257.319349,0.000000
1684926257.328390,0.000000
1684926257.339366,0.000000
1684926257.348389,0.000000
1684926257.359146,0.000000
1684926257.368509,0.000000
1684926257.379317,0.000000
1684926257.389499,0.000000
1684926257.398994,0.000000
1684926257.409389,0.000000
1684926257.419127,0.000000
1684926257.428383,0.000000
1684926257.429295,0.000000
1684926257.439148,0.000000
1684926257.448395,0.000000
1684926257.459139,0.000000
1684926257.469393,0.000000
1684926257.479139,0.000000
1684926257.488408,0.000000
1684926257.499017,0.000000
1684926257.508399,0.000000
1684926257.519176,0.000000
1684926257.528391,0.000000
1684926257.539201,0.000000
1684926257.548398,0.000000
1684926257.559246,0.000000
1684926257.569515,0.000000
1684926257.579267,0.000000
1684926257.589434,0.000000
1684926257.599173,0.000000
1684926257.608559,0.000000
1684926257.619318,0.000000
1684926257.628387,0.000000
1684926257.639096,0.000000
1684926257.648395,0.000000
1684926257.659075,0.000000
1684926257.669441,0.000000
1684926257.679077,0.000000
1684926257.688432,0.000000
1684926257.698982,0.000000
1684926257.708411,0.000000
1684926257.719063,0.000000
1684926257.729096,0.000000
1684926257.739079,0.000000
1684926257.749213,0.000000
1684926257.759073,0.000000
1684926257.769201,0.000000
1684926257.779090,0.000000
1684926257.789196,0.000000
1684926257.798972,0.000000
1684926257.809105,0.000000
1684926257.819117,0.000000
1684926257.829276,0.000000
1684926257.839198,0.000000
1684926257.848459,0.000000
1684926257.859195,0.000000
1684926257.869155,0.000000
1684926257.879199,0.000000
1684926257.888656,0.000000
1684926257.899122,0.000000
1684926257.908288,0.000000
1684926257.909285,0.000000
1684926257.919241,0.000000
1684926257.929055,0.000000
1684926257.939203,0.000000
1684926257.949040,0.000000
1684926257.959175,0.000000
1684926257.969141,0.000000
1684926257.979153,0.000000
1684926257.989185,0.000000
1684926257.999359,0.000000
1684926258.009305,0.000000
1684926258.019334,0.000000
1684926258.028435,0.000000
1684926258.038461,0.000000
1684926258.049455,0.000000
1684926258.058626,0.000000
1684926258.068493,0.000000
1684926258.078703,0.000000
1684926258.088479,0.000000
1684926258.098895,0.000000
1684926258.108453,0.000000
1684926258.118952,0.000000
1684926258.128458,0.000000
1684926258.139101,0.000000
1684926258.149488,0.000000
1684926258.159141,0.000000
1684926258.168516,0.000000
1684926258.179327,0.000000
1684926258.188483,0.000000
1684926258.199410,0.000000
1684926258.209470,0.000000
1684926258.218501,0.000000
1684926258.228476,0.000000
1684926258.238692,0.000000
1684926258.248558,0.000000
1684926258.259791,0.000000
1684926258.268476,0.000000
1684926258.278979,0.000000
1684926258.288470,0.000000
1684926258.298865,0.000000
1684926258.309483,0.000000
1684926258.319000,0.000000
1684926258.328480,0.000000
1684926258.338960,0.000000
1684926258.348476,0.000000
1684926258.358997,0.000000
1684926258.368476,0.000000
1684926258.379045,0.000000
1684926258.388478,0.000000
1684926258.398896,0.000000
1684926258.409517,0.000000
1684926258.419050,0.000000
1684926258.428534,0.000000
1684926258.439175,0.000000
1684926258.448499,0.000000
1684926258.459152,0.000000
1684926258.469492,0.000000
1684926258.479202,0.000000
1684926258.489523,0.000000
1684926258.498940,0.000000
1684926258.509506,0.000000
1684926258.518942,0.000000
1684926258.529502,0.000000
1684926258.538967,0.000000
1684926258.549513,0.000000
1684926258.558936,0.000000
1684926258.569462,0.000000
1684926258.580020,0.000000
1684926258.589566,0.000000
1684926258.599770,0.000000
1684926258.609551,0.000000
1684926258.619914,0.000000
1684926258.629526,0.000000
1684926258.639993,0.000000
1684926258.649546,0.000000
1684926258.649575,0.000000
1684926258.659965,0.000000
1684926258.669395,0.000000
1684926258.678971,0.000000
1684926258.689517,0.000000
1684926258.698894,0.000000
1684926258.708525,0.000000
1684926258.719079,0.000000
1684926258.728542,0.000000
1684926258.739081,0.000000
1684926258.748503,0.000000
1684926258.759101,0.000000
1684926258.769292,0.000000
1684926258.778919,0.000000
1684926258.788561,0.000000
1684926258.798833,0.000000
1684926258.808563,0.000000
1684926258.818869,0.000000
1684926258.828608,0.000000
1684926258.838879,0.000000
1684926258.848585,0.000000
1684926258.858832,0.000000
1684926258.868644,0.000000
1684926258.878867,0.000000
1684926258.888579,0.000000
1684926258.899731,0.000000
1684926258.908629,0.000000
1684926258.919407,0.000000
1684926258.928708,0.000000
1684926258.938900,0.000000
1684926258.949620,0.000000
1684926258.958984,0.000000
1684926258.969029,0.000000
1684926258.978833,0.000000
1684926258.988625,0.000000
1684926258.998797,0.000000
1684926259.008647,0.000000
1684926259.018775,0.000000
1684926259.028693,0.000000
1684926259.038756,0.000000
1684926259.049674,0.000000
1684926259.058841,0.000000
1684926259.069017,0.000000
1684926259.078741,0.000000
1684926259.088741,0.000000
1684926259.098882,0.000000
1684926259.108732,0.000000
1684926259.118821,0.000000
1684926259.128725,0.000000
1684926259.138841,0.000000
1684926259.148732,0.000000
1684926259.158763,0.000000
1684926259.168739,0.000000
1684926259.178808,0.000000
1684926259.188765,0.000000
1684926259.198796,0.000000
1684926259.208757,0.000000
1684926259.218771,0.000000
1684926259.228739,0.000000
1684926259.238753,0.000000
1684926259.249633,0.000000
1684926259.258794,0.000000
1684926259.268829,0.000000
1684926259.278739,0.000000
1684926259.288765,0.000000
1684926259.288834,0.000000
1684926259.298819,0.000000
1684926259.308776,0.000000
1684926259.318777,0.000000
1684926259.328785,0.000000
1684926259.338793,0.000000
1684926259.348838,0.000000
1684926259.358811,0.000000
1684926259.369476,0.000000
1684926259.378845,0.000000
1684926259.389035,0.000000
1684926259.398842,0.000000
1684926259.409476,0.000000
1684926259.418752,0.000000
1684926259.429519,0.000000
1684926259.438898,0.000000
1684926259.448804,0.000000
1684926259.458799,0.000000
1684926259.469457,0.000000
1684926259.478877,0.000000
1684926259.488971,0.000000
1684926259.498825,0.000000
1684926259.509319,0.000000
1684926259.518944,0.000000
1684926259.529296,0.000000
1684926259.538857,0.000000
1684926259.548835,0.000000
1684926259.558862,0.000000
1684926259.569571,0.000000
1684926259.578930,0.000000
1684926259.588989,0.000000
1684926259.598916,0.000000
1684926259.609651,0.000000
1684926259.618806,0.000000
1684926259.618819,0.000000
1684926259.628863,0.000000
1684926259.639086,0.000000
1684926259.648762,0.000000
1684926259.658863,0.000000
1684926259.668808,0.000000
1684926259.678971,0.000000
1684926259.688953,0.000000
1684926259.689028,0.000000
1684926259.699091,0.000000
1684926259.708834,0.000000
1684926259.719049,0.000000
1684926259.728739,0.000000
1684926259.740049,0.000000
1684926259.749056,0.000000
1684926259.759004,0.000000
1684926259.768761,0.000000
1684926259.779023,0.000000
1684926259.789690,0.000000
1684926259.798943,0.000000
1684926259.809651,0.000000
1684926259.819110,0.000000
1684926259.828822,0.000000
1684926259.838945,0.000000
1684926259.849627,0.000000
1684926259.858905,0.000000
1684926259.868636,0.000000
1684926259.878929,0.000000
1684926259.889659,0.000000
1684926259.898840,0.000000
1684926259.908652,0.000000
1684926259.918969,0.000000
1684926259.928656,0.000000
1684926259.938913,0.000000
1684926259.949670,0.000000
1684926259.958835,0.000000
1684926259.968671,0.000000
1684926259.979880,0.000000
1684926259.989651,0.000000
1684926259.998807,0.000000
1684926260.009759,0.000000
1684926260.019135,0.000000
1684926260.029670,0.000000
1684926260.039739,0.000000
1684926260.049684,0.000000
1684926260.059716,0.000000
1684926260.069845,0.000000
1684926260.079842,0.000000
1684926260.089672,0.000000
1684926260.099661,0.000000
1684926260.109659,0.000000
1684926260.119765,0.000000
1684926260.129847,0.000000
1684926260.139879,0.000000
1684926260.149793,0.000000
1684926260.159841,0.000000
1684926260.169909,0.000000
1684926260.178959,0.000000
1684926260.188848,0.000000
1684926260.199941,0.000000
1684926260.208828,0.000000
1684926260.220015,0.000000
1684926260.228805,0.000000
1684926260.238865,0.000000
1684926260.248849,0.000000
1684926260.258804,0.000000
1684926260.268909,0.000000
1684926260.269292,0.000000
1684926260.278931,0.000000
1684926260.288980,0.000000
1684926260.298863,0.000000
1684926260.308776,0.000000
1684926260.318907,0.000000
1684926260.328969,0.000000
1684926260.338861,0.000000
1684926260.348823,0.000000
1684926260.358845,0.000000
1684926260.368855,0.000000
1684926260.379049,0.000000
1684926260.379046,0.000000
1684926260.388812,0.000000
1684926260.398848,0.000000
1684926260.408827,0.000000
1684926260.418780,0.000000
1684926260.428969,0.000000
1684926260.438929,0.000000
1684926260.448860,0.000000
1684926260.458878,0.000000
1684926260.468867,0.000000
1684926260.478968,0.000000
1684926260.489060,0.000000
1684926260.498871,0.000000
1684926260.508789,0.000000
1684926260.518804,0.000000
1684926260.529035,0.000000
1684926260.538843,0.000000
1684926260.548801,0.000000
1684926260.558788,0.000000
1684926260.568873,0.000000
1684926260.578887,0.000000
1684926260.588880,0.000000
1684926260.598845,0.000000
1684926260.608800,0.000000
1684926260.618880,0.000000
1684926260.628829,0.000000
1684926260.638866,0.000000
1684926260.648809,0.000000
1684926260.658842,0.000000
1684926260.668797,0.000000
1684926260.678842,0.000000
1684926260.688865,0.000000
1684926260.700067,0.000000
1684926260.708786,0.000000
1684926260.718784,0.000000
1684926260.728897,0.000000
1684926260.738867,0.000000
1684926260.748904,0.000000
1684926260.758843,0.000000
1684926260.768813,0.000000
1684926260.779885,0.000000
1684926260.788920,0.000000
1684926260.798853,0.000000
1684926260.808900,0.000000
1684926260.819862,0.000000
1684926260.828892,0.000000
1684926260.839881,0.000000
1684926260.848832,0.000000
1684926260.859017,0.000000
1684926260.869823,0.000000
1684926260.878850,0.000000
1684926260.888851,0.000000
1684926260.899850,0.000000
1684926260.908969,0.000000
1684926260.918908,0.000000
1684926260.928877,0.000000
1684926260.938891,0.000000
1684926260.948766,0.000000
1684926260.958896,0.000000
1684926260.968877,0.000000
1684926260.978910,0.000000
1684926260.988882,0.000000
1684926260.999842,0.000000
1684926261.008854,0.000000
1684926261.019042,0.000000
1684926261.028851,0.000000
1684926261.039843,0.000000
1684926261.048789,0.000000
1684926261.059015,0.000000
1684926261.068974,0.000000
1684926261.078840,0.000000
1684926261.088972,0.000000
1684926261.098908,0.000000
1684926261.108869,0.000000
1684926261.119026,0.000000
1684926261.128845,0.000000
1684926261.138881,0.000000
1684926261.148848,0.000000
1684926261.158840,0.000000
1684926261.169004,0.000000
1684926261.179924,0.000000
1684926261.188901,0.000000
1684926261.198850,0.000000
1684926261.208771,0.000000
1684926261.219189,0.000000
1684926261.228975,0.000000
1684926261.238876,0.000000
1684926261.248809,0.000000
1684926261.259022,0.000000
1684926261.268973,0.000000
1684926261.278848,0.000000
1684926261.288831,0.000000
1684926261.298845,0.000000
1684926261.308896,0.000000
1684926261.318842,0.000000
1684926261.328856,0.588235
1684926261.338853,6.470588
1684926261.348831,10.000000
1684926261.359828,11.764706
1684926261.368855,11.764706
1684926261.378869,11.176471
1684926261.388854,11.764706
1684926261.398099,11.764706
1684926261.408789,12.352942
1684926261.418895,12.352942
1684926261.428856,12.941176
1684926261.438872,12.941176
1684926261.448799,12.941176
1684926261.458859,13.529411
1684926261.468954,13.529411
1684926261.478895,13.529411
1684926261.488825,14.117647
1684926261.499287,14.117647
1684926261.508811,14.705882
1684926261.519433,15.294118
1684926261.528852,15.294118
1684926261.539469,15.882353
1684926261.548983,16.470589
1684926261.559493,16.470589
1684926261.568813,16.470589
1684926261.578506,15.882353
1684926261.588817,16.470589
1684926261.599437,15.882353
1684926261.608798,15.882353
1684926261.619584,16.470589
1684926261.628927,17.058823
1684926261.638598,17.058823
1684926261.648913,17.058823
1684926261.658362,17.058823
1684926261.669020,17.058823
1684926261.679328,17.058823
1684926261.688809,17.058823
1684926261.699204,16.470589
1684926261.709301,16.470589
1684926261.719426,16.470589
1684926261.729386,16.470589
1684926261.739421,16.470589
1684926261.749479,16.470589
1684926261.759480,16.470589
1684926261.769542,16.470589
1684926261.779602,17.058823
1684926261.789667,17.058823
1684926261.799707,16.470589
1684926261.809774,16.470589
1684926261.819906,17.058823
1684926261.829894,16.470589
1684926261.839893,17.058823
1684926261.848831,17.058823
1684926261.860025,17.058823
1684926261.869876,17.058823
1684926261.879977,17.058823
1684926261.888874,17.058823
1684926261.899858,17.058823
1684926261.909027,17.058823
1684926261.919945,16.470589
1684926261.928874,16.470589
1684926261.938852,15.882353
1684926261.948881,15.294118
1684926261.959049,15.294118
1684926261.968901,15.294118
1684926261.978874,14.705882
1684926261.988907,14.117647
1684926261.999021,14.117647
1684926262.008947,12.941176
1684926262.018897,12.941176
1684926262.028964,12.941176
1684926262.038889,12.941176
1684926262.048969,12.352942
1684926262.058903,12.352942
1684926262.068873,12.352942
1684926262.078886,11.764706
1684926262.088855,11.764706
1684926262.098863,11.764706
1684926262.108930,11.176471
1684926262.119029,10.588235
1684926262.128900,10.000000
1684926262.138874,10.000000
1684926262.148816,9.411765
1684926262.158975,8.235294
1684926262.168923,8.235294
1684926262.178897,7.058824
1684926262.189107,7.058824
1684926262.198856,6.470588
1684926262.208918,5.882353
1684926262.218897,5.294117
1684926262.228830,4.705883
1684926262.238976,4.117647
1684926262.248919,3.529412
1684926262.258921,2.941176
1684926262.268902,2.352941
1684926262.278870,2.352941
1684926262.289125,1.764706
1684926262.298906,1.764706
1684926262.308896,1.176471
1684926262.318897,0.588235
1684926262.328858,0.000000
1684926262.338974,0.000000
1684926262.348861,0.000000
1684926262.358902,0.000000
1684926262.368939,0.000000
1684926262.378885,0.000000
1684926262.388991,0.000000
1684926262.398978,0.000000
1684926262.408904,0.000000
1684926262.418936,0.000000
1684926262.428832,0.000000
1684926262.439007,0.000000
1684926262.449096,0.000000
1684926262.458988,0.000000
1684926262.468868,0.000000
1684926262.478873,0.000000
1684926262.488981,0.000000
1684926262.499156,0.000000
1684926262.508889,0.000000
1684926262.518903,0.000000
1684926262.528898,0.000000
1684926262.538975,0.000000
1684926262.548985,0.000000
1684926262.559035,0.000000
1684926262.569035,0.000000
1684926262.578984,0.000000
1684926262.588839,0.000000
1684926262.599055,0.000000
1684926262.608924,0.000000
1684926262.618978,0.000000
1684926262.628832,0.000000
1684926262.638854,0.000000
1684926262.649097,0.000000
1684926262.658991,0.000000
1684926262.668882,0.000000
1684926262.678869,0.000000
1684926262.688944,0.000000
1684926262.699089,0.000000
1684926262.708858,0.000000
1684926262.719011,0.000000
1684926262.728872,0.000000
1684926262.739052,0.000000
1684926262.748876,0.000000
1684926262.758935,0.000000
1684926262.768908,0.000000
1684926262.778931,0.000000
1684926262.788846,0.000000
1684926262.798951,0.000000
1684926262.808928,0.000000
1684926262.808929,0.000000
1684926262.818936,0.000000
1684926262.828845,0.000000
1684926262.838880,0.000000
1684926262.848931,0.000000
1684926262.858984,0.000000
1684926262.868911,0.000000
1684926262.878918,0.000000
1684926262.888880,0.000000
1684926262.899003,0.000000
1684926262.908926,0.000000
1684926262.918883,0.000000
1684926262.928947,0.000000
1684926262.938919,0.000000
1684926262.949023,0.000000
1684926262.958927,0.000000
1684926262.968882,0.000000
1684926262.979094,0.000000
1684926262.988952,0.000000
1684926262.998971,0.000000
1684926263.008862,0.000000
1684926263.018879,0.000000
1684926263.028952,0.000000
1684926263.038974,0.000000
1684926263.048965,0.000000
1684926263.058932,0.000000
1684926263.068260,0.000000
1684926263.078985,0.000000
1684926263.089048,0.000000
1684926263.098984,0.000000
1684926263.108980,0.000000
1684926263.118954,0.000000
1684926263.128967,0.000000
1684926263.139055,0.000000
1684926263.148973,0.000000
1684926263.159114,0.000000
1684926263.168860,0.000000
1684926263.179025,0.000000
1684926263.189066,0.000000
1684926263.199001,0.000000
1684926263.208968,0.000000
1684926263.219071,0.000000
1684926263.228947,0.000000
1684926263.239113,0.000000
1684926263.249326,0.000000
1684926263.259446,0.000000
1684926263.269460,0.000000
1684926263.279485,0.000000
1684926263.289532,0.000000
1684926263.299631,0.000000
1684926263.309386,0.000000
1684926263.319737,0.000000
1684926263.329781,0.000000
1684926263.339786,0.000000
1684926263.350035,0.000000
1684926263.359963,0.000000
1684926263.369886,0.000000
1684926263.380043,0.000000
1684926263.390146,0.000000
1684926263.400084,0.000000
1684926263.408894,0.000000
1684926263.418986,0.000000
1684926263.429005,0.000000
1684926263.438991,0.000000
1684926263.449027,0.000000
1684926263.458918,0.000000
1684926263.468921,0.000000
1684926263.469334,0.000000
1684926263.479029,0.000000
1684926263.488967,0.000000
1684926263.498998,0.000000
1684926263.509165,0.000000
1684926263.518986,0.000000
1684926263.528861,0.000000
1684926263.538991,0.000000
1684926263.548903,0.000000
1684926263.558980,0.000000
1684926263.568902,0.000000
1684926263.578910,0.000000
1684926263.588959,0.000000
1684926263.598923,0.000000
1684926263.608880,0.000000
1684926263.618971,0.000000
1684926263.628883,0.000000
1684926263.658906,0.000000
1684926263.668970,0.000000
1684926263.678945,0.000000
1684926263.688967,0.000000
1684926263.698988,0.000000
1684926263.708961,0.000000
1684926263.719084,0.000000
1684926263.728948,0.000000
1684926263.739025,0.000000
1684926263.748927,0.000000
1684926263.758931,0.000000
1684926263.769013,0.000000
1684926263.778919,0.000000
1684926263.788977,0.000000
1684926263.798988,0.000000
1684926263.808862,0.000000
1684926263.819017,0.000000
1684926263.828950,0.000000
1684926263.838986,0.000000
1684926263.849039,0.000000
1684926263.858917,0.000000
1684926263.868990,0.000000
1684926263.879132,0.000000
1684926263.888994,0.000000
1684926263.898998,0.000000
1684926263.908929,0.000000
1684926263.919088,0.000000
1684926263.929144,0.000000
1684926263.938955,0.000000
1684926263.948948,0.000000
1684926263.958973,0.000000
1684926263.968958,0.000000
1684926263.979127,0.000000
1684926263.988954,0.000000
1684926263.998999,0.000000
1684926264.008950,0.000000
1684926264.018908,0.000000
1684926264.029086,0.000000
1684926264.039099,0.000000
1684926264.048955,0.000000
1684926264.058905,0.000000
1684926264.068898,0.000000
1684926264.079200,0.000000
1684926264.089005,0.000000
1684926264.098984,0.000000
1684926264.108911,0.000000
1684926264.119276,0.000000
1684926264.129106,0.000000
1684926264.138932,0.000000
1684926264.148910,0.000000
1684926264.158938,0.000000
1684926264.168995,0.000000
1684926264.178995,0.000000
1684926264.188990,0.000000
1684926264.198966,0.000000
1684926264.208917,0.000000
1684926264.218903,0.000000
1684926264.228952,0.000000
1684926264.238998,0.000000
1684926264.248955,0.000000
1684926264.258921,0.000000
1684926264.268892,0.000000
1684926264.279017,0.000000
1684926264.289105,0.000000
1684926264.298949,0.000000
1684926264.308908,0.000000
1684926264.318949,0.000000
1684926264.328968,0.000000
1684926264.338999,0.000000
1684926264.348927,0.000000
1684926264.358996,0.000000
1684926264.368968,0.000000
1684926264.379041,0.000000
1684926264.388959,0.000000
1684926264.398958,0.000000
1684926264.409053,0.000000
1684926264.418975,0.000000
1684926264.428962,0.000000
1684926264.438953,0.000000
1684926264.448910,0.000000
1684926264.459180,0.000000
1684926264.468934,0.000000
1684926264.479005,0.000000
1684926264.488998,0.000000
1684926264.498936,0.000000
1684926264.509063,0.000000
1684926264.519000,0.000000
1684926264.529015,0.000000
1684926264.539145,0.000000
1684926264.548939,0.000000
1684926264.559042,0.000000
1684926264.569045,0.000000
1684926264.579070,0.000000
1684926264.589097,0.000000
1684926264.598937,0.000000
1684926264.609028,0.000000
1684926264.619216,0.000000
1684926264.628911,0.000000
1684926264.638977,0.000000
1684926264.649056,0.000000
1684926264.659043,0.000000
1684926264.669164,0.000000
1684926264.678991,0.000000
1684926264.689225,0.000000
1684926264.699001,0.000000
1684926264.708988,0.000000
1684926264.719628,0.000000
1684926264.729095,0.000000
1684926264.739621,0.000000
1684926264.748924,0.000000
1684926264.759620,0.000000
1684926264.769631,0.000000
1684926264.779620,0.000000
1684926264.788991,0.000000
1684926264.798700,0.000000
1684926264.808867,0.000000
1684926264.818818,0.000000
1684926264.828868,0.000000
1684926264.838930,0.000000
1684926264.848980,0.000000
1684926264.858998,0.000000
1684926264.868624,0.000000
1684926264.879159,0.000000
1684926264.888181,0.000000
1684926264.898257,0.000000
1684926264.909458,0.000000
1684926264.919370,0.000000
1684926264.929460,0.000000
1684926264.939521,0.000000
1684926264.949571,0.000000
1684926264.959731,0.000000
1684926264.969745,0.000000
1684926264.979809,0.000000
1684926264.989780,0.000000
1684926264.999831,0.000000
1684926265.008978,0.000000
1684926265.020079,0.000000
1684926265.028956,0.000000
1684926265.038988,0.000000
1684926265.049041,0.000000
1684926265.058629,0.000000
1684926265.069051,0.000000
1684926265.080024,0.000000
1684926265.088973,0.000000
1684926265.099124,0.000000
1684926265.108997,0.000000
1684926265.119061,0.000000
1684926265.129028,0.000000
1684926265.139040,0.000000
1684926265.149111,0.000000
1684926265.159544,0.000000
1684926265.168978,0.000000
1684926265.179074,0.000000
1684926265.188962,0.000000
1684926265.199092,0.000000
1684926265.209026,0.000000
1684926265.219002,0.000000
1684926265.229024,0.000000
1684926265.238963,0.000000
1684926265.249046,0.000000
1684926265.258420,0.000000
1684926265.268996,0.000000
1684926265.279028,0.000000
1684926265.288992,0.000000
1684926265.299143,0.000000
1684926265.309122,0.000000
1684926265.319041,0.000000
1684926265.328976,0.000000
1684926265.339002,0.000000
1684926265.349005,0.000000
1684926265.359343,0.000000
1684926265.368985,0.000000
1684926265.379024,0.000000
1684926265.388996,0.000000
1684926265.399021,0.000000
1684926265.409096,0.000000
1684926265.419025,0.000000
1684926265.429046,0.000000
1684926265.439032,0.000000
1684926265.448966,0.000000
1684926265.459265,0.000000
1684926265.469021,0.000000
1684926265.479060,0.000000
1684926265.488977,0.000000
1684926265.499061,0.000000
1684926265.509179,0.000000
1684926265.519037,0.000000
1684926265.529031,0.000000
1684926265.538958,0.000000
1684926265.549027,0.000000
1684926265.559243,0.000000
1684926265.569033,0.000000
1684926265.579037,0.000000
1684926265.588974,0.000000
1684926265.599057,0.000000
1684926265.608996,0.000000
1684926265.619020,0.000000
1684926265.628977,0.000000
1684926265.638992,0.000000
1684926265.648942,0.000000
1684926265.659044,0.000000
1684926265.669026,0.000000
1684926265.679038,0.000000
1684926265.688983,0.000000
1684926265.698967,0.000000
1684926265.709079,0.000000
1684926265.719048,0.000000
1684926265.728958,0.000000
1684926265.738988,0.000000
1684926265.749002,0.000000
1684926265.759043,0.000000
1684926265.769028,0.000000
1684926265.779026,0.000000
1684926265.789023,0.000000
1684926265.798985,0.000000
1684926265.809046,0.000000
1684926265.819045,0.000000
1684926265.828957,0.000000
1684926265.839133,0.000000
1684926265.849004,0.000000
1684926265.859066,0.000000
1684926265.869285,0.000000
1684926265.879000,0.000000
1684926265.889117,0.000000
1684926265.899022,0.000000
1684926265.909006,0.000000
1684926265.919066,0.000000
1684926265.928986,0.000000
1684926265.939050,0.000000
1684926265.949057,0.000000
1684926265.959071,0.000000
1684926265.969089,0.000000
1684926265.978988,0.000000
1684926265.989080,0.588235
1684926265.999290,0.000000
1684926266.009120,0.000000
1684926266.019028,0.000000
1684926266.029006,0.000000
1684926266.039111,0.000000
1684926266.049157,0.000000
1684926266.059001,0.000000
1684926266.069000,0.000000
1684926266.078442,0.000000
1684926266.089073,0.000000
1684926266.099281,0.000000
1684926266.109001,0.000000
1684926266.119072,0.000000
1684926266.129028,0.000000
1684926266.138980,0.000000
1684926266.149134,0.000000
1684926266.159067,0.000000
1684926266.169047,0.000000
1684926266.178987,0.000000
1684926266.188972,0.000000
1684926266.199389,0.000000
1684926266.209063,0.000000
1684926266.219177,0.000000
1684926266.229006,0.000000
1684926266.229078,0.000000
1684926266.239069,0.000000
1684926266.249171,0.000000
1684926266.259032,0.000000
1684926266.269004,0.000000
1684926266.279002,0.000000
1684926266.289088,0.000000
1684926266.299145,0.000000
1684926266.309307,0.000000
1684926266.319011,0.000000
1684926266.319104,0.000000
1684926266.329011,0.000000
1684926266.339067,0.000000
1684926266.349072,0.000000
1684926266.359254,0.000000
1684926266.369039,0.000000
1684926266.378420,0.000000
1684926266.389014,0.000000
1684926266.398476,0.000000
1684926266.409051,0.000000
1684926266.418534,0.000000
1684926266.429105,0.000000
1684926266.438810,0.000000
1684926266.448997,0.000000
1684926266.459210,0.000000
1684926266.469014,0.000000
1684926266.479923,0.000000
1684926266.489035,0.000000
1684926266.499059,0.000000
1684926266.509044,0.000000
1684926266.519236,0.000000
1684926266.529172,0.000000
1684926266.539255,0.000000
1684926266.549309,0.000000
1684926266.559494,0.000000
1684926266.569535,0.000000
1684926266.579696,0.000000
1684926266.589711,0.000000
1684926266.599754,0.000000
1684926266.609913,0.000000
1684926266.619833,0.000000
1684926266.629804,0.000000
1684926266.639041,0.000000
1684926266.640801,0.000000
1684926266.648832,0.000000
1684926266.660089,0.000000
1684926266.669773,0.000000
1684926266.680135,0.000000
1684926266.689801,0.000000
1684926266.699133,0.000000
1684926266.708694,0.000000
1684926266.719025,0.000000
1684926266.729695,0.000000
1684926266.740263,0.000000
1684926266.748719,0.000000
1684926266.759072,0.000000
1684926266.768632,0.000000
1684926266.780091,0.000000
1684926266.789647,0.000000
1684926266.799197,0.000000
1684926266.808592,0.000000
1684926266.819107,0.000000
1684926266.828545,0.000000
1684926266.839162,0.000000
1684926266.848551,0.000000
1684926266.859153,0.000000
1684926266.868598,0.000000
1684926266.879151,0.000000
1684926266.889697,0.000000
1684926266.899103,0.000000
1684926266.909533,0.000000
1684926266.919017,0.000000
1684926266.928449,0.000000
1684926266.939286,0.000000
1684926266.949588,0.000000
1684926266.959090,0.000000
1684926266.968587,0.000000
1684926266.979111,0.000000
1684926266.988405,0.000000
1684926266.999090,0.000000
1684926267.008428,0.000000
1684926267.019093,0.000000
1684926267.028380,0.000000
1684926267.039095,0.000000
1684926267.048328,0.000000
1684926267.059054,0.000000
1684926267.068401,0.000000
1684926267.079125,0.000000
1684926267.089331,0.000000
1684926267.099135,0.000000
1684926267.108295,0.000000
1684926267.119034,0.000000
1684926267.128286,0.000000
1684926267.139142,0.000000
1684926267.149351,0.000000
1684926267.159030,0.000000
1684926267.169216,0.000000
1684926267.179028,0.000000
1684926267.189253,0.000000
1684926267.199115,0.000000
1684926267.208239,0.000000
1684926267.219181,0.000000
1684926267.229220,0.000000
1684926267.239206,0.000000
1684926267.249234,0.000000
1684926267.259031,0.000000
1684926267.269193,0.000000
1684926267.279083,0.000000
1684926267.289260,0.000000
1684926267.299063,0.000000
1684926267.309242,0.000000
1684926267.319172,0.000000
1684926267.328364,0.000000
1684926267.339073,0.000000
1684926267.349309,0.000000
1684926267.359065,0.000000
1684926267.369221,0.000000
1684926267.379098,0.000000
1684926267.389285,0.000000
1684926267.399137,0.000000
1684926267.408323,0.000000
1684926267.419160,0.000000
1684926267.428420,0.000000
1684926267.439118,0.000000
1684926267.448547,0.000000
1684926267.459051,0.000000
1684926267.468610,0.000000
1684926267.479250,0.000000
1684926267.488378,0.000000
1684926267.499059,0.000000
1684926267.509079,0.000000
1684926267.519091,0.000000
1684926267.529231,0.000000
1684926267.539088,0.000000
1684926267.549189,0.000000
1684926267.559159,0.000000
1684926267.569224,0.000000
1684926267.579270,0.000000
1684926267.588395,0.000000
1684926267.599282,0.000000
1684926267.608293,0.000000
1684926267.619056,0.000000
1684926267.629274,0.000000
1684926267.639178,0.000000
1684926267.649254,0.000000
1684926267.659039,0.000000
1684926267.669274,0.000000
1684926267.679456,0.000000
1684926267.689325,0.000000
1684926267.699080,0.000000
1684926267.709301,0.000000
1684926267.719159,0.000000
1684926267.729289,0.000000
1684926267.739184,0.000000
1684926267.748289,0.000000
1684926267.759062,0.000000
1684926267.768259,0.000000
1684926267.779122,0.000000
1684926267.789297,0.000000
1684926267.799117,0.000000
1684926267.808243,0.000000
1684926267.819036,0.000000
1684926267.829295,0.000000
1684926267.839111,0.000000
1684926267.848330,0.000000
1684926267.859105,0.000000
1684926267.868260,0.000000
1684926267.879136,0.000000
1684926267.888414,0.000000
1684926267.899035,0.000000
1684926267.909306,0.000000
1684926267.919062,0.000000
1684926267.929308,0.000000
1684926267.939151,0.000000
1684926267.948357,0.000000
1684926267.959218,0.000000
1684926267.969312,0.000000
1684926267.979129,0.000000
1684926267.989053,0.000000
1684926267.999099,0.000000
1684926268.008332,0.000000
1684926268.019077,0.000000
1684926268.028317,0.000000
1684926268.039097,0.000000
1684926268.048333,0.000000
1684926268.059419,0.000000
1684926268.068350,0.000000
1684926268.078328,0.000000
1684926268.088486,0.000000
1684926268.098305,0.000000
1684926268.109356,0.000000
1684926268.119373,0.000000
1684926268.128344,0.000000
1684926268.138395,0.000000
1684926268.148402,0.000000
1684926268.158557,0.000000
1684926268.169359,0.000000
1684926268.178624,0.000000
1684926268.188355,0.000000
1684926268.198786,0.000000
1684926268.208759,0.000000
1684926268.220356,0.000000
1684926268.228358,0.000000
1684926268.238976,0.000000
1684926268.248354,0.000000
1684926268.259098,0.000000
1684926268.269379,0.000000
1684926268.279272,0.000000
1684926268.288538,0.000000
1684926268.298349,0.000000
1684926268.308467,0.000000
1684926268.319461,0.000000
1684926268.329517,0.000000
1684926268.339099,0.000000
1684926268.349063,0.000000
1684926268.359086,0.000000
1684926268.369244,0.000000
1684926268.379119,0.000000
1684926268.389057,0.000000
1684926268.399058,0.000000
1684926268.409170,0.000000
1684926268.419196,0.000000
1684926268.429135,0.000000
1684926268.439084,0.000000
1684926268.449042,0.000000
1684926268.459175,0.000000
1684926268.469149,0.000000
1684926268.471783,0.000000
1684926268.479166,0.000000
1684926268.489141,0.000000
1684926268.499107,0.000000
1684926268.509039,0.000000
1684926268.519188,0.000000
1684926268.529169,0.000000
1684926268.539129,0.000000
1684926268.549062,0.000000
1684926268.559082,0.000000
1684926268.569184,0.000000
1684926268.579128,0.000000
1684926268.589063,0.000000
1684926268.599148,0.000000
1684926268.609061,0.000000
1684926268.619196,0.000000
1684926268.629161,0.000000
1684926268.629237,0.000000
1684926268.639078,0.000000
1684926268.649145,0.000000
1684926268.659124,0.000000
1684926268.669155,0.000000
1684926268.679148,0.000000
1684926268.689151,0.000000
1684926268.699238,0.000000
1684926268.699306,0.000000
1684926268.709139,0.000000
1684926268.719144,0.000000
1684926268.729132,0.000000
1684926268.739170,0.000000
1684926268.749182,0.000000
1684926268.759169,0.000000
1684926268.769089,0.000000
1684926268.779166,0.000000
1684926268.789058,0.000000
1684926268.799191,0.000000
1684926268.809146,0.000000
1684926268.819272,0.000000
1684926268.829148,0.000000
1684926268.839109,0.000000
1684926268.849111,0.000000
1684926268.859269,0.000000
1684926268.869142,0.000000
1684926268.879085,0.000000
1684926268.889133,0.000000
1684926268.899212,0.000000
1684926268.909346,0.000000
1684926268.919174,0.000000
1684926268.929203,0.000000
1684926268.939259,0.000000
1684926268.949147,0.000000
1684926268.959281,0.000000
1684926268.969143,1.764706
1684926268.979165,3.529412
1684926268.989132,5.882353
1684926268.999082,7.647059
1684926269.009227,9.411765
1684926269.019192,10.000000
1684926269.029155,10.588235
1684926269.039083,11.764706
1684926269.049065,12.941176
1684926269.059332,14.705882
1684926269.069124,15.882353
1684926269.078639,17.058823
1684926269.089094,18.823530
1684926269.099177,20.000000
1684926269.109251,21.176470
1684926269.119130,22.352942
1684926269.129090,22.352942
1684926269.139127,22.941177
1684926269.149171,24.117647
1684926269.159137,24.705883
1684926269.169169,25.294117
1684926269.179112,25.882353
1684926269.189117,25.882353
1684926269.199082,25.882353
1684926269.209152,26.470589
1684926269.219145,26.470589
1684926269.229151,25.882353
1684926269.239088,25.882353
1684926269.249066,25.882353
1684926269.259147,25.882353
1684926269.269131,25.294117
1684926269.279128,24.705883
1684926269.289095,24.705883
1684926269.299113,25.294117
1684926269.309246,24.705883
1684926269.319171,24.705883
1684926269.329140,24.705883
1684926269.339169,23.529411
1684926269.349101,23.529411
1684926269.359290,22.941177
1684926269.369287,22.352942
1684926269.370567,22.352942
1684926269.379252,22.352942
1684926269.389253,22.352942
1684926269.399148,22.352942
1684926269.409131,22.352942
1684926269.419198,22.352942
1684926269.429098,21.764706
1684926269.439280,21.764706
1684926269.448594,21.764706
1684926269.459147,21.764706
1684926269.468641,21.176470
1684926269.478642,20.588236
1684926269.489206,20.588236
1684926269.498650,20.588236
1684926269.508623,20.000000
1684926269.518623,20.000000
1684926269.518633,20.000000
1684926269.528653,20.000000
1684926269.538690,19.411764
1684926269.548697,19.411764
1684926269.559024,19.411764
1684926269.568650,20.000000
1684926269.579045,19.411764
1684926269.589074,18.823530
1684926269.600155,18.235294
1684926269.608723,17.647058
1684926269.619219,17.647058
1684926269.628680,17.647058
1684926269.628762,17.647058
1684926269.639449,17.647058
1684926269.648777,17.647058
1684926269.658492,17.647058
1684926269.669672,17.647058
1684926269.678603,17.058823
1684926269.689631,16.470589
1684926269.699722,16.470589
1684926269.709807,16.470589
1684926269.719858,17.058823
1684926269.729877,16.470589
1684926269.739967,16.470589
1684926269.750040,16.470589
1684926269.760103,17.058823
1684926269.769167,17.058823
1684926269.780350,16.470589
1684926269.789178,15.882353
1684926269.800320,16.470589
1684926269.809168,15.882353
1684926269.819149,16.470589
1684926269.829094,17.058823
1684926269.839189,17.647058
1684926269.849178,17.058823
1684926269.859172,17.647058
1684926269.869113,17.058823
1684926269.879152,17.647058
1684926269.889192,17.058823
1684926269.899182,17.058823
1684926269.909150,17.058823
1684926269.919170,17.647058
1684926269.929147,17.647058
1684926269.939253,18.235294
1684926269.949161,18.235294
1684926269.959587,18.235294
1684926269.969151,18.823530
1684926269.979219,18.823530
1684926269.989112,18.235294
1684926269.999256,18.235294
1684926270.009115,18.235294
1684926270.019127,18.823530
1684926270.029150,18.823530
1684926270.039154,18.235294
1684926270.049181,18.235294
1684926270.059176,19.411764
1684926270.069277,19.411764
1684926270.079317,18.823530
1684926270.089201,18.823530
1684926270.099240,18.823530
1684926270.109153,19.411764
1684926270.119213,19.411764
1684926270.129308,19.411764
1684926270.139175,19.411764
1684926270.149152,19.411764
1684926270.159196,19.411764
1684926270.169181,19.411764
1684926270.179271,19.411764
1684926270.189113,19.411764
1684926270.189200,19.411764
1684926270.199152,20.000000
1684926270.209183,20.000000
1684926270.219109,20.000000
1684926270.229214,20.588236
1684926270.239195,20.000000
1684926270.249305,20.000000
1684926270.259199,20.588236
1684926270.269090,20.588236
1684926270.279191,20.588236
1684926270.289322,20.588236
1684926270.299215,20.000000
1684926270.309160,19.411764
1684926270.319139,19.411764
1684926270.329220,19.411764
1684926270.339344,18.823530
1684926270.349153,18.823530
1684926270.359159,18.823530
1684926270.369193,19.411764
1684926270.379188,20.000000
1684926270.389434,20.000000
1684926270.399202,20.588236
1684926270.409181,20.000000
1684926270.419219,19.411764
1684926270.429288,18.823530
1684926270.439306,18.823530
1684926270.449200,19.411764
1684926270.459219,20.000000
1684926270.469092,20.000000
1684926270.479131,20.000000
1684926270.489527,19.411764
1684926270.499298,19.411764
1684926270.509161,19.411764
1684926270.519138,19.411764
1684926270.529204,19.411764
1684926270.539478,18.823530
1684926270.549184,18.235294
1684926270.559183,18.235294
1684926270.569185,18.823530
1684926270.579259,18.823530
1684926270.589189,19.411764
1684926270.599192,18.823530
1684926270.609133,18.823530
1684926270.619150,19.411764
1684926270.629101,19.411764
1684926270.639210,19.411764
1684926270.649202,19.411764
1684926270.659250,20.000000
1684926270.668590,20.000000
1684926270.679153,19.411764
1684926270.689238,19.411764
1684926270.699220,19.411764
1684926270.708550,20.000000
1684926270.719137,19.411764
1684926270.729134,18.823530
1684926270.739223,18.235294
1684926270.749207,18.235294
1684926270.759155,18.235294
1684926270.769375,18.235294
1684926270.779178,18.235294
1684926270.789264,18.235294
1684926270.799200,18.823530
1684926270.809152,19.411764
1684926270.819315,18.823530
1684926270.829193,18.823530
1684926270.839225,18.823530
1684926270.849167,18.823530
1684926270.849273,18.823530
1684926270.859239,18.823530
1684926270.869284,18.823530
1684926270.879197,18.823530
1684926270.889176,18.823530
1684926270.899199,19.411764
1684926270.909137,19.411764
1684926270.919256,20.000000
1684926270.929202,19.411764
1684926270.939300,19.411764
1684926270.949219,19.411764
1684926270.959159,19.411764
1684926270.969381,20.000000
1684926270.979312,20.000000
1684926270.989264,20.000000
1684926270.999219,20.000000
1684926271.009135,20.000000
1684926271.019261,20.000000
1684926271.029324,20.588236
1684926271.039227,20.588236
1684926271.049176,20.588236
1684926271.059236,20.588236
1684926271.068589,20.000000
1684926271.078607,19.411764
1684926271.089200,20.000000
1684926271.099240,20.000000
1684926271.109203,20.000000
1684926271.118573,20.000000
1684926271.128593,18.823530
1684926271.139265,18.823530
1684926271.149025,18.235294
1684926271.158721,17.647058
1684926271.168622,17.647058
1684926271.179813,17.058823
1684926271.188755,16.470589
1684926271.198635,15.882353
1684926271.208682,15.294118
1684926271.218845,15.294118
1684926271.229638,14.705882
1684926271.238935,14.705882
1684926271.248620,14.117647
1684926271.258969,13.529411
1684926271.268721,12.941176
1684926271.279096,12.352942
1684926271.288776,12.352942
1684926271.299219,11.764706
1684926271.308868,11.176471
1684926271.319407,10.588235
1684926271.328776,10.000000
1684926271.339454,10.000000
1684926271.348786,9.411765
1684926271.358557,8.823529
1684926271.368813,7.647059
1684926271.379747,7.647059
1684926271.389827,7.058824
1684926271.399832,6.470588
1684926271.409910,5.882353
1684926271.419945,5.294117
1684926271.429990,4.705883
1684926271.440108,4.117647
1684926271.449141,3.529412
1684926271.460265,2.941176
1684926271.469165,2.352941
1684926271.479300,2.352941
1684926271.489288,1.764706
1684926271.499259,1.764706
1684926271.509361,1.764706
1684926271.519381,1.176471
1684926271.529264,1.176471
1684926271.539257,1.176471
1684926271.549286,1.176471
1684926271.559332,1.176471
1684926271.569353,0.588235
1684926271.579280,0.000000
1684926271.589206,0.000000
1684926271.599278,0.000000
1684926271.609264,0.000000
1684926271.619199,0.000000
1684926271.629167,0.000000
1684926271.639245,0.000000
1684926271.649183,0.000000
1684926271.659353,0.000000
1684926271.669251,0.000000
1684926271.679277,0.000000
1684926271.689302,0.000000
1684926271.699184,0.000000
1684926271.709240,0.000000
1684926271.709247,0.000000
1684926271.719382,0.000000
1684926271.729290,0.000000
1684926271.739223,0.000000
1684926271.749171,0.000000
1684926271.759331,0.000000
1684926271.769371,0.000000
1684926271.779229,0.000000
1684926271.789222,0.000000
1684926271.799242,0.000000
1684926271.809146,0.000000
1684926271.819417,0.000000
1684926271.829242,0.000000
1684926271.839290,0.000000
1684926271.849208,0.000000
1684926271.859266,0.000000
1684926271.869335,0.000000
1684926271.879286,0.000000
1684926271.889284,0.000000
1684926271.899199,0.000000
1684926271.909167,0.000000
1684926271.919460,0.000000
1684926271.929204,0.000000
1684926271.939226,0.000000
1684926271.949149,0.000000
1684926271.959264,0.000000
1684926271.969388,0.000000
1684926271.979204,0.000000
1684926271.989288,0.000000
1684926271.999200,0.000000
1684926272.009223,0.000000
1684926272.019305,0.000000
1684926272.029235,0.000000
1684926272.039206,0.000000
1684926272.049193,0.000000
1684926272.059201,0.000000
1684926272.069206,0.000000
1684926272.078657,0.000000
1684926272.089292,0.000000
1684926272.099182,0.000000
1684926272.109164,0.000000
1684926272.119289,0.000000
1684926272.129230,0.000000
1684926272.139206,0.000000
1684926272.149257,0.000000
1684926272.159224,0.000000
1684926272.169320,0.000000
1684926272.179287,0.000000
1684926272.189219,0.000000
1684926272.199270,0.000000
1684926272.209210,0.000000
1684926272.219293,0.000000
1684926272.229222,0.000000
1684926272.239254,0.000000
1684926272.249307,0.000000
1684926272.259275,0.000000
1684926272.269223,0.000000
1684926272.279237,0.000000
1684926272.289230,0.000000
1684926272.299472,0.000000
1684926272.309229,0.000000
1684926272.319225,0.000000
1684926272.329233,0.000000
1684926272.339226,0.000000
1684926272.349221,0.000000
1684926272.359270,0.000000
1684926272.369279,0.000000
1684926272.379270,0.000000
1684926272.389252,0.000000
1684926272.399335,0.000000
1684926272.409312,0.000000
1684926272.419609,0.000000
1684926272.429192,0.000000
1684926272.439235,0.000000
1684926272.449305,0.000000
1684926272.459394,0.000000
1684926272.469208,0.000000
1684926272.479254,0.000000
1684926272.489276,0.000000
1684926272.499369,0.000000
1684926272.509427,0.000000
1684926272.509514,0.000000
1684926272.519229,0.000000
1684926272.529254,0.000000
1684926272.539266,0.000000
1684926272.549182,0.000000
1684926272.559494,0.000000
1684926272.569296,0.000000
1684926272.579316,0.000000
1684926272.589190,0.000000
1684926272.599206,0.000000
1684926272.609416,0.000000
1684926272.619289,0.000000
1684926272.629213,0.000000
1684926272.639208,0.000000
1684926272.649285,0.000000
1684926272.659384,0.000000
1684926272.669277,0.000000
1684926272.679230,0.000000
1684926272.689292,0.000000
1684926272.699297,0.000000
1684926272.709296,0.000000
1684926272.719271,0.000000
1684926272.729288,0.000000
1684926272.739247,0.000000
1684926272.749289,0.000000
1684926272.759275,0.000000
1684926272.769284,0.000000
1684926272.779275,0.000000
1684926272.789297,0.588235
1684926272.799255,1.176471
1684926272.809425,1.764706
1684926272.819272,2.352941
1684926272.829280,2.352941
1684926272.839223,2.941176
1684926272.849261,3.529412
1684926272.859295,2.941176
1684926272.869225,3.529412
1684926272.879252,2.941176
1684926272.889232,2.352941
1684926272.899164,1.764706
1684926272.909328,0.588235
1684926272.919230,0.000000
1684926272.929230,0.000000
1684926272.939253,0.000000
1684926272.949315,0.000000
1684926272.959378,0.000000
1684926272.968512,0.000000
1684926272.978554,0.000000
1684926272.988612,0.000000
1684926272.998674,0.000000
1684926273.009701,0.000000
1684926273.019792,1.176471
1684926273.029898,1.764706
1684926273.039897,2.352941
1684926273.049985,2.352941
1684926273.059981,2.941176
1684926273.069409,2.941176
1684926273.080214,2.941176
1684926273.090208,2.941176
1684926273.099318,2.941176
1684926273.109292,2.941176
1684926273.119310,2.352941
1684926273.129237,1.764706
1684926273.139335,1.176471
1684926273.150447,0.588235
1684926273.159302,0.588235
1684926273.169260,0.000000
1684926273.179297,0.000000
1684926273.189304,0.000000
1684926273.199486,0.000000
1684926273.209364,0.000000
1684926273.219415,0.000000
1684926273.229359,0.000000
1684926273.239317,0.000000
1684926273.249297,0.000000
1684926273.259390,0.000000
1684926273.269327,0.000000
1684926273.279292,0.000000
1684926273.289226,0.000000
1684926273.299430,0.000000
1684926273.309299,0.000000
1684926273.319321,0.000000
1684926273.329196,0.000000
1684926273.339254,0.000000
1684926273.349407,0.000000
1684926273.359295,0.000000
1684926273.369263,0.000000
1684926273.379254,0.000000
1684926273.389340,0.000000
1684926273.399426,0.000000
1684926273.409236,0.000000
1684926273.419276,0.000000
1684926273.429243,0.000000
1684926273.439322,0.000000
1684926273.449293,0.000000
1684926273.459307,0.000000
1684926273.469243,0.000000
1684926273.479254,0.000000
1684926273.489232,0.000000
1684926273.499339,0.000000
1684926273.509297,0.000000
1684926273.519307,0.000000
1684926273.529214,0.000000
1684926273.539253,0.000000
1684926273.549343,0.000000
1684926273.559298,0.000000
1684926273.569230,0.000000
1684926273.579257,0.000000
1684926273.589236,0.000000
1684926273.599312,0.000000
1684926273.609257,0.000000
1684926273.619307,0.000000
1684926273.629290,0.000000
1684926273.639294,0.000000
1684926273.649322,0.000000
1684926273.659293,0.000000
1684926273.669504,0.000000
1684926273.679383,0.000000
1684926273.689298,0.000000
1684926273.699302,0.000000
1684926273.709255,0.000000
1684926273.719254,0.000000
1684926273.729365,0.000000
1684926273.739331,0.000000
1684926273.749253,0.000000
1684926273.759318,0.000000
1684926273.769255,0.000000
1684926273.779323,0.000000
1684926273.789301,0.000000
1684926273.799409,0.000000
1684926273.809333,0.000000
1684926273.819314,0.000000
1684926273.829347,0.000000
1684926273.839501,0.000000
1684926273.849345,0.000000
1684926273.859321,0.000000
1684926273.869219,0.000000
1684926273.879380,0.000000
1684926273.889446,0.000000
1684926273.899298,0.000000
1684926273.909248,0.000000
1684926273.919323,0.000000
1684926273.929282,0.000000
1684926273.939467,0.000000
1684926273.949256,0.000000
1684926273.959317,0.000000
1684926273.969296,0.000000
1684926273.979300,0.000000
1684926273.989430,0.000000
1684926273.999344,0.000000
1684926274.009298,0.000000
1684926274.019240,0.000000
1684926274.029223,0.000000
1684926274.039496,0.000000
1684926274.049182,0.000000
1684926274.059297,0.000000
1684926274.069240,0.000000
1684926274.079337,0.000000
1684926274.089464,0.000000
1684926274.099321,0.000000
1684926274.109120,0.000000
1684926274.119255,0.000000
1684926274.129413,0.000000
1684926274.139362,0.000000
1684926274.149150,0.000000
1684926274.159355,0.000000
1684926274.169257,0.000000
1684926274.179379,0.000000
1684926274.189308,0.000000
1684926274.199340,0.000000
1684926274.209274,0.000000
1684926274.219324,0.000000
1684926274.229219,0.000000
1684926274.239319,0.000000
1684926274.249008,0.000000
1684926274.259319,0.000000
1684926274.269239,0.000000
1684926274.279300,0.000000
1684926274.289345,0.000000
1684926274.299344,0.000000
1684926274.308995,0.000000
1684926274.319345,0.000000
1684926274.329278,0.000000
1684926274.339380,0.000000
1684926274.349046,0.000000
1684926274.359297,0.000000
1684926274.369410,0.000000
1684926274.379333,0.000000
1684926274.389343,0.000000
1684926274.399338,0.000000
1684926274.409289,0.000000
1684926274.419453,0.000000
1684926274.429289,0.000000
1684926274.439306,0.000000
1684926274.449099,0.000000
1684926274.459307,0.000000
1684926274.469235,0.000000
1684926274.479321,0.000000
1684926274.479324,0.000000
1684926274.489326,0.000000
1684926274.499362,0.000000
1684926274.508981,0.000000
1684926274.518906,0.000000
1684926274.528945,0.000000
1684926274.538959,0.000000
1684926274.539035,0.000000
1684926274.549010,0.000000
1684926274.558933,0.000000
1684926274.568928,0.000000
1684926274.579948,0.000000
1684926274.588947,0.000000
1684926274.598961,0.000000
1684926274.608947,0.000000
1684926274.619053,0.000000
1684926274.628928,0.000000
1684926274.639308,0.000000
1684926274.648929,0.000000
1684926274.659298,0.000000
1684926274.668950,0.000000
1684926274.668954,0.000000
1684926274.679429,0.000000
1684926274.688986,0.000000
1684926274.699531,0.000000
1684926274.709054,0.000000
1684926274.718661,0.000000
1684926274.730073,0.000000
1684926274.738780,0.000000
1684926274.749079,0.000000
1684926274.759873,0.000000
1684926274.770136,0.000000
1684926274.780001,0.000000
1684926274.790191,0.000000
1684926274.800142,0.000000
1684926274.809253,0.000000
1684926274.820284,0.000000
1684926274.829363,0.000000
1684926274.840426,0.000000
1684926274.848884,0.000000
1684926274.859354,0.000000
1684926274.869372,0.000000
1684926274.879491,0.000000
1684926274.889345,0.000000
1684926274.899329,0.000000
1684926274.908850,0.000000
1684926274.919388,0.000000
1684926274.929339,0.000000
1684926274.939375,0.000000
1684926274.948861,0.000000
1684926274.959457,0.000000
1684926274.969262,0.000000
1684926274.979412,0.000000
1684926274.989355,0.000000
1684926274.999326,0.000000
1684926275.009291,0.000000
1684926275.019302,0.000000
1684926275.029323,0.000000
1684926275.039374,0.000000
1684926275.049051,0.000000
1684926275.059460,0.000000
1684926275.069288,0.000000
1684926275.079391,0.000000
1684926275.089372,0.000000
1684926275.099339,0.000000
1684926275.108808,0.000000
1684926275.119644,0.000000
1684926275.129336,0.000000
1684926275.139329,0.000000
1684926275.148807,0.000000
1684926275.159428,0.000000
1684926275.169291,0.000000
1684926275.179367,0.000000
1684926275.189348,0.000000
1684926275.199386,0.000000
1684926275.209371,0.000000
1684926275.219368,0.000000
1684926275.229362,0.000000
1684926275.239393,0.000000
1684926275.248865,0.000000
1684926275.259430,0.000000
1684926275.269436,0.000000
1684926275.279416,0.000000
1684926275.289302,0.000000
1684926275.299369,0.000000
1684926275.309427,0.000000
1684926275.319504,0.000000
1684926275.329392,0.000000
1684926275.339307,0.000000
1684926275.349472,0.000000
1684926275.359363,0.000000
1684926275.369501,0.000000
1684926275.379382,0.000000
1684926275.389398,0.000000
1684926275.399376,0.000000
1684926275.409261,0.000000
1684926275.419557,0.000000
1684926275.429358,0.000000
1684926275.439403,0.000000
1684926275.449275,0.000000
1684926275.459320,0.000000
1684926275.469748,0.000000
1684926275.479412,0.000000
1684926275.488760,0.000000
1684926275.499311,0.000000
1684926275.508759,0.000000
1684926275.519510,0.000000
1684926275.529286,0.000000
1684926275.539334,0.000000
1684926275.548813,0.000000
1684926275.559433,0.000000
1684926275.568830,0.000000
1684926275.579444,0.000000
1684926275.589423,0.000000
1684926275.599420,0.000000
1684926275.609336,0.000000
1684926275.619375,0.000000
1684926275.629327,0.000000
1684926275.639382,0.000000
1684926275.648950,0.000000
1684926275.659317,0.000000
1684926275.668725,0.000000
1684926275.679294,0.000000
1684926275.688719,0.000000
1684926275.699597,0.000000
1684926275.708513,0.000000
1684926275.719271,0.000000
1684926275.728703,0.000000
1684926275.739267,0.000000
1684926275.748749,0.000000
1684926275.759205,0.000000
1684926275.768686,0.000000
1684926275.779738,0.000000
1684926275.788703,0.000000
1684926275.799596,0.000000
1684926275.808720,0.000000
1684926275.818702,0.000000
1684926275.828740,0.000000
1684926275.838760,0.000000
1684926275.848762,0.000000
1684926275.858891,0.000000
1684926275.868827,0.000000
1684926275.878857,0.000000
1684926275.881305,0.000000
1684926275.888853,0.000000
1684926275.898871,0.000000
1684926275.908873,0.000000
1684926275.920734,0.000000
1684926275.928920,0.000000
1684926275.938931,0.000000
1684926275.948685,0.000000
1684926275.959664,0.000000
1684926275.968680,0.000000
1684926275.979671,0.000000
1684926275.988695,0.000000
1684926275.999776,0.000000
1684926276.008796,0.000000
1684926276.019986,0.000000
1684926276.029944,0.000000
1684926276.039940,0.000000
1684926276.049692,0.000000
1684926276.060045,0.000000
1684926276.069786,0.000000
1684926276.078885,0.000000
1684926276.090312,0.000000
1684926276.098924,0.000000
1684926276.109403,0.000000
1684926276.118963,0.000000
1684926276.129421,0.000000
1684926276.138815,0.000000
1684926276.149316,0.000000
1684926276.159930,0.000000
1684926276.159935,0.000000
1684926276.169391,0.000000
1684926276.178768,0.000000
1684926276.189315,0.000000
1684926276.198787,0.000000
1684926276.209496,0.000000
1684926276.218832,0.000000
1684926276.229311,0.000000
1684926276.238707,0.000000
1684926276.249444,0.000000
1684926276.258714,0.000000
1684926276.268705,0.000000
1684926276.278913,0.000000
1684926276.289357,0.000000
1684926276.298738,0.000000
1684926276.309379,0.000000
1684926276.318729,0.000000
1684926276.329362,0.000000
1684926276.338725,0.000000
1684926276.349311,0.000000
1684926276.358829,0.000000
1684926276.369397,0.000000
1684926276.378748,0.000000
1684926276.389319,0.000000
1684926276.398815,0.000000
1684926276.409467,0.000000
1684926276.418776,0.000000
1684926276.429333,0.000000
1684926276.438824,0.000000
1684926276.449322,0.000000
1684926276.458820,0.000000
1684926276.468802,0.000000
1684926276.478998,0.000000
1684926276.489425,0.000000
1684926276.498816,0.000000
1684926276.509387,0.000000
1684926276.518807,0.000000
1684926276.529366,0.000000
1684926276.538816,0.000000
1684926276.549380,0.000000
1684926276.558815,0.000000
1684926276.569366,0.000000
1684926276.578856,0.000000
1684926276.589460,0.000000
1684926276.598954,0.000000
1684926276.609334,0.000000
1684926276.618837,0.000000
1684926276.629319,0.000000
1684926276.638857,0.000000
1684926276.649423,0.000000
1684926276.658934,0.000000
1684926276.668859,0.000000
1684926276.678875,0.000000
1684926276.689461,0.000000
1684926276.698923,0.000000
1684926276.709463,0.000000
1684926276.718894,0.588235
1684926276.729333,0.588235
1684926276.739472,1.176471
1684926276.739545,1.176471
1684926276.749525,1.176471
1684926276.758940,1.176471
1684926276.769357,1.764706
1684926276.779937,1.764706
1684926276.789400,1.764706
1684926276.799568,1.764706
1684926276.809358,1.764706
1684926276.818936,1.764706
1684926276.829413,1.764706
1684926276.838938,1.764706
1684926276.849512,1.764706
1684926276.858940,1.764706
1684926276.869413,2.352941
1684926276.879506,1.764706
1684926276.889506,2.352941
1684926276.899608,2.352941
1684926276.909676,2.352941
1684926276.919462,2.352941
1684926276.919461,2.352941
1684926276.929523,2.352941
1684926276.939481,2.352941
1684926276.949536,2.941176
1684926276.959499,2.941176
1684926276.969524,3.529412
1684926276.979542,3.529412
1684926276.989547,3.529412
1684926276.999464,3.529412
1684926277.009380,3.529412
1684926277.019681,3.529412
1684926277.029339,3.529412
1684926277.038630,3.529412
1684926277.048684,4.117647
1684926277.058686,3.529412
1684926277.068770,4.117647
1684926277.079375,4.117647
1684926277.089484,4.117647
1684926277.099419,4.705883
1684926277.109463,4.705883
1684926277.119436,4.705883
1684926277.129512,4.705883
1684926277.139461,5.294117
1684926277.149487,5.294117
1684926277.159458,5.294117
1684926277.169538,5.294117
1684926277.179636,5.882353
1684926277.188666,5.882353
1684926277.199728,5.882353
1684926277.208755,6.470588
1684926277.218859,6.470588
1684926277.228873,6.470588
1684926277.238944,6.470588
1684926277.238940,6.470588
1684926277.248902,7.058824
1684926277.259094,7.058824
1684926277.269177,7.058824
1684926277.279086,7.647059
1684926277.289129,8.235294
1684926277.299408,8.235294
1684926277.309116,8.823529
1684926277.319120,8.823529
1684926277.329448,9.411765
1684926277.339112,9.411765
1684926277.348753,10.000000
1684926277.359139,10.000000
1684926277.369190,10.000000
1684926277.379155,10.588235
1684926277.389174,10.588235
1684926277.399139,10.588235
1684926277.409133,10.588235
1684926277.419177,11.176471
1684926277.429152,11.176471
1684926277.440170,11.176471
1684926277.448703,11.764706
1684926277.459157,11.764706
1684926277.469196,11.764706
1684926277.479149,11.764706
1684926277.490172,12.352942
1684926277.499180,11.764706
1684926277.509189,12.352942
1684926277.519173,12.352942
1684926277.529361,12.352942
1684926277.540191,12.352942
1684926277.549580,12.352942
1684926277.559214,12.352942
1684926277.569222,12.352942
1684926277.579203,12.941176
1684926277.589790,12.941176
1684926277.599193,12.941176
1684926277.609282,12.941176
1684926277.619214,12.941176
1684926277.629221,14.117647
1684926277.639236,14.117647
1684926277.649591,14.117647
1684926277.659214,14.705882
1684926277.669275,14.705882
1684926277.679233,14.705882
1684926277.689291,15.294118
1684926277.699232,15.294118
1684926277.709253,15.294118
1684926277.719257,15.294118
1684926277.729306,15.294118
1684926277.739318,15.294118
1684926277.749463,15.294118
1684926277.759717,15.294118
1684926277.769327,15.294118
1684926277.780286,15.294118
1684926277.790282,15.294118
1684926277.800346,15.882353
1684926277.810315,15.294118
1684926277.820374,15.294118
1684926277.829340,15.882353
1684926277.840381,15.294118
1684926277.849409,15.882353
1684926277.859404,15.882353
1684926277.869532,15.882353
1684926277.879438,15.882353
1684926277.890513,15.882353
1684926277.899567,15.882353
1684926277.909393,15.882353
1684926277.919484,15.882353
1684926277.929421,15.882353
1684926277.939501,15.882353
1684926277.949464,15.882353
1684926277.959445,15.882353
1684926277.969531,16.470589
1684926277.979423,16.470589
1684926277.989426,16.470589
1684926277.999472,16.470589
1684926278.009366,15.882353
1684926278.019575,16.470589
1684926278.029363,16.470589
1684926278.039448,17.058823
1684926278.049502,17.058823
1684926278.049470,17.058823
1684926278.059420,16.470589
1684926278.069620,17.058823
1684926278.079543,17.058823
1684926278.089485,17.058823
1684926278.099498,17.058823
1684926278.109450,17.058823
1684926278.119461,17.058823
1684926278.129602,17.647058
1684926278.139492,17.647058
1684926278.149424,17.647058
1684926278.159416,17.058823
1684926278.169507,17.647058
1684926278.179610,17.647058
1684926278.189428,17.647058
1684926278.199495,17.647058
1684926278.209467,17.647058
1684926278.219438,17.647058
1684926278.229485,18.235294
1684926278.239465,17.647058
1684926278.249455,17.647058
1684926278.259500,17.647058
1684926278.269456,17.647058
1684926278.279572,18.235294
1684926278.289511,17.647058
1684926278.299471,18.235294
1684926278.309570,18.235294
1684926278.319492,18.235294
1684926278.329642,18.235294
1684926278.339507,18.235294
1684926278.349484,18.235294
1684926278.359495,18.235294
1684926278.369542,18.235294
1684926278.379588,18.235294
1684926278.389544,18.235294
1684926278.399538,18.235294
1684926278.409556,18.235294
1684926278.419569,18.235294
1684926278.429534,18.235294
1684926278.439464,18.235294
1684926278.449530,18.235294
1684926278.459407,18.235294
1684926278.470079,18.235294
1684926278.479479,18.235294
1684926278.489553,18.235294
1684926278.499474,18.235294
1684926278.509536,18.235294
1684926278.519405,18.235294
1684926278.529550,18.235294
1684926278.539477,18.235294
1684926278.549555,18.823530
1684926278.559446,18.823530
1684926278.569551,18.235294
1684926278.579510,18.823530
1684926278.589557,18.823530
1684926278.599482,18.823530
