time_stamp,latitude,longitude,height
1684926118.61334,32.825332,34.98933,25.002693
1684926118.61343,32.825331,34.989331,25.003513
1684926118.61354,32.82533,34.989332,25.00439
1684926118.6223,32.82533,34.989332,25.005243
1684926118.62239,32.825329,34.989333,25.006146
1684926118.62254,32.825329,34.989334,25.007062
1684926118.62261,32.825328,34.989334,25.008007
1684926118.69578,32.825327,34.989335,25.008962
1684926118.6982,32.825327,34.989336,25.009925
1684926118.69835,32.825326,34.989337,25.010934
1684926118.69843,32.825326,34.989337,25.011933
1684926118.69849,32.825325,34.989338,25.012949
1684926118.69856,32.825324,34.989339,25.013977
1684926118.69862,32.825324,34.98934,25.015008
1684926118.69869,32.825323,34.98934,25.016057
1684926118.77002,32.825323,34.989341,25.017096
1684926118.77014,32.825322,34.989342,25.018162
1684926118.7702,32.825321,34.989343,25.019191
1684926118.77026,32.825321,34.989343,25.020182
1684926118.77033,32.82532,34.989344,25.021106
1684926118.77881,32.82532,34.989345,25.022003
1684926118.77892,32.825319,34.989345,25.022891
1684926118.77899,32.825318,34.989346,25.023738
1684926118.84897,32.825318,34.989347,25.024606
1684926118.84908,32.825317,34.989348,25.025441
1684926118.84915,32.825317,34.989348,25.026236
1684926118.84921,32.825316,34.989349,25.027016
1684926118.86407,32.825315,34.98935,25.027802
1684926118.86417,32.825315,34.989351,25.028546
1684926118.86423,32.825314,34.989351,25.029306
1684926118.91336,32.825314,34.989352,25.030006
1684926118.9135,32.825313,34.989353,25.030706
1684926118.91357,32.825312,34.989354,25.031465
1684926118.91363,32.825312,34.989354,25.032191
1684926118.91369,32.825311,34.989355,25.032921
1684926118.92267,32.825311,34.989356,25.033637
1684926118.92276,32.82531,34.989356,25.034287
1684926118.92282,32.825309,34.989357,25.034848
1684926118.99683,32.825309,34.989358,25.0353
1684926118.99694,32.825308,34.989359,25.03568
1684926118.99705,32.825308,34.989359,25.036046
1684926118.99716,32.825307,34.98936,25.036381
1684926118.99728,32.825306,34.989361,25.036701
1684926118.99739,32.825306,34.989362,25.037029
1684926118.9975,32.825305,34.989362,25.037293
1684926119.00365,32.825305,34.989363,25.037583
1684926119.07257,32.825304,34.989364,25.037886
1684926119.07268,32.825303,34.989364,25.038242
1684926119.07273,32.825303,34.989365,25.038639
1684926119.0838,32.825302,34.989366,25.039074
1684926119.08389,32.825302,34.989367,25.039569
1684926119.08401,32.825301,34.989367,25.040062
1684926119.09141,32.8253,34.989368,25.040575
1684926119.16126,32.8253,34.989369,25.041083
1684926119.16139,32.825299,34.98937,25.041637
1684926119.16145,32.825298,34.989371,24.974589
1684926119.16151,32.825298,34.989372,24.975064
1684926119.16161,32.825297,34.989372,24.975567
1684926119.17317,32.825297,34.989373,24.976068
1684926119.17324,32.825296,34.989374,24.976578
1684926119.17337,32.825295,34.989375,24.977051
1684926119.23617,32.825295,34.989375,24.977509
1684926119.2363,32.825294,34.989376,24.977967
1684926119.23641,32.825294,34.989377,24.978411
1684926119.2365,32.825293,34.989378,24.978861
1684926119.23656,32.825292,34.989378,24.979295
1684926119.23663,32.825292,34.989379,24.979708
1684926119.25208,32.825291,34.98938,24.980163
1684926119.25219,32.825291,34.98938,24.98065
1684926119.30343,32.82529,34.989381,24.981135
1684926119.30354,32.825289,34.989382,24.981667
1684926119.3036,32.825289,34.989383,24.982173
1684926119.32263,32.825288,34.989383,24.982682
1684926119.32271,32.825288,34.989384,24.983208
1684926119.32278,32.825287,34.989385,24.983791
1684926119.32285,32.825286,34.989386,24.984434
1684926119.37476,32.825286,34.989386,24.985112
1684926119.37485,32.825285,34.989387,24.985792
1684926119.375,32.825285,34.989388,24.986449
1684926119.37506,32.825284,34.989388,24.987165
1684926119.38487,32.825283,34.989389,24.987922
1684926119.38499,32.825283,34.98939,24.988715
1684926119.38505,32.825282,34.989391,24.989493
1684926119.38512,32.825282,34.989391,24.9903
1684926119.45799,32.825281,34.989392,24.991128
1684926119.4581,32.82528,34.989393,24.991999
1684926119.45816,32.82528,34.989394,24.992852
1684926119.45828,32.825279,34.989394,24.993716
1684926119.46815,32.825279,34.989395,24.994598
1684926119.46826,32.825278,34.989396,24.99555
1684926119.46833,32.825277,34.989397,24.996463
1684926119.46847,32.825277,34.989397,24.997375
1684926119.53751,32.825276,34.989398,24.998253
1684926119.53763,32.825276,34.989399,24.999097
1684926119.53772,32.825275,34.989399,24.99991
1684926119.53779,32.825274,34.9894,25.000749
1684926119.53787,32.825274,34.989401,25.001513
1684926119.54464,32.825273,34.989402,25.002271
1684926119.54475,32.825272,34.989402,25.003045
1684926119.54482,32.825272,34.989403,25.003795
1684926119.61716,32.825271,34.989404,25.004587
1684926119.61728,32.825271,34.989404,25.005399
1684926119.61735,32.82527,34.989405,25.006228
1684926119.62855,32.825269,34.989406,25.00707
1684926119.62867,32.825269,34.989407,25.007917
1684926119.62875,32.825268,34.989407,25.008804
1684926119.63921,32.825268,34.989408,25.009694
1684926119.69877,32.825267,34.989409,25.010641
1684926119.69897,32.825266,34.98941,25.0116
1684926119.69902,32.825266,34.98941,25.012607
1684926119.69914,32.825265,34.989411,25.013659
1684926119.69925,32.825265,34.989412,25.014686
1684926119.69936,32.825264,34.989412,25.015746
1684926119.70622,32.825263,34.989413,25.016784
1684926119.70635,32.825263,34.989414,25.017803
1684926119.76004,32.825262,34.989415,25.018866
1684926119.76017,32.825262,34.989415,25.019896
1684926119.76029,32.825261,34.989416,25.020956
1684926119.76036,32.82526,34.989417,25.022029
1684926119.76043,32.82526,34.989418,25.023053
1684926119.76877,32.825259,34.989418,25.024121
1684926119.76887,32.825259,34.989419,25.025222
1684926119.76893,32.825258,34.98942,25.026313
1684926119.84139,32.825257,34.98942,25.027413
1684926119.84158,32.825257,34.989421,25.028496
1684926119.84167,32.825256,34.989422,25.029528
1684926119.85272,32.825256,34.989423,25.030519
1684926119.85281,32.825255,34.989423,25.031488
1684926119.85288,32.825254,34.989424,25.032424
1684926119.853,32.825254,34.989425,25.033324
1684926119.92082,32.825253,34.989426,25.034196
1684926119.92093,32.825253,34.989426,25.035042
1684926119.92099,32.825252,34.989427,25.035915
1684926119.92105,32.825251,34.989428,25.036777
1684926119.92111,32.825251,34.989428,25.037661
1684926119.93015,32.82525,34.989429,25.038506
1684926119.93022,32.82525,34.98943,25.039324
1684926119.93034,32.825249,34.989431,25.04006
1684926119.9981,32.825248,34.989431,25.04079
1684926119.9982,32.825248,34.989432,25.041506
1684926119.99826,32.825247,34.989433,25.042203
1684926120.01022,32.825247,34.989433,25.04291
1684926120.01032,32.825246,34.989434,25.043579
1684926120.01039,32.825245,34.989435,25.04425
1684926120.01049,32.825245,34.989436,25.0449
1684926120.01063,32.825244,34.989436,25.04555
1684926120.06528,32.825244,34.989437,25.046147
1684926120.06541,32.825243,34.989438,25.04676
1684926120.06549,32.825242,34.989439,25.047342
1684926120.06557,32.825242,34.989439,25.04787
1684926120.07423,32.825241,34.98944,25.048442
1684926120.07432,32.82524,34.989441,25.048973
1684926120.07444,32.82524,34.989441,25.049546
1684926120.15442,32.825239,34.989442,25.050105
1684926120.15454,32.825239,34.989443,25.050648
1684926120.15461,32.825238,34.989444,25.005334
1684926120.15467,32.825237,34.989445,25.005863
1684926120.16576,32.825237,34.989445,25.00642
1684926120.16586,32.825236,34.989446,25.006992
1684926120.16592,32.825235,34.989447,25.007567
1684926120.16604,32.825235,34.989448,25.008156
1684926120.23206,32.825234,34.989448,25.008704
1684926120.23218,32.825234,34.989449,25.009288
1684926120.23224,32.825233,34.98945,25.009912
1684926120.2323,32.825232,34.989451,25.010545
1684926120.23241,32.825232,34.989451,25.011195
1684926120.23247,32.825231,34.989452,25.011869
1684926120.23253,32.825231,34.989453,25.012563
1684926120.23265,32.82523,34.989453,25.013292
1684926120.3085,32.825229,34.989454,25.01401
1684926120.30863,32.825229,34.989455,25.014721
1684926120.30872,32.825228,34.989456,25.01546
1684926120.30878,32.825228,34.989456,25.016194
1684926120.30888,32.825227,34.989457,25.016939
1684926120.3159,32.825226,34.989458,25.017694
1684926120.316,32.825226,34.989458,25.018456
1684926120.40016,32.825225,34.989459,25.019247
1684926120.40025,32.825225,34.98946,25.020028
1684926120.40031,32.825224,34.989461,25.020825
1684926120.40042,32.825223,34.989461,25.02162
1684926120.40054,32.825223,34.989462,25.022421
1684926120.40062,32.825222,34.989463,25.023259
1684926120.40068,32.825221,34.989464,25.024074
1684926120.40074,32.825221,34.989464,25.024899
1684926120.4673,32.82522,34.989465,25.025754
1684926120.4674,32.82522,34.989466,25.026625
1684926120.46748,32.825219,34.989466,25.027477
1684926120.46754,32.825218,34.989467,25.028331
1684926120.47672,32.825218,34.989468,25.029158
1684926120.47755,32.825217,34.989469,25.029986
1684926120.47772,32.825217,34.989469,25.030852
1684926120.47782,32.825216,34.98947,25.031674
1684926120.52802,32.825215,34.989471,25.032509
1684926120.52812,32.825215,34.989471,25.033349
1684926120.52822,32.825214,34.989472,25.034207
1684926120.52834,32.825214,34.989473,25.03504
1684926120.52846,32.825213,34.989474,25.035884
1684926120.52857,32.825212,34.989474,25.036801
1684926120.5287,32.825212,34.989475,25.037672
1684926120.53383,32.825211,34.989476,25.038576
1684926120.60947,32.825211,34.989477,25.039519
1684926120.60957,32.82521,34.989477,25.040464
1684926120.60968,32.825209,34.989478,25.04143
1684926120.61771,32.825209,34.989479,25.042379
1684926120.61779,32.825208,34.989479,25.043319
1684926120.6179,32.825208,34.98948,25.04426
1684926120.61801,32.825207,34.989481,25.045198
1684926120.69089,32.825206,34.989482,25.046134
1684926120.691,32.825206,34.989482,25.047079
1684926120.69107,32.825205,34.989483,25.048041
1684926120.69118,32.825205,34.989484,25.049003
1684926120.69125,32.825204,34.989484,25.049962
1684926120.70046,32.825203,34.989485,25.050925
1684926120.70057,32.825203,34.989486,25.05188
1684926120.70064,32.825202,34.989487,25.052871
1684926120.76944,32.825201,34.989487,25.053866
1684926120.76953,32.825201,34.989488,25.054856
1684926120.76964,32.8252,34.989489,25.05582
1684926120.76975,32.8252,34.98949,25.05675
1684926120.76986,32.825199,34.98949,25.057665
1684926120.76998,32.825198,34.989491,25.058601
1684926120.77733,32.825198,34.989492,25.059552
1684926120.77743,32.825197,34.989492,25.06049
1684926120.85225,32.825197,34.989493,25.061457
1684926120.85236,32.825196,34.989494,25.062426
1684926120.85242,32.825195,34.989495,25.063401
1684926120.85249,32.825195,34.989495,25.064351
1684926120.86231,32.825194,34.989496,25.065333
1684926120.86242,32.825194,34.989497,25.066322
1684926120.86248,32.825193,34.989497,25.067312
1684926120.92233,32.825192,34.989498,25.068276
1684926120.92245,32.825192,34.989499,25.069229
1684926120.92254,32.825191,34.9895,25.070175
1684926120.93364,32.825191,34.9895,25.071139
1684926120.93374,32.82519,34.989501,25.072034
1684926120.93386,32.825189,34.989502,25.072912
1684926120.93392,32.825189,34.989503,25.073755
1684926120.93403,32.825188,34.989503,25.074584
1684926120.99521,32.825188,34.989504,25.075417
1684926120.99537,32.825187,34.989505,25.076195
1684926120.99545,32.825186,34.989505,25.076995
1684926121.00539,32.825186,34.989506,25.077802
1684926121.00548,32.825185,34.989507,25.078622
1684926121.00559,32.825185,34.989508,25.079424
1684926121.01307,32.825184,34.989508,25.080213
1684926121.01315,32.825183,34.989509,25.080953
1684926121.08389,32.825183,34.98951,25.081662
1684926121.08398,32.825182,34.98951,25.082349
1684926121.0841,32.825182,34.989511,25.083059
1684926121.09388,32.825181,34.989512,25.083796
1684926121.09548,32.82518,34.989513,25.084499
1684926121.09558,32.82518,34.989513,25.085209
1684926121.09566,32.825179,34.989514,25.085881
1684926121.1659,32.825179,34.989515,25.08654
1684926121.16602,32.825178,34.989516,25.087244
1684926121.16609,32.825177,34.989516,25.037936
1684926121.1662,32.825176,34.989517,25.038543
1684926121.16626,32.825176,34.989518,25.039193
1684926121.16638,32.825175,34.989519,25.039773
1684926121.17349,32.825174,34.989519,25.040362
1684926121.17361,32.825174,34.98952,25.040912
1684926121.23358,32.825173,34.989521,25.041499
1684926121.23384,32.825173,34.989522,25.042069
1684926121.23395,32.825172,34.989522,25.042731
1684926121.23406,32.825171,34.989523,25.043374
1684926121.24286,32.825171,34.989524,25.044037
1684926121.24297,32.82517,34.989524,25.044697
1684926121.24303,32.82517,34.989525,25.045366
1684926121.24309,32.825169,34.989526,25.046068
1684926121.29793,32.825168,34.989527,25.046837
1684926121.29804,32.825168,34.989527,25.047566
1684926121.29811,32.825167,34.989528,25.048285
1684926121.29816,32.825167,34.989529,25.049
1684926121.29823,32.825166,34.98953,25.049682
1684926121.30491,32.825165,34.98953,25.050426
1684926121.30501,32.825165,34.989531,25.051159
1684926121.37918,32.825164,34.989532,25.05195
1684926121.3793,32.825164,34.989532,25.052732
1684926121.37942,32.825163,34.989533,25.053504
1684926121.37949,32.825162,34.989534,25.054286
1684926121.37955,32.825162,34.989535,25.055066
1684926121.37963,32.825161,34.989535,25.055868
1684926121.38663,32.825161,34.989536,25.056697
1684926121.38673,32.82516,34.989537,25.057545
1684926121.45946,32.825159,34.989538,25.058339
1684926121.45958,32.825159,34.989538,25.059169
1684926121.45966,32.825158,34.989539,25.060029
1684926121.45971,32.825158,34.98954,25.060876
1684926121.45978,32.825157,34.98954,25.061711
1684926121.45984,32.825156,34.989541,25.062526
1684926121.46682,32.825156,34.989542,25.063365
1684926121.46691,32.825155,34.989543,25.064173
1684926121.53844,32.825155,34.989543,25.064986
1684926121.53856,32.825154,34.989544,25.065745
1684926121.53863,32.825153,34.989545,25.066513
1684926121.53875,32.825153,34.989546,25.067306
1684926121.54689,32.825152,34.989546,25.068081
1684926121.54699,32.825152,34.989547,25.068902
1684926121.54705,32.825151,34.989548,25.069736
1684926121.54712,32.82515,34.989548,25.07062
1684926121.6249,32.82515,34.989549,25.071537
1684926121.62501,32.825149,34.98955,25.072473
1684926121.6251,32.825149,34.989551,25.073408
1684926121.62517,32.825148,34.989551,25.074348
1684926121.63351,32.825147,34.989552,25.075335
1684926121.63395,32.825147,34.989553,25.076348
1684926121.63403,32.825146,34.989554,25.077364
1684926121.70319,32.825146,34.989554,25.078378
1684926121.70332,32.825145,34.989555,25.079425
1684926121.70338,32.825144,34.989556,25.080451
1684926121.70344,32.825144,34.989557,25.081512
1684926121.7035,32.825143,34.989557,25.082543
1684926121.70361,32.825143,34.989558,25.083575
1684926121.70372,32.825142,34.989559,25.08456
1684926121.70384,32.825141,34.989559,25.085587
1684926121.7613,32.825141,34.98956,25.086589
1684926121.76143,32.82514,34.989561,25.087535
1684926121.76155,32.82514,34.989562,25.088501
1684926121.76161,32.825139,34.989562,25.089483
1684926121.76173,32.825138,34.989563,25.090467
1684926121.77056,32.825138,34.989564,25.091467
1684926121.77065,32.825137,34.989565,25.092463
1684926121.77077,32.825137,34.989565,25.09344
1684926121.85075,32.825136,34.989566,25.094475
1684926121.85085,32.825135,34.989567,25.095512
1684926121.85095,32.825135,34.989567,25.096512
1684926121.85102,32.825134,34.989568,25.097489
1684926121.85969,32.825134,34.989569,25.098491
1684926121.85982,32.825133,34.98957,25.099491
1684926121.8599,32.825132,34.98957,25.100438
1684926121.93438,32.825132,34.989571,25.101353
1684926121.93449,32.825131,34.989572,25.102233
1684926121.93455,32.825131,34.989573,25.10311
1684926121.93461,32.82513,34.989573,25.103933
1684926121.93473,32.825129,34.989574,25.104726
1684926121.93479,32.825129,34.989575,25.105452
1684926121.93485,32.825128,34.989576,25.106191
1684926121.94066,32.825128,34.989576,25.106942
1684926122.00472,32.825127,34.989577,25.107738
1684926122.00483,32.825127,34.989578,25.108509
1684926122.0049,32.825126,34.989578,25.109282
1684926122.01587,32.825125,34.989579,25.110054
1684926122.01597,32.825125,34.98958,25.110837
1684926122.01608,32.825124,34.989581,25.111634
1684926122.02453,32.825124,34.989581,25.112362
1684926122.02464,32.825123,34.989582,25.11308
1684926122.0711,32.825122,34.989583,25.113815
1684926122.07124,32.825122,34.989584,25.114558
1684926122.07131,32.825121,34.989584,25.115316
1684926122.07137,32.825121,34.989585,25.116094
1684926122.07145,32.82512,34.989586,25.116922
1684926122.07152,32.825119,34.989587,25.117711
1684926122.07698,32.825119,34.989587,25.118491
1684926122.15159,32.825118,34.989588,25.119255
1684926122.15175,32.825118,34.989589,25.120009
1684926122.15183,32.825116,34.989589,25.095619
1684926122.15189,32.825115,34.98959,25.096353
1684926122.15949,32.825115,34.989591,25.097074
1684926122.15962,32.825114,34.989592,25.097758
1684926122.15968,32.825114,34.989592,25.098468
1684926122.1598,32.825113,34.989593,25.099181
1684926122.22777,32.825113,34.989594,25.099929
1684926122.22806,32.825112,34.989594,25.100739
1684926122.22811,32.825111,34.989595,25.101529
1684926122.22823,32.825111,34.989596,25.102331
1684926122.23606,32.82511,34.989597,25.10313
1684926122.23617,32.82511,34.989597,25.103922
1684926122.23623,32.825109,34.989598,25.104725
1684926122.23629,32.825108,34.989599,25.105499
1684926122.31397,32.825108,34.9896,25.106301
1684926122.31405,32.825107,34.9896,25.107136
1684926122.31416,32.825107,34.989601,25.107988
1684926122.31427,32.825106,34.989602,25.108854
1684926122.31439,32.825106,34.989603,25.109668
1684926122.32166,32.825105,34.989603,25.110456
1684926122.32173,32.825104,34.989604,25.111218
1684926122.39084,32.825104,34.989605,25.111943
1684926122.39091,32.825103,34.989605,25.112641
1684926122.39102,32.825103,34.989606,25.113275
1684926122.39115,32.825102,34.989607,25.113899
1684926122.40329,32.825101,34.989608,25.114525
1684926122.40337,32.825101,34.989608,25.115136
1684926122.40343,32.8251,34.989609,25.115755
1684926122.40349,32.8251,34.98961,25.116336
1684926122.48004,32.825099,34.989611,25.116942
1684926122.48014,32.825099,34.989611,25.117487
1684926122.4802,32.825098,34.989612,25.118059
1684926122.48031,32.825097,34.989613,25.118634
1684926122.48038,32.825097,34.989614,25.119172
1684926122.48045,32.825096,34.989614,25.119689
1684926122.48756,32.825096,34.989615,25.120189
1684926122.48765,32.825095,34.989616,25.120695
1684926122.5311,32.825095,34.989616,25.121217
1684926122.53119,32.825094,34.989617,25.121705
1684926122.53126,32.825093,34.989618,25.122195
1684926122.54239,32.825093,34.989619,25.122704
1684926122.54246,32.825092,34.989619,25.123216
1684926122.54257,32.825092,34.98962,25.123689
1684926122.54269,32.825091,34.989621,25.124148
1684926122.55015,32.825091,34.989622,25.124563
1684926122.62036,32.82509,34.989622,25.124992
1684926122.62049,32.825089,34.989623,25.125436
1684926122.62056,32.825089,34.989624,25.125876
1684926122.63426,32.825088,34.989625,25.126359
1684926122.63434,32.825088,34.989625,25.126847
1684926122.63449,32.825087,34.989626,25.127385
1684926122.63458,32.825087,34.989627,25.127983
1684926122.68747,32.825086,34.989627,25.128612
1684926122.68758,32.825085,34.989628,25.129263
1684926122.68766,32.825085,34.989629,25.129936
1684926122.68771,32.825084,34.98963,25.130613
1684926122.69664,32.825084,34.98963,25.131334
1684926122.69683,32.825083,34.989631,25.132041
1684926122.69694,32.825083,34.989632,25.132813
1684926122.69703,32.825082,34.989633,25.133619
1684926122.77117,32.825082,34.989633,25.134437
1684926122.7713,32.825081,34.989634,25.135282
1684926122.77137,32.82508,34.989635,25.136162
1684926122.77144,32.82508,34.989636,25.136991
1684926122.77152,32.825079,34.989636,25.137819
1684926122.78039,32.825079,34.989637,25.138621
1684926122.78051,32.825078,34.989638,25.139376
1684926122.78062,32.825078,34.989638,25.1401
1684926122.85735,32.825077,34.989639,25.140753
1684926122.85746,32.825076,34.98964,25.141397
1684926122.85757,32.825076,34.989641,25.141997
1684926122.85769,32.825075,34.989641,25.14258
1684926122.8683,32.825075,34.989642,25.143175
1684926122.86837,32.825074,34.989643,25.143706
1684926122.86848,32.825074,34.989644,25.144203
1684926122.9168,32.825073,34.989644,25.144689
1684926122.91691,32.825073,34.989645,25.145162
1684926122.91696,32.825072,34.989646,25.145708
1684926122.91709,32.825071,34.989647,25.146273
1684926122.93132,32.825071,34.989647,25.146912
1684926122.93143,32.82507,34.989648,25.147584
1684926122.9315,32.82507,34.989649,25.148273
1684926122.93157,32.825069,34.989649,25.148975
1684926122.99554,32.825069,34.98965,25.149581
1684926122.99568,32.825068,34.989651,25.150209
1684926122.99575,32.825067,34.989652,25.150795
1684926123.01645,32.825067,34.989652,25.151341
1684926123.01657,32.825066,34.989653,25.151866
1684926123.01663,32.825066,34.989654,25.152324
1684926123.01674,32.825065,34.989655,25.152749
1684926123.01683,32.825065,34.989655,25.153138
1684926123.08298,32.825064,34.989656,25.153513
1684926123.0831,32.825064,34.989657,25.153873
1684926123.08323,32.825063,34.989658,25.154219
1684926123.09322,32.825062,34.989658,25.154579
1684926123.09333,32.825062,34.989659,25.154956
1684926123.09339,32.825061,34.98966,25.155308
1684926123.09351,32.825061,34.98966,25.155661
1684926123.15594,32.82506,34.989661,25.155982
1684926123.15606,32.82506,34.989662,25.156306
1684926123.15612,32.825059,34.989664,25.173147
1684926123.15623,32.825058,34.989664,25.173505
1684926123.15634,32.825057,34.989665,25.173891
1684926123.15646,32.825057,34.989666,25.174307
1684926123.16371,32.825056,34.989666,25.174741
1684926123.16379,32.825056,34.989667,25.175155
1684926123.23363,32.825055,34.989668,25.175543
1684926123.23376,32.825055,34.989669,25.175873
1684926123.23381,32.825054,34.989669,25.176174
1684926123.23393,32.825054,34.98967,25.176437
1684926123.24216,32.825053,34.989671,25.176664
1684926123.24231,32.825052,34.989672,25.176876
1684926123.24237,32.825052,34.989672,25.177087
1684926123.24249,32.825051,34.989673,25.177282
1684926123.29851,32.825051,34.989674,25.177466
1684926123.2987,32.82505,34.989675,25.177671
1684926123.2988,32.82505,34.989675,25.177884
1684926123.29886,32.825049,34.989676,25.178066
1684926123.29897,32.825049,34.989677,25.178252
1684926123.29909,32.825048,34.989678,25.178427
1684926123.30513,32.825047,34.989678,25.178638
1684926123.37909,32.825047,34.989679,25.178865
1684926123.37926,32.825046,34.98968,25.17917
1684926123.37935,32.825046,34.989681,25.179417
1684926123.37943,32.825045,34.989681,25.179705
1684926123.3894,32.825045,34.989682,25.180015
1684926123.38948,32.825044,34.989683,25.18039
1684926123.3896,32.825044,34.989683,25.180867
1684926123.39891,32.825043,34.989684,25.181346
1684926123.45819,32.825042,34.989685,25.181875
1684926123.4583,32.825042,34.989686,25.182441
1684926123.45838,32.825041,34.989686,25.182977
1684926123.45847,32.825041,34.989687,25.183441
1684926123.4679,32.82504,34.989688,25.183896
1684926123.46797,32.82504,34.989689,25.184353
1684926123.46808,32.825039,34.989689,25.184807
1684926123.4682,32.825039,34.98969,25.18531
1684926123.5394,32.825038,34.989691,25.18579
1684926123.53951,32.825037,34.989692,25.186317
1684926123.53965,32.825037,34.989692,25.1869
1684926123.55086,32.825036,34.989693,25.187518
1684926123.55101,32.825036,34.989694,25.18812
1684926123.5511,32.825035,34.989695,25.188752
1684926123.55951,32.825035,34.989695,25.189407
1684926123.55962,32.825034,34.989696,25.190064
1684926123.62549,32.825034,34.989697,25.190744
1684926123.62562,32.825033,34.989698,25.191409
1684926123.62568,32.825032,34.989698,25.19208
1684926123.6258,32.825032,34.989699,25.192758
1684926123.62587,32.825031,34.9897,25.193429
1684926123.63288,32.825031,34.989701,25.19406
1684926123.63299,32.82503,34.989701,25.194699
1684926123.69855,32.82503,34.989702,25.195365
1684926123.69866,32.825029,34.989703,25.196054
1684926123.69874,32.825029,34.989704,25.196717
1684926123.69882,32.825028,34.989704,25.197362
1684926123.70874,32.825027,34.989705,25.19798
1684926123.70883,32.825027,34.989706,25.198548
1684926123.70889,32.825026,34.989707,25.19913
1684926123.71656,32.825026,34.989707,25.199727
1684926123.76122,32.825025,34.989708,25.200306
1684926123.76142,32.825025,34.989709,25.200878
1684926123.76151,32.825024,34.98971,25.201458
1684926123.76157,32.825024,34.98971,25.202045
1684926123.77747,32.825023,34.989711,25.202597
1684926123.77757,32.825023,34.989712,25.203189
1684926123.77764,32.825022,34.989713,25.203801
1684926123.78387,32.825021,34.989713,25.204428
1684926123.84719,32.825021,34.989714,25.205076
1684926123.84758,32.82502,34.989715,25.205718
1684926123.84765,32.82502,34.989716,25.206341
1684926123.84771,32.825019,34.989716,25.206946
1684926123.85545,32.825019,34.989717,25.207617
1684926123.85552,32.825018,34.989718,25.208283
1684926123.85563,32.825018,34.989719,25.208981
1684926123.92089,32.825017,34.989719,25.209712
1684926123.92097,32.825016,34.98972,25.21048
1684926123.92107,32.825016,34.989721,25.211278
1684926123.92119,32.825015,34.989722,25.212078
1684926123.92131,32.825015,34.989722,25.212919
1684926123.92882,32.825014,34.989723,25.213768
1684926123.92907,32.825014,34.989724,25.214568
1684926123.92913,32.825013,34.989725,25.215275
1684926124.00483,32.825013,34.989725,25.21593
1684926124.00494,32.825012,34.989726,25.216546
1684926124.00508,32.825011,34.989727,25.217115
1684926124.00517,32.825011,34.989728,25.217615
1684926124.01515,32.82501,34.989728,25.218062
1684926124.01525,32.82501,34.989729,25.218549
1684926124.01536,32.825009,34.98973,25.219014
1684926124.02226,32.825009,34.989731,25.219496
1684926124.06874,32.825008,34.989731,25.219962
1684926124.06886,32.825008,34.989732,25.220565
1684926124.06897,32.825007,34.989733,25.221234
1684926124.06908,32.825007,34.989734,25.221921
1684926124.06918,32.825006,34.989734,25.222633
1684926124.0693,32.825005,34.989735,25.223379
1684926124.06939,32.825005,34.989736,25.22411
1684926124.14624,32.825004,34.989737,25.224833
1684926124.14635,32.825004,34.989737,25.225488
1684926124.14641,32.825003,34.989738,25.263624
1684926124.14653,32.825002,34.989738,25.264226
1684926124.14664,32.825002,34.989739,25.264772
1684926124.15491,32.825001,34.98974,25.265256
1684926124.155,32.825001,34.989741,25.265712
1684926124.15512,32.825,34.989741,25.266107
1684926124.22907,32.824999,34.989742,25.266412
1684926124.22917,32.824999,34.989743,25.266646
1684926124.22933,32.824998,34.989744,25.266867
1684926124.2294,32.824998,34.989744,25.267061
1684926124.22946,32.824997,34.989745,25.267243
1684926124.22957,32.824997,34.989746,25.267409
1684926124.23627,32.824996,34.989747,25.267539
1684926124.23638,32.824996,34.989747,25.267625
1684926124.30451,32.824995,34.989748,25.267706
1684926124.3046,32.824994,34.989749,25.267761
1684926124.30471,32.824994,34.98975,25.267806
1684926124.30483,32.824993,34.98975,25.267832
1684926124.31335,32.824993,34.989751,25.267777
1684926124.31345,32.824992,34.989752,25.267647
1684926124.31352,32.824992,34.989753,25.267501
1684926124.39352,32.824991,34.989753,25.26732
1684926124.3936,32.824991,34.989754,25.267183
1684926124.3937,32.82499,34.989755,25.267127
1684926124.39382,32.82499,34.989756,25.267104
1684926124.39399,32.824989,34.989756,25.267149
1684926124.40113,32.824988,34.989757,25.267209
1684926124.4012,32.824988,34.989758,25.267284
1684926124.40132,32.824987,34.989759,25.267377
1684926124.46936,32.824987,34.989759,25.267523
1684926124.46953,32.824986,34.98976,25.267721
1684926124.4696,32.824986,34.989761,25.267962
1684926124.46966,32.824985,34.989762,25.268294
1684926124.46978,32.824985,34.989763,25.26864
1684926124.46984,32.824984,34.989763,25.269002
1684926124.46997,32.824984,34.989764,25.269365
1684926124.47004,32.824983,34.989765,25.269749
1684926124.53198,32.824983,34.989766,25.270182
1684926124.53339,32.824982,34.989766,25.270656
1684926124.53345,32.824981,34.989767,25.27115
1684926124.53357,32.824981,34.989768,25.271718
1684926124.53363,32.82498,34.989769,25.272313
1684926124.53374,32.82498,34.989769,25.272901
1684926124.53381,32.824979,34.98977,25.273455
1684926124.53393,32.824979,34.989771,25.273977
1684926124.6125,32.824978,34.989772,25.27449
1684926124.61261,32.824978,34.989772,25.274987
1684926124.61276,32.824977,34.989773,25.275441
1684926124.61284,32.824977,34.989774,25.275868
1684926124.6129,32.824976,34.989775,25.276267
1684926124.61296,32.824976,34.989775,25.276595
1684926124.61309,32.824975,34.989776,25.27681
1684926124.69422,32.824975,34.989777,25.277022
1684926124.69439,32.824974,34.989778,25.277343
1684926124.69446,32.824973,34.989778,25.27773
1684926124.69454,32.824973,34.989779,25.278197
1684926124.70564,32.824972,34.98978,25.278676
1684926124.70575,32.824972,34.989781,25.279172
1684926124.70582,32.824971,34.989782,25.279682
1684926124.71384,32.824971,34.989782,25.280236
1684926124.77356,32.82497,34.989783,25.280834
1684926124.7737,32.82497,34.989784,25.281509
1684926124.77378,32.824969,34.989785,25.282214
1684926124.77385,32.824969,34.989785,25.28288
1684926124.77391,32.824968,34.989786,25.283538
1684926124.78119,32.824968,34.989787,25.284169
1684926124.78128,32.824967,34.989788,25.28485
1684926124.78133,32.824967,34.989788,25.285566
1684926124.84963,32.824966,34.989789,25.286281
1684926124.84975,32.824966,34.98979,25.287019
1684926124.84982,32.824965,34.989791,25.28776
1684926124.86075,32.824965,34.989791,25.288482
1684926124.86087,32.824964,34.989792,25.289234
1684926124.86094,32.824964,34.989793,25.290049
1684926124.861,32.824963,34.989794,25.290905
1684926124.91413,32.824962,34.989795,25.291775
1684926124.9142,32.824962,34.989795,25.29267
1684926124.91426,32.824961,34.989796,25.293538
1684926124.91439,32.824961,34.989797,25.294378
1684926124.91446,32.82496,34.989798,25.295201
1684926124.92695,32.82496,34.989798,25.296008
1684926124.92703,32.824959,34.989799,25.296817
1684926124.92715,32.824959,34.9898,25.297622
1684926124.99242,32.824958,34.989801,25.298422
1684926124.99256,32.824958,34.989801,25.299175
1684926124.99266,32.824957,34.989802,25.29995
1684926124.99272,32.824957,34.989803,25.300696
1684926125.00847,32.824956,34.989804,25.301402
1684926125.00858,32.824956,34.989805,25.302114
1684926125.00865,32.824955,34.989805,25.302856
1684926125.01567,32.824955,34.989806,25.303619
1684926125.08865,32.824954,34.989807,25.304398
1684926125.08876,32.824954,34.989808,25.305158
1684926125.08882,32.824953,34.989808,25.305906
1684926125.08894,32.824953,34.989809,25.306626
1684926125.08901,32.824952,34.98981,25.307322
1684926125.09701,32.824952,34.989811,25.307982
1684926125.09709,32.824951,34.989812,25.30862
1684926125.15392,32.824951,34.989812,25.309214
1684926125.15404,32.82495,34.989813,25.309802
1684926125.15414,32.824949,34.989814,25.333786
1684926125.15421,32.824948,34.989815,25.334395
1684926125.15428,32.824948,34.989816,25.334996
1684926125.15436,32.824947,34.989816,25.335604
1684926125.16183,32.824947,34.989817,25.336269
1684926125.16193,32.824946,34.989818,25.336977
1684926125.23459,32.824946,34.989819,25.337657
1684926125.23475,32.824945,34.98982,25.338369
1684926125.23483,32.824945,34.98982,25.339027
1684926125.23491,32.824944,34.989821,25.339688
1684926125.23499,32.824944,34.989822,25.340302
1684926125.23506,32.824943,34.989823,25.34086
1684926125.23514,32.824943,34.989823,25.3413
1684926125.24173,32.824942,34.989824,25.341654
1684926125.29817,32.824942,34.989825,25.341918
1684926125.29827,32.824941,34.989826,25.342171
1684926125.29834,32.824941,34.989827,25.342432
1684926125.31298,32.824941,34.989827,25.342731
1684926125.3131,32.82494,34.989828,25.343058
1684926125.31317,32.82494,34.989829,25.343438
1684926125.31325,32.824939,34.98983,25.343928
1684926125.37613,32.824939,34.98983,25.344404
1684926125.3763,32.824938,34.989831,25.344818
1684926125.3764,32.824938,34.989832,25.345153
1684926125.38636,32.824937,34.989833,25.345466
1684926125.38647,32.824937,34.989834,25.345855
1684926125.38653,32.824936,34.989834,25.346254
1684926125.38661,32.824936,34.989835,25.346667
1684926125.39846,32.824935,34.989836,25.347038
1684926125.45524,32.824935,34.989837,25.347437
1684926125.45532,32.824934,34.989837,25.347767
1684926125.45543,32.824934,34.989838,25.348051
1684926125.45554,32.824933,34.989839,25.348273
1684926125.45566,32.824933,34.98984,25.348553
1684926125.46336,32.824932,34.989841,25.348852
1684926125.46347,32.824932,34.989841,25.349126
1684926125.46353,32.824931,34.989842,25.349396
1684926125.54132,32.824931,34.989843,25.349691
1684926125.54148,32.82493,34.989844,25.350017
1684926125.54154,32.82493,34.989844,25.350391
1684926125.54161,32.824929,34.989845,25.350804
1684926125.5522,32.824929,34.989846,25.351288
1684926125.5523,32.824928,34.989847,25.351789
1684926125.55238,32.824928,34.989848,25.352214
1684926125.55872,32.824927,34.989848,25.352656
1684926125.61942,32.824927,34.989849,25.35314
1684926125.62026,32.824926,34.98985,25.353645
1684926125.62034,32.824926,34.989851,25.354163
1684926125.6204,32.824925,34.989851,25.35463
1684926125.62047,32.824925,34.989852,25.355143
1684926125.62678,32.824924,34.989853,25.355709
1684926125.62687,32.824924,34.989854,25.356287
1684926125.69464,32.824924,34.989855,25.356931
1684926125.69473,32.824923,34.989855,25.35767
1684926125.69483,32.824923,34.989856,25.358398
1684926125.69496,32.824922,34.989857,25.359132
1684926125.70278,32.824922,34.989858,25.359845
1684926125.7029,32.824921,34.989859,25.360462
1684926125.70297,32.824921,34.989859,25.36105
1684926125.70305,32.82492,34.98986,25.361694
1684926125.76156,32.82492,34.989861,25.362391
1684926125.76171,32.824919,34.989862,25.363148
1684926125.7618,32.824919,34.989863,25.363891
1684926125.76187,32.824918,34.989863,25.364515
1684926125.77116,32.824918,34.989864,25.365029
1684926125.77125,32.824917,34.989865,25.365482
1684926125.7713,32.824917,34.989866,25.365971
1684926125.77137,32.824917,34.989866,25.366551
1684926125.84031,32.824916,34.989867,25.367185
1684926125.84044,32.824916,34.989868,25.367802
1684926125.8405,32.824915,34.989869,25.368379
1684926125.84062,32.824915,34.98987,25.368925
1684926125.84901,32.824914,34.98987,25.369464
1684926125.84911,32.824914,34.989871,25.370019
1684926125.84923,32.824913,34.989872,25.370551
1684926125.92826,32.824913,34.989873,25.371002
1684926125.92836,32.824912,34.989874,25.371377
1684926125.92847,32.824912,34.989874,25.371749
1684926125.92858,32.824911,34.989875,25.37212
1684926125.92869,32.824911,34.989876,25.372501
1684926125.93709,32.824911,34.989877,25.372958
1684926125.93718,32.82491,34.989878,25.37343
1684926125.93725,32.82491,34.989878,25.373916
1684926126.01093,32.824909,34.989879,25.374385
1684926126.01104,32.824909,34.98988,25.374905
1684926126.01111,32.824908,34.989881,25.375404
1684926126.03249,32.824908,34.989882,25.375915
1684926126.03262,32.824907,34.989882,25.376439
1684926126.03268,32.824907,34.989883,25.376894
1684926126.0328,32.824906,34.989884,25.377358
1684926126.03287,32.824906,34.989885,25.377803
1684926126.08279,32.824906,34.989885,25.378209
1684926126.08293,32.824905,34.989886,25.378612
1684926126.08299,32.824905,34.989887,25.378963
1684926126.08307,32.824904,34.989888,25.37929
1684926126.09076,32.824904,34.989889,25.379606
1684926126.09083,32.824903,34.989889,25.379859
1684926126.09094,32.824903,34.98989,25.380086
1684926126.15454,32.824902,34.989891,25.380303
1684926126.15462,32.824902,34.989892,25.380565
1684926126.15474,32.824901,34.989893,25.401728
1684926126.15485,32.824901,34.989894,25.402057
1684926126.17075,32.8249,34.989895,25.402408
1684926126.17086,32.8249,34.989896,25.402732
1684926126.17092,32.824899,34.989896,25.403005
1684926126.17099,32.824899,34.989897,25.403267
1684926126.23447,32.824899,34.989898,25.403452
1684926126.23458,32.824898,34.989899,25.403627
1684926126.23465,32.824898,34.9899,25.403743
1684926126.23473,32.824897,34.9899,25.40378
1684926126.26088,32.824897,34.989901,25.403789
1684926126.26099,32.824896,34.989902,25.403756
1684926126.26106,32.824896,34.989903,25.403704
1684926126.26113,32.824896,34.989904,25.403664
1684926126.30755,32.824895,34.989904,25.403591
1684926126.30767,32.824895,34.989905,25.403509
1684926126.31879,32.824894,34.989906,25.403479
1684926126.31895,32.824894,34.989907,25.403438
1684926126.31905,32.824893,34.989908,25.403404
1684926126.31916,32.824893,34.989908,25.40339
1684926126.31925,32.824892,34.989909,25.40342
1684926126.38599,32.824892,34.98991,25.403455
1684926126.38843,32.824892,34.989911,25.403515
1684926126.38851,32.824891,34.989912,25.40355
1684926126.38857,32.824891,34.989913,25.403553
1684926126.39679,32.82489,34.989913,25.403496
1684926126.39688,32.82489,34.989914,25.40344
1684926126.39694,32.824889,34.989915,25.403368
1684926126.39709,32.824889,34.989916,25.40331
1684926126.47332,32.824889,34.989917,25.403299
1684926126.47342,32.824888,34.989917,25.403289
1684926126.47353,32.824888,34.989918,25.403293
1684926126.4737,32.824887,34.989919,25.403294
1684926126.48935,32.824887,34.98992,25.403342
1684926126.48943,32.824886,34.989921,25.403428
1684926126.4895,32.824886,34.989921,25.403514
1684926126.50096,32.824886,34.989922,25.403612
1684926126.5312,32.824885,34.989923,25.403696
1684926126.5313,32.824885,34.989924,25.403764
1684926126.53141,32.824884,34.989925,25.403831
1684926126.53153,32.824884,34.989925,25.40393
1684926126.53164,32.824883,34.989926,25.40402
1684926126.53171,32.824883,34.989927,25.404139
1684926126.53183,32.824883,34.989928,25.404274
1684926126.53188,32.824882,34.989929,25.404386
1684926126.61439,32.824882,34.989929,25.404525
1684926126.61449,32.824881,34.98993,25.404611
1684926126.61456,32.824881,34.989931,25.404665
1684926126.61461,32.824881,34.989932,25.404674
1684926126.62371,32.82488,34.989933,25.404613
1684926126.62385,32.82488,34.989933,25.404511
1684926126.62391,32.824879,34.989934,25.40445
1684926126.6918,32.824879,34.989935,25.404397
1684926126.69187,32.824878,34.989936,25.40447
1684926126.69198,32.824878,34.989937,25.40456
1684926126.70315,32.824878,34.989938,25.404648
1684926126.70325,32.824877,34.989938,25.404692
1684926126.70331,32.824877,34.989939,25.404647
1684926126.713,32.824876,34.98994,25.404561
1684926126.71312,32.824876,34.989941,25.404525
1684926126.77324,32.824876,34.989942,25.404506
1684926126.77386,32.824875,34.989942,25.404537
1684926126.77396,32.824875,34.989943,25.404596
1684926126.78392,32.824874,34.989944,25.40464
1684926126.78402,32.824874,34.989945,25.404705
1684926126.78414,32.824874,34.989946,25.404817
1684926126.79232,32.824873,34.989946,25.405017
1684926126.79242,32.824873,34.989947,25.405235
1684926126.85958,32.824872,34.989948,25.405452
1684926126.85968,32.824872,34.989949,25.405666
1684926126.85976,32.824872,34.98995,25.405858
1684926126.85982,32.824871,34.989951,25.406058
1684926126.85994,32.824871,34.989951,25.406242
1684926126.8673,32.82487,34.989952,25.406434
1684926126.8674,32.82487,34.989953,25.406668
1684926126.91766,32.82487,34.989954,25.406912
1684926126.91779,32.824869,34.989955,25.407146
1684926126.91787,32.824869,34.989955,25.407388
1684926126.91793,32.824868,34.989956,25.40764
1684926126.91805,32.824868,34.989957,25.40793
1684926126.92645,32.824868,34.989958,25.408211
1684926126.92652,32.824867,34.989959,25.40851
1684926126.92669,32.824867,34.98996,25.408809
1684926126.99776,32.824866,34.98996,25.409057
1684926126.99788,32.824866,34.989961,25.409267
1684926126.99794,32.824866,34.989962,25.409456
1684926126.99801,32.824865,34.989963,25.409651
1684926126.99808,32.824865,34.989964,25.409827
1684926126.99816,32.824864,34.989964,25.409993
1684926127.00511,32.824864,34.989965,25.41014
1684926127.00523,32.824864,34.989966,25.410268
1684926127.07499,32.824863,34.989967,25.41037
1684926127.07509,32.824863,34.989968,25.410424
1684926127.07521,32.824862,34.989969,25.410536
1684926127.07527,32.824862,34.989969,25.410714
1684926127.07539,32.824862,34.98997,25.410878
1684926127.08349,32.824861,34.989971,25.411015
1684926127.08359,32.824861,34.989972,25.41116
1684926127.1571,32.824861,34.989973,25.411246
1684926127.1572,32.82486,34.989974,25.411366
1684926127.15726,32.82486,34.989974,25.392059
1684926127.16738,32.824859,34.989975,25.39215
1684926127.16747,32.824859,34.989976,25.392234
1684926127.16758,32.824858,34.989977,25.392335
1684926127.1677,32.824858,34.989978,25.392433
1684926127.17487,32.824858,34.989978,25.392526
1684926127.24248,32.824857,34.989979,25.39261
1684926127.24256,32.824857,34.98998,25.392676
1684926127.24267,32.824857,34.989981,25.392786
1684926127.24279,32.824856,34.989982,25.392905
1684926127.25041,32.824856,34.989983,25.393007
1684926127.2505,32.824855,34.989983,25.393134
1684926127.25061,32.824855,34.989984,25.393281
1684926127.25077,32.824855,34.989985,25.393477
1684926127.30593,32.824854,34.989986,25.393619
1684926127.30604,32.824854,34.989987,25.393725
1684926127.3061,32.824854,34.989988,25.393801
1684926127.30621,32.824853,34.989988,25.39387
1684926127.32071,32.824853,34.989989,25.393976
1684926127.32083,32.824852,34.98999,25.394077
1684926127.32091,32.824852,34.989991,25.394166
1684926127.37909,32.824852,34.989992,25.394237
1684926127.37919,32.824851,34.989993,25.394299
1684926127.37926,32.824851,34.989993,25.394392
1684926127.38842,32.824851,34.989994,25.394503
1684926127.39111,32.82485,34.989995,25.394622
1684926127.39218,32.82485,34.989996,25.394726
1684926127.39224,32.824849,34.989997,25.394807
1684926127.39236,32.824849,34.989998,25.394885
1684926127.46545,32.824849,34.989998,25.394955
1684926127.46622,32.824848,34.989999,25.395023
1684926127.46633,32.824848,34.99,25.395082
1684926127.46642,32.824848,34.990001,25.395137
1684926127.46653,32.824847,34.990002,25.395148
1684926127.46664,32.824847,34.990003,25.395177
1684926127.47384,32.824847,34.990003,25.3952
1684926127.47402,32.824846,34.990004,25.395203
1684926127.54058,32.824846,34.990005,25.39523
1684926127.54069,32.824845,34.990006,25.395246
1684926127.54077,32.824845,34.990007,25.395276
1684926127.54092,32.824845,34.990008,25.395281
1684926127.54099,32.824844,34.990008,25.395247
1684926127.54106,32.824844,34.990009,25.395196
1684926127.5541,32.824844,34.99001,25.3951
1684926127.55419,32.824843,34.990011,25.394984
1684926127.62108,32.824843,34.990012,25.394897
1684926127.62118,32.824843,34.990013,25.394886
1684926127.62126,32.824842,34.990014,25.394869
1684926127.63101,32.824842,34.990014,25.394842
1684926127.63109,32.824841,34.990015,25.39483
1684926127.63115,32.824841,34.990016,25.394803
1684926127.63126,32.824841,34.990017,25.394776
1684926127.70053,32.82484,34.990018,25.394737
1684926127.70064,32.82484,34.990019,25.394684
1684926127.70069,32.82484,34.990019,25.394648
1684926127.70081,32.824839,34.99002,25.394576
1684926127.71075,32.824839,34.990021,25.394506
1684926127.71088,32.824839,34.990022,25.394389
1684926127.71093,32.824838,34.990023,25.394276
1684926127.71105,32.824838,34.990024,25.394145
1684926127.76956,32.824838,34.990025,25.394043
1684926127.76972,32.824837,34.990025,25.393886
1684926127.76986,32.824837,34.990026,25.393737
1684926127.76993,32.824836,34.990027,25.39356
1684926127.76999,32.824836,34.990028,25.393415
1684926127.77006,32.824836,34.990029,25.393286
1684926127.77617,32.824835,34.99003,25.393184
1684926127.77624,32.824835,34.99003,25.393054
1684926127.84866,32.824835,34.990031,25.392905
1684926127.84879,32.824834,34.990032,25.392693
1684926127.84888,32.824834,34.990033,25.392481
1684926127.85979,32.824834,34.990034,25.392282
1684926127.85993,32.824833,34.990035,25.392111
1684926127.86,32.824833,34.990036,25.392005
1684926127.86009,32.824833,34.990036,25.39188
1684926127.92381,32.824832,34.990037,25.391828
1684926127.92391,32.824832,34.990038,25.391763
1684926127.92404,32.824832,34.990039,25.391733
1684926127.92412,32.824831,34.99004,25.391716
1684926127.92418,32.824831,34.990041,25.39172
1684926127.92424,32.82483,34.990042,25.391722
1684926127.92431,32.82483,34.990042,25.391744
1684926127.93134,32.82483,34.990043,25.39173
1684926128.00178,32.824829,34.990044,25.391672
1684926128.00188,32.824829,34.990045,25.39165
1684926128.00305,32.824829,34.990046,25.391608
1684926128.0122,32.824828,34.990047,25.391593
1684926128.01229,32.824828,34.990048,25.391603
1684926128.01238,32.824828,34.990048,25.391586
1684926128.01253,32.824827,34.990049,25.391569
1684926128.0126,32.824827,34.99005,25.391605
1684926128.08225,32.824827,34.990051,25.391692
1684926128.08244,32.824826,34.990052,25.391824
1684926128.08256,32.824826,34.990053,25.391988
1684926128.08265,32.824826,34.990054,25.392228
1684926128.09237,32.824825,34.990054,25.392447
1684926128.09247,32.824825,34.990055,25.392648
1684926128.09258,32.824825,34.990056,25.392809
1684926128.14806,32.824824,34.990057,25.392972
1684926128.14816,32.824824,34.990058,25.393135
1684926128.14827,32.824824,34.990059,25.323948
1684926128.16004,32.824824,34.99006,25.324022
1684926128.16015,32.824823,34.990061,25.324066
1684926128.1602,32.824823,34.990062,25.324063
1684926128.16032,32.824823,34.990062,25.324084
1684926128.16044,32.824822,34.990063,25.324116
1684926128.23264,32.824822,34.990064,25.324124
1684926128.23278,32.824822,34.990065,25.324161
1684926128.23286,32.824821,34.990066,25.324157
1684926128.233,32.824821,34.990067,25.324133
1684926128.23309,32.824821,34.990068,25.324101
1684926128.24122,32.82482,34.990068,25.324059
1684926128.24131,32.82482,34.990069,25.323977
1684926128.24143,32.82482,34.99007,25.323919
1684926128.31585,32.824819,34.990071,25.323867
1684926128.31595,32.824819,34.990072,25.3238
1684926128.31601,32.824819,34.990073,25.323744
1684926128.31614,32.824818,34.990074,25.323677
1684926128.31621,32.824818,34.990075,25.32365
1684926128.31627,32.824818,34.990075,25.323616
1684926128.31635,32.824817,34.990076,25.323588
1684926128.39524,32.824817,34.990077,25.323519
1684926128.39537,32.824817,34.990078,25.323398
1684926128.39545,32.824816,34.990079,25.323234
1684926128.39556,32.824816,34.99008,25.323051
1684926128.39562,32.824816,34.990081,25.322914
1684926128.39568,32.824815,34.990081,25.322778
1684926128.40231,32.824815,34.990082,25.322642
1684926128.40242,32.824815,34.990083,25.322525
1684926128.46644,32.824814,34.990084,25.322409
1684926128.46653,32.824814,34.990085,25.322298
1684926128.46665,32.824814,34.990086,25.322146
1684926128.46671,32.824813,34.990087,25.322031
1684926128.46682,32.824813,34.990088,25.321886
1684926128.46695,32.824813,34.990088,25.321735
1684926128.46704,32.824812,34.990089,25.321532
1684926128.4733,32.824812,34.99009,25.321317
1684926128.53245,32.824812,34.990091,25.321102
1684926128.53255,32.824811,34.990092,25.320894
1684926128.53261,32.824811,34.990093,25.320665
1684926128.53268,32.824811,34.990094,25.320395
1684926128.53279,32.82481,34.990095,25.320112
1684926128.53285,32.82481,34.990095,25.319776
1684926128.53299,32.82481,34.990096,25.319422
1684926128.53825,32.824809,34.990097,25.31907
1684926128.60922,32.824809,34.990098,25.318728
1684926128.60936,32.824809,34.990099,25.318381
1684926128.60941,32.824808,34.9901,25.318016
1684926128.60948,32.824808,34.990101,25.317652
1684926128.61958,32.824808,34.990102,25.317314
1684926128.6197,32.824807,34.990103,25.316974
1684926128.61977,32.824807,34.990103,25.316691
1684926128.6938,32.824807,34.990104,25.316388
1684926128.69389,32.824807,34.990105,25.316067
1684926128.694,32.824806,34.990106,25.315678
1684926128.69412,32.824806,34.990107,25.315288
1684926128.69423,32.824806,34.990108,25.314891
1684926128.70074,32.824805,34.990109,25.314521
1684926128.70084,32.824805,34.99011,25.31418
1684926128.70095,32.824805,34.990111,25.313846
1684926128.76884,32.824804,34.990111,25.313552
1684926128.76895,32.824804,34.990112,25.313266
1684926128.76902,32.824804,34.990113,25.312985
1684926128.76909,32.824803,34.990114,25.312711
1684926128.77905,32.824803,34.990115,25.312394
1684926128.77916,32.824803,34.990116,25.312094
1684926128.77923,32.824802,34.990117,25.311773
1684926128.79066,32.824802,34.990118,25.311469
1684926128.8577,32.824802,34.990119,25.311177
1684926128.85785,32.824801,34.99012,25.310858
1684926128.85792,32.824801,34.99012,25.310536
1684926128.85805,32.824801,34.990121,25.310202
1684926128.86733,32.8248,34.990122,25.309895
1684926128.8674,32.8248,34.990123,25.309569
1684926128.86751,32.8248,34.990124,25.309239
1684926128.91405,32.824799,34.990125,25.308878
1684926128.9142,32.824799,34.990126,25.308476
1684926128.91428,32.824799,34.990127,25.308087
1684926128.91434,32.824799,34.990128,25.307652
1684926128.92283,32.824798,34.990129,25.307249
1684926128.92292,32.824798,34.990129,25.306874
1684926128.92298,32.824798,34.99013,25.306571
1684926128.92306,32.824797,34.990131,25.306311
1684926128.99085,32.824797,34.990132,25.306084
1684926128.99097,32.824797,34.990133,25.305857
1684926128.99103,32.824796,34.990134,25.305626
1684926129.00211,32.824796,34.990135,25.305435
1684926129.0022,32.824796,34.990136,25.305247
1684926129.00232,32.824795,34.990137,25.305007
1684926129.00243,32.824795,34.990138,25.304769
1684926129.01496,32.824795,34.990139,25.30448
1684926129.07413,32.824794,34.990139,25.304189
1684926129.07426,32.824794,34.99014,25.303862
1684926129.07434,32.824794,34.990141,25.303491
1684926129.08545,32.824793,34.990142,25.303134
1684926129.08556,32.824793,34.990143,25.302796
1684926129.08563,32.824793,34.990144,25.30251
1684926129.0857,32.824793,34.990145,25.302238
1684926129.15591,32.824792,34.990146,25.301999
1684926129.15602,32.824792,34.990147,25.301757
1684926129.15607,32.824792,34.990147,25.240145
1684926129.15613,32.824792,34.990148,25.239842
1684926129.16721,32.824791,34.990149,25.239551
1684926129.16735,32.824791,34.99015,25.239245
1684926129.16747,32.824791,34.990151,25.238923
1684926129.16752,32.82479,34.990152,25.238599
1684926129.23472,32.82479,34.990153,25.23831
1684926129.23485,32.82479,34.990154,25.237995
1684926129.23496,32.82479,34.990155,25.237697
1684926129.23508,32.824789,34.990156,25.23744
1684926129.2352,32.824789,34.990157,25.237201
1684926129.23527,32.824789,34.990157,25.23698
1684926129.24271,32.824788,34.990158,25.236781
1684926129.24279,32.824788,34.990159,25.236594
1684926129.29701,32.824788,34.99016,25.236378
1684926129.29712,32.824787,34.990161,25.236159
1684926129.29718,32.824787,34.990162,25.235867
1684926129.29724,32.824787,34.990163,25.235574
1684926129.29732,32.824787,34.990164,25.2353
1684926129.29739,32.824786,34.990165,25.235015
1684926129.30351,32.824786,34.990166,25.234684
1684926129.38603,32.824786,34.990167,25.234324
1684926129.38615,32.824785,34.990168,25.234013
1684926129.38622,32.824785,34.990169,25.233697
1684926129.38629,32.824785,34.990169,25.23342
1684926129.38635,32.824784,34.99017,25.233155
1684926129.39443,32.824784,34.990171,25.2328
1684926129.39456,32.824784,34.990172,25.232428
1684926129.39463,32.824784,34.990173,25.232056
1684926129.45509,32.824783,34.990174,25.231681
1684926129.45521,32.824783,34.990175,25.231284
1684926129.45529,32.824783,34.990176,25.230857
1684926129.45536,32.824782,34.990177,25.230443
1684926129.45543,32.824782,34.990178,25.230036
1684926129.46446,32.824782,34.990179,25.229679
1684926129.4646,32.824782,34.99018,25.229307
1684926129.4647,32.824781,34.99018,25.228896
1684926129.5395,32.824781,34.990181,25.228489
1684926129.54143,32.824781,34.990182,25.228063
1684926129.54155,32.82478,34.990183,25.227652
1684926129.54965,32.82478,34.990184,25.227269
1684926129.54972,32.82478,34.990185,25.226831
1684926129.54983,32.82478,34.990186,25.226383
1684926129.54994,32.824779,34.990187,25.225855
1684926129.55006,32.824779,34.990188,25.225304
1684926129.6112,32.824779,34.990189,25.224757
1684926129.61134,32.824778,34.99019,25.224187
1684926129.61141,32.824778,34.990191,25.223673
1684926129.61148,32.824778,34.990192,25.223191
1684926129.62683,32.824778,34.990192,25.222727
1684926129.62698,32.824777,34.990193,25.222244
1684926129.6271,32.824777,34.990194,25.221765
1684926129.69754,32.824777,34.990195,25.221265
1684926129.69765,32.824776,34.990196,25.220753
1684926129.69772,32.824776,34.990197,25.220222
1684926129.69779,32.824776,34.990198,25.21972
1684926129.71716,32.824776,34.990199,25.219179
1684926129.71725,32.824775,34.9902,25.218625
1684926129.7173,32.824775,34.990201,25.218002
1684926129.71742,32.824775,34.990202,25.217378
1684926129.76438,32.824774,34.990203,25.216749
1684926129.76448,32.824774,34.990203,25.216095
1684926129.76455,32.824774,34.990204,25.21541
1684926129.77624,32.824774,34.990205,25.21473
1684926129.77635,32.824773,34.990206,25.214075
1684926129.77643,32.824773,34.990207,25.213424
1684926129.77649,32.824773,34.990208,25.212795
1684926129.77655,32.824773,34.990209,25.212197
1684926129.84878,32.824772,34.99021,25.211684
1684926129.84884,32.824772,34.990211,25.211241
1684926129.84895,32.824772,34.990212,25.210835
1684926129.84906,32.824771,34.990213,25.210403
1684926129.84918,32.824771,34.990214,25.209948
1684926129.85736,32.824771,34.990215,25.209387
1684926129.85746,32.824771,34.990215,25.208736
1684926129.92248,32.82477,34.990216,25.208062
1684926129.92256,32.82477,34.990217,25.207377
1684926129.92267,32.82477,34.990218,25.206727
1684926129.92278,32.824769,34.990219,25.206101
1684926129.92289,32.824769,34.99022,25.205482
1684926129.92303,32.824769,34.990221,25.204908
1684926129.92308,32.824769,34.990222,25.204441
1684926129.92875,32.824768,34.990223,25.204021
1684926130.00465,32.824768,34.990224,25.203565
1684926130.00475,32.824768,34.990225,25.202939
1684926130.00487,32.824768,34.990226,25.202177
1684926130.00493,32.824767,34.990226,25.20134
1684926130.00509,32.824767,34.990227,25.200472
1684926130.00516,32.824767,34.990228,25.199567
1684926130.00531,32.824767,34.990229,25.198605
1684926130.011,32.824766,34.99023,25.197625
1684926130.09097,32.824766,34.990231,25.196629
1684926130.09107,32.824766,34.990232,25.195639
1684926130.0912,32.824765,34.990233,25.194625
1684926130.09126,32.824765,34.990234,25.193611
1684926130.09137,32.824765,34.990235,25.192669
1684926130.09149,32.824765,34.990236,25.191796
1684926130.09791,32.824764,34.990237,25.191014
1684926130.14518,32.824764,34.990238,25.190206
1684926130.14537,32.824764,34.990238,25.189241
1684926130.14547,32.824764,34.990241,25.185814
1684926130.14557,32.824764,34.990242,25.18477
1684926130.16136,32.824763,34.990242,25.183744
1684926130.16148,32.824763,34.990243,25.182647
1684926130.16155,32.824763,34.990244,25.181403
1684926130.16162,32.824762,34.990245,25.18002
1684926130.22881,32.824762,34.990246,25.178478
1684926130.22891,32.824762,34.990247,25.176927
1684926130.22902,32.824762,34.990248,25.175441
1684926130.22914,32.824761,34.990249,25.173968
1684926130.22925,32.824761,34.99025,25.172525
1684926130.23881,32.824761,34.990251,25.171114
1684926130.23891,32.824761,34.990252,25.169729
1684926130.23897,32.82476,34.990253,25.168375
1684926130.30605,32.82476,34.990254,25.167069
1684926130.30613,32.82476,34.990254,25.165731
1684926130.30624,32.82476,34.990255,25.164371
1684926130.30636,32.824759,34.990256,25.163037
1684926130.30647,32.824759,34.990257,25.161663
1684926130.30658,32.824759,34.990258,25.160312
1684926130.3067,32.824759,34.990259,25.158895
1684926130.38844,32.824758,34.99026,25.157322
1684926130.38854,32.824758,34.990261,25.155674
1684926130.38868,32.824758,34.990262,25.153989
1684926130.38875,32.824758,34.990263,25.15232
1684926130.38886,32.824757,34.990264,25.150602
1684926130.38901,32.824757,34.990265,25.148896
1684926130.39739,32.824757,34.990266,25.14719
1684926130.39747,32.824756,34.990266,25.145539
1684926130.46447,32.824756,34.990267,25.143959
1684926130.46457,32.824756,34.990268,25.142351
1684926130.46463,32.824756,34.990269,25.140783
1684926130.46475,32.824755,34.99027,25.139201
1684926130.46483,32.824755,34.990271,25.137641
1684926130.4649,32.824755,34.990272,25.136182
1684926130.471,32.824755,34.990273,25.134738
1684926130.47112,32.824754,34.990274,25.133279
1684926130.52825,32.824754,34.990275,25.131769
1684926130.52836,32.824754,34.990276,25.130244
1684926130.52842,32.824754,34.990277,25.128719
1684926130.52848,32.824753,34.990278,25.127201
1684926130.52854,32.824753,34.990279,25.125634
1684926130.52866,32.824753,34.990279,25.124034
1684926130.52878,32.824753,34.99028,25.122428
1684926130.52884,32.824752,34.990281,25.120811
1684926130.61054,32.824752,34.990282,25.119221
1684926130.61063,32.824752,34.990283,25.117672
1684926130.61068,32.824752,34.990284,25.116133
1684926130.61074,32.824751,34.990285,25.114634
1684926130.62057,32.824751,34.990286,25.113172
1684926130.62132,32.824751,34.990287,25.111753
1684926130.62142,32.824751,34.990288,25.110333
1684926130.69806,32.82475,34.990289,25.108928
1684926130.69814,32.82475,34.99029,25.107561
1684926130.69824,32.82475,34.990291,25.106209
1684926130.69836,32.82475,34.990292,25.104841
1684926130.70826,32.824749,34.990292,25.103415
1684926130.70834,32.824749,34.990293,25.102021
1684926130.70845,32.824749,34.990294,25.10065
1684926130.70852,32.824749,34.990295,25.099317
1684926130.77109,32.824748,34.990296,25.097989
1684926130.77119,32.824748,34.990297,25.096649
1684926130.7713,32.824748,34.990298,25.095388
1684926130.77141,32.824748,34.990299,25.094211
1684926130.78092,32.824747,34.9903,25.093114
1684926130.78149,32.824747,34.990301,25.092057
1684926130.78157,32.824747,34.990302,25.090963
1684926130.78164,32.824747,34.990303,25.089878
1684926130.85126,32.824746,34.990304,25.088852
1684926130.85138,32.824746,34.990305,25.087901
1684926130.86241,32.824746,34.990306,25.086994
1684926130.86251,32.824746,34.990307,25.086132
1684926130.86257,32.824745,34.990307,25.08524
1684926130.86269,32.824745,34.990308,25.084425
1684926130.8759,32.824745,34.990309,25.083664
1684926130.91753,32.824745,34.99031,25.082945
1684926130.91761,32.824744,34.990311,25.082254
1684926130.91772,32.824744,34.990312,25.08159
1684926130.91783,32.824744,34.990313,25.080949
1684926130.91795,32.824744,34.990314,25.080314
1684926130.92735,32.824743,34.990315,25.079675
1684926130.92741,32.824743,34.990316,25.079017
1684926130.92756,32.824743,34.990317,25.078376
1684926130.99331,32.824743,34.990318,25.077775
1684926130.99345,32.824742,34.990319,25.077159
1684926130.99355,32.824742,34.99032,25.076587
1684926130.99363,32.824742,34.990321,25.076031
1684926131.00325,32.824742,34.990322,25.075469
1684926131.00336,32.824742,34.990322,25.074889
1684926131.00342,32.824741,34.990323,25.074323
1684926131.00352,32.824741,34.990324,25.073752
1684926131.08256,32.824741,34.990325,25.073156
1684926131.08269,32.824741,34.990326,25.072496
1684926131.08277,32.82474,34.990327,25.07179
1684926131.08282,32.82474,34.990328,25.071021
1684926131.0831,32.82474,34.990329,25.070211
1684926131.09067,32.82474,34.99033,25.069424
1684926131.09075,32.824739,34.990331,25.068563
1684926131.15942,32.824739,34.990332,25.067662
1684926131.15958,32.824739,34.990333,25.066811
1684926131.15994,32.824739,34.990334,25.047014
1684926131.16002,32.824738,34.990335,25.046133
1684926131.16955,32.824738,34.990336,25.045219
1684926131.16963,32.824738,34.990337,25.044276
1684926131.16974,32.824738,34.990338,25.043309
1684926131.16985,32.824738,34.990339,25.04232
1684926131.23028,32.824737,34.99034,25.041308
1684926131.2304,32.824737,34.990341,25.040225
1684926131.23046,32.824737,34.990342,25.039122
1684926131.24161,32.824737,34.990343,25.037959
1684926131.2417,32.824736,34.990344,25.036784
1684926131.24175,32.824736,34.990345,25.035555
1684926131.24187,32.824736,34.990346,25.034253
1684926131.24199,32.824736,34.990347,25.032894
1684926131.29782,32.824736,34.990348,25.031544
1684926131.29796,32.824735,34.990349,25.03021
1684926131.29802,32.824735,34.99035,25.028908
1684926131.30864,32.824735,34.99035,25.027642
1684926131.30872,32.824735,34.990351,25.026384
1684926131.30886,32.824735,34.990352,25.02513
1684926131.30895,32.824734,34.990353,25.023894
1684926131.37697,32.824734,34.990354,25.022639
1684926131.37711,32.824734,34.990355,25.021429
1684926131.37719,32.824734,34.990356,25.020235
1684926131.37725,32.824733,34.990357,25.019073
1684926131.38729,32.824733,34.990358,25.017919
1684926131.38738,32.824733,34.990359,25.016767
1684926131.38749,32.824733,34.99036,25.015591
1684926131.38755,32.824733,34.990361,25.014378
1684926131.44916,32.824732,34.990362,25.013144
1684926131.44931,32.824732,34.990363,25.011925
1684926131.44936,32.824732,34.990364,25.010674
1684926131.44949,32.824732,34.990365,25.009452
1684926131.45933,32.824732,34.990366,25.008214
1684926131.45945,32.824731,34.990366,25.006977
1684926131.45951,32.824731,34.990367,25.00577
1684926131.45958,32.824731,34.990368,25.004584
1684926131.53467,32.824731,34.990369,25.00348
1684926131.53477,32.824731,34.99037,25.002378
1684926131.53495,32.82473,34.990371,25.001278
1684926131.5514,32.82473,34.990372,25.00019
1684926131.55149,32.82473,34.990373,24.999117
1684926131.5516,32.82473,34.990374,24.998055
1684926131.55167,32.82473,34.990375,24.997005
1684926131.55688,32.824729,34.990376,24.995981
1684926131.62589,32.824729,34.990377,24.994976
1684926131.62601,32.824729,34.990378,24.993934
1684926131.6261,32.824729,34.990379,24.992905
1684926131.62617,32.824729,34.99038,24.991863
1684926131.63459,32.824728,34.990381,24.990822
1684926131.63469,32.824728,34.990382,24.989779
1684926131.6348,32.824728,34.990383,24.98874
1684926131.70025,32.824728,34.990383,24.987663
1684926131.70036,32.824728,34.990384,24.986567
1684926131.70041,32.824727,34.990385,24.985426
1684926131.70053,32.824727,34.990386,24.984277
1684926131.70901,32.824727,34.990387,24.983109
1684926131.70911,32.824727,34.990388,24.981929
1684926131.70922,32.824727,34.990389,24.980786
1684926131.7093,32.824726,34.99039,24.97968
1684926131.77389,32.824726,34.990391,24.978558
1684926131.77427,32.824726,34.990392,24.977453
1684926131.77451,32.824726,34.990393,24.976311
1684926131.77458,32.824726,34.990394,24.975223
1684926131.77467,32.824726,34.990395,24.974095
1684926131.77473,32.824725,34.990396,24.972933
1684926131.7748,32.824725,34.990397,24.971734
1684926131.77487,32.824725,34.990398,24.970531
1684926131.84177,32.824725,34.990399,24.969331
1684926131.84191,32.824725,34.9904,24.968165
1684926131.84198,32.824724,34.9904,24.967042
1684926131.85314,32.824724,34.990401,24.965929
1684926131.85336,32.824724,34.990402,24.964848
1684926131.85343,32.824724,34.990403,24.963787
1684926131.8535,32.824724,34.990404,24.962698
1684926131.92433,32.824724,34.990405,24.961588
1684926131.92445,32.824723,34.990406,24.96049
1684926131.92458,32.824723,34.990407,24.959432
1684926131.92539,32.824723,34.990408,24.958366
1684926131.93507,32.824723,34.990409,24.957293
1684926131.93516,32.824723,34.99041,24.95614
1684926131.93528,32.824723,34.990411,24.95497
1684926131.93536,32.824722,34.990412,24.953791
1684926132.00392,32.824722,34.990413,24.952613
1684926132.004,32.824722,34.990414,24.951451
1684926132.00411,32.824722,34.990415,24.95027
1684926132.00423,32.824722,34.990416,24.949045
1684926132.0131,32.824721,34.990416,24.947795
1684926132.01319,32.824721,34.990417,24.946516
1684926132.01333,32.824721,34.990418,24.945183
1684926132.01339,32.824721,34.990419,24.94384
1684926132.09151,32.824721,34.99042,24.942451
1684926132.09162,32.824721,34.990421,24.941066
1684926132.09168,32.82472,34.990422,24.939674
1684926132.09175,32.82472,34.990423,24.938306
1684926132.09183,32.82472,34.990424,24.936929
1684926132.10134,32.82472,34.990425,24.935536
1684926132.10144,32.82472,34.990426,24.934154
1684926132.15427,32.82472,34.990427,24.932774
1684926132.15439,32.82472,34.990428,24.931397
1684926132.15447,32.824719,34.99043,24.923526
1684926132.15458,32.824719,34.990431,24.92209
1684926132.15469,32.824719,34.990432,24.920641
1684926132.16484,32.824719,34.990433,24.919162
1684926132.16497,32.824719,34.990434,24.917692
1684926132.16504,32.824719,34.990435,24.916132
1684926132.2223,32.824718,34.990436,24.914587
1684926132.22247,32.824718,34.990437,24.913039
1684926132.22252,32.824718,34.990437,24.911486
1684926132.2322,32.824718,34.990438,24.909905
1684926132.23557,32.824718,34.990439,24.908293
1684926132.23564,32.824718,34.99044,24.906658
1684926132.23575,32.824717,34.990441,24.904997
1684926132.23582,32.824717,34.990442,24.903329
1684926132.30566,32.824717,34.990443,24.901682
1684926132.30577,32.824717,34.990444,24.900006
1684926132.30588,32.824717,34.990445,24.898313
1684926132.31468,32.824717,34.990446,24.8966
1684926132.31661,32.824717,34.990447,24.894889
1684926132.31666,32.824716,34.990448,24.893193
1684926132.31678,32.824716,34.990449,24.891478
1684926132.38214,32.824716,34.99045,24.889757
1684926132.38224,32.824716,34.990451,24.887989
1684926132.38236,32.824716,34.990452,24.886213
1684926132.38245,32.824716,34.990452,24.88439
1684926132.38251,32.824716,34.990453,24.882544
1684926132.38257,32.824715,34.990454,24.880697
1684926132.38917,32.824715,34.990455,24.878888
1684926132.38931,32.824715,34.990456,24.877067
1684926132.47048,32.824715,34.990457,24.875224
1684926132.47065,32.824715,34.990458,24.87338
1684926132.47075,32.824715,34.990459,24.871534
1684926132.47085,32.824715,34.99046,24.869692
1684926132.48658,32.824714,34.990461,24.867866
1684926132.48665,32.824714,34.990462,24.866068
1684926132.48676,32.824714,34.990463,24.864321
1684926132.48687,32.824714,34.990464,24.862625
1684926132.53946,32.824714,34.990465,24.860965
1684926132.5396,32.824714,34.990466,24.859306
1684926132.53971,32.824714,34.990467,24.857689
1684926132.53976,32.824713,34.990467,24.856122
1684926132.54884,32.824713,34.990468,24.854587
1684926132.54895,32.824713,34.990469,24.853031
1684926132.54901,32.824713,34.99047,24.851475
1684926132.54908,32.824713,34.990471,24.849938
1684926132.61007,32.824713,34.990472,24.848406
1684926132.61027,32.824713,34.990473,24.846858
1684926132.61055,32.824712,34.990474,24.845325
1684926132.61063,32.824712,34.990475,24.843827
1684926132.62016,32.824712,34.990476,24.842324
1684926132.62027,32.824712,34.990477,24.840884
1684926132.62033,32.824712,34.990478,24.839433
1684926132.69124,32.824712,34.990479,24.838003
1684926132.69134,32.824712,34.99048,24.836618
1684926132.69139,32.824712,34.990481,24.835275
1684926132.69152,32.824711,34.990482,24.833944
1684926132.70167,32.824711,34.990482,24.832637
1684926132.70177,32.824711,34.990483,24.831386
1684926132.70183,32.824711,34.990484,24.830167
1684926132.70195,32.824711,34.990485,24.828957
1684926132.77012,32.824711,34.990486,24.827721
1684926132.77024,32.824711,34.990487,24.826456
1684926132.7703,32.824711,34.990488,24.825172
1684926132.77042,32.82471,34.990489,24.823856
1684926132.77054,32.82471,34.99049,24.822537
1684926132.78022,32.82471,34.990491,24.821201
1684926132.78034,32.82471,34.990492,24.819836
1684926132.78042,32.82471,34.990493,24.818472
1684926132.8545,32.82471,34.990494,24.817144
1684926132.85461,32.82471,34.990495,24.81581
1684926132.85467,32.82471,34.990496,24.814513
1684926132.85474,32.824709,34.990497,24.813233
1684926132.8548,32.824709,34.990497,24.81199
1684926132.85487,32.824709,34.990498,24.810747
1684926132.85499,32.824709,34.990499,24.809476
1684926132.92019,32.824709,34.9905,24.808243
1684926132.9203,32.824709,34.990501,24.807004
1684926132.92038,32.824709,34.990502,24.805792
1684926132.93611,32.824709,34.990503,24.804608
1684926132.93628,32.824708,34.990504,24.803445
1684926132.93635,32.824708,34.990505,24.802249
1684926132.93642,32.824708,34.990506,24.80103
1684926132.94846,32.824708,34.990507,24.799777
1684926132.99555,32.824708,34.990508,24.798482
1684926132.99565,32.824708,34.990509,24.797203
1684926132.99578,32.824708,34.99051,24.795935
1684926132.99587,32.824708,34.990511,24.794732
1684926133.00368,32.824707,34.990512,24.793586
1684926133.0038,32.824707,34.990512,24.792432
1684926133.00391,32.824707,34.990513,24.791272
1684926133.00402,32.824707,34.990514,24.790101
1684926133.07581,32.824707,34.990515,24.788925
1684926133.07589,32.824707,34.990516,24.787736
1684926133.076,32.824707,34.990517,24.786563
1684926133.07608,32.824707,34.990518,24.785393
1684926133.07623,32.824706,34.990519,24.784235
1684926133.08393,32.824706,34.99052,24.783073
1684926133.08405,32.824706,34.990521,24.781855
1684926133.15384,32.824706,34.990522,24.780652
1684926133.15392,32.824706,34.990523,24.779462
1684926133.16392,32.824706,34.990525,24.769375
1684926133.164,32.824706,34.990526,24.768179
1684926133.16411,32.824706,34.990527,24.766937
1684926133.16422,32.824706,34.990527,24.765684
1684926133.16434,32.824706,34.990528,24.764433
1684926133.16445,32.824706,34.990529,24.76317
1684926133.23819,32.824706,34.99053,24.761934
1684926133.23828,32.824706,34.990531,24.760665
1684926133.23876,32.824706,34.990532,24.759403
1684926133.23883,32.824705,34.990533,24.758088
1684926133.24873,32.824705,34.990534,24.75676
1684926133.24881,32.824705,34.990535,24.755405
1684926133.24888,32.824705,34.990536,24.754018
1684926133.24896,32.824705,34.990537,24.752601
1684926133.29989,32.824705,34.990538,24.751124
1684926133.29999,32.824705,34.990539,24.749609
1684926133.30005,32.824705,34.99054,24.748053
1684926133.30018,32.824705,34.990541,24.746452
1684926133.308,32.824704,34.990542,24.744826
1684926133.30811,32.824704,34.990542,24.743222
1684926133.30817,32.824704,34.990543,24.741641
1684926133.3809,32.824704,34.990544,24.740103
1684926133.3812,32.824704,34.990545,24.738599
1684926133.38129,32.824704,34.990546,24.737133
1684926133.38136,32.824704,34.990547,24.735651
1684926133.38142,32.824704,34.990548,24.734209
1684926133.38154,32.824704,34.990549,24.732772
1684926133.38161,32.824703,34.99055,24.731385
1684926133.38802,32.824703,34.990551,24.730043
1684926133.45965,32.824703,34.990552,24.728719
1684926133.45974,32.824703,34.990553,24.727469
1684926133.45985,32.824703,34.990554,24.726264
1684926133.45997,32.824703,34.990555,24.725087
1684926133.46008,32.824703,34.990556,24.723877
1684926133.46794,32.824703,34.990557,24.722695
1684926133.46803,32.824703,34.990558,24.721467
1684926133.46814,32.824702,34.990558,24.720198
1684926133.54076,32.824702,34.990559,24.71891
1684926133.54087,32.824702,34.99056,24.717599
1684926133.54094,32.824702,34.990561,24.71628
1684926133.54103,32.824702,34.990562,24.714961
1684926133.54111,32.824702,34.990563,24.713641
1684926133.55006,32.824702,34.990564,24.712373
1684926133.55015,32.824702,34.990565,24.711118
1684926133.55027,32.824702,34.990566,24.709887
1684926133.61621,32.824702,34.990567,24.708657
1684926133.62278,32.824701,34.990568,24.707435
1684926133.62285,32.824701,34.990569,24.706226
1684926133.62297,32.824701,34.99057,24.705058
1684926133.62308,32.824701,34.990571,24.70393
1684926133.62319,32.824701,34.990572,24.702802
1684926133.62332,32.824701,34.990573,24.701703
1684926133.70726,32.824701,34.990573,24.700584
1684926133.70737,32.824701,34.990574,24.699408
1684926133.70744,32.824701,34.990575,24.698219
1684926133.70752,32.824701,34.990576,24.696991
1684926133.70758,32.8247,34.990577,24.69573
1684926133.7077,32.8247,34.990578,24.694461
1684926133.70779,32.8247,34.990579,24.693167
1684926133.70796,32.8247,34.99058,24.691839
1684926133.7606,32.8247,34.990581,24.690466
1684926133.7607,32.8247,34.990582,24.689097
1684926133.7608,32.8247,34.990583,24.687685
1684926133.76092,32.8247,34.990584,24.686281
1684926133.76103,32.8247,34.990585,24.684822
1684926133.77469,32.8247,34.990586,24.683366
1684926133.77479,32.8247,34.990587,24.681889
1684926133.77492,32.824699,34.990588,24.680405
1684926133.8446,32.824699,34.990588,24.678907
1684926133.84471,32.824699,34.990589,24.677401
1684926133.84477,32.824699,34.99059,24.675902
1684926133.85459,32.824699,34.990591,24.674395
1684926133.85467,32.824699,34.990592,24.672898
1684926133.85479,32.824699,34.990593,24.671389
1684926133.85486,32.824699,34.990594,24.669864
1684926133.92388,32.824699,34.990595,24.668368
1684926133.92398,32.824699,34.990596,24.666912
1684926133.92405,32.824698,34.990597,24.665459
1684926133.92416,32.824698,34.990598,24.663984
1684926133.92427,32.824698,34.990599,24.662489
1684926133.92433,32.824698,34.9906,24.660989
1684926133.93261,32.824698,34.990601,24.659505
1684926133.93273,32.824698,34.990602,24.658021
1684926134.00074,32.824698,34.990603,24.656532
1684926134.00083,32.824698,34.990603,24.655021
1684926134.00094,32.824698,34.990604,24.653571
1684926134.00109,32.824698,34.990605,24.652112
1684926134.00117,32.824698,34.990606,24.650661
1684926134.00996,32.824697,34.990607,24.6492
1684926134.01003,32.824697,34.990608,24.647768
1684926134.01014,32.824697,34.990609,24.646329
1684926134.08282,32.824697,34.99061,24.644894
1684926134.08292,32.824697,34.990611,24.643421
1684926134.08304,32.824697,34.990612,24.641973
1684926134.08315,32.824697,34.990613,24.640507
1684926134.09207,32.824697,34.990614,24.639077
1684926134.09217,32.824697,34.990615,24.637658
1684926134.09229,32.824697,34.990616,24.636233
1684926134.1453,32.824697,34.990617,24.634799
1684926134.1454,32.824696,34.990618,24.633345
1684926134.14546,32.824697,34.990619,24.639021
1684926134.14557,32.824697,34.99062,24.637542
1684926134.14569,32.824697,34.990621,24.636035
1684926134.14575,32.824697,34.990622,24.634511
1684926134.15835,32.824697,34.990623,24.632946
1684926134.15845,32.824697,34.990624,24.631338
1684926134.22506,32.824697,34.990625,24.629699
1684926134.22581,32.824697,34.990626,24.628067
1684926134.22591,32.824697,34.990627,24.626497
1684926134.23428,32.824697,34.990628,24.62491
1684926134.23438,32.824697,34.990629,24.623321
1684926134.23448,32.824696,34.99063,24.621708
1684926134.23459,32.824696,34.99063,24.620111
1684926134.23471,32.824696,34.990631,24.61851
1684926134.30791,32.824696,34.990632,24.616913
1684926134.30802,32.824696,34.990633,24.615342
1684926134.3081,32.824696,34.990634,24.613795
1684926134.30822,32.824696,34.990635,24.61225
1684926134.31659,32.824696,34.990636,24.610668
1684926134.3167,32.824696,34.990637,24.609091
1684926134.31677,32.824696,34.990638,24.607526
1684926134.38646,32.824696,34.990639,24.605962
1684926134.38658,32.824696,34.99064,24.604399
1684926134.38665,32.824696,34.990641,24.60281
1684926134.38677,32.824695,34.990642,24.601202
1684926134.39602,32.824695,34.990643,24.599582
1684926134.39613,32.824695,34.990644,24.597918
1684926134.39619,32.824695,34.990645,24.59627
1684926134.39626,32.824695,34.990645,24.594621
1684926134.46829,32.824695,34.990646,24.592967
1684926134.46844,32.824695,34.990647,24.591301
1684926134.4685,32.824695,34.990648,24.589588
1684926134.46861,32.824695,34.990649,24.587833
1684926134.47852,32.824695,34.99065,24.586076
1684926134.47867,32.824695,34.990651,24.584301
1684926134.47874,32.824695,34.990652,24.582492
1684926134.48655,32.824695,34.990653,24.580686
1684926134.53492,32.824695,34.990654,24.578893
1684926134.53503,32.824694,34.990655,24.577111
1684926134.5351,32.824694,34.990656,24.575298
1684926134.53516,32.824694,34.990657,24.573464
1684926134.5462,32.824694,34.990658,24.571647
1684926134.54631,32.824694,34.990659,24.56981
1684926134.5464,32.824694,34.990659,24.567985
1684926134.55854,32.824694,34.99066,24.566112
1684926134.60827,32.824694,34.990661,24.564228
1684926134.60837,32.824694,34.990662,24.562315
1684926134.60843,32.824694,34.990663,24.560425
1684926134.61985,32.824694,34.990664,24.558529
1684926134.61994,32.824694,34.990665,24.556657
1684926134.62,32.824694,34.990666,24.554756
1684926134.62012,32.824694,34.990667,24.552854
1684926134.69114,32.824693,34.990668,24.550991
1684926134.69131,32.824693,34.990669,24.549148
1684926134.69138,32.824693,34.99067,24.547251
1684926134.70247,32.824693,34.990671,24.545335
1684926134.70257,32.824693,34.990672,24.543418
1684926134.70263,32.824693,34.990673,24.541483
1684926134.70275,32.824693,34.990674,24.539542
1684926134.70941,32.824693,34.990674,24.537582
1684926134.77687,32.824693,34.990675,24.535589
1684926134.777,32.824693,34.990676,24.53361
1684926134.77708,32.824693,34.990677,24.531625
1684926134.77715,32.824693,34.990678,24.529633
1684926134.78774,32.824693,34.990679,24.527655
1684926134.78782,32.824693,34.99068,24.525687
1684926134.78793,32.824693,34.990681,24.523751
1684926134.78804,32.824692,34.990682,24.521807
1684926134.8476,32.824692,34.990683,24.519885
1684926134.84773,32.824692,34.990684,24.517954
1684926134.84779,32.824692,34.990685,24.516023
1684926134.84791,32.824692,34.990686,24.51409
1684926134.85674,32.824692,34.990687,24.51217
1684926134.85683,32.824692,34.990688,24.510204
1684926134.85689,32.824692,34.990688,24.508192
1684926134.92191,32.824692,34.990689,24.506181
1684926134.92204,32.824692,34.99069,24.504181
1684926134.9221,32.824692,34.990691,24.502203
1684926134.93212,32.824692,34.990692,24.500214
1684926134.9322,32.824692,34.990693,24.498198
1684926134.93229,32.824692,34.990694,24.496199
1684926134.93235,32.824692,34.990695,24.494223
1684926134.93247,32.824691,34.990696,24.492261
1684926134.99519,32.824691,34.990697,24.490273
1684926134.9953,32.824691,34.990698,24.488284
1684926134.99538,32.824691,34.990699,24.486295
1684926134.99549,32.824691,34.9907,24.484303
1684926134.99561,32.824691,34.990701,24.482294
1684926134.99572,32.824691,34.990702,24.480281
1684926135.00249,32.824691,34.990703,24.478257
1684926135.00259,32.824691,34.990703,24.476241
1684926135.07479,32.824691,34.990704,24.474228
1684926135.07528,32.824691,34.990705,24.472227
1684926135.07539,32.824691,34.990706,24.47021
1684926135.0877,32.824691,34.990707,24.468172
1684926135.08781,32.824691,34.990708,24.466151
1684926135.08787,32.824691,34.990709,24.464152
1684926135.08794,32.824691,34.99071,24.462189
1684926135.16158,32.824691,34.990711,24.460226
1684926135.1617,32.82469,34.990712,24.458215
1684926135.16183,32.824691,34.990713,24.470372
1684926135.17176,32.824691,34.990714,24.46831
1684926135.17189,32.824691,34.990715,24.466257
1684926135.17194,32.824691,34.990716,24.46417
1684926135.17205,32.824691,34.990717,24.462071
1684926135.17817,32.824691,34.990718,24.459957
1684926135.23336,32.824691,34.990719,24.457809
1684926135.23348,32.824691,34.99072,24.455608
1684926135.23354,32.824691,34.990721,24.453405
1684926135.23366,32.824691,34.990722,24.451183
1684926135.24452,32.824691,34.990723,24.448948
1684926135.24565,32.824691,34.990723,24.446691
1684926135.24575,32.824691,34.990724,24.444435
1684926135.25096,32.82469,34.990725,24.442207
1684926135.29819,32.82469,34.990726,24.440013
1684926135.29831,32.82469,34.990727,24.437795
1684926135.29838,32.82469,34.990728,24.435567
1684926135.309,32.82469,34.990729,24.43329
1684926135.30911,32.82469,34.99073,24.431012
1684926135.30918,32.82469,34.990731,24.42873
1684926135.30932,32.82469,34.990732,24.426444
1684926135.37693,32.82469,34.990733,24.424176
1684926135.37706,32.82469,34.990734,24.421897
1684926135.37711,32.82469,34.990735,24.419688
1684926135.37729,32.82469,34.990736,24.417546
1684926135.37735,32.82469,34.990737,24.41547
1684926135.39783,32.82469,34.990738,24.41339
1684926135.39792,32.82469,34.990738,24.411242
1684926135.39804,32.82469,34.990739,24.409051
1684926135.45943,32.82469,34.99074,24.40689
1684926135.45954,32.82469,34.990741,24.404741
1684926135.45966,32.82469,34.990742,24.402617
1684926135.45972,32.824689,34.990743,24.400478
1684926135.4697,32.824689,34.990744,24.398276
1684926135.46977,32.824689,34.990745,24.396024
1684926135.46988,32.824689,34.990746,24.393764
1684926135.47,32.824689,34.990747,24.39152
1684926135.54149,32.824689,34.990748,24.389321
1684926135.54159,32.824689,34.990749,24.387122
1684926135.54171,32.824689,34.99075,24.384923
1684926135.55205,32.824689,34.990751,24.382765
1684926135.55213,32.824689,34.990752,24.380704
1684926135.55224,32.824689,34.990753,24.378689
1684926135.55236,32.824689,34.990753,24.376713
1684926135.55248,32.824689,34.990754,24.37474
1684926135.61907,32.824689,34.990755,24.372805
1684926135.61917,32.824689,34.990756,24.370879
1684926135.61925,32.824689,34.990757,24.368967
1684926135.61937,32.824689,34.990758,24.367083
1684926135.62735,32.824689,34.990759,24.365226
1684926135.6275,32.824689,34.99076,24.363418
1684926135.62757,32.824688,34.990761,24.361631
1684926135.69679,32.824688,34.990762,24.359859
1684926135.69693,32.824688,34.990763,24.3581
1684926135.69699,32.824688,34.990764,24.35636
1684926135.71195,32.824688,34.990765,24.354623
1684926135.71206,32.824688,34.990766,24.352897
1684926135.71214,32.824688,34.990767,24.35118
1684926135.71219,32.824688,34.990768,24.349474
1684926135.71232,32.824688,34.990768,24.347746
1684926135.79037,32.824688,34.990769,24.345988
1684926135.79047,32.824688,34.99077,24.344161
1684926135.79057,32.824688,34.990771,24.342293
1684926135.79068,32.824688,34.990772,24.340413
1684926135.7908,32.824688,34.990773,24.33859
1684926135.79885,32.824688,34.990774,24.336835
1684926135.79893,32.824688,34.990775,24.3351
1684926135.799,32.824688,34.990776,24.333357
1684926135.84348,32.824688,34.990777,24.331609
1684926135.84367,32.824688,34.990778,24.32991
1684926135.84374,32.824688,34.990779,24.328252
1684926135.84383,32.824688,34.99078,24.326564
1684926135.84398,32.824687,34.990781,24.324834
1684926135.85245,32.824687,34.990782,24.323064
1684926135.85254,32.824687,34.990783,24.321302
1684926135.92733,32.824687,34.990783,24.319593
1684926135.92754,32.824687,34.990784,24.317935
1684926135.92769,32.824687,34.990785,24.316312
1684926135.94479,32.824687,34.990786,24.314754
1684926135.94491,32.824687,34.990787,24.313229
1684926135.94498,32.824687,34.990788,24.311748
1684926135.94505,32.824687,34.990789,24.31031
1684926135.94516,32.824687,34.99079,24.308927
1684926136.00037,32.824687,34.990791,24.307561
1684926136.00048,32.824687,34.990792,24.306171
1684926136.00059,32.824687,34.990793,24.30474
1684926136.0007,32.824687,34.990794,24.303279
1684926136.00082,32.824687,34.990795,24.301841
1684926136.00093,32.824687,34.990796,24.300352
1684926136.008,32.824687,34.990797,24.298815
1684926136.00812,32.824687,34.990798,24.297279
1684926136.09017,32.824687,34.990799,24.295687
1684926136.09029,32.824687,34.990799,24.294062
1684926136.09036,32.824687,34.9908,24.29243
1684926136.09048,32.824687,34.990801,24.290778
1684926136.0996,32.824686,34.990802,24.289083
1684926136.0997,32.824686,34.990803,24.287351
1684926136.09977,32.824686,34.990804,24.285557
1684926136.14952,32.824686,34.990805,24.283716
1684926136.14981,32.824686,34.990806,24.281859
1684926136.14989,32.824687,34.990808,24.30253
1684926136.15,32.824687,34.990809,24.300656
1684926136.15008,32.824687,34.99081,24.298773
1684926136.15015,32.824687,34.990811,24.296876
1684926136.157,32.824687,34.990812,24.294979
1684926136.15709,32.824687,34.990813,24.293059
1684926136.22473,32.824687,34.990814,24.291118
1684926136.22489,32.824687,34.990815,24.289175
1684926136.22502,32.824687,34.990816,24.28725
1684926136.22509,32.824687,34.990816,24.285329
1684926136.23305,32.824687,34.990817,24.283427
1684926136.23316,32.824687,34.990818,24.281532
1684926136.23323,32.824687,34.990819,24.279621
1684926136.23331,32.824687,34.99082,24.277748
1684926136.30735,32.824687,34.990821,24.275907
1684926136.30748,32.824687,34.990822,24.274117
1684926136.30756,32.824687,34.990823,24.272339
1684926136.31688,32.824687,34.990824,24.270607
1684926136.31697,32.824687,34.990825,24.26892
1684926136.31703,32.824687,34.990826,24.267285
1684926136.31709,32.824687,34.990827,24.265718
1684926136.38854,32.824687,34.990828,24.264169
1684926136.38866,32.824687,34.990829,24.26267
1684926136.38872,32.824687,34.99083,24.261181
1684926136.38885,32.824687,34.990831,24.259665
1684926136.40177,32.824687,34.990832,24.258202
1684926136.40185,32.824687,34.990832,24.25674
1684926136.40197,32.824686,34.990833,24.255386
1684926136.40211,32.824686,34.990834,24.254146
1684926136.4725,32.824686,34.990835,24.253021
1684926136.47652,32.824686,34.990836,24.251958
1684926136.47663,32.824686,34.990837,24.250932
1684926136.47671,32.824686,34.990838,24.249945
1684926136.47677,32.824686,34.990839,24.248983
1684926136.47689,32.824686,34.99084,24.248015
1684926136.48476,32.824686,34.990841,24.246986
1684926136.48495,32.824686,34.990842,24.245869
1684926136.53888,32.824686,34.990843,24.244659
1684926136.53899,32.824686,34.990844,24.243392
1684926136.53906,32.824686,34.990845,24.242056
1684926136.53913,32.824686,34.990846,24.240625
1684926136.53926,32.824686,34.990847,24.239119
1684926136.53936,32.824686,34.990848,24.237593
1684926136.54633,32.824686,34.990848,24.23608
1684926136.54642,32.824686,34.990849,24.234667
1684926136.6106,32.824686,34.99085,24.233336
1684926136.61072,32.824686,34.990851,24.232029
1684926136.6108,32.824686,34.990852,24.230671
1684926136.61995,32.824686,34.990853,24.229274
1684926136.62005,32.824686,34.990854,24.227885
1684926136.62011,32.824686,34.990855,24.226556
1684926136.62018,32.824686,34.990856,24.225202
1684926136.69769,32.824686,34.990857,24.223833
1684926136.69786,32.824686,34.990858,24.222382
1684926136.69798,32.824686,34.990859,24.220853
1684926136.69816,32.824686,34.99086,24.219246
1684926136.69825,32.824686,34.990861,24.217563
1684926136.70562,32.824686,34.990862,24.215844
1684926136.70571,32.824685,34.990863,24.214121
1684926136.70578,32.824685,34.990864,24.212408
1684926136.7753,32.824685,34.990864,24.210668
1684926136.77674,32.824685,34.990865,24.208932
1684926136.77683,32.824685,34.990866,24.207173
1684926136.7769,32.824685,34.990867,24.205392
1684926136.77697,32.824685,34.990868,24.203608
1684926136.77704,32.824685,34.990869,24.201853
1684926136.78224,32.824685,34.99087,24.200093
1684926136.78233,32.824685,34.990871,24.198359
1684926136.85724,32.824685,34.990872,24.196643
1684926136.85738,32.824685,34.990873,24.194926
1684926136.85748,32.824685,34.990874,24.193248
1684926136.85755,32.824685,34.990875,24.191507
1684926136.86635,32.824685,34.990876,24.189702
1684926136.86642,32.824685,34.990877,24.18777
1684926136.86654,32.824685,34.990878,24.185735
1684926136.9321,32.824685,34.990879,24.183594
1684926136.93223,32.824685,34.99088,24.181361
1684926136.93234,32.824685,34.99088,24.179111
1684926136.9324,32.824685,34.990881,24.176853
1684926136.94215,32.824685,34.990882,24.174625
1684926136.94231,32.824685,34.990883,24.172422
1684926136.94237,32.824685,34.990884,24.170296
1684926136.94251,32.824685,34.990885,24.168232
1684926136.99638,32.824685,34.990886,24.166207
1684926136.99647,32.824685,34.990887,24.164184
1684926136.99658,32.824685,34.990888,24.162217
1684926136.99675,32.824685,34.990889,24.160306
1684926137.00663,32.824685,34.99089,24.158457
1684926137.00673,32.824685,34.990891,24.156662
1684926137.00684,32.824685,34.990892,24.154917
1684926137.01479,32.824685,34.990893,24.15319
1684926137.08469,32.824684,34.990894,24.151472
1684926137.08481,32.824684,34.990895,24.149769
1684926137.08492,32.824684,34.990896,24.148069
1684926137.08497,32.824684,34.990896,24.146392
1684926137.08509,32.824684,34.990897,24.14474
1684926137.09689,32.824684,34.990898,24.143088
1684926137.09703,32.824684,34.990899,24.141418
1684926137.155,32.824684,34.9909,24.139724
1684926137.15509,32.824684,34.990901,24.138
1684926137.15522,32.824685,34.990903,24.10512
1684926137.15527,32.824685,34.990904,24.103245
1684926137.16561,32.824685,34.990905,24.101301
1684926137.16571,32.824685,34.990906,24.09933
1684926137.16582,32.824685,34.990907,24.097363
1684926137.1659,32.824685,34.990908,24.0954
1684926137.23971,32.824685,34.990909,24.09349
1684926137.23983,32.824685,34.99091,24.091606
1684926137.24993,32.824685,34.990911,24.089759
1684926137.25003,32.824685,34.990911,24.087925
1684926137.25009,32.824685,34.990912,24.086098
1684926137.25034,32.824685,34.990913,24.084252
1684926137.25692,32.824685,34.990914,24.082415
1684926137.25709,32.824685,34.990915,24.080656
1684926137.29363,32.824685,34.990916,24.078944
1684926137.29375,32.824685,34.990917,24.077243
1684926137.2938,32.824685,34.990918,24.075576
1684926137.29392,32.824685,34.990919,24.073922
1684926137.29398,32.824685,34.99092,24.072285
1684926137.2941,32.824685,34.990921,24.070691
1684926137.29416,32.824685,34.990922,24.069094
1684926137.38431,32.824685,34.990923,24.067488
1684926137.3854,32.824685,34.990924,24.065859
1684926137.38548,32.824685,34.990925,24.064197
1684926137.38554,32.824685,34.990926,24.062533
1684926137.38568,32.824685,34.990927,24.060858
1684926137.38576,32.824685,34.990927,24.059174
1684926137.38582,32.824685,34.990928,24.057534
1684926137.38589,32.824685,34.990929,24.055927
1684926137.46516,32.824685,34.99093,24.054349
1684926137.46531,32.824684,34.990931,24.052803
1684926137.46538,32.824684,34.990932,24.051281
1684926137.48154,32.824684,34.990933,24.049784
1684926137.48162,32.824684,34.990934,24.048327
1684926137.48175,32.824684,34.990935,24.046829
1684926137.48182,32.824684,34.990936,24.045333
1684926137.48191,32.824684,34.990937,24.043835
1684926137.52765,32.824684,34.990938,24.042374
1684926137.52777,32.824684,34.990939,24.040913
1684926137.52785,32.824684,34.99094,24.039444
1684926137.53833,32.824684,34.990941,24.037928
1684926137.53844,32.824684,34.990942,24.036351
1684926137.5385,32.824684,34.990943,24.034726
1684926137.53856,32.824684,34.990943,24.033012
1684926137.53863,32.824684,34.990944,24.031196
1684926137.6216,32.824684,34.990945,24.02933
1684926137.62169,32.824684,34.990946,24.027383
1684926137.62181,32.824684,34.990947,24.025395
1684926137.62187,32.824684,34.990948,24.023386
1684926137.62193,32.824684,34.990949,24.021368
1684926137.62205,32.824684,34.99095,24.019333
1684926137.62761,32.824684,34.990951,24.017275
1684926137.70344,32.824684,34.990952,24.015226
1684926137.70357,32.824684,34.990953,24.013138
1684926137.70364,32.824684,34.990954,24.011081
1684926137.70372,32.824684,34.990955,24.009025
1684926137.71408,32.824684,34.990956,24.006979
1684926137.71417,32.824683,34.990957,24.004966
1684926137.71423,32.824683,34.990958,24.002946
1684926137.7143,32.824683,34.990959,24.000898
1684926137.78532,32.824683,34.990959,23.998815
1684926137.78552,32.824683,34.99096,23.996706
1684926137.78559,32.824683,34.990961,23.994579
1684926137.78565,32.824683,34.990962,23.992421
1684926137.78571,32.824683,34.990963,23.990249
1684926137.78582,32.824683,34.990964,23.988082
1684926137.79391,32.824683,34.990965,23.98588
1684926137.79402,32.824683,34.990966,23.98366
1684926137.84171,32.824683,34.990967,23.981441
1684926137.84185,32.824683,34.990968,23.979253
1684926137.84195,32.824683,34.990969,23.97711
1684926137.84207,32.824683,34.99097,23.975037
1684926137.85201,32.824683,34.990971,23.973019
1684926137.8521,32.824683,34.990972,23.971022
1684926137.85222,32.824683,34.990973,23.969034
1684926137.92462,32.824683,34.990974,23.967032
1684926137.92487,32.824683,34.990974,23.96501
1684926137.92494,32.824683,34.990975,23.962971
1684926137.92501,32.824682,34.990976,23.960922
1684926137.92507,32.824682,34.990977,23.958878
1684926137.92514,32.824682,34.990978,23.956819
1684926137.9319,32.824682,34.990979,23.954754
1684926137.932,32.824682,34.99098,23.952707
1684926138.01367,32.824682,34.990981,23.950652
1684926138.01376,32.824682,34.990982,23.948582
1684926138.01387,32.824682,34.990983,23.946463
1684926138.014,32.824682,34.990984,23.944361
1684926138.01405,32.824682,34.990985,23.942251
1684926138.01411,32.824682,34.990986,23.940145
1684926138.01422,32.824682,34.990987,23.938008
1684926138.01438,32.824682,34.990988,23.935874
1684926138.08389,32.824682,34.990989,23.933755
1684926138.08399,32.824682,34.990989,23.93167
1684926138.0841,32.824682,34.99099,23.929586
1684926138.08421,32.824681,34.990991,23.927477
1684926138.08433,32.824681,34.990992,23.925328
1684926138.08446,32.824681,34.990993,23.923194
1684926138.09043,32.824681,34.990994,23.921062
1684926138.14362,32.824681,34.990995,23.918939
1684926138.14373,32.824681,34.990996,23.916847
1684926138.14379,32.824683,34.990998,23.876074
1684926138.14391,32.824683,34.990999,23.873996
1684926138.14402,32.824683,34.991,23.871936
1684926138.14414,32.824683,34.991001,23.869875
1684926138.14422,32.824683,34.991002,23.867794
1684926138.15055,32.824683,34.991003,23.865705
1684926138.22616,32.824683,34.991004,23.863616
1684926138.22651,32.824683,34.991005,23.861553
1684926138.22657,32.824683,34.991006,23.859545
1684926138.22664,32.824683,34.991007,23.85756
1684926138.23599,32.824683,34.991008,23.855571
1684926138.23608,32.824683,34.991009,23.853513
1684926138.23617,32.824682,34.991009,23.851412
1684926138.23627,32.824682,34.99101,23.849323
1684926138.30768,32.824682,34.991011,23.847271
1684926138.30783,32.824682,34.991012,23.845267
1684926138.30791,32.824682,34.991013,23.843248
1684926138.30799,32.824682,34.991014,23.841202
1684926138.30806,32.824682,34.991015,23.839117
1684926138.31569,32.824682,34.991016,23.837013
1684926138.31579,32.824682,34.991017,23.834894
1684926138.38155,32.824682,34.991018,23.832773
1684926138.38166,32.824682,34.991019,23.830689
1684926138.38174,32.824682,34.99102,23.828595
1684926138.38181,32.824682,34.991021,23.826494
1684926138.38188,32.824681,34.991022,23.824409
1684926138.38196,32.824681,34.991023,23.822304
1684926138.38931,32.824681,34.991024,23.820248
1684926138.38943,32.824681,34.991024,23.818206
1684926138.46459,32.824681,34.991025,23.816223
1684926138.46468,32.824681,34.991026,23.814278
1684926138.46481,32.824681,34.991027,23.812406
1684926138.47666,32.824681,34.991028,23.81053
1684926138.47674,32.824681,34.991029,23.808652
1684926138.47685,32.824681,34.99103,23.806783
1684926138.47696,32.824681,34.991031,23.804883
1684926138.47708,32.82468,34.991032,23.802944
1684926138.52495,32.82468,34.991033,23.800941
1684926138.52506,32.82468,34.991034,23.79885
1684926138.52514,32.82468,34.991035,23.796706
1684926138.54025,32.82468,34.991036,23.794613
1684926138.54039,32.82468,34.991037,23.792586
1684926138.54045,32.82468,34.991038,23.790632
1684926138.54054,32.82468,34.991039,23.788724
1684926138.54061,32.82468,34.991039,23.786861
1684926138.61339,32.82468,34.99104,23.785039
1684926138.61351,32.82468,34.991041,23.783294
1684926138.61359,32.824679,34.991042,23.781555
1684926138.61367,32.824679,34.991043,23.779795
1684926138.61373,32.824679,34.991044,23.777998
1684926138.62117,32.824679,34.991045,23.776163
1684926138.62128,32.824679,34.991046,23.774327
1684926138.69011,32.824679,34.991047,23.772479
1684926138.69024,32.824679,34.991048,23.770623
1684926138.69031,32.824679,34.991049,23.768768
1684926138.69037,32.824679,34.99105,23.766885
1684926138.69904,32.824679,34.991051,23.765018
1684926138.69983,32.824678,34.991052,23.76316
1684926138.70012,32.824678,34.991053,23.761337
1684926138.70022,32.824678,34.991053,23.75954
1684926138.76909,32.824678,34.991054,23.757707
1684926138.76922,32.824678,34.991055,23.755806
1684926138.76931,32.824678,34.991056,23.753893
1684926138.76937,32.824678,34.991057,23.752019
1684926138.76947,32.824678,34.991058,23.750194
1684926138.76959,32.824678,34.991059,23.748423
1684926138.77686,32.824677,34.99106,23.746733
1684926138.777,32.824677,34.991061,23.745158
1684926138.85123,32.824677,34.991062,23.743554
1684926138.85138,32.824677,34.991063,23.741923
1684926138.85145,32.824677,34.991064,23.74024
1684926138.86173,32.824677,34.991065,23.738505
1684926138.86181,32.824677,34.991066,23.736754
1684926138.86192,32.824677,34.991067,23.734988
1684926138.86203,32.824676,34.991067,23.733191
1684926138.93281,32.824676,34.991068,23.731362
1684926138.93299,32.824676,34.991069,23.729524
1684926138.93334,32.824676,34.99107,23.727704
1684926138.94197,32.824676,34.991071,23.725913
1684926138.94482,32.824676,34.991072,23.724174
1684926138.9449,32.824676,34.991073,23.722464
1684926138.94497,32.824676,34.991074,23.720777
1684926138.94513,32.824676,34.991075,23.719112
1684926138.98498,32.824675,34.991076,23.717452
1684926138.98506,32.824675,34.991077,23.715831
1684926138.98517,32.824675,34.991078,23.71427
1684926138.98529,32.824675,34.991079,23.712751
1684926138.9854,32.824675,34.99108,23.711272
1684926138.99251,32.824675,34.99108,23.709795
1684926138.99269,32.824675,34.991081,23.708259
1684926138.99278,32.824675,34.991082,23.706651
1684926139.07627,32.824674,34.991083,23.704957
1684926139.07637,32.824674,34.991084,23.703198
1684926139.07651,32.824674,34.991085,23.701476
1684926139.07659,32.824674,34.991086,23.699758
1684926139.07666,32.824674,34.991087,23.698034
1684926139.07672,32.824674,34.991088,23.696318
1684926139.07684,32.824674,34.991089,23.694526
1684926139.15749,32.824674,34.99109,23.692746
1684926139.15757,32.824673,34.991091,23.690963
1684926139.15768,32.824675,34.991093,23.614399
1684926139.1578,32.824675,34.991094,23.612541
1684926139.167,32.824675,34.991095,23.610704
1684926139.1671,32.824675,34.991096,23.608825
1684926139.16717,32.824675,34.991097,23.606965
1684926139.16724,32.824674,34.991098,23.605117
1684926139.24232,32.824674,34.991099,23.603275
1684926139.24333,32.824674,34.9911,23.60146
1684926139.24345,32.824674,34.991101,23.599638
1684926139.25318,32.824674,34.991102,23.597813
1684926139.25325,32.824674,34.991103,23.595979
1684926139.25332,32.824674,34.991103,23.594167
1684926139.25338,32.824674,34.991104,23.592339
1684926139.25345,32.824673,34.991105,23.590494
1684926139.30021,32.824673,34.991106,23.588612
1684926139.30034,32.824673,34.991107,23.586693
1684926139.30039,32.824673,34.991108,23.584752
1684926139.30054,32.824673,34.991109,23.582817
1684926139.30072,32.824673,34.99111,23.58091
1684926139.30081,32.824673,34.991111,23.579013
1684926139.30089,32.824672,34.991112,23.577166
1684926139.37645,32.824672,34.991113,23.575332
1684926139.37659,32.824672,34.991114,23.57352
1684926139.37665,32.824672,34.991115,23.571723
1684926139.37676,32.824672,34.991116,23.569916
1684926139.37688,32.824672,34.991116,23.568068
1684926139.37702,32.824672,34.991117,23.566209
1684926139.37718,32.824671,34.991118,23.564293
1684926139.37726,32.824671,34.991119,23.562414
1684926139.46479,32.824671,34.99112,23.560519
1684926139.46492,32.824671,34.991121,23.558605
1684926139.465,32.824671,34.991122,23.556714
1684926139.46507,32.824671,34.991123,23.55483
1684926139.46514,32.824671,34.991124,23.553001
1684926139.4729,32.824671,34.991125,23.55118
1684926139.47302,32.82467,34.991126,23.549372
1684926139.4731,32.82467,34.991127,23.547539
1684926139.53396,32.82467,34.991128,23.545762
1684926139.53407,32.82467,34.991128,23.544008
1684926139.53414,32.82467,34.991129,23.542284
1684926139.53426,32.82467,34.99113,23.540618
1684926139.54272,32.82467,34.991131,23.538983
1684926139.54283,32.824669,34.991132,23.537341
1684926139.54298,32.824669,34.991133,23.535658
1684926139.54307,32.824669,34.991134,23.533933
1684926139.61704,32.824669,34.991135,23.532224
1684926139.61716,32.824669,34.991136,23.530506
1684926139.61723,32.824669,34.991137,23.528757
1684926139.6173,32.824669,34.991138,23.52696
1684926139.61741,32.824668,34.991139,23.525162
1684926139.61753,32.824668,34.99114,23.523347
1684926139.62366,32.824668,34.99114,23.521519
1684926139.69903,32.824668,34.991141,23.519703
1684926139.69918,32.824668,34.991142,23.517908
1684926139.69928,32.824668,34.991143,23.516131
1684926139.71185,32.824667,34.991144,23.514414
1684926139.71197,32.824667,34.991145,23.512702
1684926139.71204,32.824667,34.991146,23.511029
1684926139.71218,32.824667,34.991147,23.509398
1684926139.71226,32.824667,34.991148,23.507855
1684926139.77924,32.824667,34.991149,23.506368
1684926139.77943,32.824667,34.99115,23.504873
1684926139.77952,32.824666,34.991151,23.503362
1684926139.78908,32.824666,34.991151,23.501768
1684926139.78918,32.824666,34.991152,23.500164
1684926139.78924,32.824666,34.991153,23.498498
1684926139.7893,32.824666,34.991154,23.496812
1684926139.7894,32.824666,34.991155,23.49507
1684926139.84516,32.824665,34.991156,23.493294
1684926139.84532,32.824665,34.991157,23.491446
1684926139.84543,32.824665,34.991158,23.489548
1684926139.85537,32.824665,34.991159,23.487617
1684926139.85548,32.824665,34.99116,23.485701
1684926139.85554,32.824665,34.991161,23.483827
1684926139.8556,32.824665,34.991162,23.48199
1684926139.92154,32.824664,34.991163,23.480216
1684926139.92165,32.824664,34.991163,23.478452
1684926139.92172,32.824664,34.991164,23.476697
1684926139.93213,32.824664,34.991165,23.474904
1684926139.93222,32.824664,34.991166,23.473157
1684926139.93228,32.824664,34.991167,23.47143
1684926139.93243,32.824663,34.991168,23.469695
1684926139.93845,32.824663,34.991169,23.467974
1684926140.0048,32.824663,34.99117,23.466281
1684926140.00491,32.824663,34.991171,23.464596
1684926140.00502,32.824663,34.991172,23.462894
1684926140.00513,32.824663,34.991173,23.461163
1684926140.01506,32.824663,34.991174,23.459401
1684926140.01513,32.824662,34.991174,23.457664
1684926140.01519,32.824662,34.991175,23.455888
1684926140.0153,32.824662,34.991176,23.454093
1684926140.08348,32.824662,34.991177,23.452285
1684926140.08363,32.824662,34.991178,23.450521
1684926140.08373,32.824662,34.991179,23.448771
1684926140.09418,32.824661,34.99118,23.44703
1684926140.09433,32.824661,34.991181,23.445252
1684926140.09441,32.824661,34.991182,23.443448
1684926140.0945,32.824661,34.991183,23.44157
1684926140.15047,32.824661,34.991184,23.439665
1684926140.15056,32.824661,34.991185,23.437755
1684926140.15067,32.824661,34.991187,23.397304
1684926140.15079,32.824661,34.991188,23.395345
1684926140.15086,32.824661,34.991189,23.393408
1684926140.15094,32.824661,34.99119,23.391543
1684926140.15102,32.824661,34.991191,23.389703
1684926140.1575,32.82466,34.991191,23.387898
1684926140.23277,32.82466,34.991192,23.386116
1684926140.2329,32.82466,34.991193,23.384368
1684926140.23297,32.82466,34.991194,23.382665
1684926140.23304,32.82466,34.991195,23.380965
1684926140.23312,32.82466,34.991196,23.379269
1684926140.24249,32.824659,34.991197,23.37757
1684926140.24256,32.824659,34.991198,23.375817
1684926140.24268,32.824659,34.991199,23.374033
1684926140.30733,32.824659,34.9912,23.372218
1684926140.30746,32.824659,34.991201,23.370375
1684926140.30758,32.824659,34.991202,23.36849
1684926140.30763,32.824658,34.991202,23.366612
1684926140.30775,32.824658,34.991203,23.364727
1684926140.31454,32.824658,34.991204,23.362889
1684926140.31475,32.824658,34.991205,23.361072
1684926140.3846,32.824658,34.991206,23.359271
1684926140.38475,32.824657,34.991207,23.357478
1684926140.38942,32.824657,34.991208,23.355698
1684926140.38952,32.824657,34.991209,23.353942
1684926140.40729,32.824657,34.99121,23.352181
1684926140.40737,32.824657,34.991211,23.350422
1684926140.40748,32.824657,34.991212,23.348655
1684926140.40759,32.824656,34.991213,23.34688
1684926140.46213,32.824656,34.991213,23.345072
1684926140.46225,32.824656,34.991214,23.34324
1684926140.46231,32.824656,34.991215,23.341398
1684926140.48402,32.824656,34.991216,23.339516
1684926140.48414,32.824656,34.991217,23.337634
1684926140.48425,32.824655,34.991218,23.33571
1684926140.48435,32.824655,34.991219,23.333787
1684926140.49046,32.824655,34.99122,23.331854
1684926140.53353,32.824655,34.991221,23.329959
1684926140.53362,32.824655,34.991222,23.328091
1684926140.53374,32.824655,34.991223,23.326221
1684926140.54569,32.824654,34.991224,23.324351
1684926140.54581,32.824654,34.991225,23.322454
1684926140.54609,32.824654,34.991225,23.32054
1684926140.54613,32.824654,34.991226,23.31861
1684926140.54623,32.824654,34.991227,23.316668
1684926140.61527,32.824653,34.991228,23.31473
1684926140.61536,32.824653,34.991229,23.312795
1684926140.61547,32.824653,34.99123,23.31086
1684926140.61556,32.824653,34.991231,23.308897
1684926140.61567,32.824653,34.991232,23.306927
1684926140.62955,32.824653,34.991233,23.304961
1684926140.62967,32.824652,34.991234,23.302975
1684926140.69155,32.824652,34.991235,23.301
1684926140.69165,32.824652,34.991236,23.299
1684926140.69177,32.824652,34.991236,23.297018
1684926140.69183,32.824652,34.991237,23.295054
1684926140.70129,32.824652,34.991238,23.293059
1684926140.70139,32.824651,34.991239,23.291059
1684926140.70147,32.824651,34.99124,23.289013
1684926140.70157,32.824651,34.991241,23.286954
1684926140.76997,32.824651,34.991242,23.284917
1684926140.77007,32.824651,34.991243,23.282898
1684926140.77018,32.82465,34.991244,23.280863
1684926140.77029,32.82465,34.991245,23.278837
1684926140.77041,32.82465,34.991246,23.276825
1684926140.7787,32.82465,34.991246,23.274859
1684926140.77881,32.82465,34.991247,23.272923
1684926140.77887,32.82465,34.991248,23.270921
1684926140.84758,32.824649,34.991249,23.26888
1684926140.8477,32.824649,34.99125,23.266842
1684926140.84778,32.824649,34.991251,23.264821
1684926140.84786,32.824649,34.991252,23.2628
1684926140.8559,32.824649,34.991253,23.260769
1684926140.856,32.824648,34.991254,23.258711
1684926140.85608,32.824648,34.991255,23.256651
1684926140.92941,32.824648,34.991256,23.25463
1684926140.92952,32.824648,34.991257,23.252637
1684926140.92963,32.824648,34.991257,23.25073
1684926140.92968,32.824647,34.991258,23.248916
1684926140.9298,32.824647,34.991259,23.247196
1684926140.93839,32.824647,34.99126,23.245506
1684926140.93848,32.824647,34.991261,23.243835
1684926140.93861,32.824647,34.991262,23.242169
1684926140.99204,32.824647,34.991263,23.240572
1684926140.99215,32.824646,34.991264,23.239079
1684926140.99221,32.824646,34.991265,23.237676
1684926140.99227,32.824646,34.991266,23.236317
1684926140.99238,32.824646,34.991267,23.234964
1684926140.9925,32.824646,34.991267,23.23361
1684926141.00452,32.824645,34.991268,23.232255
1684926141.00462,32.824645,34.991269,23.230987
1684926141.08216,32.824645,34.99127,23.229802
1684926141.08228,32.824645,34.991271,23.22869
1684926141.08234,32.824645,34.991272,23.227641
1684926141.0824,32.824644,34.991273,23.226569
1684926141.08254,32.824644,34.991274,23.22543
1684926141.08981,32.824644,34.991275,23.224346
1684926141.08991,32.824644,34.991276,23.223342
1684926141.16232,32.824644,34.991277,23.222399
1684926141.16241,32.824644,34.991278,23.221471
1684926141.16252,32.824644,34.99128,23.123268
1684926141.16259,32.824644,34.991281,23.122206
1684926141.16271,32.824644,34.991281,23.121138
1684926141.16282,32.824643,34.991282,23.12007
1684926141.16289,32.824643,34.991283,23.118978
1684926141.16844,32.824643,34.991284,23.117852
1684926141.2479,32.824643,34.991285,23.11668
1684926141.24804,32.824643,34.991286,23.11545
1684926141.24815,32.824642,34.991287,23.114114
1684926141.24826,32.824642,34.991288,23.112642
1684926141.25794,32.824642,34.991289,23.111051
1684926141.25804,32.824642,34.99129,23.10946
1684926141.2581,32.824642,34.991291,23.107965
1684926141.25816,32.824641,34.991291,23.106601
1684926141.29848,32.824641,34.991292,23.105253
1684926141.29859,32.824641,34.991293,23.103874
1684926141.29865,32.824641,34.991294,23.102415
1684926141.30868,32.824641,34.991295,23.1009
1684926141.30882,32.82464,34.991296,23.099398
1684926141.30888,32.82464,34.991297,23.0979
1684926141.30895,32.82464,34.991298,23.096379
1684926141.37702,32.82464,34.991299,23.094807
1684926141.37715,32.82464,34.9913,23.093208
1684926141.37721,32.82464,34.991301,23.091609
1684926141.37731,32.824639,34.991302,23.090032
1684926141.38526,32.824639,34.991302,23.088459
1684926141.38541,32.824639,34.991303,23.086867
1684926141.38547,32.824639,34.991304,23.085268
1684926141.38555,32.824639,34.991305,23.083665
1684926141.46507,32.824638,34.991306,23.08207
1684926141.47804,32.824638,34.991307,23.080487
1684926141.47815,32.824638,34.991308,23.078934
1684926141.47822,32.824638,34.991309,23.077331
1684926141.47828,32.824638,34.99131,23.07568
1684926141.47835,32.824637,34.991311,23.07394
1684926141.479,32.824637,34.991312,23.072146
1684926141.47914,32.824637,34.991312,23.070274
1684926141.54411,32.824637,34.991313,23.068326
1684926141.54422,32.824637,34.991314,23.066324
1684926141.54428,32.824636,34.991315,23.064346
1684926141.5444,32.824636,34.991316,23.062413
1684926141.54447,32.824636,34.991317,23.060422
1684926141.54454,32.824636,34.991318,23.058391
1684926141.54465,32.824636,34.991319,23.056371
1684926141.54472,32.824635,34.99132,23.0544
1684926141.61804,32.824635,34.991321,23.052521
1684926141.61818,32.824635,34.991321,23.05067
1684926141.61829,32.824635,34.991322,23.04882
1684926141.61837,32.824635,34.991323,23.046958
1684926141.6335,32.824634,34.991324,23.045086
1684926141.63373,32.824634,34.991325,23.043228
1684926141.63384,32.824634,34.991326,23.041398
1684926141.68963,32.824634,34.991327,23.039585
1684926141.68971,32.824634,34.991328,23.037783
1684926141.68982,32.824633,34.991329,23.035961
1684926141.68993,32.824633,34.99133,23.034177
1684926141.69005,32.824633,34.991331,23.032492
1684926141.6992,32.824633,34.991331,23.030849
1684926141.69939,32.824633,34.991332,23.02926
1684926141.69946,32.824632,34.991333,23.027718
1684926141.77762,32.824632,34.991334,23.026246
1684926141.77778,32.824632,34.991335,23.024878
1684926141.77784,32.824632,34.991336,23.02355
1684926141.77799,32.824632,34.991337,23.022204
1684926141.78725,32.824631,34.991338,23.020848
1684926141.78742,32.824631,34.991339,23.019517
1684926141.78752,32.824631,34.99134,23.018204
1684926141.78762,32.824631,34.991341,23.01688
1684926141.84165,32.824631,34.991341,23.01556
1684926141.84181,32.82463,34.991342,23.014229
1684926141.84188,32.82463,34.991343,23.012827
1684926141.86166,32.82463,34.991344,23.011435
1684926141.86176,32.82463,34.991345,23.010098
1684926141.86187,32.82463,34.991346,23.008819
1684926141.86198,32.824629,34.991347,23.007529
1684926141.92191,32.824629,34.991348,23.00621
1684926141.92202,32.824629,34.991349,23.004877
1684926141.92207,32.824629,34.99135,23.003482
1684926141.92218,32.824629,34.99135,23.002069
1684926141.93276,32.824628,34.991351,23.000633
1684926141.93286,32.824628,34.991352,22.999174
1684926141.93292,32.824628,34.991353,22.997732
1684926141.93299,32.824628,34.991354,22.996304
1684926142.00256,32.824628,34.991355,22.99487
1684926142.00265,32.824627,34.991356,22.993467
1684926142.00276,32.824627,34.991357,22.992055
1684926142.00287,32.824627,34.991358,22.990643
1684926142.01172,32.824627,34.991359,22.989242
1684926142.01183,32.824627,34.991359,22.987862
1684926142.01191,32.824626,34.99136,22.986504
1684926142.01199,32.824626,34.991361,22.985119
1684926142.08473,32.824626,34.991362,22.983723
1684926142.08486,32.824626,34.991363,22.982325
1684926142.08495,32.824625,34.991364,22.980901
1684926142.09609,32.824625,34.991365,22.979477
1684926142.09616,32.824625,34.991366,22.978058
1684926142.09627,32.824625,34.991367,22.976691
1684926142.09638,32.824625,34.991367,22.975333
1684926142.14491,32.824624,34.991368,22.973983
1684926142.145,32.824624,34.991369,22.972614
1684926142.14507,32.824624,34.991372,22.929973
1684926142.15614,32.824624,34.991373,22.928591
1684926142.15623,32.824624,34.991373,22.927296
1684926142.15629,32.824624,34.991374,22.926003
1684926142.15635,32.824623,34.991375,22.924734
1684926142.16343,32.824623,34.991376,22.923451
1684926142.23351,32.824623,34.991377,22.922151
1684926142.2336,32.824623,34.991378,22.920873
1684926142.23372,32.824623,34.991379,22.91961
1684926142.23379,32.824622,34.99138,22.918347
1684926142.23386,32.824622,34.991381,22.917066
1684926142.23392,32.824622,34.991382,22.91578
1684926142.23406,32.824622,34.991382,22.914499
1684926142.2399,32.824621,34.991383,22.913174
1684926142.31434,32.824621,34.991384,22.91184
1684926142.31447,32.824621,34.991385,22.910489
1684926142.31454,32.824621,34.991386,22.909137
1684926142.3146,32.824621,34.991387,22.907757
1684926142.32261,32.82462,34.991388,22.906344
1684926142.32269,32.82462,34.991389,22.904925
1684926142.3228,32.82462,34.99139,22.903457
1684926142.38561,32.82462,34.99139,22.901964
1684926142.3857,32.82462,34.991391,22.900439
1684926142.38582,32.824619,34.991392,22.898897
1684926142.38589,32.824619,34.991393,22.897346
1684926142.39563,32.824619,34.991394,22.895716
1684926142.3957,32.824619,34.991395,22.894024
1684926142.39581,32.824618,34.991396,22.89228
1684926142.39593,32.824618,34.991397,22.890538
1684926142.48231,32.824618,34.991398,22.888762
1684926142.48243,32.824618,34.991398,22.88698
1684926142.48252,32.824618,34.991399,22.885149
1684926142.48258,32.824617,34.9914,22.883266
1684926142.48272,32.824617,34.991401,22.881354
1684926142.48278,32.824617,34.991402,22.879415
1684926142.48289,32.824617,34.991403,22.877483
1684926142.48298,32.824616,34.991404,22.875585
1684926142.53027,32.824616,34.991405,22.873693
1684926142.53036,32.824616,34.991405,22.871847
1684926142.53047,32.824616,34.991406,22.870027
1684926142.53055,32.824615,34.991407,22.868219
1684926142.53061,32.824615,34.991408,22.866412
1684926142.53072,32.824615,34.991409,22.864618
1684926142.53083,32.824615,34.99141,22.86283
1684926142.53095,32.824615,34.991411,22.861027
1684926142.61049,32.824614,34.991412,22.859258
1684926142.61061,32.824614,34.991413,22.857483
1684926142.61069,32.824614,34.991413,22.855745
1684926142.62173,32.824614,34.991414,22.854068
1684926142.62185,32.824613,34.991415,22.852444
1684926142.62193,32.824613,34.991416,22.850865
1684926142.63051,32.824613,34.991417,22.849349
1684926142.69373,32.824613,34.991418,22.847832
1684926142.69384,32.824613,34.991419,22.846336
1684926142.6939,32.824612,34.99142,22.844842
1684926142.69398,32.824612,34.99142,22.843366
1684926142.69405,32.824612,34.991421,22.841897
1684926142.69416,32.824612,34.991422,22.840405
1684926142.69423,32.824611,34.991423,22.838919
1684926142.69435,32.824611,34.991424,22.837397
1684926142.76947,32.824611,34.991425,22.83589
1684926142.76959,32.824611,34.991426,22.834386
1684926142.76964,32.82461,34.991426,22.832873
1684926142.76976,32.82461,34.991427,22.831324
1684926142.77769,32.82461,34.991428,22.829712
1684926142.78048,32.82461,34.991429,22.82805
1684926142.7806,32.824609,34.99143,22.826386
1684926142.78065,32.824609,34.991431,22.824757
1684926142.84841,32.824609,34.991432,22.823154
1684926142.84852,32.824609,34.991433,22.821551
1684926142.84864,32.824609,34.991433,22.819955
1684926142.8487,32.824608,34.991434,22.818371
1684926142.85791,32.824608,34.991435,22.816791
1684926142.858,32.824608,34.991436,22.815208
1684926142.85807,32.824608,34.991437,22.813601
1684926142.92924,32.824607,34.991438,22.812022
1684926142.92934,32.824607,34.991439,22.810447
1684926142.94241,32.824607,34.99144,22.808875
1684926142.94257,32.824607,34.99144,22.807327
1684926142.94271,32.824606,34.991441,22.805766
1684926142.94279,32.824606,34.991442,22.804192
1684926142.94285,32.824606,34.991443,22.802642
1684926142.94292,32.824606,34.991444,22.801116
1684926142.99685,32.824606,34.991445,22.799624
1684926142.99696,32.824605,34.991446,22.798137
1684926142.99703,32.824605,34.991446,22.79666
1684926142.9971,32.824605,34.991447,22.795173
1684926142.99718,32.824605,34.991448,22.793682
1684926143.00501,32.824604,34.991449,22.792237
1684926143.00511,32.824604,34.99145,22.790813
1684926143.00518,32.824604,34.991451,22.789415
1684926143.07712,32.824604,34.991452,22.788036
1684926143.07722,32.824603,34.991452,22.786651
1684926143.0773,32.824603,34.991453,22.785313
1684926143.07737,32.824603,34.991454,22.783999
1684926143.08752,32.824603,34.991455,22.782688
1684926143.08766,32.824602,34.991456,22.781383
1684926143.08773,32.824602,34.991457,22.780075
1684926143.16059,32.824602,34.991458,22.77878
1684926143.16067,32.824602,34.991458,22.777492
1684926143.16078,32.824601,34.991461,22.754587
1684926143.1609,32.824601,34.991462,22.753286
1684926143.1709,32.824601,34.991463,22.752019
1684926143.17101,32.824601,34.991464,22.750757
1684926143.17112,32.8246,34.991464,22.749486
1684926143.18789,32.8246,34.991465,22.748245
1684926143.24074,32.8246,34.991466,22.747016
1684926143.24082,32.8246,34.991467,22.745797
1684926143.24096,32.8246,34.991468,22.744585
1684926143.24118,32.824599,34.991469,22.743348
1684926143.24136,32.824599,34.99147,22.742099
1684926143.24143,32.824599,34.99147,22.74081
1684926143.24149,32.824599,34.991471,22.739513
1684926143.24727,32.824598,34.991472,22.738229
1684926143.29496,32.824598,34.991473,22.736947
1684926143.29509,32.824598,34.991474,22.73566
1684926143.29515,32.824598,34.991475,22.734319
1684926143.29527,32.824597,34.991476,22.732935
1684926143.29533,32.824597,34.991476,22.731505
1684926143.29544,32.824597,34.991477,22.73008
1684926143.30458,32.824597,34.991478,22.728699
1684926143.3793,32.824596,34.991479,22.727316
1684926143.37943,32.824596,34.99148,22.725922
1684926143.3795,32.824596,34.991481,22.724518
1684926143.37961,32.824596,34.991481,22.723112
1684926143.37968,32.824595,34.991482,22.721676
1684926143.37974,32.824595,34.991483,22.720259
1684926143.37982,32.824595,34.991484,22.718866
1684926143.38538,32.824595,34.991485,22.717482
1684926143.46311,32.824594,34.991486,22.716106
1684926143.46327,32.824594,34.991487,22.714753
1684926143.46336,32.824594,34.991487,22.713445
1684926143.46342,32.824594,34.991488,22.712161
1684926143.47297,32.824593,34.991489,22.710903
1684926143.47307,32.824593,34.99149,22.709688
1684926143.47318,32.824593,34.991491,22.708498
1684926143.47334,32.824593,34.991492,22.707351
1684926143.54013,32.824593,34.991493,22.706221
1684926143.54025,32.824592,34.991493,22.705071
1684926143.54031,32.824592,34.991494,22.703902
1684926143.54037,32.824592,34.991495,22.702706
1684926143.54044,32.824592,34.991496,22.701529
1684926143.54051,32.824591,34.991497,22.700365
1684926143.54696,32.824591,34.991498,22.699243
1684926143.54704,32.824591,34.991498,22.698134
1684926143.62158,32.824591,34.991499,22.697072
1684926143.62172,32.82459,34.9915,22.696056
1684926143.62178,32.82459,34.991501,22.695067
1684926143.63272,32.82459,34.991502,22.694075
1684926143.63285,32.82459,34.991503,22.693078
1684926143.63295,32.824589,34.991504,22.692091
1684926143.63309,32.824589,34.991504,22.691133
1684926143.70258,32.824589,34.991505,22.690207
1684926143.70279,32.824589,34.991506,22.689264
1684926143.70287,32.824588,34.991507,22.68837
1684926143.70294,32.824588,34.991508,22.68749
1684926143.7139,32.824588,34.991509,22.686601
1684926143.71397,32.824588,34.991509,22.685675
1684926143.71409,32.824587,34.99151,22.68471
1684926143.72062,32.824587,34.991511,22.683729
1684926143.77876,32.824587,34.991512,22.682726
1684926143.77888,32.824587,34.991513,22.681727
1684926143.77896,32.824586,34.991514,22.680769
1684926143.77918,32.824586,34.991515,22.679806
1684926143.78776,32.824586,34.991515,22.678857
1684926143.78787,32.824586,34.991516,22.6779
1684926143.78805,32.824585,34.991517,22.676948
1684926143.7882,32.824585,34.991518,22.675995
1684926143.84054,32.824585,34.991519,22.675028
1684926143.84068,32.824585,34.99152,22.674052
1684926143.84075,32.824584,34.99152,22.673068
1684926143.84086,32.824584,34.991521,22.672098
1684926143.84098,32.824584,34.991522,22.671135
1684926143.85358,32.824584,34.991523,22.670165
1684926143.85739,32.824583,34.991524,22.669192
1684926143.92393,32.824583,34.991525,22.668202
1684926143.92406,32.824583,34.991526,22.667205
1684926143.92413,32.824583,34.991526,22.666235
1684926143.93517,32.824582,34.991527,22.665312
1684926143.93527,32.824582,34.991528,22.664403
1684926143.93534,32.824582,34.991529,22.663464
1684926143.9354,32.824582,34.99153,22.662537
1684926143.94217,32.824581,34.991531,22.66158
1684926144.01014,32.824581,34.991531,22.66064
1684926144.01025,32.824581,34.991532,22.659692
1684926144.01031,32.824581,34.991533,22.658747
1684926144.01043,32.82458,34.991534,22.65783
1684926144.02249,32.82458,34.991535,22.656933
1684926144.0226,32.82458,34.991536,22.656056
1684926144.02267,32.82458,34.991536,22.655137
1684926144.02274,32.824579,34.991537,22.654182
1684926144.08869,32.824579,34.991538,22.653203
1684926144.08883,32.824579,34.991539,22.652214
1684926144.0889,32.824579,34.99154,22.651246
1684926144.09816,32.824578,34.991541,22.650259
1684926144.09827,32.824578,34.991541,22.649241
1684926144.09838,32.824578,34.991542,22.648217
1684926144.0985,32.824577,34.991543,22.647174
1684926144.14783,32.824577,34.991544,22.646163
1684926144.14809,32.824577,34.991545,22.645149
1684926144.14817,32.824577,34.991547,22.62744
1684926144.15801,32.824577,34.991548,22.626393
1684926144.15813,32.824577,34.991549,22.625349
1684926144.1582,32.824576,34.991549,22.624302
1684926144.16721,32.824576,34.99155,22.623229
1684926144.16728,32.824576,34.991551,22.622168
1684926144.22483,32.824576,34.991552,22.621107
1684926144.22497,32.824575,34.991553,22.620034
1684926144.22514,32.824575,34.991554,22.618985
1684926144.22522,32.824575,34.991554,22.617895
1684926144.2253,32.824574,34.991555,22.616794
1684926144.23395,32.824574,34.991556,22.615688
1684926144.23405,32.824574,34.991557,22.61455
1684926144.23412,32.824574,34.991558,22.613398
1684926144.30539,32.824573,34.991559,22.612267
1684926144.3055,32.824573,34.991559,22.611158
1684926144.30566,32.824573,34.99156,22.610063
1684926144.30575,32.824573,34.991561,22.608944
1684926144.31452,32.824572,34.991562,22.607809
1684926144.31463,32.824572,34.991563,22.606661
1684926144.31469,32.824572,34.991564,22.605556
1684926144.38671,32.824572,34.991564,22.604415
1684926144.38682,32.824571,34.991565,22.603291
1684926144.38688,32.824571,34.991566,22.602153
1684926144.387,32.824571,34.991567,22.601034
1684926144.38705,32.82457,34.991568,22.599943
1684926144.38712,32.82457,34.991568,22.598836
1684926144.38722,32.82457,34.991569,22.597707
1684926144.39458,32.82457,34.99157,22.596556
1684926144.46281,32.824569,34.991571,22.595366
1684926144.46296,32.824569,34.991572,22.594187
1684926144.46301,32.824569,34.991573,22.59298
1684926144.46313,32.824569,34.991573,22.591748
1684926144.46325,32.824568,34.991574,22.590525
1684926144.47073,32.824568,34.991575,22.589283
1684926144.47081,32.824568,34.991576,22.588047
1684926144.47088,32.824568,34.991577,22.586781
1684926144.53337,32.824567,34.991578,22.585508
1684926144.53354,32.824567,34.991578,22.584188
1684926144.53362,32.824567,34.991579,22.582877
1684926144.53389,32.824566,34.99158,22.581549
1684926144.53393,32.824566,34.991581,22.580259
1684926144.53406,32.824566,34.991582,22.578998
1684926144.54015,32.824566,34.991582,22.577751
1684926144.54026,32.824565,34.991583,22.576556
1684926144.60155,32.824565,34.991584,22.575403
1684926144.60172,32.824565,34.991585,22.574268
1684926144.60179,32.824564,34.991586,22.573137
1684926144.60186,32.824564,34.991587,22.572027
1684926144.60193,32.824564,34.991587,22.570944
1684926144.6096,32.824564,34.991588,22.569932
1684926144.60971,32.824563,34.991589,22.568995
1684926144.69869,32.824563,34.99159,22.568103
1684926144.70204,32.824563,34.991591,22.567253
1684926144.7021,32.824563,34.991591,22.566472
1684926144.70225,32.824562,34.991592,22.56574
1684926144.70979,32.824562,34.991593,22.565057
1684926144.7099,32.824562,34.991594,22.564416
1684926144.70996,32.824561,34.991595,22.563793
1684926144.71007,32.824561,34.991596,22.563201
1684926144.76887,32.824561,34.991596,22.562653
1684926144.76903,32.824561,34.991597,22.562163
1684926144.76912,32.82456,34.991598,22.561695
1684926144.76918,32.82456,34.991599,22.561235
1684926144.7693,32.82456,34.9916,22.5608
1684926144.76938,32.824559,34.9916,22.560373
1684926144.77573,32.824559,34.991601,22.559935
1684926144.77584,32.824559,34.991602,22.55946
1684926144.85214,32.824559,34.991603,22.558953
1684926144.85225,32.824558,34.991604,22.558469
1684926144.85236,32.824558,34.991604,22.557992
1684926144.85247,32.824558,34.991605,22.557547
1684926144.86353,32.824557,34.991606,22.557085
1684926144.86365,32.824557,34.991607,22.556636
1684926144.86372,32.824557,34.991608,22.556219
1684926144.92942,32.824557,34.991608,22.555824
1684926144.92956,32.824556,34.991609,22.555457
1684926144.94072,32.824556,34.99161,22.555098
1684926144.94085,32.824556,34.991611,22.554756
1684926144.94093,32.824555,34.991612,22.554386
1684926144.94104,32.824555,34.991612,22.553998
1684926144.9472,32.824555,34.991613,22.553607
1684926144.94735,32.824554,34.991614,22.55326
1684926144.99249,32.824554,34.991615,22.552997
1684926144.99263,32.824554,34.991616,22.552814
1684926144.9927,32.824554,34.991616,22.552703
1684926145.00365,32.824553,34.991617,22.552671
1684926145.00381,32.824553,34.991618,22.552707
1684926145.00388,32.824553,34.991619,22.552743
1684926145.00395,32.824552,34.99162,22.552695
1684926145.00403,32.824552,34.99162,22.552607
1684926145.07675,32.824552,34.991621,22.552482
1684926145.07686,32.824552,34.991622,22.552362
1684926145.07693,32.824551,34.991623,22.552199
1684926145.07705,32.824551,34.991624,22.552008
1684926145.07714,32.824551,34.991624,22.551772
1684926145.08468,32.82455,34.991625,22.551486
1684926145.0848,32.82455,34.991626,22.551208
1684926145.16312,32.82455,34.991627,22.550906
1684926145.16329,32.824549,34.991628,22.550621
1684926145.16337,32.824549,34.99163,22.55588
1684926145.16344,32.824549,34.991631,22.555503
1684926145.17289,32.824549,34.991632,22.555092
1684926145.17298,32.824549,34.991632,22.55467
1684926145.17304,32.824548,34.991633,22.554238
1684926145.17311,32.824548,34.991634,22.553854
1684926145.23787,32.824548,34.991635,22.553488
1684926145.23799,32.824547,34.991636,22.553119
1684926145.23806,32.824547,34.991636,22.55274
1684926145.2491,32.824547,34.991637,22.552379
1684926145.24922,32.824546,34.991638,22.551986
1684926145.24957,32.824546,34.991639,22.5516
1684926145.24965,32.824546,34.99164,22.551219
1684926145.25626,32.824546,34.99164,22.550806
1684926145.29717,32.824545,34.991641,22.550386
1684926145.2973,32.824545,34.991642,22.549942
1684926145.29737,32.824545,34.991643,22.549484
1684926145.29744,32.824544,34.991644,22.549005
1684926145.30679,32.824544,34.991644,22.548499
1684926145.30692,32.824544,34.991645,22.547969
1684926145.307,32.824543,34.991646,22.547429
1684926145.37702,32.824543,34.991647,22.546864
1684926145.3771,32.824543,34.991647,22.546279
1684926145.37721,32.824543,34.991648,22.545691
1684926145.3773,32.824542,34.991649,22.545092
1684926145.37739,32.824542,34.99165,22.544537
1684926145.38592,32.824542,34.991651,22.544006
1684926145.386,32.824541,34.991651,22.543467
1684926145.38611,32.824541,34.991652,22.542958
1684926145.45968,32.824541,34.991653,22.542449
1684926145.46139,32.82454,34.991654,22.541947
1684926145.46146,32.82454,34.991655,22.541462
1684926145.46154,32.82454,34.991655,22.540987
1684926145.46777,32.824539,34.991656,22.540493
1684926145.46789,32.824539,34.991657,22.539988
1684926145.46796,32.824539,34.991658,22.539437
1684926145.46803,32.824538,34.991658,22.538878
1684926145.53876,32.824538,34.991659,22.538284
1684926145.53886,32.824538,34.99166,22.537652
1684926145.53893,32.824538,34.991661,22.536962
1684926145.53904,32.824537,34.991662,22.53623
1684926145.53915,32.824537,34.991662,22.535471
1684926145.53927,32.824537,34.991663,22.534695
1684926145.5456,32.824536,34.991664,22.533902
1684926145.5457,32.824536,34.991665,22.533082
1684926145.61948,32.824536,34.991665,22.532258
1684926145.6196,32.824535,34.991666,22.531425
1684926145.61968,32.824535,34.991667,22.530625
1684926145.63076,32.824535,34.991668,22.529832
1684926145.6309,32.824534,34.991669,22.529068
1684926145.63097,32.824534,34.991669,22.528342
1684926145.63114,32.824534,34.99167,22.527646
1684926145.6991,32.824533,34.991671,22.526943
1684926145.69918,32.824533,34.991672,22.526229
1684926145.69929,32.824533,34.991672,22.525473
1684926145.69939,32.824532,34.991673,22.52472
1684926145.69951,32.824532,34.991674,22.523904
1684926145.70836,32.824532,34.991675,22.523068
1684926145.70845,32.824532,34.991675,22.522228
1684926145.70859,32.824531,34.991676,22.52137
1684926145.78151,32.824531,34.991677,22.520543
1684926145.78163,32.824531,34.991678,22.519715
1684926145.7817,32.82453,34.991679,22.518896
1684926145.78177,32.82453,34.991679,22.518043
1684926145.78183,32.82453,34.99168,22.517168
1684926145.78195,32.824529,34.991681,22.516238
1684926145.78203,32.824529,34.991682,22.515286
1684926145.78724,32.824529,34.991682,22.51432
1684926145.84842,32.824528,34.991683,22.513341
1684926145.84852,32.824528,34.991684,22.512398
1684926145.84864,32.824528,34.991685,22.511487
1684926145.84878,32.824527,34.991685,22.510641
1684926145.84885,32.824527,34.991686,22.50984
1684926145.85624,32.824527,34.991687,22.509064
1684926145.85633,32.824526,34.991688,22.50827
1684926145.9298,32.824526,34.991688,22.507436
1684926145.92992,32.824526,34.991689,22.506555
1684926145.92999,32.824525,34.99169,22.505645
1684926145.93005,32.824525,34.991691,22.504791
1684926145.94093,32.824525,34.991691,22.503981
1684926145.94103,32.824524,34.991692,22.503214
1684926145.94114,32.824524,34.991693,22.502461
1684926145.94124,32.824524,34.991694,22.501779
1684926145.99649,32.824523,34.991695,22.501127
1684926145.99661,32.824523,34.991695,22.500506
1684926145.99668,32.824523,34.991696,22.499902
1684926145.99676,32.824522,34.991697,22.499341
1684926146.00663,32.824522,34.991698,22.49885
1684926146.00674,32.824522,34.991698,22.498376
1684926146.0068,32.824521,34.991699,22.497954
1684926146.00692,32.824521,34.9917,22.497551
1684926146.08921,32.824521,34.991701,22.497162
1684926146.08934,32.82452,34.991701,22.496792
1684926146.08942,32.82452,34.991702,22.496427
1684926146.1077,32.82452,34.991703,22.496062
1684926146.10778,32.824519,34.991704,22.495679
1684926146.10785,32.824519,34.991704,22.495295
1684926146.11611,32.824519,34.991705,22.494917
1684926146.14884,32.824518,34.991706,22.494545
1684926146.14892,32.824518,34.991707,22.494151
1684926146.14898,32.824518,34.991708,22.473008
1684926146.1491,32.824517,34.991709,22.472605
1684926146.15899,32.824517,34.99171,22.472255
1684926146.1591,32.824517,34.991711,22.471901
1684926146.15916,32.824516,34.991711,22.471563
1684926146.15922,32.824516,34.991712,22.471203
1684926146.23746,32.824516,34.991713,22.470845
1684926146.23764,32.824515,34.991714,22.470511
1684926146.23774,32.824515,34.991714,22.47018
1684926146.24775,32.824515,34.991715,22.469846
1684926146.24789,32.824514,34.991716,22.469492
1684926146.24798,32.824514,34.991717,22.469082
1684926146.26114,32.824514,34.991717,22.468679
1684926146.26129,32.824513,34.991718,22.468284
1684926146.30852,32.824513,34.991719,22.467897
1684926146.30868,32.824513,34.99172,22.467477
1684926146.30875,32.824512,34.99172,22.467032
1684926146.31759,32.824512,34.991721,22.466533
1684926146.31769,32.824512,34.991722,22.466046
1684926146.31775,32.824511,34.991723,22.465551
1684926146.31787,32.824511,34.991723,22.46502
1684926146.39193,32.824511,34.991724,22.464467
1684926146.39204,32.82451,34.991725,22.463896
1684926146.39211,32.82451,34.991726,22.463303
1684926146.39218,32.82451,34.991726,22.462693
1684926146.40782,32.824509,34.991727,22.462066
1684926146.40796,32.824509,34.991728,22.461453
1684926146.40803,32.824508,34.991729,22.460854
1684926146.40814,32.824508,34.991729,22.460236
1684926146.46759,32.824508,34.99173,22.459617
1684926146.46769,32.824507,34.991731,22.459024
1684926146.46776,32.824507,34.991731,22.458452
1684926146.4805,32.824507,34.991732,22.457877
1684926146.48059,32.824506,34.991733,22.457281
1684926146.48066,32.824506,34.991734,22.456708
1684926146.48072,32.824506,34.991734,22.456143
1684926146.48078,32.824505,34.991735,22.455595
1684926146.53514,32.824505,34.991736,22.455036
1684926146.53522,32.824505,34.991737,22.454494
1684926146.53534,32.824504,34.991737,22.453945
1684926146.5514,32.824504,34.991738,22.453402
1684926146.55154,32.824504,34.991739,22.452868
1684926146.5516,32.824503,34.99174,22.452391
1684926146.55166,32.824503,34.99174,22.451968
1684926146.56258,32.824502,34.991741,22.451566
1684926146.62228,32.824502,34.991742,22.451149
1684926146.6224,32.824502,34.991742,22.450691
1684926146.6392,32.824501,34.991743,22.450217
1684926146.63933,32.824501,34.991744,22.449735
1684926146.63942,32.824501,34.991745,22.44924
1684926146.64785,32.8245,34.991745,22.448731
1684926146.64796,32.8245,34.991746,22.448153
1684926146.69652,32.8245,34.991747,22.447523
1684926146.69662,32.824499,34.991747,22.446899
1684926146.69674,32.824499,34.991748,22.446265
1684926146.69683,32.824498,34.991749,22.44558
1684926146.70649,32.824498,34.99175,22.444903
1684926146.7066,32.824498,34.99175,22.444171
1684926146.70665,32.824497,34.991751,22.443463
1684926146.70678,32.824497,34.991752,22.442758
1684926146.77147,32.824497,34.991753,22.44209
1684926146.77158,32.824496,34.991753,22.441413
1684926146.77165,32.824496,34.991754,22.440691
1684926146.78953,32.824496,34.991755,22.43993
1684926146.78962,32.824495,34.991755,22.439172
1684926146.78973,32.824495,34.991756,22.438461
1684926146.78984,32.824494,34.991757,22.437816
1684926146.79623,32.824494,34.991758,22.437194
1684926146.85165,32.824494,34.991758,22.436546
1684926146.85172,32.824493,34.991759,22.435935
1684926146.85184,32.824493,34.99176,22.435349
1684926146.86174,32.824493,34.99176,22.434798
1684926146.86184,32.824492,34.991761,22.434237
1684926146.8619,32.824492,34.991762,22.433683
1684926146.86201,32.824491,34.991763,22.433142
1684926146.93068,32.824491,34.991763,22.432615
1684926146.93074,32.824491,34.991764,22.432089
1684926146.93085,32.82449,34.991765,22.431613
1684926146.93097,32.82449,34.991765,22.431171
1684926146.93108,32.82449,34.991766,22.430716
1684926146.93937,32.824489,34.991767,22.430234
1684926146.93944,32.824489,34.991767,22.429694
1684926146.93955,32.824488,34.991768,22.429145
1684926146.99609,32.824488,34.991769,22.428614
1684926146.9962,32.824488,34.99177,22.428078
1684926146.99626,32.824487,34.99177,22.427518
1684926146.99638,32.824487,34.991771,22.426951
1684926147.00427,32.824487,34.991772,22.426411
1684926147.00441,32.824486,34.991772,22.425903
1684926147.00449,32.824486,34.991773,22.425431
1684926147.00457,32.824485,34.991774,22.424988
1684926147.0764,32.824485,34.991775,22.424513
1684926147.07646,32.824485,34.991775,22.424041
1684926147.07657,32.824484,34.991776,22.423561
1684926147.07669,32.824484,34.991777,22.423068
1684926147.07681,32.824483,34.991777,22.42261
1684926147.07688,32.824483,34.991778,22.42213
1684926147.08289,32.824483,34.991779,22.42166
1684926147.16158,32.824482,34.991779,22.421161
1684926147.16169,32.824482,34.99178,22.420655
1684926147.16181,32.824482,34.991782,22.410211
1684926147.16188,32.824481,34.991783,22.409686
1684926147.16986,32.824481,34.991784,22.409121
1684926147.16993,32.824481,34.991784,22.40852
1684926147.17004,32.82448,34.991785,22.407876
1684926147.17016,32.82448,34.991786,22.407205
1684926147.2333,32.824479,34.991786,22.406573
1684926147.2334,32.824479,34.991787,22.405981
1684926147.23346,32.824479,34.991788,22.405414
1684926147.24498,32.824478,34.991788,22.404834
1684926147.24507,32.824478,34.991789,22.404269
1684926147.24518,32.824477,34.99179,22.403726
1684926147.24531,32.824477,34.99179,22.403151
1684926147.24537,32.824477,34.991791,22.402566
1684926147.30134,32.824476,34.991792,22.40198
1684926147.30144,32.824476,34.991793,22.401384
1684926147.30155,32.824476,34.991793,22.400807
1684926147.30169,32.824475,34.991794,22.400234
1684926147.30983,32.824475,34.991795,22.399653
1684926147.30992,32.824474,34.991795,22.399081
1684926147.31004,32.824474,34.991796,22.398497
1684926147.38697,32.824474,34.991797,22.397905
1684926147.3871,32.824473,34.991797,22.397336
1684926147.38716,32.824473,34.991798,22.396796
1684926147.38728,32.824472,34.991799,22.396261
1684926147.40059,32.824472,34.991799,22.395735
1684926147.40069,32.824472,34.9918,22.395176
1684926147.40076,32.824471,34.991801,22.39461
1684926147.40083,32.824471,34.991801,22.394045
1684926147.45506,32.82447,34.991802,22.39344
1684926147.45567,32.82447,34.991803,22.392844
1684926147.45578,32.82447,34.991803,22.392296
1684926147.4559,32.824469,34.991804,22.391763
1684926147.45596,32.824469,34.991805,22.391281
1684926147.45607,32.824468,34.991805,22.390821
1684926147.46249,32.824468,34.991806,22.390381
1684926147.46256,32.824468,34.991807,22.38996
1684926147.53964,32.824467,34.991808,22.389547
1684926147.53976,32.824467,34.991808,22.389166
1684926147.53987,32.824466,34.991809,22.388754
1684926147.53998,32.824466,34.99181,22.388351
1684926147.54865,32.824465,34.99181,22.387906
1684926147.54877,32.824465,34.991811,22.387415
1684926147.54883,32.824465,34.991812,22.386887
1684926147.54895,32.824464,34.991812,22.38634
1684926147.62041,32.824464,34.991813,22.385772
1684926147.62053,32.824463,34.991814,22.385205
1684926147.62059,32.824463,34.991814,22.38464
1684926147.62071,32.824463,34.991815,22.38407
1684926147.62083,32.824462,34.991816,22.383509
1684926147.62861,32.824462,34.991816,22.382962
1684926147.62871,32.824461,34.991817,22.382425
1684926147.69843,32.824461,34.991818,22.381877
1684926147.69859,32.824461,34.991818,22.381317
1684926147.69869,32.82446,34.991819,22.38078
1684926147.69877,32.82446,34.99182,22.380262
1684926147.69885,32.824459,34.99182,22.379751
1684926147.69894,32.824459,34.991821,22.379246
1684926147.69903,32.824459,34.991822,22.37877
1684926147.70447,32.824458,34.991822,22.378335
1684926147.78632,32.824458,34.991823,22.377953
1684926147.78645,32.824457,34.991824,22.377638
1684926147.78653,32.824457,34.991824,22.377381
1684926147.79769,32.824456,34.991825,22.377197
1684926147.79783,32.824456,34.991826,22.377077
1684926147.7979,32.824456,34.991826,22.376988
1684926147.79798,32.824455,34.991827,22.376868
1684926147.80916,32.824455,34.991828,22.376683
1684926147.84958,32.824454,34.991828,22.376426
1684926147.84972,32.824454,34.991829,22.376087
1684926147.84979,32.824454,34.991829,22.375713
1684926147.86152,32.824453,34.99183,22.375304
1684926147.8616,32.824453,34.991831,22.374891
1684926147.86167,32.824452,34.991831,22.374522
1684926147.86173,32.824452,34.991832,22.374181
1684926147.92353,32.824451,34.991833,22.37386
1684926147.92364,32.824451,34.991833,22.373585
1684926147.92371,32.824451,34.991834,22.373349
1684926147.92379,32.82445,34.991835,22.373109
1684926147.93423,32.82445,34.991835,22.372878
1684926147.93435,32.824449,34.991836,22.372638
1684926147.93441,32.824449,34.991837,22.372444
1684926147.93448,32.824448,34.991837,22.372261
1684926148.00238,32.824448,34.991838,22.372116
1684926148.00269,32.824448,34.991839,22.371981
1684926148.00276,32.824447,34.991839,22.371865
1684926148.00288,32.824447,34.99184,22.37175
1684926148.00295,32.824446,34.991841,22.371608
1684926148.00307,32.824446,34.991841,22.37143
1684926148.00314,32.824445,34.991842,22.371208
1684926148.00854,32.824445,34.991842,22.370928
1684926148.08242,32.824445,34.991843,22.370601
1684926148.08254,32.824444,34.991844,22.370228
1684926148.0826,32.824444,34.991844,22.369808
1684926148.08287,32.824443,34.991845,22.369327
1684926148.08319,32.824443,34.991846,22.368803
1684926148.09126,32.824442,34.991846,22.368267
1684926148.09139,32.824442,34.991847,22.36776
1684926148.15813,32.824442,34.991848,22.367279
1684926148.16009,32.824441,34.991848,22.366824
1684926148.16014,32.82444,34.99185,22.354384
1684926148.16025,32.82444,34.99185,22.353839
1684926148.16037,32.82444,34.991851,22.353153
1684926148.16045,32.824439,34.991852,22.352388
1684926148.16052,32.824439,34.991852,22.351605
1684926148.16058,32.824438,34.991853,22.350834
1684926148.2275,32.824438,34.991853,22.35008
1684926148.22759,32.824437,34.991854,22.34935
1684926148.22774,32.824437,34.991855,22.348634
1684926148.2278,32.824437,34.991855,22.347904
1684926148.22792,32.824436,34.991856,22.34716
1684926148.22798,32.824436,34.991857,22.346448
1684926148.23423,32.824435,34.991857,22.345744
1684926148.23432,32.824435,34.991858,22.345099
1684926148.31167,32.824434,34.991859,22.344501
1684926148.31182,32.824434,34.991859,22.343935
1684926148.31192,32.824434,34.99186,22.343413
1684926148.31198,32.824433,34.99186,22.342923
1684926148.322,32.824433,34.991861,22.342503
1684926148.32212,32.824432,34.991862,22.342174
1684926148.32219,32.824432,34.991862,22.341912
1684926148.38947,32.824431,34.991863,22.341725
1684926148.38961,32.824431,34.991864,22.341599
1684926148.38969,32.824431,34.991864,22.341528
1684926148.39008,32.82443,34.991865,22.341545
1684926148.40264,32.82443,34.991866,22.341634
1684926148.4028,32.824429,34.991866,22.341824
1684926148.40291,32.824429,34.991867,22.342137
1684926148.40298,32.824428,34.991867,22.342548
1684926148.47579,32.824428,34.991868,22.343035
1684926148.47587,32.824428,34.991869,22.343523
1684926148.47598,32.824427,34.991869,22.344006
1684926148.4761,32.824427,34.99187,22.344505
1684926148.47621,32.824426,34.991871,22.345004
1684926148.47632,32.824426,34.991871,22.34555
1684926148.48975,32.824425,34.991872,22.346055
1684926148.49029,32.824425,34.991873,22.346563
1684926148.53265,32.824424,34.991873,22.347027
1684926148.5328,32.824424,34.991874,22.347454
1684926148.53285,32.824424,34.991874,22.347888
1684926148.53297,32.824423,34.991875,22.348308
1684926148.54242,32.824423,34.991876,22.348727
1684926148.54252,32.824422,34.991876,22.349107
1684926148.54258,32.824422,34.991877,22.349444
1684926148.54266,32.824421,34.991878,22.349711
1684926148.61175,32.824421,34.991878,22.349941
1684926148.61186,32.824421,34.991879,22.350135
1684926148.61193,32.82442,34.991879,22.350288
1684926148.61205,32.82442,34.99188,22.350424
1684926148.62196,32.824419,34.991881,22.350542
1684926148.62209,32.824419,34.991881,22.350648
1684926148.62216,32.824418,34.991882,22.350741
1684926148.6985,32.824418,34.991882,22.350796
1684926148.69862,32.824417,34.991883,22.350811
1684926148.69869,32.824417,34.991884,22.350841
1684926148.69877,32.824417,34.991884,22.350844
1684926148.69883,32.824416,34.991885,22.350845
1684926148.69895,32.824416,34.991886,22.35083
1684926148.71229,32.824415,34.991886,22.350781
1684926148.71239,32.824415,34.991887,22.350725
1684926148.77381,32.824414,34.991887,22.350622
1684926148.77392,32.824414,34.991888,22.350516
1684926148.77399,32.824413,34.991889,22.350362
1684926148.77406,32.824413,34.991889,22.350153
1684926148.78515,32.824413,34.99189,22.349883
1684926148.78525,32.824412,34.991891,22.349578
1684926148.78535,32.824412,34.991891,22.349235
1684926148.792,32.824411,34.991892,22.348863
1684926148.85495,32.824411,34.991892,22.348504
1684926148.85509,32.82441,34.991893,22.348165
1684926148.85517,32.82441,34.991894,22.347877
1684926148.85527,32.824409,34.991894,22.347582
1684926148.85534,32.824409,34.991895,22.347268
1684926148.86244,32.824409,34.991895,22.346925
1684926148.86255,32.824408,34.991896,22.346574
1684926148.9296,32.824408,34.991897,22.346248
1684926148.92972,32.824407,34.991897,22.345964
1684926148.92978,32.824407,34.991898,22.345687
1684926148.92984,32.824406,34.991898,22.345463
1684926148.94598,32.824406,34.991899,22.345246
1684926148.94611,32.824405,34.9919,22.345071
1684926148.94617,32.824405,34.9919,22.344875
1684926148.94632,32.824405,34.991901,22.344684
1684926148.98843,32.824404,34.991901,22.344511
1684926148.98855,32.824404,34.991902,22.344353
1684926148.9886,32.824403,34.991903,22.344166
1684926148.98872,32.824403,34.991903,22.343941
1684926148.98878,32.824402,34.991904,22.343713
1684926148.98886,32.824402,34.991905,22.343462
1684926148.98892,32.824401,34.991905,22.343236
1684926148.989,32.824401,34.991906,22.34302
1684926149.08225,32.824401,34.991906,22.342802
1684926149.08235,32.8244,34.991907,22.342588
1684926149.08246,32.8244,34.991908,22.342401
1684926149.0931,32.824399,34.991908,22.342204
1684926149.09322,32.824399,34.991909,22.342042
1684926149.0933,32.824398,34.991909,22.341876
1684926149.09341,32.824398,34.99191,22.341685
1684926149.15594,32.824397,34.991911,22.341475
1684926149.15605,32.824397,34.991911,22.341273
1684926149.15611,32.824396,34.991912,22.301254
1684926149.15617,32.824395,34.991913,22.300992
1684926149.15629,32.824395,34.991913,22.300683
1684926149.15635,32.824394,34.991914,22.300396
1684926149.16353,32.824394,34.991915,22.300086
1684926149.16364,32.824394,34.991915,22.299775
1684926149.23217,32.824393,34.991916,22.299439
1684926149.23227,32.824393,34.991916,22.299103
1684926149.23234,32.824392,34.991917,22.298759
1684926149.23241,32.824392,34.991918,22.298423
1684926149.23249,32.824391,34.991918,22.298095
1684926149.24011,32.824391,34.991919,22.29775
1684926149.24021,32.82439,34.991919,22.297411
1684926149.24033,32.82439,34.99192,22.297088
1684926149.29868,32.824389,34.991921,22.296777
1684926149.29876,32.824389,34.991921,22.296482
1684926149.29887,32.824389,34.991922,22.296199
1684926149.29899,32.824388,34.991922,22.295907
1684926149.29911,32.824388,34.991923,22.295603
1684926149.29922,32.824387,34.991923,22.29528
1684926149.30497,32.824387,34.991924,22.294964
1684926149.37866,32.824386,34.991925,22.294659
1684926149.37888,32.824386,34.991925,22.294342
1684926149.379,32.824385,34.991926,22.294061
1684926149.38834,32.824385,34.991926,22.293766
1684926149.38846,32.824384,34.991927,22.293448
1684926149.38851,32.824384,34.991928,22.29314
1684926149.38863,32.824384,34.991928,22.292825
1684926149.38874,32.824383,34.991929,22.292504
1684926149.4652,32.824383,34.991929,22.292152
1684926149.46534,32.824382,34.99193,22.291781
1684926149.4654,32.824382,34.991931,22.291419
1684926149.46553,32.824381,34.991931,22.291077
1684926149.47557,32.824381,34.991932,22.290771
1684926149.47574,32.82438,34.991932,22.290485
1684926149.47582,32.82438,34.991933,22.290216
1684926149.47591,32.824379,34.991933,22.289961
1684926149.53764,32.824379,34.991934,22.28967
1684926149.53771,32.824378,34.991935,22.28933
1684926149.53783,32.824378,34.991935,22.288951
1684926149.53795,32.824378,34.991936,22.28851
1684926149.53806,32.824377,34.991936,22.288072
1684926149.53812,32.824377,34.991937,22.287632
1684926149.54458,32.824376,34.991937,22.287224
1684926149.54468,32.824376,34.991938,22.286822
1684926149.61663,32.824375,34.991939,22.28643
1684926149.61672,32.824375,34.991939,22.286048
1684926149.6169,32.824374,34.99194,22.285661
1684926149.631,32.824374,34.99194,22.285279
1684926149.63109,32.824373,34.991941,22.284907
1684926149.6312,32.824373,34.991942,22.284528
1684926149.63133,32.824372,34.991942,22.284142
1684926149.70542,32.824372,34.991943,22.283717
1684926149.70555,32.824372,34.991943,22.28331
1684926149.70562,32.824371,34.991944,22.282916
1684926149.70574,32.824371,34.991944,22.282501
1684926149.71851,32.82437,34.991945,22.282085
1684926149.71863,32.82437,34.991946,22.281653
1684926149.71869,32.824369,34.991946,22.281202
1684926149.71876,32.824369,34.991947,22.280732
1684926149.77729,32.824368,34.991947,22.280275
1684926149.7774,32.824368,34.991948,22.279798
1684926149.77747,32.824367,34.991948,22.279325
1684926149.78857,32.824367,34.991949,22.278857
1684926149.78869,32.824366,34.99195,22.27838
1684926149.78875,32.824366,34.99195,22.277879
1684926149.78882,32.824365,34.991951,22.277374
1684926149.7995,32.824365,34.991951,22.276879
1684926149.84354,32.824365,34.991952,22.276386
1684926149.84368,32.824364,34.991952,22.275903
1684926149.84376,32.824364,34.991953,22.275431
1684926149.84382,32.824363,34.991953,22.275009
1684926149.85281,32.824363,34.991954,22.274602
1684926149.85291,32.824362,34.991955,22.274222
1684926149.85303,32.824362,34.991955,22.273868
1684926149.92081,32.824361,34.991956,22.273558
1684926149.92094,32.824361,34.991956,22.273293
1684926149.92101,32.82436,34.991957,22.273082
1684926149.92109,32.82436,34.991957,22.272936
1684926149.92116,32.824359,34.991958,22.27284
1684926149.92918,32.824359,34.991959,22.272787
1684926149.92932,32.824358,34.991959,22.27278
1684926149.92939,32.824358,34.99196,22.272801
1684926150.00477,32.824357,34.99196,22.272863
1684926150.00537,32.824357,34.991961,22.272935
1684926150.00545,32.824357,34.991961,22.273038
1684926150.01536,32.824356,34.991962,22.273147
1684926150.01547,32.824356,34.991962,22.273287
1684926150.01553,32.824355,34.991963,22.273444
1684926150.01559,32.824355,34.991964,22.273613
1684926150.01566,32.824354,34.991964,22.273783
1684926150.08938,32.824354,34.991965,22.273947
1684926150.08958,32.824353,34.991965,22.274124
1684926150.08964,32.824353,34.991966,22.274287
1684926150.09956,32.824352,34.991966,22.274423
1684926150.09967,32.824352,34.991967,22.274544
1684926150.09974,32.824351,34.991967,22.274615
1684926150.10764,32.824351,34.991968,22.274681
1684926150.14796,32.82435,34.991969,22.274732
1684926150.1481,32.82435,34.991969,22.274742
1684926150.14815,32.824349,34.99197,22.212274
1684926150.14826,32.824348,34.99197,22.212108
1684926150.14832,32.824348,34.991971,22.211912
1684926150.14844,32.824347,34.991971,22.211665
1684926150.15664,32.824347,34.991972,22.211422
1684926150.15674,32.824346,34.991972,22.211185
1684926150.22807,32.824346,34.991973,22.210944
1684926150.22819,32.824345,34.991974,22.210721
1684926150.22826,32.824345,34.991974,22.210495
1684926150.22836,32.824344,34.991975,22.210279
1684926150.23639,32.824344,34.991975,22.210086
1684926150.23654,32.824344,34.991976,22.209874
1684926150.23664,32.824343,34.991976,22.209665
1684926150.23671,32.824343,34.991977,22.209492
1684926150.30477,32.824342,34.991977,22.209294
1684926150.30489,32.824342,34.991978,22.209072
1684926150.305,32.824341,34.991979,22.208838
1684926150.31492,32.824341,34.991979,22.208621
1684926150.31503,32.82434,34.99198,22.208374
1684926150.31518,32.82434,34.99198,22.20814
1684926150.32322,32.824339,34.991981,22.207872
1684926150.38203,32.824339,34.991981,22.207585
1684926150.3822,32.824338,34.991982,22.207281
1684926150.38228,32.824338,34.991982,22.20695
1684926150.38235,32.824337,34.991983,22.2066
1684926150.39116,32.824337,34.991983,22.206281
1684926150.39125,32.824336,34.991984,22.205944
1684926150.39131,32.824336,34.991985,22.205606
1684926150.39143,32.824335,34.991985,22.205267
1684926150.46656,32.824335,34.991986,22.204914
1684926150.46667,32.824334,34.991986,22.20454
1684926150.46674,32.824334,34.991987,22.2042
1684926150.48149,32.824334,34.991987,22.203883
1684926150.48159,32.824333,34.991988,22.203571
1684926150.48165,32.824333,34.991988,22.203281
1684926150.48175,32.824332,34.991989,22.202988
1684926150.48187,32.824332,34.991989,22.202709
1684926150.53059,32.824331,34.99199,22.202434
1684926150.53073,32.824331,34.99199,22.202174
1684926150.53081,32.82433,34.991991,22.20192
1684926150.53087,32.82433,34.991992,22.20167
1684926150.53094,32.824329,34.991992,22.201447
1684926150.53101,32.824329,34.991993,22.201222
1684926150.53802,32.824328,34.991993,22.201015
1684926150.53815,32.824328,34.991994,22.2008
1684926150.61734,32.824327,34.991994,22.200633
1684926150.61744,32.824327,34.991995,22.200484
1684926150.62844,32.824326,34.991995,22.200347
1684926150.62853,32.824326,34.991996,22.200222
1684926150.62864,32.824325,34.991996,22.200123
1684926150.62876,32.824325,34.991997,22.200061
1684926150.63483,32.824324,34.991998,22.199978
1684926150.6911,32.824324,34.991998,22.199872
1684926150.69118,32.824323,34.991999,22.199717
1684926150.69129,32.824323,34.991999,22.199526
1684926150.69145,32.824323,34.992,22.199281
1684926150.69949,32.824322,34.992,22.198988
1684926150.69961,32.824322,34.992001,22.198655
1684926150.69969,32.824321,34.992001,22.198296
1684926150.69975,32.824321,34.992002,22.197898
1684926150.77247,32.82432,34.992002,22.197484
1684926150.77266,32.82432,34.992003,22.197052
1684926150.77274,32.824319,34.992003,22.196615
1684926150.77281,32.824319,34.992004,22.19618
1684926150.78498,32.824318,34.992004,22.195736
1684926150.78508,32.824318,34.992005,22.195284
1684926150.78515,32.824317,34.992006,22.194805
1684926150.78522,32.824317,34.992006,22.194322
1684926150.85735,32.824316,34.992007,22.193868
1684926150.85748,32.824316,34.992007,22.193387
1684926150.85756,32.824315,34.992008,22.192885
1684926150.85764,32.824315,34.992008,22.192401
1684926150.86682,32.824314,34.992009,22.191954
1684926150.8669,32.824314,34.992009,22.191505
1684926150.86697,32.824313,34.99201,22.191083
1684926150.93687,32.824313,34.99201,22.190681
1684926150.93696,32.824312,34.992011,22.190295
1684926150.93708,32.824312,34.992011,22.189932
1684926150.93715,32.824312,34.992012,22.189588
1684926150.93722,32.824311,34.992013,22.189254
1684926150.9373,32.824311,34.992013,22.188913
1684926150.94548,32.82431,34.992014,22.188573
1684926150.94563,32.82431,34.992014,22.188215
1684926150.98545,32.824309,34.992015,22.187844
1684926150.98948,32.824309,34.992015,22.187451
1684926150.98958,32.824308,34.992016,22.187034
1684926150.98965,32.824308,34.992016,22.186616
1684926150.99501,32.824307,34.992017,22.186184
1684926150.99519,32.824307,34.992017,22.18573
1684926150.99528,32.824306,34.992018,22.18528
1684926150.99537,32.824306,34.992018,22.184886
1684926151.07568,32.824305,34.992019,22.1845
1684926151.07585,32.824305,34.992019,22.184112
1684926151.07593,32.824304,34.99202,22.183723
1684926151.076,32.824304,34.992021,22.183327
1684926151.07611,32.824303,34.992021,22.182955
1684926151.07618,32.824303,34.992022,22.18258
1684926151.07625,32.824302,34.992022,22.182162
1684926151.15502,32.824302,34.992023,22.181717
1684926151.156,32.824301,34.992023,22.181251
1684926151.15609,32.824303,34.992024,22.188866
1684926151.15616,32.824302,34.992025,22.188391
1684926151.16593,32.824302,34.992025,22.187885
1684926151.16601,32.824301,34.992026,22.187378
1684926151.16613,32.824301,34.992026,22.18688
1684926151.16623,32.8243,34.992027,22.18638
1684926151.24268,32.8243,34.992027,22.185862
1684926151.24288,32.824299,34.992028,22.185345
1684926151.24294,32.824299,34.992029,22.184841
1684926151.24311,32.824299,34.992029,22.184329
1684926151.24322,32.824298,34.99203,22.183826
1684926151.25208,32.824298,34.99203,22.183304
1684926151.25219,32.824297,34.992031,22.182781
1684926151.25226,32.824297,34.992031,22.182269
1684926151.30535,32.824296,34.992032,22.181801
1684926151.30548,32.824296,34.992032,22.181377
1684926151.30555,32.824295,34.992033,22.180956
1684926151.32694,32.824295,34.992033,22.180531
1684926151.32708,32.824294,34.992034,22.180109
1684926151.32718,32.824294,34.992034,22.179719
1684926151.32725,32.824293,34.992035,22.179319
1684926151.37885,32.824293,34.992035,22.178929
1684926151.37897,32.824292,34.992036,22.178556
1684926151.37904,32.824292,34.992037,22.17817
1684926151.38923,32.824291,34.992037,22.177783
1684926151.38938,32.824291,34.992038,22.177393
1684926151.38944,32.824291,34.992038,22.17698
1684926151.39769,32.82429,34.992039,22.176565
1684926151.39778,32.82429,34.992039,22.176134
1684926151.46545,32.824289,34.99204,22.175691
1684926151.46565,32.824289,34.99204,22.175245
1684926151.46573,32.824288,34.992041,22.174788
1684926151.48173,32.824288,34.992041,22.174282
1684926151.48184,32.824287,34.992042,22.173754
1684926151.4819,32.824287,34.992042,22.173263
1684926151.48197,32.824286,34.992043,22.172806
1684926151.48203,32.824286,34.992044,22.1724
1684926151.54381,32.824285,34.992044,22.172027
1684926151.54391,32.824285,34.992045,22.171674
1684926151.54402,32.824284,34.992045,22.171332
1684926151.55325,32.824284,34.992046,22.171011
1684926151.55336,32.824283,34.992046,22.170674
1684926151.55343,32.824283,34.992047,22.170333
1684926151.55349,32.824282,34.992047,22.170013
1684926151.55361,32.824282,34.992048,22.169712
1684926151.61811,32.824281,34.992048,22.169436
1684926151.61823,32.824281,34.992049,22.169183
1684926151.61831,32.824281,34.99205,22.16896
1684926151.62841,32.82428,34.99205,22.168764
1684926151.62863,32.82428,34.992051,22.168614
1684926151.62875,32.824279,34.992051,22.168502
1684926151.62888,32.824279,34.992052,22.168402
1684926151.69879,32.824278,34.992052,22.168308
1684926151.69891,32.824278,34.992053,22.168205
1684926151.69897,32.824277,34.992053,22.168115
1684926151.6991,32.824277,34.992054,22.168028
1684926151.70736,32.824276,34.992054,22.167918
1684926151.70759,32.824276,34.992055,22.167806
1684926151.70766,32.824275,34.992056,22.167644
1684926151.70772,32.824275,34.992056,22.167447
1684926151.77723,32.824274,34.992057,22.167251
1684926151.77735,32.824274,34.992057,22.167013
1684926151.77742,32.824273,34.992058,22.166763
1684926151.77782,32.824273,34.992058,22.166479
1684926151.787,32.824272,34.992059,22.16614
1684926151.78711,32.824272,34.992059,22.165775
1684926151.78718,32.824271,34.99206,22.165397
1684926151.78726,32.824271,34.992061,22.164991
1684926151.84042,32.82427,34.992061,22.164606
1684926151.84054,32.82427,34.992062,22.164263
1684926151.84061,32.824269,34.992062,22.163959
1684926151.84073,32.824269,34.992063,22.163673
1684926151.84803,32.824268,34.992063,22.163399
1684926151.84812,32.824268,34.992064,22.163123
1684926151.84818,32.824267,34.992064,22.162829
1684926151.92991,32.824267,34.992065,22.162548
1684926151.93001,32.824266,34.992066,22.162231
1684926151.93016,32.824266,34.992066,22.161865
1684926151.93026,32.824265,34.992067,22.161499
1684926151.94604,32.824265,34.992067,22.161111
1684926151.94616,32.824264,34.992068,22.160737
1684926151.94645,32.824264,34.992068,22.160361
1684926151.95762,32.824263,34.992069,22.160006
1684926152.01441,32.824263,34.99207,22.15967
1684926152.01456,32.824262,34.99207,22.159314
1684926152.01464,32.824262,34.992071,22.158919
1684926152.02732,32.824261,34.992071,22.158579
1684926152.02742,32.824261,34.992072,22.158266
1684926152.02754,32.82426,34.992072,22.157993
1684926152.02761,32.82426,34.992073,22.157737
1684926152.02768,32.824259,34.992073,22.157492
1684926152.07668,32.824259,34.992074,22.15723
1684926152.0768,32.824258,34.992075,22.156985
1684926152.07687,32.824258,34.992075,22.156739
1684926152.07694,32.824257,34.992076,22.156522
1684926152.077,32.824257,34.992076,22.156316
1684926152.07708,32.824256,34.992077,22.156073
1684926152.07716,32.824256,34.992077,22.155775
1684926152.14651,32.824255,34.992078,22.155417
1684926152.1466,32.824255,34.992079,22.155032
1684926152.14671,32.824255,34.992077,22.19743
1684926152.14682,32.824254,34.992078,22.197089
1684926152.14694,32.824254,34.992079,22.196735
1684926152.15434,32.824253,34.992079,22.196385
1684926152.15451,32.824253,34.99208,22.196074
1684926152.15459,32.824252,34.99208,22.195795
1684926152.2269,32.824252,34.992081,22.195509
1684926152.22698,32.824251,34.992081,22.195232
1684926152.22709,32.824251,34.992082,22.194936
1684926152.2272,32.82425,34.992083,22.194642
1684926152.22731,32.82425,34.992083,22.194353
1684926152.23423,32.824249,34.992084,22.194071
1684926152.2343,32.824249,34.992084,22.193768
1684926152.23449,32.824248,34.992085,22.193487
1684926152.30377,32.824248,34.992085,22.193214
1684926152.3039,32.824247,34.992086,22.192951
1684926152.30397,32.824247,34.992087,22.192696
1684926152.30411,32.824246,34.992087,22.192419
1684926152.31295,32.824246,34.992088,22.192168
1684926152.31316,32.824245,34.992088,22.191966
1684926152.31322,32.824245,34.992089,22.191743
1684926152.38716,32.824244,34.992089,22.191516
1684926152.38728,32.824244,34.99209,22.191258
1684926152.38737,32.824243,34.992091,22.190987
1684926152.38746,32.824243,34.992091,22.190733
1684926152.39724,32.824242,34.992092,22.190483
1684926152.39742,32.824241,34.992092,22.190215
1684926152.39748,32.824241,34.992093,22.189911
1684926152.39761,32.82424,34.992094,22.189626
1684926152.46443,32.82424,34.992094,22.189372
1684926152.46455,32.824239,34.992095,22.189159
1684926152.46461,32.824239,34.992095,22.188966
1684926152.46467,32.824238,34.992096,22.188839
1684926152.47982,32.824238,34.992096,22.188783
1684926152.47995,32.824237,34.992097,22.188818
1684926152.48001,32.824237,34.992098,22.188922
1684926152.48008,32.824236,34.992098,22.189042
1684926152.52942,32.824236,34.992099,22.189201
1684926152.52954,32.824235,34.992099,22.189341
1684926152.52962,32.824235,34.9921,22.189494
1684926152.52969,32.824234,34.9921,22.189651
1684926152.53968,32.824234,34.992101,22.189836
1684926152.53977,32.824233,34.992102,22.190025
1684926152.53984,32.824233,34.992102,22.190218
1684926152.54601,32.824232,34.992103,22.190391
1684926152.61214,32.824232,34.992103,22.190586
1684926152.61228,32.824231,34.992104,22.19078
1684926152.61234,32.824231,34.992105,22.190927
1684926152.62277,32.82423,34.992105,22.191084
1684926152.62358,32.82423,34.992106,22.191232
1684926152.62364,32.824229,34.992106,22.191374
1684926152.62376,32.824229,34.992107,22.191536
1684926152.6973,32.824228,34.992107,22.191706
1684926152.69742,32.824228,34.992108,22.19186
1684926152.69748,32.824227,34.992109,22.191995
1684926152.69757,32.824227,34.992109,22.192099
1684926152.7083,32.824226,34.99211,22.192137
1684926152.70839,32.824226,34.99211,22.192104
1684926152.70845,32.824225,34.992111,22.192014
1684926152.70858,32.824225,34.992112,22.191875
1684926152.7821,32.824224,34.992112,22.191663
1684926152.78221,32.824223,34.992113,22.191376
1684926152.78232,32.824223,34.992113,22.191038
1684926152.78243,32.824222,34.992114,22.190616
1684926152.78254,32.824222,34.992114,22.190154
1684926152.78265,32.824221,34.992115,22.189636
1684926152.78276,32.824221,34.992116,22.189067
1684926152.78289,32.82422,34.992116,22.188431
1684926152.8556,32.82422,34.992117,22.187752
1684926152.85568,32.824219,34.992117,22.187028
1684926152.85578,32.824219,34.992118,22.186267
1684926152.8559,32.824218,34.992119,22.185488
1684926152.87684,32.824218,34.992119,22.184743
1684926152.87695,32.824217,34.99212,22.184032
1684926152.87702,32.824217,34.99212,22.183409
1684926152.9313,32.824216,34.992121,22.18287
1684926152.93168,32.824216,34.992121,22.182363
1684926152.9318,32.824215,34.992122,22.181899
1684926152.93188,32.824215,34.992123,22.181467
1684926152.93202,32.824214,34.992123,22.181074
1684926152.9321,32.824214,34.992124,22.180712
1684926152.93924,32.824213,34.992124,22.180371
1684926152.93937,32.824212,34.992125,22.180009
1684926152.99529,32.824212,34.992125,22.179657
1684926152.99542,32.824211,34.992126,22.17929
1684926152.99553,32.824211,34.992127,22.178902
1684926153.00573,32.82421,34.992127,22.178528
1684926153.00582,32.82421,34.992128,22.178138
1684926153.00595,32.824209,34.992128,22.177741
1684926153.00601,32.824209,34.992129,22.177346
1684926153.00608,32.824208,34.99213,22.176966
1684926153.08018,32.824208,34.99213,22.176583
1684926153.08028,32.824207,34.992131,22.176205
1684926153.08039,32.824207,34.992131,22.175803
1684926153.08045,32.824206,34.992132,22.175422
1684926153.08056,32.824206,34.992132,22.175059
1684926153.08067,32.824205,34.992133,22.174739
1684926153.08079,32.824205,34.992134,22.174487
1684926153.1617,32.824204,34.992134,22.17428
1684926153.16179,32.824204,34.992135,22.174118
1684926153.16191,32.824203,34.992135,22.198197
1684926153.17903,32.824202,34.992136,22.198075
1684926153.17918,32.824202,34.992136,22.197965
1684926153.17927,32.824201,34.992137,22.197862
1684926153.17935,32.824201,34.992137,22.197736
1684926153.18529,32.8242,34.992138,22.197603
1684926153.24335,32.8242,34.992139,22.197453
1684926153.2438,32.824199,34.992139,22.197264
1684926153.24387,32.824199,34.99214,22.197062
1684926153.25383,32.824198,34.99214,22.196825
1684926153.25391,32.824197,34.992141,22.196549
1684926153.25402,32.824197,34.992142,22.196267
1684926153.26768,32.824196,34.992142,22.195972
1684926153.26779,32.824196,34.992143,22.195656
1684926153.3015,32.824195,34.992143,22.195318
1684926153.30161,32.824195,34.992144,22.194941
1684926153.30167,32.824194,34.992144,22.194558
1684926153.33499,32.824194,34.992145,22.194182
1684926153.3351,32.824193,34.992146,22.193834
1684926153.33518,32.824193,34.992146,22.193503
1684926153.33647,32.824192,34.992147,22.193182
1684926153.37641,32.824192,34.992147,22.19285
1684926153.37655,32.824191,34.992148,22.192521
1684926153.37663,32.82419,34.992149,22.192176
1684926153.37671,32.82419,34.992149,22.191837
1684926153.38582,32.824189,34.99215,22.191513
1684926153.38593,32.824189,34.99215,22.191178
1684926153.386,32.824188,34.992151,22.190824
1684926153.38607,32.824188,34.992151,22.19045
1684926153.46798,32.824187,34.992152,22.190051
1684926153.46811,32.824187,34.992153,22.189664
1684926153.46819,32.824186,34.992153,22.189296
1684926153.48279,32.824186,34.992154,22.188913
1684926153.48294,32.824185,34.992154,22.188512
1684926153.483,32.824185,34.992155,22.188088
1684926153.48312,32.824184,34.992156,22.187614
1684926153.4891,32.824183,34.992156,22.187122
1684926153.5415,32.824183,34.992157,22.186619
1684926153.54173,32.824182,34.992157,22.186122
1684926153.54178,32.824182,34.992158,22.18563
1684926153.54191,32.824181,34.992158,22.185107
1684926153.5496,32.824181,34.992159,22.184574
1684926153.54968,32.82418,34.99216,22.184039
1684926153.54978,32.82418,34.99216,22.183507
1684926153.5499,32.824179,34.992161,22.182962
1684926153.60992,32.824179,34.992161,22.182441
1684926153.61003,32.824178,34.992162,22.181941
1684926153.61014,32.824177,34.992162,22.181462
1684926153.61989,32.824177,34.992163,22.181011
1684926153.61999,32.824176,34.992164,22.180584
1684926153.62004,32.824176,34.992164,22.180187
1684926153.62012,32.824175,34.992165,22.179855
1684926153.70027,32.824175,34.992165,22.179558
1684926153.70037,32.824174,34.992166,22.17927
1684926153.70048,32.824174,34.992167,22.179016
1684926153.70059,32.824173,34.992167,22.178795
1684926153.70886,32.824173,34.992168,22.178623
1684926153.70891,32.824172,34.992168,22.178507
1684926153.70903,32.824171,34.992169,22.178437
1684926153.7091,32.824171,34.992169,22.178414
1684926153.77715,32.82417,34.99217,22.178404
1684926153.77725,32.82417,34.992171,22.178405
1684926153.77735,32.824169,34.992171,22.178383
1684926153.77743,32.824169,34.992172,22.178367
1684926153.7775,32.824168,34.992172,22.178322
1684926153.7776,32.824168,34.992173,22.178236
1684926153.78462,32.824167,34.992173,22.178083
1684926153.78473,32.824166,34.992174,22.177877
1684926153.83817,32.824166,34.992175,22.177596
1684926153.83829,32.824165,34.992175,22.177257
1684926153.83835,32.824165,34.992176,22.176893
1684926153.83844,32.824164,34.992176,22.176506
1684926153.83852,32.824164,34.992177,22.176097
1684926153.84794,32.824163,34.992178,22.175648
1684926153.84805,32.824163,34.992178,22.175144
1684926153.92041,32.824162,34.992179,22.174617
1684926153.92056,32.824162,34.992179,22.174079
1684926153.92064,32.824161,34.99218,22.17356
1684926153.9207,32.82416,34.99218,22.173045
1684926153.93061,32.82416,34.992181,22.172538
1684926153.93071,32.824159,34.992182,22.17206
1684926153.93082,32.824159,34.992182,22.171591
1684926153.93093,32.824158,34.992183,22.171136
1684926154.00249,32.824158,34.992183,22.170677
1684926154.00264,32.824157,34.992184,22.170207
1684926154.00272,32.824157,34.992185,22.169707
1684926154.00278,32.824156,34.992185,22.169174
1684926154.00284,32.824155,34.992186,22.168602
1684926154.01169,32.824155,34.992186,22.167988
1684926154.01186,32.824154,34.992187,22.167363
1684926154.01194,32.824154,34.992187,22.166692
1684926154.08533,32.824153,34.992188,22.166007
1684926154.08543,32.824153,34.992189,22.165307
1684926154.08549,32.824152,34.992189,22.164634
1684926154.08561,32.824152,34.99219,22.16397
1684926154.09493,32.824151,34.99219,22.163339
1684926154.095,32.82415,34.992191,22.162744
1684926154.09512,32.82415,34.992191,22.162193
1684926154.15124,32.824149,34.992192,22.161669
1684926154.15138,32.824149,34.992193,22.161153
1684926154.15154,32.824148,34.992193,22.198629
1684926154.15169,32.824148,34.992194,22.198139
1684926154.15176,32.824147,34.992194,22.197611
1684926154.15182,32.824147,34.992195,22.197054
1684926154.15189,32.824146,34.992196,22.196474
1684926154.15777,32.824145,34.992196,22.195877
1684926154.22598,32.824145,34.992197,22.195235
1684926154.22612,32.824144,34.992197,22.194584
1684926154.22619,32.824144,34.992198,22.193938
1684926154.22626,32.824143,34.992199,22.193303
1684926154.23582,32.824143,34.992199,22.192671
1684926154.23592,32.824142,34.9922,22.192045
1684926154.23605,32.824142,34.9922,22.191463
1684926154.23613,32.824141,34.992201,22.190938
1684926154.30993,32.82414,34.992201,22.190466
1684926154.31001,32.82414,34.992202,22.19003
1684926154.31013,32.824139,34.992203,22.189622
1684926154.32046,32.824139,34.992203,22.189249
1684926154.32057,32.824138,34.992204,22.188889
1684926154.32063,32.824138,34.992204,22.188505
1684926154.32069,32.824137,34.992205,22.188083
1684926154.3922,32.824136,34.992206,22.187675
1684926154.39234,32.824136,34.992206,22.187292
1684926154.39242,32.824135,34.992207,22.18695
1684926154.40238,32.824135,34.992207,22.186617
1684926154.40246,32.824134,34.992208,22.186255
1684926154.40257,32.824134,34.992208,22.185851
1684926154.40268,32.824133,34.992209,22.185395
1684926154.40279,32.824133,34.99221,22.184891
1684926154.46453,32.824132,34.99221,22.184327
1684926154.46463,32.824131,34.992211,22.183687
1684926154.4647,32.824131,34.992211,22.182987
1684926154.46478,32.82413,34.992212,22.182247
1684926154.47291,32.82413,34.992212,22.181506
1684926154.47304,32.824129,34.992213,22.180755
1684926154.47309,32.824129,34.992214,22.180012
1684926154.47321,32.824128,34.992214,22.179282
1684926154.53339,32.824128,34.992215,22.178568
1684926154.5335,32.824127,34.992215,22.177872
1684926154.53355,32.824126,34.992216,22.177207
1684926154.53361,32.824126,34.992216,22.176562
1684926154.53372,32.824125,34.992217,22.175934
1684926154.5417,32.824125,34.992218,22.175296
1684926154.54179,32.824124,34.992218,22.174618
1684926154.54186,32.824124,34.992219,22.173919
1684926154.60939,32.824123,34.992219,22.173228
1684926154.60949,32.824123,34.99222,22.172559
1684926154.60955,32.824122,34.992221,22.171927
1684926154.60961,32.824121,34.992221,22.171387
1684926154.64148,32.824121,34.992222,22.170942
1684926154.64159,32.82412,34.992222,22.170549
1684926154.64172,32.82412,34.992223,22.170118
1684926154.69168,32.824119,34.992223,22.169611
1684926154.6918,32.824119,34.992224,22.169
1684926154.69191,32.824118,34.992225,22.168339
1684926154.69202,32.824118,34.992225,22.167689
1684926154.69209,32.824117,34.992226,22.167117
1684926154.69226,32.824116,34.992226,22.166609
1684926154.70925,32.824116,34.992227,22.166078
1684926154.70939,32.824115,34.992228,22.165397
1684926154.7701,32.824115,34.992228,22.164612
1684926154.77025,32.824114,34.992229,22.163839
1684926154.77032,32.824114,34.992229,22.163122
1684926154.77039,32.824113,34.99223,22.162438
1684926154.77923,32.824113,34.99223,22.161765
1684926154.77934,32.824112,34.992231,22.161067
1684926154.77941,32.824111,34.992232,22.160337
1684926154.77948,32.824111,34.992232,22.159611
1684926154.85884,32.82411,34.992233,22.158881
1684926154.85902,32.82411,34.992233,22.158199
1684926154.85909,32.824109,34.992234,22.157543
1684926154.85916,32.824109,34.992235,22.156897
1684926154.86734,32.824108,34.992235,22.15624
1684926154.86744,32.824108,34.992236,22.155564
1684926154.86755,32.824107,34.992236,22.154877
1684926154.93779,32.824106,34.992237,22.154152
1684926154.93795,32.824106,34.992237,22.153395
1684926154.93804,32.824105,34.992238,22.15263
1684926154.93812,32.824105,34.992239,22.151833
1684926154.9501,32.824104,34.992239,22.150958
1684926154.95018,32.824104,34.99224,22.149952
1684926154.95029,32.824103,34.99224,22.148797
1684926154.95041,32.824103,34.992241,22.147514
1684926154.99643,32.824102,34.992242,22.146176
1684926154.99654,32.824101,34.992242,22.144947
1684926154.9966,32.824101,34.992243,22.143911
1684926154.99671,32.8241,34.992243,22.143054
1684926155.00721,32.8241,34.992244,22.142327
1684926155.00731,32.824099,34.992244,22.141596
1684926155.00738,32.824099,34.992245,22.140778
1684926155.00744,32.824098,34.992246,22.139913
1684926155.0736,32.824098,34.992246,22.139146
1684926155.0737,32.824097,34.992247,22.138507
1684926155.07379,32.824097,34.992247,22.137955
1684926155.08482,32.824096,34.992248,22.137435
1684926155.08492,32.824095,34.992249,22.13694
1684926155.08502,32.824095,34.992249,22.136417
1684926155.08508,32.824094,34.99225,22.135871
1684926155.15622,32.824094,34.99225,22.135235
1684926155.15636,32.824093,34.992251,22.134572
1684926155.15644,32.824092,34.992251,22.165159
1684926155.15651,32.824091,34.992252,22.164658
1684926155.16623,32.824091,34.992252,22.164171
1684926155.16638,32.82409,34.992253,22.163679
1684926155.16645,32.82409,34.992253,22.163226
1684926155.16652,32.824089,34.992254,22.162816
1684926155.23503,32.824088,34.992254,22.162452
1684926155.23514,32.824088,34.992255,22.162122
1684926155.23521,32.824087,34.992256,22.161827
1684926155.24632,32.824087,34.992256,22.16156
1684926155.24642,32.824086,34.992257,22.161339
1684926155.24648,32.824086,34.992257,22.161131
1684926155.25507,32.824085,34.992258,22.160905
1684926155.25516,32.824085,34.992259,22.160644
1684926155.30906,32.824084,34.992259,22.160339
1684926155.30917,32.824083,34.99226,22.160011
1684926155.30923,32.824083,34.99226,22.15964
1684926155.3093,32.824082,34.992261,22.159231
1684926155.30942,32.824082,34.992262,22.158773
1684926155.30949,32.824081,34.992262,22.158261
1684926155.31627,32.824081,34.992263,22.157699
1684926155.38533,32.82408,34.992263,22.157067
1684926155.38543,32.82408,34.992264,22.156417
1684926155.38554,32.824079,34.992264,22.155746
1684926155.38566,32.824078,34.992265,22.155068
1684926155.39396,32.824078,34.992266,22.154422
1684926155.39441,32.824077,34.992266,22.153772
1684926155.3945,32.824077,34.992267,22.153127
1684926155.39459,32.824076,34.992267,22.152519
1684926155.46056,32.824076,34.992268,22.151937
1684926155.46082,32.824075,34.992269,22.151411
1684926155.46098,32.824075,34.992269,22.150918
1684926155.46116,32.824074,34.99227,22.150451
1684926155.47518,32.824073,34.99227,22.149972
1684926155.47529,32.824073,34.992271,22.149435
1684926155.47537,32.824072,34.992271,22.148818
1684926155.47545,32.824072,34.992272,22.148146
1684926155.53876,32.824071,34.992273,22.147427
1684926155.53885,32.824071,34.992273,22.146678
1684926155.53892,32.82407,34.992274,22.145908
1684926155.54994,32.82407,34.992274,22.145124
1684926155.55004,32.824069,34.992275,22.144332
1684926155.55016,32.824068,34.992276,22.143517
1684926155.55022,32.824068,34.992276,22.142669
1684926155.55735,32.824067,34.992277,22.141822
1684926155.61701,32.824067,34.992277,22.141014
1684926155.61713,32.824066,34.992278,22.140236
1684926155.6172,32.824066,34.992279,22.139444
1684926155.61726,32.824065,34.992279,22.138621
1684926155.62684,32.824065,34.99228,22.137774
1684926155.62741,32.824064,34.99228,22.136892
1684926155.62749,32.824063,34.992281,22.13598
1684926155.70641,32.824063,34.992282,22.135097
1684926155.70649,32.824062,34.992282,22.134273
1684926155.7066,32.824062,34.992283,22.133516
1684926155.70671,32.824061,34.992283,22.1328
1684926155.70682,32.824061,34.992284,22.132105
1684926155.7158,32.82406,34.992284,22.131414
1684926155.71589,32.82406,34.992285,22.130677
1684926155.71596,32.824059,34.992286,22.129859
1684926155.77647,32.824059,34.992286,22.128968
1684926155.7766,32.824058,34.992287,22.128029
1684926155.77665,32.824057,34.992287,22.127048
1684926155.77671,32.824057,34.992288,22.125993
1684926155.77684,32.824056,34.992289,22.124859
1684926155.77691,32.824056,34.992289,22.12369
1684926155.78399,32.824055,34.99229,22.122545
1684926155.78409,32.824055,34.99229,22.121473
1684926155.84339,32.824054,34.992291,22.120485
1684926155.84351,32.824054,34.992292,22.11956
1684926155.84358,32.824053,34.992292,22.118658
1684926155.86331,32.824052,34.992293,22.11781
1684926155.86343,32.824052,34.992293,22.116997
1684926155.86349,32.824051,34.992294,22.116235
1684926155.86356,32.824051,34.992294,22.115507
1684926155.92196,32.82405,34.992295,22.114846
1684926155.92209,32.82405,34.992296,22.114227
1684926155.92214,32.824049,34.992296,22.113677
1684926155.92226,32.824049,34.992297,22.113217
1684926155.93111,32.824048,34.992297,22.112854
1684926155.93122,32.824048,34.992298,22.112568
1684926155.93132,32.824047,34.992299,22.112331
1684926155.93144,32.824046,34.992299,22.112127
1684926156.00392,32.824046,34.9923,22.112017
1684926156.00404,32.824045,34.9923,22.112002
1684926156.00411,32.824045,34.992301,22.112094
1684926156.00418,32.824044,34.992302,22.112285
1684926156.01351,32.824044,34.992302,22.112546
1684926156.01359,32.824043,34.992303,22.11283
1684926156.01367,32.824043,34.992303,22.113108
1684926156.01382,32.824042,34.992304,22.113366
1684926156.09283,32.824042,34.992305,22.113599
1684926156.09332,32.824041,34.992305,22.113784
1684926156.09338,32.82404,34.992306,22.113897
1684926156.0935,32.82404,34.992306,22.113948
1684926156.09361,32.824039,34.992307,22.113946
1684926156.10022,32.824039,34.992308,22.113904
1684926156.10034,32.824038,34.992308,22.113823
1684926156.15423,32.824038,34.992309,22.113692
1684926156.15432,32.824037,34.992309,22.113505
1684926156.15443,32.824035,34.99231,22.156346
1684926156.164,32.824035,34.99231,22.156145
1684926156.16408,32.824034,34.992311,22.155914
1684926156.16419,32.824034,34.992311,22.155634
1684926156.1643,32.824033,34.992312,22.155331
1684926156.16442,32.824033,34.992313,22.155029
1684926156.2259,32.824032,34.992313,22.154745
1684926156.22599,32.824031,34.992314,22.1545
1684926156.22605,32.824031,34.992314,22.154249
1684926156.22616,32.82403,34.992315,22.153946
1684926156.23492,32.82403,34.992315,22.153565
1684926156.23502,32.824029,34.992316,22.153133
1684926156.23513,32.824029,34.992317,22.152673
1684926156.23524,32.824028,34.992317,22.152197
1684926156.30925,32.824028,34.992318,22.151691
1684926156.30936,32.824027,34.992318,22.151171
1684926156.30942,32.824027,34.992319,22.150635
1684926156.32054,32.824026,34.99232,22.150098
1684926156.32065,32.824025,34.99232,22.149518
1684926156.32072,32.824025,34.992321,22.148901
1684926156.32084,32.824024,34.992321,22.148229
1684926156.38722,32.824024,34.992322,22.147554
1684926156.38732,32.824023,34.992323,22.146922
1684926156.38742,32.824023,34.992323,22.146339
1684926156.38749,32.824022,34.992324,22.145814
1684926156.3876,32.824022,34.992324,22.145293
1684926156.39491,32.824021,34.992325,22.144735
1684926156.39501,32.82402,34.992326,22.144135
1684926156.39509,32.82402,34.992326,22.143507
1684926156.46716,32.824019,34.992327,22.142852
1684926156.46727,32.824019,34.992327,22.142163
1684926156.46733,32.824018,34.992328,22.141435
1684926156.4674,32.824018,34.992328,22.140641
1684926156.46748,32.824017,34.992329,22.139821
1684926156.46755,32.824017,34.99233,22.138987
1684926156.46762,32.824016,34.99233,22.138149
1684926156.47378,32.824016,34.992331,22.13732
1684926156.5346,32.824015,34.992331,22.136487
1684926156.53744,32.824014,34.992332,22.135651
1684926156.53751,32.824014,34.992333,22.134814
1684926156.53764,32.824013,34.992333,22.133997
1684926156.53771,32.824013,34.992334,22.133154
1684926156.54351,32.824012,34.992334,22.13231
1684926156.5436,32.824012,34.992335,22.131523
1684926156.54371,32.824011,34.992336,22.130795
1684926156.60897,32.824011,34.992336,22.130112
1684926156.60908,32.82401,34.992337,22.129419
1684926156.60921,32.824009,34.992337,22.128692
1684926156.6093,32.824009,34.992338,22.127925
1684926156.61704,32.824008,34.992339,22.127126
1684926156.61713,32.824008,34.992339,22.126299
1684926156.6172,32.824007,34.99234,22.12547
1684926156.6979,32.824007,34.99234,22.124641
1684926156.698,32.824006,34.992341,22.123796
1684926156.69807,32.824006,34.992342,22.122954
1684926156.69816,32.824005,34.992342,22.122136
1684926156.70668,32.824005,34.992343,22.121386
1684926156.7068,32.824004,34.992343,22.12069
1684926156.70686,32.824003,34.992344,22.120041
1684926156.70699,32.824003,34.992345,22.119407
1684926156.76868,32.824002,34.992345,22.118777
1684926156.76881,32.824002,34.992346,22.118186
1684926156.76886,32.824001,34.992346,22.117631
1684926156.76903,32.824001,34.992347,22.117139
1684926156.76911,32.824,34.992347,22.11669
1684926156.76924,32.824,34.992348,22.116265
1684926156.77586,32.823999,34.992349,22.11585
1684926156.77595,32.823999,34.992349,22.115413
1684926156.85376,32.823998,34.99235,22.114944
1684926156.85391,32.823997,34.99235,22.114426
1684926156.85398,32.823997,34.992351,22.113868
1684926156.86369,32.823996,34.992352,22.11328
1684926156.8638,32.823996,34.992352,22.112684
1684926156.86391,32.823995,34.992353,22.112101
1684926156.86402,32.823995,34.992353,22.111555
1684926156.92872,32.823994,34.992354,22.11107
1684926156.92883,32.823994,34.992355,22.110592
1684926156.9289,32.823993,34.992355,22.110068
1684926156.92896,32.823993,34.992356,22.109502
1684926156.92903,32.823992,34.992356,22.108885
1684926156.9291,32.823991,34.992357,22.108242
1684926156.93571,32.823991,34.992358,22.107617
1684926156.9358,32.82399,34.992358,22.10703
1684926157.00753,32.82399,34.992359,22.106528
1684926157.00763,32.823989,34.992359,22.106088
1684926157.0077,32.823989,34.99236,22.105628
1684926157.00781,32.823988,34.992361,22.105115
1684926157.00792,32.823988,34.992361,22.104561
1684926157.00801,32.823987,34.992362,22.10401
1684926157.01522,32.823987,34.992362,22.103472
1684926157.01534,32.823986,34.992363,22.102959
1684926157.07538,32.823985,34.992364,22.102467
1684926157.07552,32.823985,34.992364,22.102
1684926157.07561,32.823984,34.992365,22.101544
1684926157.08496,32.823984,34.992365,22.101079
1684926157.08504,32.823983,34.992366,22.100606
1684926157.0852,32.823983,34.992366,22.100109
1684926157.0853,32.823982,34.992367,22.099634
1684926157.15356,32.823982,34.992368,22.099169
1684926157.15367,32.823981,34.992368,22.098733
1684926157.15374,32.82398,34.992369,22.113738
1684926157.15386,32.823979,34.99237,22.113424
1684926157.15392,32.823979,34.99237,22.113185
1684926157.16043,32.823978,34.992371,22.113011
1684926157.16055,32.823978,34.992371,22.11288
1684926157.16061,32.823977,34.992372,22.112738
1684926157.23396,32.823976,34.992373,22.112553
1684926157.23411,32.823976,34.992373,22.11234
1684926157.23419,32.823975,34.992374,22.112139
1684926157.23426,32.823975,34.992374,22.111955
1684926157.24378,32.823974,34.992375,22.111773
1684926157.24393,32.823974,34.992375,22.111554
1684926157.244,32.823973,34.992376,22.111272
1684926157.24413,32.823973,34.992377,22.110951
1684926157.29825,32.823972,34.992377,22.110601
1684926157.29835,32.823972,34.992378,22.11022
1684926157.29846,32.823971,34.992378,22.109787
1684926157.29855,32.82397,34.992379,22.109314
1684926157.3066,32.82397,34.99238,22.108834
1684926157.30674,32.823969,34.99238,22.108387
1684926157.30682,32.823969,34.992381,22.107987
1684926157.37974,32.823968,34.992381,22.107629
1684926157.37986,32.823968,34.992382,22.107277
1684926157.37999,32.823967,34.992383,22.106917
1684926157.38006,32.823967,34.992383,22.106549
1684926157.38011,32.823966,34.992384,22.106167
1684926157.38796,32.823966,34.992384,22.105759
1684926157.38806,32.823965,34.992385,22.105293
1684926157.38814,32.823964,34.992386,22.104778
1684926157.46106,32.823964,34.992386,22.104204
1684926157.46119,32.823963,34.992387,22.103574
1684926157.46126,32.823963,34.992387,22.102917
1684926157.46133,32.823962,34.992388,22.10223
1684926157.47202,32.823962,34.992389,22.101545
1684926157.47216,32.823961,34.992389,22.100864
1684926157.47224,32.823961,34.99239,22.100166
1684926157.47236,32.82396,34.99239,22.099443
1684926157.5397,32.823959,34.992391,22.09869
1684926157.53983,32.823959,34.992391,22.097874
1684926157.53989,32.823958,34.992392,22.096985
1684926157.53996,32.823958,34.992393,22.096012
1684926157.54003,32.823957,34.992393,22.095004
1684926157.54756,32.823957,34.992394,22.093988
1684926157.54767,32.823956,34.992394,22.092992
1684926157.54774,32.823956,34.992395,22.091999
1684926157.62206,32.823955,34.992396,22.09102
1684926157.62216,32.823955,34.992396,22.090058
1684926157.62227,32.823954,34.992397,22.089092
1684926157.62242,32.823953,34.992397,22.08814
1684926157.62253,32.823953,34.992398,22.087217
1684926157.62259,32.823952,34.992399,22.086305
1684926157.62268,32.823952,34.992399,22.085432
1684926157.69649,32.823951,34.9924,22.08455
1684926157.6966,32.823951,34.9924,22.083634
1684926157.69667,32.82395,34.992401,22.082705
1684926157.69673,32.82395,34.992402,22.081795
1684926157.69688,32.823949,34.992402,22.080888
1684926157.70525,32.823949,34.992403,22.079937
1684926157.70535,32.823948,34.992403,22.078891
1684926157.70542,32.823947,34.992404,22.077758
1684926157.77725,32.823947,34.992405,22.07655
1684926157.77739,32.823946,34.992405,22.075285
1684926157.77752,32.823946,34.992406,22.073991
1684926157.7776,32.823945,34.992406,22.072657
1684926157.77768,32.823945,34.992407,22.071346
1684926157.78567,32.823944,34.992408,22.070115
1684926157.78577,32.823944,34.992408,22.06898
1684926157.78583,32.823943,34.992409,22.067928
1684926157.84478,32.823943,34.992409,22.066958
1684926157.84495,32.823942,34.99241,22.066084
1684926157.84506,32.823941,34.99241,22.065406
1684926157.84513,32.823941,34.992411,22.064939
1684926157.85254,32.82394,34.992412,22.064662
1684926157.85265,32.82394,34.992412,22.064477
1684926157.85272,32.823939,34.992413,22.064323
1684926157.92342,32.823939,34.992413,22.064195
1684926157.92353,32.823938,34.992414,22.064136
1684926157.9236,32.823938,34.992414,22.064151
1684926157.92366,32.823937,34.992415,22.064239
1684926157.92374,32.823937,34.992416,22.064327
1684926157.93367,32.823936,34.992416,22.064429
1684926157.93379,32.823936,34.992417,22.064541
1684926157.93386,32.823935,34.992417,22.064605
1684926157.99862,32.823935,34.992418,22.064573
1684926157.99877,32.823934,34.992418,22.064425
1684926157.99884,32.823934,34.992419,22.064219
1684926157.999,32.823933,34.99242,22.064002
1684926158.00774,32.823933,34.99242,22.063791
1684926158.00783,32.823932,34.992421,22.063573
1684926158.00793,32.823932,34.992421,22.063292
1684926158.00805,32.823931,34.992422,22.062944
1684926158.09295,32.823931,34.992422,22.06258
1684926158.09303,32.82393,34.992423,22.062212
1684926158.09315,32.82393,34.992423,22.061848
1684926158.10429,32.823929,34.992424,22.061452
1684926158.10439,32.823929,34.992424,22.061037
1684926158.10457,32.823928,34.992425,22.060634
1684926158.11104,32.823928,34.992425,22.060269
1684926158.1455,32.823927,34.992426,22.05995
1684926158.14562,32.823927,34.992427,22.059611
1684926158.14942,32.823921,34.992431,22.051008
1684926158.14952,32.823921,34.992432,22.050596
1684926158.1496,32.823921,34.992432,22.050155
1684926158.15342,32.82392,34.992433,22.049677
1684926158.1535,32.82392,34.992433,22.049139
1684926158.15356,32.823919,34.992434,22.048551
1684926158.22707,32.823919,34.992434,22.047912
1684926158.22717,32.823918,34.992435,22.047289
1684926158.22729,32.823918,34.992435,22.046671
1684926158.22735,32.823917,34.992436,22.046047
1684926158.22741,32.823917,34.992436,22.045369
1684926158.22754,32.823916,34.992437,22.04464
1684926158.23477,32.823916,34.992437,22.043937
1684926158.23497,32.823915,34.992438,22.043317
1684926158.3034,32.823915,34.992438,22.042773
1684926158.30353,32.823914,34.992439,22.042239
1684926158.3036,32.823914,34.992439,22.041676
1684926158.30366,32.823913,34.99244,22.041066
1684926158.31229,32.823913,34.99244,22.040414
1684926158.31237,32.823913,34.992441,22.039742
1684926158.31252,32.823912,34.992441,22.039046
1684926158.38684,32.823912,34.992442,22.0383
1684926158.38695,32.823911,34.992442,22.037537
1684926158.38701,32.823911,34.992443,22.036744
1684926158.38712,32.82391,34.992443,22.035919
1684926158.38723,32.82391,34.992444,22.035043
1684926158.38737,32.823909,34.992444,22.034138
1684926158.3948,32.823909,34.992445,22.033212
1684926158.39491,32.823908,34.992445,22.032312
1684926158.47362,32.823908,34.992446,22.031402
1684926158.47377,32.823908,34.992446,22.030439
1684926158.47387,32.823907,34.992447,22.029437
1684926158.47396,32.823907,34.992447,22.028418
1684926158.48972,32.823906,34.992447,22.027402
1684926158.48987,32.823906,34.992448,22.026405
1684926158.48994,32.823905,34.992448,22.025398
1684926158.49806,32.823905,34.992449,22.02439
1684926158.53921,32.823905,34.992449,22.023398
1684926158.53931,32.823904,34.99245,22.022415
1684926158.53942,32.823904,34.99245,22.021465
1684926158.53953,32.823903,34.992451,22.020529
1684926158.53965,32.823903,34.992451,22.019591
1684926158.55781,32.823902,34.992452,22.018639
1684926158.55792,32.823902,34.992452,22.017667
1684926158.55799,32.823902,34.992452,22.016687
1684926158.61187,32.823901,34.992453,22.015719
1684926158.61199,32.823901,34.992453,22.014789
1684926158.61205,32.8239,34.992454,22.013873
1684926158.61216,32.8239,34.992454,22.012963
1684926158.61228,32.8239,34.992455,22.012083
1684926158.62003,32.823899,34.992455,22.011228
1684926158.62012,32.823899,34.992456,22.010408
1684926158.69029,32.823898,34.992456,22.009613
1684926158.70095,32.823898,34.992456,22.008836
1684926158.70102,32.823898,34.992457,22.008038
1684926158.70113,32.823897,34.992457,22.007206
1684926158.70124,32.823897,34.992458,22.006342
1684926158.70136,32.823896,34.992458,22.005434
1684926158.70147,32.823896,34.992459,22.004547
1684926158.70154,32.823896,34.992459,22.003729
1684926158.7745,32.823895,34.992459,22.002979
1684926158.77461,32.823895,34.99246,22.002286
1684926158.77472,32.823894,34.99246,22.001616
1684926158.77484,32.823894,34.992461,22.000945
1684926158.79071,32.823894,34.992461,22.000267
1684926158.79082,32.823893,34.992462,21.999622
1684926158.79089,32.823893,34.992462,21.999052
1684926158.79813,32.823893,34.992462,21.998538
1684926158.84738,32.823892,34.992463,21.998062
1684926158.84748,32.823892,34.992463,21.997606
1684926158.84758,32.823891,34.992464,21.997181
1684926158.8477,32.823891,34.992464,21.996788
1684926158.84781,32.823891,34.992464,21.996426
1684926158.85599,32.82389,34.992465,21.996072
1684926158.8561,32.82389,34.992465,21.99572
1684926158.93274,32.82389,34.992466,21.995368
1684926158.93288,32.823889,34.992466,21.995026
1684926158.93299,32.823889,34.992466,21.994684
1684926158.94415,32.823888,34.992467,21.994341
1684926158.94435,32.823888,34.992467,21.994001
1684926158.94443,32.823888,34.992468,21.993666
1684926158.9445,32.823887,34.992468,21.993314
1684926158.95111,32.823887,34.992468,21.992963
1684926159.00264,32.823887,34.992469,21.992605
1684926159.00274,32.823886,34.992469,21.99224
1684926159.00281,32.823886,34.99247,21.991886
1684926159.0029,32.823886,34.99247,21.991547
1684926159.003,32.823885,34.99247,21.991216
1684926159.01712,32.823885,34.992471,21.990915
1684926159.01721,32.823885,34.992471,21.990657
1684926159.01729,32.823884,34.992471,21.990426
1684926159.08183,32.823884,34.992472,21.990189
1684926159.08194,32.823883,34.992472,21.989933
1684926159.082,32.823883,34.992473,21.989656
1684926159.09168,32.823883,34.992473,21.98939
1684926159.09179,32.823882,34.992473,21.989132
1684926159.09189,32.823882,34.992474,21.988888
1684926159.09201,32.823882,34.992474,21.988651
1684926159.15752,32.823881,34.992474,21.988421
1684926159.15767,32.823881,34.992475,21.988195
1684926159.15773,32.823878,34.992477,21.9503
1684926159.1578,32.823878,34.992477,21.95005
1684926159.15807,32.823878,34.992478,21.949796
1684926159.15812,32.823877,34.992478,21.949544
1684926159.1656,32.823877,34.992478,21.949304
1684926159.16576,32.823876,34.992479,21.949084
1684926159.22589,32.823876,34.992479,21.948876
1684926159.22601,32.823876,34.992479,21.948668
1684926159.22609,32.823875,34.99248,21.948455
1684926159.23629,32.823875,34.99248,21.948255
1684926159.23639,32.823875,34.99248,21.948081
1684926159.2365,32.823875,34.992481,21.947909
1684926159.23656,32.823874,34.992481,21.947731
1684926159.23668,32.823874,34.992482,21.947558
1684926159.299,32.823874,34.992482,21.947384
1684926159.29911,32.823873,34.992482,21.947222
1684926159.29918,32.823873,34.992483,21.947063
1684926159.29928,32.823873,34.992483,21.946892
1684926159.2994,32.823872,34.992483,21.946706
1684926159.30736,32.823872,34.992484,21.946484
1684926159.30747,32.823872,34.992484,21.94624
1684926159.37715,32.823871,34.992484,21.946013
1684926159.37729,32.823871,34.992485,21.945807
1684926159.37734,32.823871,34.992485,21.945605
1684926159.37742,32.82387,34.992485,21.945402
1684926159.37749,32.82387,34.992486,21.94521
1684926159.37758,32.82387,34.992486,21.945037
1684926159.38666,32.823869,34.992486,21.944853
1684926159.38677,32.823869,34.992487,21.944641
1684926159.45906,32.823869,34.992487,21.944389
1684926159.45916,32.823869,34.992487,21.94412
1684926159.45922,32.823868,34.992488,21.943833
1684926159.45933,32.823868,34.992488,21.943527
1684926159.45941,32.823868,34.992488,21.943208
1684926159.45953,32.823867,34.992489,21.942891
1684926159.45959,32.823867,34.992489,21.942554
1684926159.4652,32.823867,34.992489,21.942245
1684926159.53653,32.823866,34.99249,21.941934
1684926159.5383,32.823866,34.99249,21.941589
1684926159.53838,32.823866,34.99249,21.941213
1684926159.53845,32.823866,34.992491,21.94083
1684926159.54638,32.823865,34.992491,21.94045
1684926159.54651,32.823865,34.992491,21.940096
1684926159.54661,32.823865,34.992492,21.939769
1684926159.54674,32.823864,34.992492,21.939451
1684926159.61896,32.823864,34.992492,21.93915
1684926159.61907,32.823864,34.992492,21.938853
1684926159.61922,32.823864,34.992493,21.938545
1684926159.6308,32.823863,34.992493,21.938203
1684926159.63091,32.823863,34.992493,21.937857
1684926159.63097,32.823863,34.992494,21.937512
1684926159.63109,32.823862,34.992494,21.937172
1684926159.70086,32.823862,34.992494,21.936824
1684926159.70097,32.823862,34.992495,21.93646
1684926159.70103,32.823862,34.992495,21.936109
1684926159.70115,32.823861,34.992495,21.935793
1684926159.7012,32.823861,34.992495,21.935473
1684926159.70131,32.823861,34.992496,21.93514
1684926159.70137,32.823861,34.992496,21.934769
1684926159.70149,32.82386,34.992496,21.934367
1684926159.78144,32.82386,34.992497,21.933954
1684926159.78155,32.82386,34.992497,21.93351
1684926159.78161,32.82386,34.992497,21.933047
1684926159.78173,32.823859,34.992498,21.932571
1684926159.78179,32.823859,34.992498,21.932079
1684926159.78191,32.823859,34.992498,21.93158
1684926159.78873,32.823859,34.992498,21.931065
1684926159.78883,32.823858,34.992499,21.930522
1684926159.84204,32.823858,34.992499,21.929958
1684926159.84214,32.823858,34.992499,21.929382
1684926159.84548,32.823858,34.992499,21.928795
1684926159.84559,32.823857,34.9925,21.928207
1684926159.84565,32.823857,34.9925,21.92763
1684926159.8504,32.823857,34.9925,21.927087
1684926159.85052,32.823857,34.992501,21.926559
1684926159.91967,32.823856,34.992501,21.926062
1684926159.91979,32.823856,34.992501,21.92557
1684926159.91985,32.823856,34.992501,21.925047
1684926159.9298,32.823856,34.992502,21.924483
1684926159.9299,32.823855,34.992502,21.923879
1684926159.93,32.823855,34.992502,21.92327
1684926159.93012,32.823855,34.992502,21.922646
1684926159.93018,32.823855,34.992503,21.922003
1684926160.00123,32.823854,34.992503,21.921328
1684926160.00138,32.823854,34.992503,21.920635
1684926160.00146,32.823854,34.992504,21.919947
1684926160.00154,32.823854,34.992504,21.919254
1684926160.01637,32.823853,34.992504,21.918585
1684926160.01646,32.823853,34.992504,21.917899
1684926160.01652,32.823853,34.992505,21.917209
1684926160.01667,32.823853,34.992505,21.916532
1684926160.08541,32.823853,34.992505,21.915883
1684926160.08624,32.823852,34.992505,21.915236
1684926160.08633,32.823852,34.992506,21.914608
1684926160.09621,32.823852,34.992506,21.913984
1684926160.09632,32.823852,34.992506,21.913368
1684926160.09639,32.823851,34.992506,21.912777
1684926160.09646,32.823851,34.992507,21.912193
1684926160.1436,32.823851,34.992507,21.91163
1684926160.14369,32.823851,34.992507,21.911079
1684926160.1438,32.82385,34.992507,21.885682
1684926160.14391,32.82385,34.992508,21.88515
1684926160.15879,32.823849,34.992508,21.884649
1684926160.15887,32.823849,34.992508,21.884167
1684926160.15898,32.823849,34.992508,21.883706
1684926160.15913,32.823849,34.992508,21.883267
1684926160.22868,32.823848,34.992509,21.882849
1684926160.23004,32.823848,34.992509,21.88244
1684926160.23013,32.823848,34.992509,21.882044
1684926160.23019,32.823848,34.992509,21.881624
1684926160.2303,32.823848,34.99251,21.881209
1684926160.23037,32.823847,34.99251,21.880811
1684926160.23048,32.823847,34.99251,21.880412
1684926160.23054,32.823847,34.99251,21.880019
1684926160.30849,32.823847,34.992511,21.879616
1684926160.3086,32.823847,34.992511,21.879215
1684926160.30865,32.823846,34.992511,21.87885
1684926160.31981,32.823846,34.992511,21.878495
1684926160.31989,32.823846,34.992512,21.878157
1684926160.31994,32.823846,34.992512,21.877818
1684926160.32006,32.823845,34.992512,21.877512
1684926160.39489,32.823845,34.992512,21.877193
1684926160.39497,32.823845,34.992513,21.876866
1684926160.39508,32.823845,34.992513,21.87653
1684926160.39521,32.823845,34.992513,21.876187
1684926160.40512,32.823844,34.992513,21.875853
1684926160.40525,32.823844,34.992513,21.875502
1684926160.40534,32.823844,34.992514,21.875161
1684926160.41214,32.823844,34.992514,21.874828
1684926160.47995,32.823844,34.992514,21.874519
1684926160.48003,32.823843,34.992514,21.874204
1684926160.48009,32.823843,34.992515,21.873896
1684926160.49116,32.823843,34.992515,21.873603
1684926160.49128,32.823843,34.992515,21.873295
1684926160.49135,32.823843,34.992515,21.872981
1684926160.50065,32.823842,34.992515,21.872658
1684926160.50078,32.823842,34.992516,21.872322
1684926160.53229,32.823842,34.992516,21.871959
1684926160.53238,32.823842,34.992516,21.871602
1684926160.53249,32.823842,34.992516,21.871251
1684926160.53261,32.823842,34.992516,21.870929
1684926160.5425,32.823841,34.992517,21.870607
1684926160.54264,32.823841,34.992517,21.870288
1684926160.5427,32.823841,34.992517,21.869957
1684926160.55045,32.823841,34.992517,21.869632
1684926160.60829,32.823841,34.992518,21.869305
1684926160.6084,32.82384,34.992518,21.86899
1684926160.60846,32.82384,34.992518,21.868681
1684926160.60853,32.82384,34.992518,21.868377
1684926160.61849,32.82384,34.992518,21.86808
1684926160.61858,32.82384,34.992519,21.867784
1684926160.61866,32.82384,34.992519,21.867523
1684926160.68575,32.823839,34.992519,21.867303
1684926160.68584,32.823839,34.992519,21.86709
1684926160.68599,32.823839,34.992519,21.866883
1684926160.68607,32.823839,34.99252,21.866689
1684926160.69679,32.823839,34.99252,21.866494
1684926160.69693,32.823839,34.99252,21.866311
1684926160.69704,32.823838,34.99252,21.866125
1684926160.71533,32.823838,34.99252,21.865933
1684926160.76907,32.823838,34.99252,21.865743
1684926160.76916,32.823838,34.992521,21.865567
1684926160.77048,32.823838,34.992521,21.865396
1684926160.77053,32.823838,34.992521,21.865226
1684926160.77069,32.823837,34.992521,21.865045
1684926160.77076,32.823837,34.992521,21.864851
1684926160.7709,32.823837,34.992522,21.864648
1684926160.77099,32.823837,34.992522,21.864436
1684926160.84981,32.823837,34.992522,21.864224
1684926160.84993,32.823837,34.992522,21.864001
1684926160.85,32.823836,34.992522,21.863772
1684926160.85006,32.823836,34.992522,21.863539
1684926160.85013,32.823836,34.992523,21.863305
1684926160.8574,32.823836,34.992523,21.863068
1684926160.85751,32.823836,34.992523,21.862806
1684926160.93204,32.823836,34.992523,21.862511
1684926160.93215,32.823836,34.992523,21.862218
1684926160.93226,32.823835,34.992523,21.861936
1684926160.94935,32.823835,34.992524,21.861647
1684926160.94946,32.823835,34.992524,21.861344
1684926160.94952,32.823835,34.992524,21.861035
1684926160.95669,32.823835,34.992524,21.86073
1684926160.95679,32.823835,34.992524,21.860434
1684926160.99106,32.823834,34.992524,21.860146
1684926160.99118,32.823834,34.992525,21.859875
1684926160.99124,32.823834,34.992525,21.859612
1684926160.99131,32.823834,34.992525,21.859355
1684926161.00126,32.823834,34.992525,21.859092
1684926161.0014,32.823834,34.992525,21.858823
1684926161.00148,32.823834,34.992525,21.858563
1684926161.01296,32.823834,34.992526,21.858324
1684926161.07468,32.823833,34.992526,21.858091
1684926161.07481,32.823833,34.992526,21.857856
1684926161.07506,32.823833,34.992526,21.857637
1684926161.07514,32.823833,34.992526,21.857428
1684926161.07521,32.823833,34.992526,21.857238
1684926161.08259,32.823833,34.992526,21.85707
1684926161.08268,32.823833,34.992527,21.856908
1684926161.15675,32.823832,34.992527,21.856753
1684926161.15684,32.823832,34.992527,21.856602
1684926161.15691,32.823832,34.992526,21.810672
1684926161.15703,32.823832,34.992526,21.810492
1684926161.15711,32.823831,34.992527,21.810302
1684926161.16682,32.823831,34.992527,21.810106
1684926161.16692,32.823831,34.992527,21.809904
1684926161.16698,32.823831,34.992527,21.809726
1684926161.24584,32.823831,34.992527,21.809563
1684926161.24616,32.823831,34.992527,21.809391
1684926161.24624,32.823831,34.992527,21.809213
1684926161.26584,32.823831,34.992528,21.809026
1684926161.26593,32.82383,34.992528,21.808824
1684926161.26598,32.82383,34.992528,21.808617
1684926161.2661,32.82383,34.992528,21.808381
1684926161.26621,32.82383,34.992528,21.808126
1684926161.30144,32.82383,34.992528,21.807854
1684926161.30155,32.82383,34.992528,21.807575
1684926161.30168,32.82383,34.992529,21.807301
1684926161.30179,32.82383,34.992529,21.807047
1684926161.3173,32.82383,34.992529,21.806807
1684926161.31745,32.823829,34.992529,21.806592
1684926161.31752,32.823829,34.992529,21.806387
1684926161.37992,32.823829,34.992529,21.806181
1684926161.38002,32.823829,34.992529,21.805972
1684926161.38013,32.823829,34.992529,21.805758
1684926161.39118,32.823829,34.99253,21.805567
1684926161.39128,32.823829,34.99253,21.805387
1684926161.39138,32.823829,34.99253,21.805212
1684926161.39808,32.823828,34.99253,21.805025
1684926161.39815,32.823828,34.99253,21.804847
1684926161.46941,32.823828,34.99253,21.804679
1684926161.46954,32.823828,34.99253,21.804517
1684926161.46962,32.823828,34.99253,21.804369
1684926161.48067,32.823828,34.992531,21.804225
1684926161.48965,32.823828,34.992531,21.804073
1684926161.48971,32.823828,34.992531,21.80393
1684926161.49867,32.823828,34.992531,21.803783
1684926161.49879,32.823828,34.992531,21.803633
1684926161.54757,32.823827,34.992531,21.80349
1684926161.54771,32.823827,34.992531,21.803358
1684926161.54777,32.823827,34.992531,21.803233
1684926161.54787,32.823827,34.992531,21.803093
1684926161.55596,32.823827,34.992532,21.802972
1684926161.55604,32.823827,34.992532,21.802829
1684926161.55615,32.823827,34.992532,21.80269
1684926161.55626,32.823827,34.992532,21.802542
1684926161.62805,32.823827,34.992532,21.802392
1684926161.62816,32.823827,34.992532,21.802237
1684926161.62823,32.823826,34.992532,21.802092
1684926161.6283,32.823826,34.992532,21.801955
1684926161.63851,32.823826,34.992533,21.801829
1684926161.63861,32.823826,34.992533,21.80172
1684926161.63876,32.823826,34.992533,21.801615
1684926161.69698,32.823826,34.992533,21.801513
1684926161.69708,32.823826,34.992533,21.801402
1684926161.69719,32.823826,34.992533,21.801301
1684926161.6973,32.823826,34.992533,21.801195
1684926161.69741,32.823826,34.992533,21.801099
1684926161.69752,32.823825,34.992533,21.800988
1684926161.69763,32.823825,34.992533,21.800876
1684926161.70397,32.823825,34.992534,21.800791
1684926161.7802,32.823825,34.992534,21.80072
1684926161.78032,32.823825,34.992534,21.800661
1684926161.78039,32.823825,34.992534,21.800598
1684926161.78056,32.823825,34.992534,21.800525
1684926161.78983,32.823825,34.992534,21.80045
1684926161.78993,32.823825,34.992534,21.800359
1684926161.79004,32.823825,34.992534,21.800253
1684926161.79016,32.823825,34.992534,21.800142
1684926161.85035,32.823824,34.992535,21.800023
1684926161.85047,32.823824,34.992535,21.799907
1684926161.85053,32.823824,34.992535,21.799789
1684926161.85061,32.823824,34.992535,21.799677
1684926161.86076,32.823824,34.992535,21.799563
1684926161.86092,32.823824,34.992535,21.799445
1684926161.86101,32.823824,34.992535,21.799326
1684926161.92169,32.823824,34.992535,21.799204
1684926161.92178,32.823824,34.992535,21.79909
1684926161.9219,32.823824,34.992535,21.798963
1684926161.92197,32.823824,34.992536,21.798828
1684926161.93074,32.823824,34.992536,21.79868
1684926161.932,32.823823,34.992536,21.79853
1684926161.93211,32.823823,34.992536,21.798391
1684926161.93278,32.823823,34.992536,21.798255
1684926162.00132,32.823823,34.992536,21.798132
1684926162.00143,32.823823,34.992536,21.797999
1684926162.00149,32.823823,34.992536,21.797863
1684926162.00161,32.823823,34.992536,21.797707
1684926162.00902,32.823823,34.992536,21.797548
1684926162.0091,32.823823,34.992536,21.797383
1684926162.00922,32.823823,34.992537,21.797219
1684926162.0093,32.823823,34.992537,21.797045
1684926162.0843,32.823823,34.992537,21.796883
1684926162.08442,32.823822,34.992537,21.796708
1684926162.08455,32.823822,34.992537,21.796555
1684926162.08463,32.823822,34.992537,21.796414
1684926162.08471,32.823822,34.992537,21.796265
1684926162.08478,32.823822,34.992537,21.796123
1684926162.09135,32.823822,34.992537,21.795975
1684926162.14936,32.823822,34.992537,21.795824
1684926162.16052,32.823822,34.992537,21.795665
1684926162.16065,32.823823,34.992536,21.772708
1684926162.16073,32.823823,34.992536,21.77254
1684926162.16082,32.823823,34.992536,21.77239
1684926162.16089,32.823823,34.992536,21.77224
1684926162.16796,32.823822,34.992536,21.772099
1684926162.16807,32.823822,34.992536,21.771948
1684926162.23055,32.823822,34.992536,21.771805
1684926162.23065,32.823822,34.992536,21.771676
1684926162.23071,32.823822,34.992536,21.771557
1684926162.23082,32.823822,34.992536,21.771436
1684926162.23093,32.823822,34.992536,21.771328
1684926162.24363,32.823822,34.992536,21.771214
1684926162.24374,32.823822,34.992537,21.771088
1684926162.2438,32.823822,34.992537,21.770965
1684926162.30463,32.823822,34.992537,21.770842
1684926162.30473,32.823822,34.992537,21.770721
1684926162.30481,32.823822,34.992537,21.770612
1684926162.31624,32.823822,34.992537,21.77049
1684926162.31633,32.823822,34.992537,21.770366
1684926162.3164,32.823821,34.992537,21.770241
1684926162.31655,32.823821,34.992537,21.770112
1684926162.38912,32.823821,34.992537,21.769981
1684926162.38924,32.823821,34.992537,21.769862
1684926162.38934,32.823821,34.992537,21.76975
1684926162.38939,32.823821,34.992537,21.76964
1684926162.38951,32.823821,34.992537,21.769538
1684926162.39809,32.823821,34.992538,21.769439
1684926162.39821,32.823821,34.992538,21.769346
1684926162.39827,32.823821,34.992538,21.769246
1684926162.46546,32.823821,34.992538,21.769149
1684926162.46565,32.823821,34.992538,21.769032
1684926162.46571,32.823821,34.992538,21.768917
1684926162.48059,32.823821,34.992538,21.76879
1684926162.4807,32.823821,34.992538,21.768667
1684926162.4808,32.823821,34.992538,21.768571
1684926162.48093,32.823821,34.992538,21.768478
1684926162.48102,32.82382,34.992538,21.768394
1684926162.53918,32.82382,34.992538,21.768327
1684926162.53928,32.82382,34.992538,21.768266
1684926162.53935,32.82382,34.992538,21.768193
1684926162.53943,32.82382,34.992538,21.768121
1684926162.5479,32.82382,34.992539,21.768051
1684926162.548,32.82382,34.992539,21.767982
1684926162.54808,32.82382,34.992539,21.767919
1684926162.54837,32.82382,34.992539,21.767853
1684926162.6096,32.82382,34.992539,21.767794
1684926162.60968,32.82382,34.992539,21.767755
1684926162.60979,32.82382,34.992539,21.767725
1684926162.6099,32.82382,34.992539,21.767698
1684926162.61003,32.82382,34.992539,21.767672
1684926162.61011,32.82382,34.992539,21.767649
1684926162.61608,32.82382,34.992539,21.767605
1684926162.70395,32.82382,34.992539,21.767572
1684926162.70405,32.82382,34.992539,21.767529
1684926162.70413,32.82382,34.992539,21.767487
1684926162.70419,32.82382,34.992539,21.76746
1684926162.70425,32.82382,34.992539,21.767413
1684926162.71186,32.823819,34.992539,21.76737
1684926162.71193,32.823819,34.99254,21.767321
1684926162.7121,32.823819,34.99254,21.767269
1684926162.77128,32.823819,34.99254,21.76721
1684926162.77142,32.823819,34.99254,21.767158
1684926162.7825,32.823819,34.99254,21.767108
1684926162.78258,32.823819,34.99254,21.767032
1684926162.78264,32.823819,34.99254,21.766946
1684926162.78272,32.823819,34.99254,21.766854
1684926162.79183,32.823819,34.99254,21.766765
1684926162.79198,32.823819,34.99254,21.766692
1684926162.86155,32.823819,34.99254,21.766618
1684926162.86166,32.823819,34.99254,21.766534
1684926162.86172,32.823819,34.99254,21.766445
1684926162.86183,32.823819,34.99254,21.766354
1684926162.86932,32.823819,34.99254,21.766257
1684926162.86944,32.823819,34.99254,21.766161
1684926162.86953,32.823819,34.99254,21.766066
1684926162.93049,32.823819,34.99254,21.765965
1684926162.9306,32.823819,34.99254,21.765873
1684926162.93071,32.823819,34.99254,21.765784
1684926162.93076,32.823819,34.99254,21.765711
1684926162.93088,32.823819,34.992541,21.765672
1684926162.931,32.823819,34.992541,21.765639
1684926162.93898,32.823819,34.992541,21.765613
1684926162.93913,32.823818,34.992541,21.765598
1684926162.99491,32.823818,34.992541,21.765558
1684926162.99502,32.823818,34.992541,21.765529
1684926162.99508,32.823818,34.992541,21.765499
1684926163.00616,32.823818,34.992541,21.765472
1684926163.00629,32.823818,34.992541,21.765456
1684926163.00636,32.823818,34.992541,21.765452
1684926163.00642,32.823818,34.992541,21.76544
1684926163.01272,32.823818,34.992541,21.76543
1684926163.0722,32.823818,34.992541,21.765431
1684926163.07233,32.823818,34.992541,21.765432
1684926163.0724,32.823818,34.992541,21.765441
1684926163.08221,32.823818,34.992541,21.765438
1684926163.0823,32.823818,34.992541,21.765418
1684926163.08235,32.823818,34.992541,21.765383
1684926163.08247,32.823818,34.992541,21.765342
1684926163.15181,32.823818,34.992541,21.765298
1684926163.15189,32.823818,34.992541,21.765262
1684926163.15195,32.823819,34.99254,21.756003
1684926163.15206,32.823819,34.99254,21.755935
1684926163.15219,32.823819,34.99254,21.755866
1684926163.15226,32.823819,34.99254,21.755794
1684926163.15233,32.823819,34.99254,21.755717
1684926163.15795,32.823819,34.99254,21.755642
1684926163.24063,32.823819,34.99254,21.755584
1684926163.24075,32.823819,34.99254,21.755512
1684926163.24081,32.823819,34.99254,21.755429
1684926163.24095,32.823819,34.99254,21.755359
1684926163.25043,32.823818,34.99254,21.755289
1684926163.2505,32.823818,34.99254,21.755248
1684926163.25061,32.823818,34.99254,21.755207
1684926163.25072,32.823818,34.99254,21.755178
1684926163.30559,32.823818,34.99254,21.755135
1684926163.30572,32.823818,34.99254,21.755091
1684926163.30578,32.823818,34.99254,21.75503
1684926163.3059,32.823818,34.99254,21.754958
1684926163.30597,32.823818,34.99254,21.754884
1684926163.31368,32.823818,34.99254,21.754784
1684926163.31374,32.823818,34.99254,21.754664
1684926163.37843,32.823818,34.99254,21.754532
1684926163.37852,32.823818,34.99254,21.754392
1684926163.37866,32.823818,34.99254,21.754235
1684926163.37876,32.823818,34.99254,21.754078
1684926163.37885,32.823818,34.99254,21.753894
1684926163.38695,32.823818,34.99254,21.753697
1684926163.38706,32.823818,34.99254,21.753475
1684926163.38714,32.823818,34.99254,21.753241
1684926163.46135,32.823818,34.99254,21.752989
1684926163.46158,32.823818,34.99254,21.75274
1684926163.46167,32.823818,34.99254,21.752479
1684926163.47278,32.823818,34.99254,21.752222
1684926163.47292,32.823818,34.992541,21.751969
1684926163.47299,32.823818,34.992541,21.751708
1684926163.47305,32.823818,34.992541,21.751456
1684926163.47312,32.823818,34.992541,21.751197
1684926163.53827,32.823818,34.992541,21.750941
1684926163.53837,32.823818,34.992541,21.750696
1684926163.53852,32.823818,34.992541,21.750451
1684926163.53862,32.823818,34.992541,21.750203
1684926163.54829,32.823818,34.992541,21.749965
1684926163.54846,32.823818,34.992541,21.749742
1684926163.54852,32.823818,34.992541,21.749531
1684926163.54859,32.823818,34.992541,21.749337
1684926163.61404,32.823818,34.992541,21.749151
1684926163.61416,32.823818,34.992541,21.748993
1684926163.61427,32.823818,34.992541,21.748833
1684926163.61438,32.823818,34.992541,21.74867
1684926163.62341,32.823818,34.992541,21.748516
1684926163.6235,32.823818,34.992541,21.74838
1684926163.62357,32.823818,34.992541,21.748238
1684926163.69897,32.823818,34.992541,21.748108
1684926163.69907,32.823818,34.992541,21.747982
1684926163.69913,32.823818,34.992541,21.747859
1684926163.6992,32.823818,34.992541,21.747746
1684926163.70847,32.823818,34.992541,21.747645
1684926163.70858,32.823817,34.992541,21.747543
1684926163.70865,32.823817,34.992541,21.747447
1684926163.70872,32.823817,34.992541,21.747322
1684926163.77905,32.823817,34.992541,21.747179
1684926163.77914,32.823817,34.992541,21.747015
1684926163.77925,32.823817,34.992541,21.746843
1684926163.7885,32.823817,34.992541,21.746649
1684926163.79004,32.823817,34.992541,21.746449
1684926163.79142,32.823817,34.992541,21.74624
1684926163.79165,32.823817,34.992541,21.746033
1684926163.79171,32.823817,34.992541,21.745815
1684926163.84395,32.823817,34.992541,21.745605
1684926163.84409,32.823817,34.992541,21.745384
1684926163.84425,32.823817,34.992541,21.745167
1684926163.8443,32.823817,34.992541,21.744945
1684926163.85292,32.823817,34.992541,21.744727
1684926163.85301,32.823817,34.992541,21.744507
1684926163.85309,32.823817,34.992541,21.744296
1684926163.92049,32.823817,34.992542,21.74409
1684926163.92058,32.823817,34.992542,21.743904
1684926163.92069,32.823817,34.992542,21.743739
1684926163.92081,32.823817,34.992542,21.743568
1684926163.93915,32.823817,34.992542,21.743426
1684926163.93926,32.823817,34.992542,21.743273
1684926163.93933,32.823817,34.992542,21.743126
1684926163.93939,32.823817,34.992542,21.742989
1684926164.00905,32.823817,34.992542,21.742859
1684926164.00917,32.823817,34.992542,21.742741
1684926164.00926,32.823817,34.992542,21.742623
1684926164.00934,32.823817,34.992542,21.742506
1684926164.00942,32.823817,34.992542,21.7424
1684926164.01848,32.823817,34.992542,21.742296
1684926164.01857,32.823817,34.992542,21.742189
1684926164.01868,32.823817,34.992542,21.74207
1684926164.09302,32.823817,34.992542,21.74195
1684926164.0932,32.823817,34.992542,21.741803
1684926164.09329,32.823817,34.992542,21.741639
1684926164.09337,32.823817,34.992542,21.741476
1684926164.10565,32.823817,34.992542,21.741307
1684926164.10576,32.823817,34.992542,21.741143
1684926164.10587,32.823817,34.992542,21.740987
1684926164.15132,32.823817,34.992542,21.740834
1684926164.15143,32.823816,34.992542,21.740684
1684926164.1515,32.823819,34.99254,21.753856
1684926164.15156,32.823819,34.99254,21.753741
1684926164.15162,32.823819,34.99254,21.753618
1684926164.1517,32.823819,34.99254,21.7535
1684926164.15824,32.823819,34.99254,21.753373
1684926164.15834,32.823819,34.99254,21.753243
1684926164.22765,32.823819,34.99254,21.753121
1684926164.22776,32.823819,34.99254,21.753001
1684926164.22784,32.823819,34.99254,21.752899
1684926164.22795,32.823819,34.99254,21.752798
1684926164.23795,32.823819,34.99254,21.752717
1684926164.23806,32.823819,34.99254,21.75263
1684926164.23814,32.823819,34.99254,21.752541
1684926164.23821,32.823819,34.99254,21.752446
1684926164.30453,32.823819,34.99254,21.752352
1684926164.30464,32.823819,34.99254,21.752255
1684926164.3047,32.823818,34.99254,21.752165
1684926164.31525,32.823818,34.99254,21.752074
1684926164.31535,32.823818,34.99254,21.751985
1684926164.31546,32.823818,34.99254,21.751895
1684926164.31558,32.823818,34.99254,21.751817
1684926164.38778,32.823818,34.99254,21.751738
1684926164.38789,32.823818,34.99254,21.751669
1684926164.38797,32.823818,34.99254,21.751592
1684926164.38809,32.823818,34.99254,21.751514
1684926164.38817,32.823818,34.99254,21.75142
1684926164.40633,32.823818,34.99254,21.751335
1684926164.40641,32.823818,34.99254,21.751247
1684926164.40656,32.823818,34.99254,21.751175
1684926164.4815,32.823818,34.99254,21.751123
1684926164.48162,32.823818,34.99254,21.751075
1684926164.48169,32.823818,34.99254,21.751031
1684926164.49061,32.823818,34.99254,21.750991
1684926164.49067,32.823818,34.99254,21.750949
1684926164.49073,32.823818,34.99254,21.750909
1684926164.49085,32.823818,34.99254,21.750863
1684926164.49092,32.823818,34.99254,21.75082
1684926164.53261,32.823818,34.99254,21.750759
1684926164.53271,32.823818,34.99254,21.750695
1684926164.53283,32.823818,34.99254,21.750634
1684926164.54398,32.823818,34.99254,21.750578
1684926164.54414,32.823818,34.99254,21.750547
1684926164.54423,32.823818,34.99254,21.750515
1684926164.5443,32.823818,34.99254,21.750479
1684926164.55163,32.823818,34.99254,21.750452
1684926164.60754,32.823818,34.99254,21.750424
1684926164.60783,32.823818,34.99254,21.750393
1684926164.60788,32.823818,34.992541,21.750363
1684926164.60803,32.823818,34.992541,21.750325
1684926164.60813,32.823818,34.992541,21.750278
1684926164.60822,32.823818,34.992541,21.750231
1684926164.60828,32.823818,34.992541,21.750186
1684926164.68878,32.823818,34.992541,21.750143
1684926164.68889,32.823818,34.992541,21.750099
1684926164.68896,32.823818,34.992541,21.750059
1684926164.68907,32.823818,34.992541,21.750013
1684926164.68914,32.823818,34.992541,21.749962
1684926164.69788,32.823818,34.992541,21.749895
1684926164.69804,32.823818,34.992541,21.749816
1684926164.69818,32.823818,34.992541,21.749753
1684926164.77328,32.823818,34.992541,21.749679
1684926164.7734,32.823818,34.992541,21.749612
1684926164.77345,32.823818,34.992541,21.74955
1684926164.77357,32.823818,34.992541,21.749487
1684926164.77369,32.823818,34.992541,21.749422
1684926164.782,32.823818,34.992541,21.749365
1684926164.78208,32.823818,34.992541,21.749303
1684926164.7822,32.823817,34.992541,21.749242
1684926164.8544,32.823817,34.992541,21.749182
1684926164.85456,32.823817,34.992541,21.749104
1684926164.85463,32.823817,34.992541,21.749014
1684926164.8547,32.823817,34.992541,21.748932
1684926164.85476,32.823817,34.992541,21.748849
1684926164.85487,32.823817,34.992541,21.748773
1684926164.85498,32.823817,34.992541,21.748711
1684926164.92922,32.823817,34.992541,21.748644
1684926164.92934,32.823817,34.992541,21.748568
1684926164.9294,32.823817,34.992541,21.748478
1684926164.94043,32.823817,34.992541,21.748365
1684926164.94055,32.823817,34.992541,21.748255
1684926164.94063,32.823817,34.992541,21.748141
1684926164.94763,32.823817,34.992541,21.748012
1684926164.94772,32.823817,34.992541,21.747875
1684926165.00225,32.823817,34.992541,21.747733
1684926165.00238,32.823817,34.992541,21.747603
1684926165.00248,32.823817,34.992541,21.74748
1684926165.01033,32.823817,34.992541,21.747366
1684926165.01044,32.823817,34.992541,21.74725
1684926165.01051,32.823817,34.992541,21.747129
1684926165.01058,32.823817,34.992541,21.747002
1684926165.01066,32.823817,34.992541,21.746858
1684926165.0762,32.823817,34.992541,21.746708
1684926165.07632,32.823817,34.992541,21.746559
1684926165.07644,32.823817,34.992541,21.746412
1684926165.07653,32.823817,34.992541,21.746277
1684926165.08602,32.823817,34.992541,21.746148
1684926165.0861,32.823817,34.992541,21.746014
1684926165.08621,32.823817,34.992541,21.745888
1684926165.15505,32.823817,34.992542,21.745767
1684926165.15516,32.823817,34.992542,21.745653
1684926165.15524,32.823819,34.99254,21.758164
1684926165.17632,32.823819,34.99254,21.758114
1684926165.17648,32.823819,34.99254,21.758062
1684926165.17659,32.823819,34.99254,21.75801
1684926165.17669,32.823819,34.99254,21.757956
1684926165.17678,32.823819,34.99254,21.757908
1684926165.23309,32.823819,34.99254,21.757878
1684926165.23321,32.823819,34.99254,21.757845
1684926165.2333,32.823819,34.99254,21.757813
1684926165.2334,32.823819,34.99254,21.75778
1684926165.23353,32.823819,34.99254,21.757747
1684926165.23374,32.823819,34.99254,21.757721
1684926165.24154,32.823819,34.99254,21.757691
1684926165.24163,32.823819,34.99254,21.757658
1684926165.30744,32.823818,34.99254,21.757625
1684926165.30759,32.823818,34.99254,21.757586
1684926165.30771,32.823818,34.99254,21.757558
1684926165.30777,32.823818,34.99254,21.757532
1684926165.30786,32.823818,34.99254,21.757527
1684926165.30797,32.823818,34.99254,21.757529
1684926165.3154,32.823818,34.99254,21.757528
1684926165.37733,32.823818,34.99254,21.757528
1684926165.37745,32.823818,34.99254,21.757513
1684926165.37752,32.823818,34.99254,21.757485
1684926165.37763,32.823818,34.99254,21.757457
1684926165.37771,32.823818,34.99254,21.757423
1684926165.38695,32.823818,34.99254,21.757385
1684926165.38707,32.823818,34.99254,21.757343
1684926165.38716,32.823818,34.99254,21.757296
1684926165.45723,32.823818,34.99254,21.757263
1684926165.45736,32.823818,34.99254,21.757244
1684926165.45741,32.823818,34.99254,21.757235
1684926165.45753,32.823818,34.99254,21.757218
1684926165.46793,32.823818,34.99254,21.757198
1684926165.46804,32.823818,34.99254,21.757154
1684926165.46816,32.823818,34.99254,21.757103
1684926165.46823,32.823818,34.99254,21.75706
1684926165.53656,32.823818,34.99254,21.757022
1684926165.53666,32.823818,34.99254,21.756989
1684926165.53673,32.823818,34.99254,21.756956
1684926165.53686,32.823818,34.99254,21.756924
1684926165.55052,32.823818,34.99254,21.756897
1684926165.55064,32.823818,34.99254,21.756867
1684926165.5507,32.823818,34.99254,21.756834
1684926165.55077,32.823818,34.99254,21.756799
1684926165.61884,32.823818,34.99254,21.756765
1684926165.61894,32.823818,34.99254,21.756723
1684926165.619,32.823818,34.99254,21.75667
1684926165.61912,32.823818,34.99254,21.756627
1684926165.62753,32.823818,34.99254,21.75659
1684926165.62763,32.823818,34.99254,21.756569
1684926165.62769,32.823818,34.99254,21.756549
1684926165.69948,32.823818,34.99254,21.75653
1684926165.6996,32.823818,34.99254,21.756514
1684926165.69966,32.823818,34.99254,21.756484
1684926165.69973,32.823818,34.99254,21.75644
1684926165.7079,32.823818,34.99254,21.756399
1684926165.70801,32.823818,34.99254,21.756357
1684926165.70807,32.823818,34.99254,21.756324
1684926165.70819,32.823818,34.99254,21.756292
1684926165.78543,32.823818,34.99254,21.756271
1684926165.78557,32.823818,34.99254,21.756248
1684926165.78565,32.823818,34.99254,21.756245
1684926165.78578,32.823818,34.99254,21.756231
1684926165.78592,32.823818,34.992541,21.756234
1684926165.79398,32.823818,34.992541,21.756224
1684926165.79407,32.823818,34.992541,21.756205
1684926165.79414,32.823818,34.992541,21.756183
1684926165.84821,32.823818,34.992541,21.756153
1684926165.84839,32.823818,34.992541,21.756126
1684926165.84846,32.823818,34.992541,21.756102
1684926165.84853,32.823818,34.992541,21.756087
1684926165.8486,32.823818,34.992541,21.756067
1684926165.85744,32.823818,34.992541,21.75605
1684926165.85751,32.823818,34.992541,21.756044
1684926165.92499,32.823818,34.992541,21.756045
1684926165.92512,32.823817,34.992541,21.756045
1684926165.92518,32.823817,34.992541,21.756045
1684926165.92526,32.823817,34.992541,21.756045
1684926165.92533,32.823817,34.992541,21.756052
1684926165.93789,32.823817,34.992541,21.756057
1684926165.93802,32.823817,34.992541,21.756065
1684926165.93811,32.823817,34.992541,21.756076
1684926166.00396,32.823817,34.992541,21.756095
1684926166.00408,32.823817,34.992541,21.756122
1684926166.00415,32.823817,34.992541,21.756142
1684926166.01458,32.823817,34.992541,21.756157
1684926166.01465,32.823817,34.992541,21.756175
1684926166.01476,32.823817,34.992541,21.75619
1684926166.01487,32.823817,34.992541,21.756202
1684926166.015,32.823817,34.992541,21.756218
1684926166.08645,32.823817,34.992541,21.756236
1684926166.08658,32.823817,34.992541,21.75626
1684926166.08675,32.823817,34.992541,21.756284
1684926166.08682,32.823817,34.992541,21.756311
1684926166.08954,32.823817,34.992541,21.756342
1684926166.09128,32.823817,34.992541,21.756375
1684926166.09138,32.823817,34.992541,21.756403
1684926166.14754,32.823817,34.992541,21.756419
1684926166.14766,32.823817,34.992541,21.756437
1684926166.14773,32.823819,34.992539,21.757512
1684926166.14781,32.823819,34.992539,21.757525
1684926166.14788,32.823819,34.992539,21.757543
1684926166.14796,32.823819,34.992539,21.757564
1684926166.14802,32.823819,34.992539,21.757595
1684926166.14814,32.823819,34.992539,21.757624
1684926166.22794,32.823819,34.992539,21.757652
1684926166.22809,32.823819,34.992539,21.757678
1684926166.22816,32.823819,34.992539,21.757706
1684926166.23927,32.823819,34.992539,21.757738
1684926166.23939,32.823819,34.992539,21.757766
1684926166.23947,32.823819,34.992539,21.757795
1684926166.23956,32.823819,34.992539,21.757818
1684926166.24802,32.823819,34.992539,21.757845
1684926166.30749,32.823819,34.992539,21.75788
1684926166.30936,32.823819,34.992539,21.757934
1684926166.30943,32.823819,34.992539,21.757993
1684926166.30955,32.823819,34.992539,21.758054
1684926166.31696,32.823819,34.992539,21.758118
1684926166.31705,32.823819,34.992539,21.758175
1684926166.31717,32.823819,34.992539,21.758244
1684926166.39165,32.823819,34.992539,21.758318
1684926166.39174,32.823819,34.992539,21.758385
1684926166.39184,32.823819,34.992539,21.758461
1684926166.39196,32.823819,34.992539,21.758526
1684926166.39208,32.823819,34.992539,21.758606
1684926166.40215,32.823819,34.992539,21.758683
1684926166.40226,32.823819,34.992539,21.758761
1684926166.40241,32.823819,34.992539,21.758844
1684926166.46223,32.823819,34.992539,21.758921
1684926166.46238,32.823819,34.992539,21.758997
1684926166.46244,32.823819,34.992539,21.759046
1684926166.46351,32.823819,34.992539,21.759106
1684926166.46359,32.823819,34.992539,21.759158
1684926166.47051,32.823819,34.992539,21.759216
1684926166.47063,32.823819,34.992539,21.759276
1684926166.4707,32.823819,34.992539,21.759331
1684926166.52987,32.823819,34.992539,21.759398
1684926166.52998,32.823819,34.992539,21.759457
1684926166.53009,32.823819,34.992539,21.759513
1684926166.54012,32.823819,34.992539,21.759563
1684926166.54021,32.823819,34.992539,21.759607
1684926166.54033,32.823819,34.992539,21.759654
1684926166.55056,32.823819,34.992539,21.759671
1684926166.5507,32.823819,34.992539,21.759694
1684926166.61225,32.823819,34.992539,21.759708
1684926166.61236,32.823819,34.992539,21.759726
1684926166.61243,32.823819,34.992539,21.759752
1684926166.63363,32.823819,34.992539,21.759793
1684926166.63375,32.823819,34.992539,21.759842
1684926166.63381,32.823819,34.992539,21.75989
1684926166.63388,32.823819,34.992539,21.759923
1684926166.68855,32.823819,34.992539,21.75995
1684926166.68867,32.823819,34.992539,21.759974
1684926166.68874,32.823819,34.992539,21.759993
1684926166.6888,32.823819,34.992539,21.760002
1684926166.68893,32.823819,34.992539,21.760002
1684926166.68904,32.823819,34.992539,21.760005
1684926166.68911,32.823819,34.992539,21.760005
1684926166.68918,32.823819,34.992539,21.76003
1684926166.76904,32.823819,34.992539,21.760062
1684926166.76913,32.823819,34.992539,21.760089
1684926166.76921,32.823819,34.992539,21.760124
1684926166.78028,32.823819,34.992539,21.760134
1684926166.7805,32.823819,34.992539,21.760143
1684926166.78062,32.823819,34.992539,21.760154
1684926166.78669,32.823819,34.992539,21.760161
1684926166.78682,32.823819,34.992539,21.760172
1684926166.85965,32.823819,34.992539,21.760197
1684926166.85977,32.823819,34.992539,21.760219
1684926166.85983,32.823819,34.992539,21.760238
1684926166.8599,32.823819,34.992539,21.760258
1684926166.85996,32.823819,34.992539,21.760283
1684926166.87273,32.823819,34.992539,21.760313
1684926166.87284,32.823819,34.992539,21.760335
1684926166.93582,32.823819,34.992539,21.760352
1684926166.93603,32.823819,34.992539,21.760352
1684926166.93611,32.823819,34.992539,21.760359
1684926166.93618,32.823819,34.992539,21.760369
1684926166.93625,32.823819,34.992539,21.760388
1684926166.94558,32.823819,34.992539,21.76042
1684926166.94569,32.823819,34.992539,21.760454
1684926166.94575,32.823819,34.992539,21.760487
1684926167.00028,32.823819,34.992539,21.760519
1684926167.00043,32.823819,34.992539,21.760537
1684926167.00052,32.823819,34.992539,21.76054
1684926167.00059,32.823819,34.992539,21.760552
1684926167.01107,32.823819,34.992539,21.760557
1684926167.01116,32.823819,34.992539,21.76054
1684926167.01123,32.823819,34.992539,21.760537
1684926167.01129,32.823819,34.992539,21.760524
1684926167.07421,32.823819,34.992539,21.760516
1684926167.07557,32.823819,34.992539,21.760523
1684926167.07565,32.823819,34.992539,21.760526
1684926167.0758,32.823819,34.992539,21.76053
1684926167.07607,32.823819,34.992539,21.760536
1684926167.08344,32.823819,34.992539,21.760522
1684926167.08357,32.823819,34.992539,21.7605
1684926167.15306,32.823819,34.992539,21.760492
1684926167.15316,32.823819,34.992539,21.760472
1684926167.15323,32.823819,34.992539,21.744611
1684926167.15331,32.823819,34.992539,21.744602
1684926167.16726,32.823819,34.992539,21.744592
1684926167.16736,32.823819,34.992539,21.744583
1684926167.16742,32.823819,34.992539,21.744574
1684926167.16753,32.823819,34.992539,21.744563
1684926167.23443,32.823819,34.992539,21.744551
1684926167.23452,32.823819,34.992539,21.74454
1684926167.23464,32.823819,34.992539,21.744514
1684926167.23472,32.823819,34.992539,21.744476
1684926167.24577,32.823819,34.992539,21.744439
1684926167.2459,32.823819,34.992539,21.744407
1684926167.25395,32.823819,34.992539,21.744391
1684926167.25403,32.823819,34.992539,21.744373
1684926167.31264,32.823819,34.992539,21.74436
1684926167.31281,32.823819,34.992539,21.744343
1684926167.31295,32.823819,34.992539,21.744307
1684926167.31303,32.823819,34.992539,21.744265
1684926167.32703,32.823819,34.992539,21.744213
1684926167.32735,32.823819,34.992539,21.744172
1684926167.32743,32.823819,34.992539,21.74413
1684926167.37913,32.823819,34.992539,21.744084
1684926167.37926,32.823819,34.992539,21.744042
1684926167.37938,32.823819,34.992539,21.743997
1684926167.37945,32.823819,34.992539,21.74397
1684926167.38974,32.823819,34.992539,21.743947
1684926167.38983,32.823819,34.992539,21.743934
1684926167.38995,32.823819,34.992539,21.743914
1684926167.40462,32.823819,34.992539,21.743879
1684926167.46569,32.823819,34.992539,21.743837
1684926167.46579,32.823819,34.992539,21.743792
1684926167.46589,32.823819,34.992539,21.743753
1684926167.46601,32.823819,34.992539,21.743707
1684926167.47601,32.823819,34.992539,21.743662
1684926167.48445,32.823819,34.992539,21.743618
1684926167.48453,32.823819,34.992539,21.743575
1684926167.4846,32.823819,34.992539,21.743549
1684926167.53823,32.823819,34.992539,21.743533
1684926167.53835,32.823819,34.992539,21.743523
1684926167.53842,32.823819,34.992539,21.743516
1684926167.53849,32.823819,34.992539,21.743497
1684926167.55064,32.823819,34.992539,21.743481
1684926167.55093,32.823819,34.992539,21.743472
1684926167.55103,32.823819,34.992539,21.743464
1684926167.5511,32.823819,34.992539,21.743468
1684926167.61955,32.823819,34.992539,21.743486
1684926167.61966,32.823819,34.992539,21.743498
1684926167.61972,32.823819,34.992539,21.74351
1684926167.6308,32.823819,34.992539,21.743524
1684926167.63092,32.823819,34.992539,21.743536
1684926167.63098,32.823819,34.992539,21.743538
1684926167.63792,32.823819,34.992539,21.74355
1684926167.69391,32.823819,34.992539,21.743553
1684926167.69403,32.823819,34.992539,21.743562
1684926167.69418,32.823819,34.992539,21.743567
1684926167.69424,32.823819,34.992539,21.743578
1684926167.70415,32.823819,34.992539,21.74359
1684926167.70427,32.823819,34.992539,21.74361
1684926167.70433,32.823819,34.992539,21.743632
1684926167.71077,32.823819,34.992539,21.743651
1684926167.77879,32.823819,34.992539,21.743667
1684926167.77891,32.823819,34.992539,21.743677
1684926167.77897,32.823819,34.992539,21.743682
1684926167.77904,32.823819,34.992539,21.743692
1684926167.78924,32.823819,34.992539,21.743705
1684926167.78937,32.823819,34.992539,21.743729
1684926167.78945,32.823819,34.992539,21.743765
1684926167.78952,32.823819,34.992539,21.743802
1684926167.84888,32.823819,34.992539,21.743833
1684926167.84902,32.823819,34.992539,21.743882
1684926167.84908,32.823819,34.992539,21.743929
1684926167.84915,32.823819,34.992539,21.74397
1684926167.84924,32.823819,34.992539,21.744011
1684926167.85686,32.823819,34.992539,21.744043
1684926167.85694,32.823819,34.992539,21.744071
1684926167.92349,32.823819,34.992539,21.744105
1684926167.92367,32.823819,34.992539,21.744141
1684926167.92374,32.823819,34.992539,21.744186
1684926167.92385,32.823819,34.992539,21.74424
1684926167.92391,32.823819,34.992539,21.74429
1684926167.92402,32.823819,34.992539,21.744337
1684926167.92409,32.823819,34.992539,21.74437
1684926167.9294,32.823819,34.992539,21.744393
1684926168.00021,32.823819,34.992539,21.744422
1684926168.00033,32.823819,34.992539,21.744449
1684926168.0004,32.823819,34.992539,21.744483
1684926168.0005,32.823819,34.992539,21.744512
1684926168.00067,32.823819,34.992539,21.744549
1684926168.00077,32.823819,34.992539,21.74458
1684926168.00084,32.823819,34.992539,21.744627
1684926168.0009,32.823819,34.992539,21.744666
1684926168.07441,32.823819,34.992539,21.74471
1684926168.07459,32.823819,34.992539,21.744752
1684926168.07464,32.823819,34.992539,21.744781
1684926168.07477,32.823819,34.992539,21.744804
1684926168.08386,32.823819,34.992539,21.744834
1684926168.08401,32.823819,34.992539,21.744856
1684926168.0841,32.823819,34.992539,21.744878
1684926168.14564,32.823819,34.992539,21.744909
1684926168.14579,32.823819,34.992539,21.744929
1684926168.14583,32.823819,34.992539,21.729288
1684926168.15695,32.823819,34.992539,21.729298
1684926168.15709,32.823819,34.992539,21.72929
1684926168.15718,32.823819,34.992539,21.729286
1684926168.15725,32.823819,34.992539,21.729275
1684926168.16365,32.823819,34.992539,21.729253
1684926168.22447,32.823819,34.992539,21.729218
1684926168.22458,32.823819,34.992539,21.72919
1684926168.22463,32.823819,34.992539,21.729154
1684926168.2247,32.823819,34.992539,21.729142
1684926168.22486,32.823819,34.992539,21.72913
1684926168.23385,32.823819,34.992539,21.729124
1684926168.23392,32.823819,34.992539,21.72911
1684926168.23403,32.823819,34.992539,21.729083
1684926168.30823,32.823819,34.992539,21.729057
1684926168.30836,32.823819,34.992539,21.72903
1684926168.30845,32.823819,34.992539,21.729001
1684926168.31825,32.823819,34.992539,21.728954
1684926168.31834,32.823819,34.992539,21.728911
1684926168.3184,32.823819,34.992539,21.728867
1684926168.31848,32.823819,34.992539,21.728816
1684926168.38466,32.823819,34.992539,21.728778
1684926168.38478,32.823819,34.992539,21.728735
1684926168.38484,32.823819,34.992539,21.728696
1684926168.38491,32.823819,34.992539,21.728655
1684926168.38498,32.823819,34.992539,21.728602
1684926168.39236,32.823819,34.992539,21.728532
1684926168.39242,32.823819,34.992539,21.72847
1684926168.39254,32.823819,34.992539,21.728402
1684926168.4675,32.823819,34.992539,21.728342
1684926168.46766,32.823819,34.992539,21.728284
1684926168.46773,32.823819,34.992539,21.728239
1684926168.47881,32.823819,34.992539,21.728178
1684926168.47888,32.823819,34.992539,21.728129
1684926168.479,32.823819,34.992539,21.72807
1684926168.48808,32.823819,34.992539,21.728021
1684926168.48817,32.823819,34.992539,21.727963
1684926168.53197,32.823819,34.992539,21.727892
1684926168.53215,32.823819,34.992539,21.727812
1684926168.53233,32.823819,34.992539,21.72773
1684926168.53239,32.823819,34.992539,21.727645
1684926168.53251,32.823819,34.992539,21.727565
1684926168.53267,32.823819,34.992539,21.727507
1684926168.5328,32.823819,34.992539,21.727445
1684926168.53852,32.823819,34.992539,21.727391
1684926168.61268,32.823819,34.992539,21.727331
1684926168.61279,32.823819,34.992539,21.727249
1684926168.61296,32.823819,34.992539,21.727168
1684926168.62282,32.823819,34.992539,21.727095
1684926168.62293,32.823819,34.992539,21.727004
1684926168.62326,32.823819,34.992539,21.726912
1684926168.62335,32.823819,34.992539,21.726815
1684926168.68877,32.823819,34.992539,21.726718
1684926168.68891,32.823819,34.992539,21.726643
1684926168.68897,32.823819,34.992539,21.726574
1684926168.68903,32.823819,34.992539,21.726513
1684926168.68915,32.823819,34.992539,21.726448
1684926168.69805,32.823819,34.992539,21.726372
1684926168.69817,32.823819,34.992539,21.72628
1684926168.69822,32.823819,34.992539,21.726181
1684926168.77452,32.823819,34.992539,21.726087
1684926168.77462,32.823819,34.992539,21.725998
1684926168.77473,32.823819,34.992539,21.725915
1684926168.77484,32.823819,34.992539,21.725842
1684926168.77497,32.823819,34.992539,21.725758
1684926168.78408,32.823819,34.992539,21.725684
1684926168.7844,32.823819,34.992539,21.725606
1684926168.78451,32.823819,34.992539,21.725532
1684926168.84813,32.823819,34.992539,21.725451
1684926168.84826,32.823819,34.992539,21.725371
1684926168.84832,32.823819,34.992539,21.725279
1684926168.84843,32.823819,34.992539,21.725177
1684926168.84852,32.823819,34.992539,21.725082
1684926168.86292,32.823819,34.992539,21.724985
1684926168.86303,32.823819,34.992539,21.724907
1684926168.92864,32.823819,34.992539,21.724838
1684926168.92875,32.823819,34.992539,21.724759
1684926168.92887,32.823819,34.992539,21.724697
1684926168.9393,32.823819,34.992539,21.724614
1684926168.93939,32.823819,34.992539,21.724519
1684926168.93952,32.823819,34.992539,21.724421
1684926168.9396,32.823819,34.992539,21.724332
1684926168.93969,32.823819,34.992539,21.724234
1684926168.99276,32.823819,34.992539,21.724139
1684926168.99288,32.823819,34.992539,21.724032
1684926168.99295,32.823819,34.992539,21.723942
1684926169.00395,32.823819,34.992539,21.723862
1684926169.00404,32.823819,34.992539,21.723792
1684926169.00414,32.823819,34.992539,21.723719
1684926169.00426,32.823819,34.992539,21.723645
1684926169.00437,32.823819,34.992539,21.72356
1684926169.07624,32.823819,34.992539,21.723471
1684926169.07635,32.823819,34.992539,21.723381
1684926169.07644,32.823819,34.992539,21.723284
1684926169.0959,32.823819,34.992539,21.723189
1684926169.09602,32.823819,34.992539,21.723097
1684926169.09612,32.823819,34.992539,21.722999
1684926169.0962,32.823819,34.992539,21.722913
1684926169.15609,32.823819,34.992539,21.722819
1684926169.15621,32.823819,34.992539,21.722721
1684926169.15644,32.823819,34.992539,21.70705
1684926169.15653,32.823819,34.992539,21.707017
1684926169.15659,32.823819,34.992539,21.706977
1684926169.16389,32.823819,34.992539,21.706936
1684926169.16401,32.823819,34.992539,21.706881
1684926169.16409,32.823819,34.992539,21.706824
1684926169.23505,32.823819,34.992539,21.706777
1684926169.23517,32.823819,34.992539,21.706742
1684926169.2353,32.823819,34.992539,21.706714
1684926169.24615,32.823819,34.992539,21.706682
1684926169.24632,32.823819,34.992539,21.706658
1684926169.24639,32.823819,34.992539,21.706615
1684926169.24652,32.823819,34.992539,21.706579
1684926169.24657,32.823819,34.992539,21.706547
1684926169.31686,32.823819,34.992539,21.70651
1684926169.31694,32.823819,34.992539,21.706493
1684926169.3171,32.823819,34.992538,21.706478
1684926169.31721,32.823819,34.992538,21.706461
1684926169.32438,32.823819,34.992538,21.706453
1684926169.32449,32.823819,34.992538,21.706458
1684926169.32457,32.823819,34.992538,21.706467
1684926169.38198,32.823819,34.992538,21.706473
1684926169.38209,32.823819,34.992538,21.706475
1684926169.3822,32.823819,34.992538,21.70647
1684926169.39219,32.823819,34.992538,21.706462
1684926169.39229,32.823819,34.992538,21.706449
1684926169.39242,32.823819,34.992538,21.706445
1684926169.40206,32.823819,34.992538,21.706459
1684926169.40218,32.823819,34.992538,21.706476
1684926169.45707,32.823819,34.992538,21.70649
1684926169.45718,32.823819,34.992538,21.706506
1684926169.45724,32.823819,34.992538,21.706534
1684926169.4573,32.823819,34.992538,21.706559
1684926169.45742,32.823819,34.992538,21.706578
1684926169.46497,32.823819,34.992538,21.706586
1684926169.46507,32.823819,34.992538,21.706591
1684926169.46519,32.823819,34.992538,21.706577
1684926169.53636,32.823819,34.992538,21.706573
1684926169.5365,32.823819,34.992538,21.706574
1684926169.53656,32.823819,34.992538,21.706589
1684926169.54489,32.823819,34.992538,21.706599
1684926169.54501,32.823819,34.992538,21.706614
1684926169.54507,32.823819,34.992538,21.706621
1684926169.54515,32.823819,34.992538,21.706628
1684926169.54521,32.823819,34.992538,21.706629
1684926169.61677,32.823819,34.992538,21.70663
1684926169.61688,32.823819,34.992538,21.706635
1684926169.61695,32.823819,34.992538,21.706639
1684926169.61702,32.823819,34.992538,21.706655
1684926169.61708,32.823819,34.992538,21.706671
1684926169.6234,32.823819,34.992538,21.706694
1684926169.62348,32.823819,34.992538,21.706728
1684926169.70028,32.823819,34.992538,21.706759
1684926169.70041,32.823819,34.992538,21.7068
1684926169.70046,32.823819,34.992538,21.706841
1684926169.71069,32.823819,34.992538,21.706869
1684926169.71077,32.823819,34.992538,21.706901
1684926169.71089,32.823819,34.992538,21.706921
1684926169.71095,32.823819,34.992538,21.706954
1684926169.71106,32.823819,34.992538,21.707009
1684926169.7787,32.823819,34.992538,21.707065
1684926169.77895,32.823819,34.992538,21.707132
1684926169.77902,32.823819,34.992538,21.707196
1684926169.78995,32.823819,34.992538,21.707247
1684926169.79024,32.823819,34.992538,21.707311
1684926169.79029,32.823819,34.992538,21.707366
1684926169.7904,32.823819,34.992538,21.707418
1684926169.79583,32.823819,34.992538,21.707457
1684926169.84398,32.823819,34.992538,21.707497
1684926169.8441,32.823819,34.992538,21.707535
1684926169.84421,32.823819,34.992538,21.707564
1684926169.84436,32.823819,34.992538,21.707621
1684926169.84443,32.823819,34.992538,21.707687
1684926169.84461,32.823819,34.992538,21.707759
1684926169.85056,32.823819,34.992538,21.70784
1684926169.9228,32.823819,34.992538,21.707917
1684926169.92293,32.823819,34.992538,21.707982
1684926169.92298,32.823819,34.992538,21.708051
1684926169.92314,32.823819,34.992538,21.708113
1684926169.92327,32.823819,34.992538,21.708189
1684926169.92333,32.823819,34.992538,21.708271
1684926169.92339,32.823819,34.992538,21.708356
1684926169.92345,32.823819,34.992538,21.708438
1684926170.00358,32.823819,34.992538,21.708532
1684926170.00367,32.823819,34.992538,21.708629
1684926170.00379,32.823819,34.992538,21.708719
1684926170.00387,32.823819,34.992538,21.708809
1684926170.01496,32.823819,34.992538,21.70889
1684926170.01512,32.823819,34.992538,21.708945
1684926170.0152,32.823819,34.992538,21.708997
1684926170.01526,32.823819,34.992538,21.70904
1684926170.09013,32.823819,34.992538,21.709084
1684926170.09022,32.823819,34.992538,21.709146
1684926170.09034,32.823819,34.992538,21.709207
1684926170.1053,32.823819,34.992538,21.709276
1684926170.10538,32.823819,34.992538,21.709353
1684926170.10547,32.823819,34.992538,21.709432
1684926170.10558,32.823819,34.992538,21.709503
1684926170.15625,32.823819,34.992538,21.709579
1684926170.15641,32.823819,34.992538,21.709645
1684926170.15649,32.823819,34.992538,21.69465
1684926170.15661,32.823819,34.992538,21.694664
1684926170.15668,32.823819,34.992538,21.694675
1684926170.15674,32.823819,34.992538,21.694694
1684926170.15686,32.823819,34.992538,21.694731
1684926170.15699,32.823819,34.992538,21.694769
1684926170.22535,32.823819,34.992538,21.694809
1684926170.22545,32.823819,34.992538,21.694841
1684926170.22553,32.823819,34.992538,21.694855
1684926170.22561,32.823819,34.992538,21.694866
1684926170.22569,32.823819,34.992538,21.694874
1684926170.22575,32.823819,34.992538,21.69487
1684926170.22585,32.823819,34.992538,21.69485
1684926170.23147,32.823819,34.992538,21.694821
1684926170.31291,32.823819,34.992538,21.694798
1684926170.31302,32.823819,34.992538,21.694781
1684926170.31313,32.823819,34.992538,21.694785
1684926170.3132,32.823819,34.992538,21.694785
1684926170.31326,32.823819,34.992538,21.694792
1684926170.31335,32.823819,34.992538,21.694782
1684926170.32623,32.823819,34.992538,21.694757
1684926170.38942,32.823819,34.992538,21.694725
1684926170.38953,32.823819,34.992538,21.694701
1684926170.38961,32.823819,34.992538,21.694678
1684926170.38968,32.823819,34.992538,21.694669
1684926170.39984,32.823819,34.992538,21.694675
1684926170.39995,32.823819,34.992538,21.694673
1684926170.40001,32.823819,34.992538,21.69468
1684926170.40008,32.823819,34.992538,21.694694
1684926170.46549,32.823819,34.992538,21.69471
1684926170.46559,32.823819,34.992538,21.694727
1684926170.4657,32.823819,34.992538,21.694742
1684926170.47652,32.823819,34.992538,21.694743
1684926170.47664,32.823819,34.992538,21.694741
1684926170.4767,32.823819,34.992538,21.694734
1684926170.47677,32.823819,34.992538,21.694722
1684926170.47686,32.823819,34.992538,21.694724
1684926170.53174,32.823819,34.992538,21.694728
1684926170.53187,32.823819,34.992538,21.694724
1684926170.53198,32.823819,34.992538,21.694723
1684926170.53214,32.823819,34.992538,21.694699
1684926170.53225,32.823819,34.992538,21.694666
1684926170.5323,32.823819,34.992538,21.694629
1684926170.53245,32.823819,34.992538,21.694589
1684926170.53791,32.823819,34.992538,21.694547
1684926170.62194,32.823819,34.992538,21.694498
1684926170.6221,32.823819,34.992538,21.694456
1684926170.62219,32.823819,34.992538,21.694418
1684926170.62226,32.823819,34.992538,21.694391
1684926170.6303,32.823819,34.992538,21.694379
1684926170.63039,32.823819,34.992538,21.694363
1684926170.6305,32.823819,34.992538,21.694347
1684926170.69378,32.823819,34.992538,21.694315
1684926170.69392,32.823819,34.992538,21.694269
1684926170.694,32.823819,34.992538,21.69422
1684926170.69406,32.823819,34.992538,21.69418
1684926170.6942,32.823819,34.992538,21.694134
1684926170.69426,32.823819,34.992538,21.694095
1684926170.70185,32.823819,34.992538,21.694048
1684926170.70197,32.823819,34.992538,21.69401
1684926170.76818,32.823819,34.992538,21.693998
1684926170.76826,32.823819,34.992538,21.693984
1684926170.7684,32.823819,34.992538,21.693981
1684926170.76848,32.823819,34.992538,21.693977
1684926170.77862,32.823819,34.992538,21.693965
1684926170.77879,32.823819,34.992538,21.693933
1684926170.77889,32.823819,34.992538,21.693907
1684926170.78551,32.823819,34.992538,21.693879
1684926170.85649,32.823819,34.992538,21.693857
1684926170.85658,32.823819,34.992538,21.69385
1684926170.85671,32.823819,34.992538,21.693837
1684926170.8568,32.823819,34.992538,21.693821
1684926170.85691,32.823819,34.992538,21.693796
1684926170.85703,32.823819,34.992538,21.693772
1684926170.86322,32.823819,34.992538,21.693742
1684926170.93231,32.823819,34.992538,21.693711
1684926170.9324,32.823819,34.992538,21.693677
1684926170.93251,32.823819,34.992538,21.693635
1684926170.95407,32.823819,34.992538,21.693588
1684926170.95418,32.823819,34.992538,21.693554
1684926170.95424,32.823819,34.992538,21.693525
1684926170.95436,32.823819,34.992538,21.69351
1684926170.96646,32.823819,34.992538,21.693497
1684926171.00184,32.823819,34.992538,21.693474
1684926171.00192,32.823819,34.992538,21.693457
1684926171.00203,32.823819,34.992538,21.69343
1684926171.00216,32.823819,34.992538,21.693393
1684926171.00224,32.823819,34.992538,21.693364
1684926171.0023,32.823819,34.992538,21.693349
1684926171.00236,32.823819,34.992538,21.693348
1684926171.0143,32.823819,34.992538,21.693354
1684926171.07923,32.823819,34.992538,21.693365
1684926171.07936,32.823819,34.992538,21.693381
1684926171.07941,32.823819,34.992538,21.693412
1684926171.07956,32.823819,34.992538,21.693441
1684926171.07965,32.823819,34.992538,21.693462
1684926171.0797,32.823819,34.992538,21.693484
1684926171.07982,32.823819,34.992538,21.693493
1684926171.1619,32.823819,34.992538,21.693487
1684926171.16341,32.823819,34.992538,21.693484
1684926171.16347,32.823819,34.992538,21.679359
1684926171.17232,32.823819,34.992538,21.679358
1684926171.17249,32.823819,34.992538,21.679356
1684926171.17258,32.823819,34.992538,21.679353
1684926171.18153,32.823819,34.992538,21.679348
1684926171.18161,32.823819,34.992538,21.679353
1684926171.23269,32.823819,34.992538,21.679371
1684926171.23281,32.823819,34.992538,21.679381
1684926171.23287,32.823819,34.992538,21.679398
1684926171.233,32.823819,34.992538,21.679426
1684926171.24295,32.823819,34.992538,21.679463
1684926171.24314,32.823819,34.992538,21.679493
1684926171.2432,32.823819,34.992538,21.679541
1684926171.24938,32.823819,34.992538,21.679593
1684926171.31861,32.823819,34.992538,21.679653
1684926171.31872,32.823819,34.992538,21.679716
1684926171.31883,32.823819,34.992538,21.679776
1684926171.31894,32.823819,34.992538,21.679831
1684926171.31906,32.823819,34.992538,21.679889
1684926171.31917,32.823819,34.992538,21.679935
1684926171.32512,32.823819,34.992538,21.679989
1684926171.38484,32.823819,34.992538,21.680048
1684926171.38496,32.823819,34.992538,21.680097
1684926171.38504,32.823819,34.992538,21.680151
1684926171.3851,32.823819,34.992538,21.680204
1684926171.38518,32.823819,34.992538,21.680277
1684926171.39275,32.823819,34.992538,21.680338
1684926171.39285,32.823819,34.992538,21.680402
1684926171.39296,32.823819,34.992538,21.680464
1684926171.46043,32.823819,34.992538,21.680513
1684926171.46056,32.823819,34.992538,21.680562
1684926171.46067,32.823819,34.992538,21.680607
1684926171.46078,32.823819,34.992538,21.680653
1684926171.47039,32.823819,34.992538,21.680721
1684926171.47069,32.823819,34.992538,21.680799
1684926171.47074,32.823819,34.992538,21.680884
1684926171.47085,32.823819,34.992538,21.680978
1684926171.53598,32.823819,34.992538,21.681077
1684926171.53609,32.823819,34.992538,21.681178
1684926171.53617,32.823819,34.992538,21.681284
1684926171.53625,32.823819,34.992538,21.681382
1684926171.53632,32.823819,34.992538,21.681471
1684926171.5452,32.823819,34.992538,21.681555
1684926171.54533,32.823819,34.992538,21.681633
1684926171.5454,32.823819,34.992538,21.681724
1684926171.62909,32.823819,34.992538,21.681821
1684926171.62934,32.823819,34.992538,21.681934
1684926171.6294,32.823819,34.992538,21.682044
1684926171.62952,32.823819,34.992538,21.682155
1684926171.64244,32.823819,34.992538,21.682262
1684926171.64253,32.823819,34.992538,21.682362
1684926171.64261,32.823819,34.992538,21.68247
1684926171.7043,32.823819,34.992538,21.682571
1684926171.70488,32.823819,34.992538,21.682665
1684926171.70495,32.823819,34.992538,21.682755
1684926171.71461,32.823819,34.992538,21.68284
1684926171.71738,32.823819,34.992538,21.682932
1684926171.71744,32.823819,34.992538,21.683029
1684926171.71755,32.823819,34.992538,21.683131
1684926171.71766,32.823819,34.992538,21.683235
1684926171.77521,32.823819,34.992538,21.683339
1684926171.77534,32.823819,34.992538,21.683434
1684926171.77543,32.823819,34.992538,21.683514
1684926171.7755,32.823819,34.992538,21.683594
1684926171.7849,32.823819,34.992538,21.683672
1684926171.78502,32.823819,34.992538,21.68375
1684926171.78508,32.823819,34.992538,21.68384
1684926171.78515,32.823819,34.992538,21.683917
1684926171.8487,32.823819,34.992538,21.684
1684926171.8515,32.823819,34.992538,21.684092
1684926171.85158,32.823819,34.992538,21.684181
1684926171.85171,32.823819,34.992538,21.684269
1684926171.85179,32.823819,34.992538,21.68435
1684926171.85186,32.823819,34.992538,21.68442
1684926171.85194,32.823819,34.992538,21.684467
1684926171.92056,32.823819,34.992538,21.684519
1684926171.92065,32.823819,34.992538,21.684562
1684926171.92076,32.823819,34.992538,21.684622
1684926171.92087,32.823819,34.992538,21.684701
1684926171.92099,32.823819,34.992538,21.684784
1684926171.92923,32.823819,34.992538,21.684873
1684926171.92935,32.823819,34.992538,21.68497
1684926171.92946,32.823819,34.992538,21.685046
1684926171.99988,32.823819,34.992538,21.685119
1684926172,32.823819,34.992538,21.685193
1684926172.00007,32.823819,34.992538,21.685254
1684926172.00015,32.823819,34.992538,21.685307
1684926172.00022,32.823819,34.992538,21.685355
1684926172.00029,32.823819,34.992538,21.685402
1684926172.00658,32.823819,34.992538,21.68545
1684926172.00667,32.823819,34.992538,21.685518
1684926172.07923,32.823819,34.992538,21.685591
1684926172.07931,32.823819,34.992538,21.685655
1684926172.07942,32.823819,34.992538,21.685723
1684926172.10081,32.823819,34.992538,21.685776
1684926172.1009,32.823819,34.992538,21.685829
1684926172.10101,32.823819,34.992538,21.685882
1684926172.10112,32.823819,34.992538,21.68592
1684926172.16307,32.823819,34.992538,21.685943
1684926172.16321,32.823819,34.992538,21.685968
1684926172.16329,32.823819,34.992538,21.672482
1684926172.16336,32.823819,34.992538,21.672487
1684926172.16343,32.823819,34.992538,21.672498
1684926172.17087,32.823819,34.992538,21.672498
1684926172.17099,32.823819,34.992538,21.672501
1684926172.17104,32.823819,34.992538,21.672496
1684926172.22586,32.823819,34.992538,21.672478
1684926172.22602,32.823819,34.992538,21.672449
1684926172.2261,32.823819,34.992538,21.672426
1684926172.22618,32.823819,34.992538,21.672398
1684926172.23513,32.823819,34.992538,21.672374
1684926172.23523,32.823819,34.992538,21.672373
1684926172.23534,32.823819,34.992538,21.672355
1684926172.2354,32.823819,34.992538,21.672346
1684926172.30664,32.823819,34.992538,21.672343
1684926172.30672,32.823819,34.992538,21.672334
1684926172.30684,32.823819,34.992538,21.672334
1684926172.32851,32.823819,34.992538,21.672335
1684926172.32858,32.823819,34.992538,21.672323
1684926172.32869,32.823819,34.992538,21.672311
1684926172.3288,32.823819,34.992538,21.672306
1684926172.38605,32.823819,34.992538,21.672305
1684926172.38613,32.823819,34.992538,21.672322
1684926172.38624,32.823819,34.992538,21.67235
1684926172.38635,32.823819,34.992538,21.672384
1684926172.38647,32.823819,34.992538,21.672414
1684926172.40059,32.823819,34.992538,21.672431
1684926172.40068,32.823819,34.992537,21.67243
1684926172.40084,32.823819,34.992537,21.672434
1684926172.4694,32.823819,34.992537,21.672437
1684926172.46948,32.823819,34.992537,21.672428
1684926172.46959,32.823819,34.992537,21.672411
1684926172.48068,32.823819,34.992537,21.672392
1684926172.48081,32.823819,34.992537,21.672376
1684926172.48091,32.823819,34.992537,21.672378
1684926172.481,32.823819,34.992537,21.672387
1684926172.48713,32.823819,34.992537,21.672391
1684926172.52962,32.823819,34.992537,21.672399
1684926172.52975,32.823819,34.992537,21.672404
1684926172.52982,32.823819,34.992537,21.672388
1684926172.53237,32.823819,34.992537,21.672375
1684926172.53244,32.823819,34.992537,21.672372
1684926172.53255,32.823819,34.992537,21.672359
1684926172.53718,32.823819,34.992537,21.672346
1684926172.53733,32.823819,34.992537,21.672336
1684926172.61681,32.823819,34.992537,21.672321
1684926172.61692,32.823819,34.992537,21.672308
1684926172.62791,32.823819,34.992537,21.672292
1684926172.62802,32.823819,34.992537,21.672273
1684926172.6281,32.823819,34.992537,21.672258
1684926172.6366,32.823819,34.992537,21.672227
1684926172.63677,32.823819,34.992537,21.672193
1684926172.68825,32.823819,34.992537,21.672162
1684926172.68841,32.823819,34.992537,21.672121
1684926172.68845,32.823819,34.992537,21.672105
1684926172.68857,32.823819,34.992537,21.672093
1684926172.69808,32.823819,34.992537,21.672086
1684926172.69821,32.823819,34.992537,21.672076
1684926172.69826,32.823819,34.992537,21.672077
1684926172.69896,32.823819,34.992537,21.672075
1684926172.77722,32.823819,34.992537,21.672077
1684926172.77732,32.823819,34.992537,21.672075
1684926172.77743,32.823819,34.992537,21.672089
1684926172.77755,32.823819,34.992537,21.672106
1684926172.80366,32.823819,34.992537,21.672122
1684926172.8038,32.823819,34.992537,21.672147
1684926172.80389,32.823819,34.992537,21.672182
1684926172.80394,32.823819,34.992537,21.672211
1684926172.85768,32.823819,34.992537,21.672239
1684926172.85779,32.823819,34.992537,21.672273
1684926172.85786,32.823819,34.992537,21.672294
1684926172.85792,32.823819,34.992537,21.67231
1684926172.86798,32.823819,34.992537,21.672304
1684926172.86814,32.823819,34.992537,21.672306
1684926172.86823,32.823819,34.992537,21.672302
1684926172.92323,32.823819,34.992537,21.672321
1684926172.92374,32.823819,34.992537,21.672331
1684926172.92385,32.823819,34.992537,21.672345
1684926172.92392,32.823819,34.992537,21.672357
1684926172.924,32.823819,34.992537,21.672375
1684926172.92408,32.823819,34.992537,21.672403
1684926172.92415,32.823819,34.992537,21.672434
1684926172.92984,32.823819,34.992537,21.672465
1684926173.0097,32.823819,34.992537,21.67248
1684926173.0098,32.823819,34.992537,21.672486
1684926173.00995,32.823819,34.992537,21.672496
1684926173.01004,32.823819,34.992537,21.672514
1684926173.01914,32.823819,34.992537,21.672543
1684926173.01924,32.823819,34.992537,21.672566
1684926173.01932,32.823819,34.992537,21.672589
1684926173.0194,32.823819,34.992537,21.672618
1684926173.07521,32.823819,34.992537,21.672639
1684926173.07532,32.823819,34.992537,21.672663
1684926173.07543,32.823819,34.992537,21.672684
1684926173.07554,32.823819,34.992537,21.672709
1684926173.0756,32.823819,34.992537,21.672738
1684926173.0757,32.823819,34.992537,21.672769
1684926173.07576,32.823819,34.992537,21.672797
1684926173.1536,32.823819,34.992537,21.672831
1684926173.15369,32.823819,34.992537,21.672883
1684926173.1538,32.82382,34.992537,21.659287
1684926173.15392,32.82382,34.992537,21.659303
1684926173.15403,32.82382,34.992537,21.659309
1684926173.1541,32.82382,34.992537,21.659315
1684926173.16182,32.82382,34.992537,21.659311
1684926173.16192,32.82382,34.992537,21.659308
1684926173.23504,32.82382,34.992537,21.659307
1684926173.23515,32.82382,34.992537,21.659309
1684926173.23522,32.82382,34.992537,21.659325
1684926173.2463,32.82382,34.992537,21.659326
1684926173.24653,32.82382,34.992537,21.659329
1684926173.24661,32.82382,34.992537,21.659325
1684926173.2467,32.82382,34.992537,21.659329
1684926173.25479,32.82382,34.992537,21.659327
1684926173.32106,32.82382,34.992537,21.659341
1684926173.32118,32.82382,34.992537,21.659339
1684926173.32133,32.82382,34.992537,21.659344
1684926173.3214,32.82382,34.992537,21.659367
1684926173.32153,32.82382,34.992537,21.659394
1684926173.3402,32.82382,34.992537,21.659441
1684926173.34034,32.82382,34.992537,21.6595
1684926173.36957,32.82382,34.992537,21.659568
1684926173.3697,32.82382,34.992537,21.659646
1684926173.36976,32.82382,34.992537,21.65972
1684926173.36983,32.82382,34.992537,21.659795
1684926173.37832,32.82382,34.992537,21.659867
1684926173.37844,32.82382,34.992537,21.659925
1684926173.3785,32.82382,34.992537,21.659973
1684926173.37856,32.82382,34.992537,21.66001
1684926173.45786,32.82382,34.992537,21.660036
1684926173.45796,32.82382,34.992537,21.660073
1684926173.45807,32.82382,34.992537,21.660118
1684926173.45815,32.82382,34.992537,21.660169
1684926173.46794,32.82382,34.992537,21.660227
1684926173.46801,32.82382,34.992537,21.66029
1684926173.46812,32.82382,34.992537,21.660338
1684926173.46824,32.82382,34.992537,21.660371
1684926173.54123,32.82382,34.992537,21.660416
1684926173.54135,32.82382,34.992537,21.660452
1684926173.54146,32.82382,34.992537,21.660507
1684926173.54153,32.82382,34.992537,21.660563
1684926173.55146,32.82382,34.992537,21.660611
1684926173.55157,32.82382,34.992537,21.660663
1684926173.56099,32.82382,34.992537,21.660721
1684926173.56111,32.82382,34.992537,21.660775
1684926173.61909,32.82382,34.992537,21.660834
1684926173.61919,32.82382,34.992537,21.660884
1684926173.61927,32.82382,34.992537,21.660927
1684926173.62925,32.82382,34.992537,21.660953
1684926173.62937,32.82382,34.992537,21.66098
1684926173.62943,32.82382,34.992537,21.661005
1684926173.63657,32.82382,34.992537,21.661042
1684926173.70535,32.82382,34.992537,21.661089
1684926173.70545,32.82382,34.992537,21.661142
1684926173.70552,32.82382,34.992537,21.661196
1684926173.70558,32.82382,34.992537,21.661247
1684926173.71885,32.82382,34.992537,21.661286
1684926173.71892,32.82382,34.992537,21.661324
1684926173.71903,32.82382,34.992537,21.661367
1684926173.71914,32.82382,34.992537,21.6614
1684926173.78542,32.82382,34.992537,21.661428
1684926173.78559,32.82382,34.992537,21.661456
1684926173.78568,32.82382,34.992537,21.661486
1684926173.78573,32.82382,34.992537,21.661523
1684926173.7949,32.82382,34.992537,21.661575
1684926173.79499,32.82382,34.992537,21.661632
1684926173.79506,32.82382,34.992537,21.661683
1684926173.79513,32.82382,34.992537,21.661731
1684926173.83811,32.82382,34.992537,21.661757
1684926173.83821,32.82382,34.992537,21.66178
1684926173.83832,32.82382,34.992537,21.661797
1684926173.83844,32.82382,34.992537,21.661808
1684926173.83855,32.82382,34.992537,21.661806
1684926173.84615,32.82382,34.992537,21.661806
1684926173.84626,32.82382,34.992537,21.661801
1684926173.92129,32.82382,34.992537,21.661809
1684926173.92137,32.82382,34.992537,21.661819
1684926173.92143,32.82382,34.992537,21.661828
1684926173.92154,32.82382,34.992537,21.661849
1684926173.92165,32.82382,34.992537,21.66186
1684926173.9289,32.82382,34.992537,21.661863
1684926173.92897,32.82382,34.992537,21.66187
1684926173.9291,32.82382,34.992537,21.661874
1684926174.00956,32.82382,34.992537,21.661879
1684926174.00971,32.82382,34.992537,21.66189
1684926174.00979,32.82382,34.992537,21.661896
1684926174.00987,32.82382,34.992537,21.661907
1684926174.01001,32.82382,34.992537,21.661913
1684926174.0101,32.82382,34.992537,21.661919
1684926174.01658,32.82382,34.992537,21.661917
1684926174.01674,32.82382,34.992537,21.66192
1684926174.0856,32.82382,34.992537,21.661922
1684926174.08569,32.82382,34.992537,21.661904
1684926174.0858,32.82382,34.992537,21.661891
1684926174.08592,32.82382,34.992537,21.661884
1684926174.09736,32.82382,34.992537,21.66187
1684926174.09746,32.82382,34.992537,21.661878
1684926174.09753,32.82382,34.992537,21.6619
1684926174.16865,32.82382,34.992537,21.661911
1684926174.16877,32.82382,34.992537,21.661938
1684926174.16883,32.82382,34.992537,21.649195
1684926174.16891,32.82382,34.992537,21.649197
1684926174.18346,32.82382,34.992537,21.649195
1684926174.1854,32.82382,34.992537,21.649195
1684926174.18545,32.82382,34.992537,21.649165
1684926174.18558,32.82382,34.992537,21.64914
1684926174.22589,32.82382,34.992537,21.649112
1684926174.22599,32.82382,34.992537,21.64908
1684926174.22606,32.82382,34.992537,21.649065
1684926174.22614,32.82382,34.992537,21.64905
1684926174.24782,32.82382,34.992537,21.649036
1684926174.24793,32.82382,34.992537,21.649022
1684926174.24804,32.82382,34.992537,21.649
1684926174.25577,32.82382,34.992537,21.648956
1684926174.30712,32.82382,34.992537,21.648913
1684926174.30725,32.82382,34.992537,21.648876
1684926174.30731,32.82382,34.992537,21.648829
1684926174.30746,32.82382,34.992537,21.648785
1684926174.31697,32.82382,34.992537,21.648736
1684926174.31705,32.82382,34.992537,21.648698
1684926174.31716,32.82382,34.992537,21.648666
1684926174.38814,32.82382,34.992537,21.648629
1684926174.38826,32.82382,34.992537,21.648592
1684926174.38833,32.82382,34.992537,21.648549
1684926174.3884,32.82382,34.992537,21.648494
1684926174.39819,32.82382,34.992537,21.648429
1684926174.39829,32.82382,34.992537,21.64836
1684926174.39836,32.82382,34.992537,21.64829
1684926174.39847,32.82382,34.992537,21.648226
1684926174.46863,32.82382,34.992537,21.648169
1684926174.46875,32.82382,34.992537,21.648106
1684926174.46881,32.82382,34.992537,21.648053
1684926174.46886,32.82382,34.992537,21.647987
1684926174.46895,32.82382,34.992537,21.647929
1684926174.47702,32.82382,34.992537,21.647866
1684926174.47711,32.82382,34.992537,21.64781
1684926174.47716,32.82382,34.992537,21.64775
1684926174.53865,32.82382,34.992537,21.647696
1684926174.53875,32.82382,34.992537,21.647641
1684926174.53882,32.82382,34.992537,21.647599
1684926174.55816,32.82382,34.992537,21.64756
1684926174.55828,32.82382,34.992537,21.647535
1684926174.55836,32.82382,34.992537,21.647503
1684926174.55842,32.82382,34.992537,21.647475
1684926174.55849,32.82382,34.992537,21.647443
1684926174.61279,32.82382,34.992537,21.647395
1684926174.61301,32.82382,34.992537,21.647348
1684926174.6131,32.82382,34.992537,21.647295
1684926174.61317,32.82382,34.992537,21.64724
1684926174.61323,32.82382,34.992537,21.647197
1684926174.62185,32.82382,34.992537,21.647152
1684926174.62195,32.82382,34.992537,21.647112
1684926174.69243,32.82382,34.992537,21.647079
1684926174.69259,32.82382,34.992537,21.647054
1684926174.6927,32.82382,34.992537,21.647043
1684926174.70273,32.82382,34.992537,21.647022
1684926174.70281,32.82382,34.992537,21.646992
1684926174.70292,32.82382,34.992537,21.646957
1684926174.71148,32.82382,34.992537,21.646916
1684926174.71161,32.82382,34.992537,21.64687
1684926174.77242,32.82382,34.992537,21.646828
1684926174.77258,32.82382,34.992537,21.64679
1684926174.77268,32.82382,34.992537,21.646758
1684926174.78396,32.82382,34.992537,21.646721
1684926174.78411,32.82382,34.992537,21.646676
1684926174.78415,32.82382,34.992537,21.646617
1684926174.79242,32.82382,34.992537,21.646562
1684926174.79257,32.82382,34.992537,21.646515
1684926174.8497,32.82382,34.992537,21.646459
1684926174.84982,32.82382,34.992537,21.646405
1684926174.84989,32.82382,34.992537,21.646366
1684926174.86042,32.82382,34.992537,21.646321
1684926174.86054,32.82382,34.992537,21.646297
1684926174.86065,32.82382,34.992537,21.646269
1684926174.86072,32.82382,34.992537,21.646254
1684926174.93012,32.82382,34.992537,21.646238
1684926174.93022,32.82382,34.992537,21.646226
1684926174.93034,32.82382,34.992537,21.646203
1684926174.93042,32.82382,34.992537,21.64618
1684926174.93049,32.82382,34.992537,21.646154
1684926174.93983,32.82382,34.992537,21.646135
1684926174.93993,32.82382,34.992537,21.646126
1684926174.94001,32.82382,34.992537,21.646126
1684926175.01306,32.82382,34.992537,21.646139
1684926175.01321,32.82382,34.992537,21.646143
1684926175.01331,32.82382,34.992537,21.646156
1684926175.01343,32.82382,34.992537,21.646171
1684926175.02924,32.82382,34.992537,21.646184
1684926175.02939,32.82382,34.992537,21.646191
1684926175.02944,32.82382,34.992537,21.646181
1684926175.03646,32.82382,34.992537,21.64616
1684926175.07242,32.82382,34.992537,21.646138
1684926175.07255,32.82382,34.992537,21.646113
1684926175.07262,32.82382,34.992537,21.646083
1684926175.07268,32.82382,34.992537,21.646082
1684926175.07275,32.82382,34.992537,21.646073
1684926175.07282,32.82382,34.992537,21.646077
1684926175.07291,32.82382,34.992537,21.64608
1684926175.16149,32.82382,34.992537,21.646086
1684926175.16159,32.82382,34.992537,21.646095
1684926175.16169,32.82382,34.992537,21.633678
1684926175.16176,32.82382,34.992537,21.633678
1684926175.16187,32.82382,34.992537,21.633697
1684926175.16201,32.82382,34.992537,21.633726
1684926175.16983,32.82382,34.992537,21.633756
1684926175.16994,32.82382,34.992537,21.633795
1684926175.23735,32.82382,34.992537,21.633831
1684926175.23745,32.82382,34.992537,21.63387
1684926175.23751,32.82382,34.992537,21.63391
1684926175.23992,32.82382,34.992537,21.633931
1684926175.23999,32.82382,34.992537,21.633948
1684926175.24488,32.82382,34.992537,21.633953
1684926175.245,32.82382,34.992537,21.633953
1684926175.24511,32.82382,34.992537,21.633951
1684926175.31303,32.82382,34.992537,21.633968
1684926175.31314,32.82382,34.992537,21.633965
1684926175.3132,32.82382,34.992537,21.633986
1684926175.31332,32.82382,34.992537,21.634007
1684926175.32054,32.82382,34.992537,21.634002
1684926175.32061,32.82382,34.992537,21.634004
1684926175.32073,32.82382,34.992537,21.634003
1684926175.38045,32.82382,34.992537,21.633995
1684926175.38092,32.82382,34.992537,21.633981
1684926175.38102,32.82382,34.992537,21.633964
1684926175.38108,32.82382,34.992537,21.63395
1684926175.38916,32.82382,34.992537,21.633936
1684926175.38925,32.82382,34.992537,21.633952
1684926175.38931,32.82382,34.992537,21.63396
1684926175.38943,32.82382,34.992537,21.633974
1684926175.45908,32.82382,34.992537,21.633981
1684926175.45916,32.82382,34.992537,21.633966
1684926175.45927,32.82382,34.992537,21.63395
1684926175.45939,32.82382,34.992537,21.633926
1684926175.46869,32.82382,34.992537,21.633889
1684926175.46879,32.82382,34.992537,21.633852
1684926175.46891,32.82382,34.992537,21.633807
1684926175.46899,32.82382,34.992537,21.63377
1684926175.54092,32.82382,34.992537,21.633739
1684926175.54102,32.82382,34.992537,21.63374
1684926175.5411,32.82382,34.992537,21.633737
1684926175.54116,32.82382,34.992537,21.633755
1684926175.54124,32.82382,34.992537,21.633769
1684926175.55001,32.82382,34.992537,21.63377
1684926175.5501,32.82382,34.992537,21.633766
1684926175.55016,32.82382,34.992537,21.633762
1684926175.61614,32.82382,34.992537,21.633752
1684926175.61633,32.82382,34.992537,21.633756
1684926175.61642,32.82382,34.992537,21.633756
1684926175.61649,32.82382,34.992537,21.633753
1684926175.62625,32.82382,34.992537,21.633747
1684926175.62634,32.82382,34.992537,21.633742
1684926175.6264,32.82382,34.992537,21.633741
1684926175.69926,32.82382,34.992537,21.633741
1684926175.69936,32.82382,34.992537,21.633738
1684926175.69947,32.82382,34.992537,21.633713
1684926175.69958,32.82382,34.992537,21.633695
1684926175.69969,32.82382,34.992537,21.63368
1684926175.69981,32.82382,34.992537,21.633666
1684926175.70732,32.82382,34.992537,21.633669
1684926175.70742,32.82382,34.992537,21.633672
1684926175.77709,32.82382,34.992537,21.633679
1684926175.77722,32.82382,34.992537,21.633691
1684926175.77728,32.82382,34.992537,21.633681
1684926175.77741,32.82382,34.992537,21.63365
1684926175.793,32.82382,34.992537,21.633624
1684926175.79335,32.82382,34.992537,21.633583
1684926175.7934,32.82382,34.992537,21.633542
1684926175.79351,32.82382,34.992537,21.633486
1684926175.8509,32.82382,34.992537,21.633427
1684926175.85098,32.82382,34.992537,21.633371
1684926175.85109,32.82382,34.992537,21.633332
1684926175.8512,32.82382,34.992537,21.633298
1684926175.85927,32.82382,34.992537,21.633264
1684926175.85942,32.82382,34.992537,21.633235
1684926175.85949,32.82382,34.992537,21.633201
1684926175.92873,32.82382,34.992537,21.633151
1684926175.92884,32.82382,34.992537,21.63311
1684926175.9289,32.82382,34.992537,21.633058
1684926175.92897,32.82382,34.992537,21.632993
1684926175.9444,32.82382,34.992537,21.632926
1684926175.94448,32.82382,34.992537,21.632855
1684926175.94453,32.82382,34.992537,21.632793
1684926175.94465,32.82382,34.992537,21.632741
1684926176.00458,32.82382,34.992537,21.632697
1684926176.0047,32.82382,34.992537,21.632651
1684926176.00479,32.82382,34.992537,21.632602
1684926176.00487,32.82382,34.992537,21.632553
1684926176.00494,32.82382,34.992537,21.632495
1684926176.02394,32.82382,34.992537,21.63243
1684926176.0241,32.82382,34.992537,21.632377
1684926176.02416,32.82382,34.992537,21.632331
1684926176.08003,32.82382,34.992537,21.632289
1684926176.08014,32.82382,34.992537,21.63226
1684926176.08025,32.82382,34.992537,21.632228
1684926176.08917,32.82382,34.992537,21.632197
1684926176.08926,32.82382,34.992537,21.632162
1684926176.08933,32.82382,34.992537,21.632112
1684926176.08944,32.82382,34.992537,21.632078
1684926176.16921,32.82382,34.992537,21.632019
1684926176.16933,32.82382,34.992537,21.631959
1684926176.16939,32.82382,34.992536,21.620196
1684926176.16951,32.82382,34.992536,21.620181
1684926176.17992,32.82382,34.992536,21.620172
1684926176.18008,32.82382,34.992536,21.620174
1684926176.18016,32.82382,34.992536,21.620184
1684926176.18794,32.82382,34.992536,21.620196
1684926176.22731,32.82382,34.992536,21.620204
1684926176.22739,32.82382,34.992536,21.620201
1684926176.2275,32.82382,34.992536,21.620189
1684926176.22761,32.82382,34.992536,21.620188
1684926176.22772,32.82382,34.992536,21.62018
1684926176.23683,32.82382,34.992536,21.620175
1684926176.23735,32.82382,34.992536,21.620173
1684926176.23742,32.82382,34.992536,21.620164
1684926176.30665,32.82382,34.992536,21.620168
1684926176.30675,32.82382,34.992536,21.620183
1684926176.30682,32.82382,34.992536,21.620193
1684926176.30688,32.82382,34.992536,21.620208
1684926176.30695,32.82382,34.992536,21.62022
1684926176.30701,32.82382,34.992536,21.620217
1684926176.30707,32.82382,34.992536,21.620208
1684926176.38814,32.82382,34.992536,21.620202
1684926176.38823,32.82382,34.992536,21.620198
1684926176.38834,32.82382,34.992536,21.620189
1684926176.38845,32.82382,34.992536,21.620187
1684926176.38858,32.82382,34.992536,21.620189
1684926176.39673,32.82382,34.992536,21.620191
1684926176.39687,32.82382,34.992536,21.620183
1684926176.39696,32.82382,34.992536,21.620173
1684926176.46435,32.82382,34.992536,21.620166
1684926176.46449,32.82382,34.992536,21.620167
1684926176.46456,32.82382,34.992536,21.620157
1684926176.46464,32.82382,34.992536,21.620158
1684926176.47266,32.82382,34.992536,21.620161
1684926176.47275,32.82382,34.992536,21.620168
1684926176.47282,32.82382,34.992536,21.620188
1684926176.47289,32.82382,34.992536,21.62022
1684926176.52905,32.82382,34.992536,21.62024
1684926176.52912,32.82382,34.992536,21.620255
1684926176.52923,32.82382,34.992536,21.620274
1684926176.52935,32.82382,34.992536,21.620285
1684926176.52942,32.82382,34.992536,21.620288
1684926176.52949,32.82382,34.992536,21.620294
1684926176.52957,32.82382,34.992536,21.620293
1684926176.53495,32.82382,34.992536,21.620291
1684926176.61026,32.82382,34.992536,21.620292
1684926176.61035,32.82382,34.992536,21.620285
1684926176.61047,32.82382,34.992536,21.620291
1684926176.61054,32.82382,34.992536,21.620296
1684926176.61066,32.82382,34.992536,21.620297
1684926176.61756,32.82382,34.992536,21.620308
1684926176.61767,32.82382,34.992536,21.620303
1684926176.68994,32.82382,34.992536,21.620294
1684926176.69004,32.82382,34.992536,21.620283
1684926176.69016,32.82382,34.992536,21.620283
1684926176.70106,32.82382,34.992536,21.620284
1684926176.70117,32.82382,34.992536,21.6203
1684926176.70125,32.82382,34.992536,21.620319
1684926176.70152,32.82382,34.992536,21.620326
1684926176.7017,32.82382,34.992536,21.620337
1684926176.77187,32.82382,34.992536,21.620339
1684926176.77211,32.82382,34.992536,21.620349
1684926176.7722,32.82382,34.992536,21.620352
1684926176.77228,32.82382,34.992536,21.620336
1684926176.77236,32.82382,34.992536,21.62033
1684926176.77243,32.82382,34.992536,21.620318
1684926176.77251,32.82382,34.992536,21.620315
1684926176.77262,32.82382,34.992536,21.620321
1684926176.85218,32.82382,34.992536,21.620346
1684926176.85229,32.82382,34.992536,21.62038
1684926176.85234,32.82382,34.992536,21.620413
1684926176.86335,32.82382,34.992536,21.620422
1684926176.86345,32.82382,34.992536,21.620441
1684926176.86356,32.82382,34.992536,21.620444
1684926176.86376,32.82382,34.992536,21.620448
1684926176.93003,32.82382,34.992536,21.620456
1684926176.93015,32.82382,34.992536,21.620466
1684926176.9302,32.82382,34.992536,21.620479
1684926176.93032,32.82382,34.992536,21.620478
1684926176.93044,32.82382,34.992536,21.620494
1684926176.93054,32.82382,34.992536,21.620512
1684926176.93063,32.82382,34.992536,21.620531
1684926176.93603,32.82382,34.992536,21.62056
1684926177.00907,32.82382,34.992536,21.62057
1684926177.00919,32.82382,34.992536,21.620571
1684926177.0093,32.82382,34.992536,21.620575
1684926177.00935,32.82382,34.992536,21.620574
1684926177.01858,32.82382,34.992536,21.620589
1684926177.01866,32.82382,34.992536,21.620622
1684926177.01877,32.82382,34.992536,21.620649
1684926177.01888,32.82382,34.992536,21.62068
1684926177.07498,32.82382,34.992536,21.6207
1684926177.0751,32.82382,34.992536,21.62071
1684926177.07516,32.82382,34.992536,21.620721
1684926177.07528,32.82382,34.992536,21.620721
1684926177.07537,32.82382,34.992536,21.620719
1684926177.07543,32.82382,34.992536,21.620712
1684926177.08716,32.82382,34.992536,21.620694
1684926177.15539,32.82382,34.992536,21.620689
1684926177.15577,32.82382,34.992536,21.620688
1684926177.15583,32.82382,34.992536,21.607985
1684926177.15592,32.82382,34.992536,21.607989
1684926177.15597,32.82382,34.992536,21.608001
1684926177.15608,32.82382,34.992536,21.608007
1684926177.1562,32.82382,34.992536,21.608
1684926177.16232,32.82382,34.992536,21.607984
1684926177.23367,32.82382,34.992536,21.607984
1684926177.23379,32.82382,34.992536,21.607967
1684926177.23386,32.82382,34.992536,21.607938
1684926177.23393,32.82382,34.992536,21.607909
1684926177.23399,32.82382,34.992536,21.607884
1684926177.23407,32.82382,34.992536,21.607859
1684926177.24182,32.82382,34.992536,21.607838
1684926177.24195,32.82382,34.992536,21.60781
1684926177.32146,32.82382,34.992536,21.607782
1684926177.32163,32.82382,34.992536,21.607743
1684926177.32171,32.82382,34.992536,21.607701
1684926177.33718,32.82382,34.992536,21.60764
1684926177.33731,32.82382,34.992536,21.607585
1684926177.33736,32.82382,34.992536,21.607525
1684926177.33749,32.82382,34.992536,21.607483
1684926177.3773,32.82382,34.992536,21.607446
1684926177.37742,32.82382,34.992536,21.60741
1684926177.37748,32.82382,34.992536,21.607379
1684926177.3776,32.82382,34.992536,21.607353
1684926177.37766,32.82382,34.992536,21.607324
1684926177.37772,32.82382,34.992536,21.607293
1684926177.38441,32.82382,34.992536,21.607266
1684926177.38459,32.82382,34.992536,21.607229
1684926177.45892,32.82382,34.992536,21.607179
1684926177.45904,32.82382,34.992536,21.607136
1684926177.4591,32.82382,34.992536,21.607097
1684926177.45916,32.82382,34.992536,21.607072
1684926177.45925,32.82382,34.992536,21.607058
1684926177.46593,32.82382,34.992536,21.607043
1684926177.46603,32.82382,34.992536,21.607026
1684926177.46609,32.82382,34.992536,21.606995
1684926177.53567,32.82382,34.992536,21.606947
1684926177.53577,32.82382,34.992536,21.606898
1684926177.53583,32.82382,34.992536,21.60685
1684926177.53595,32.82382,34.992536,21.606789
1684926177.54667,32.82382,34.992536,21.606717
1684926177.54675,32.82382,34.992536,21.606656
1684926177.54686,32.82382,34.992536,21.6066
1684926177.54697,32.82382,34.992536,21.606557
1684926177.6157,32.82382,34.992536,21.60653
1684926177.61582,32.82382,34.992536,21.606516
1684926177.61593,32.82382,34.992536,21.606499
1684926177.61604,32.82382,34.992536,21.606468
1684926177.61615,32.82382,34.992536,21.606428
1684926177.61626,32.82382,34.992536,21.606387
1684926177.61638,32.82382,34.992536,21.606344
1684926177.69588,32.82382,34.992536,21.60628
1684926177.69599,32.82382,34.992536,21.606206
1684926177.6961,32.82382,34.992536,21.606131
1684926177.70602,32.82382,34.992536,21.606059
1684926177.70612,32.82382,34.992536,21.605988
1684926177.70619,32.82382,34.992536,21.605902
1684926177.70626,32.82382,34.992536,21.605817
1684926177.71392,32.82382,34.992536,21.605734
1684926177.77394,32.82382,34.992536,21.605629
1684926177.77406,32.82382,34.992536,21.605507
1684926177.77428,32.82382,34.992536,21.605382
1684926177.77436,32.82382,34.992536,21.605252
1684926177.78303,32.82382,34.992536,21.605125
1684926177.78312,32.82382,34.992536,21.605011
1684926177.78319,32.82382,34.992536,21.604889
1684926177.78326,32.82382,34.992536,21.604772
1684926177.85056,32.82382,34.992536,21.604657
1684926177.8507,32.82382,34.992536,21.604533
1684926177.85078,32.82382,34.992536,21.604406
1684926177.85092,32.82382,34.992536,21.604297
1684926177.85881,32.82382,34.992536,21.604183
1684926177.85891,32.82382,34.992536,21.604071
1684926177.85899,32.82382,34.992536,21.603969
1684926177.92364,32.82382,34.992536,21.60387
1684926177.92376,32.82382,34.992536,21.603785
1684926177.92383,32.82382,34.992536,21.603723
1684926177.92394,32.82382,34.992536,21.603677
1684926177.93257,32.82382,34.992536,21.60363
1684926177.93268,32.82382,34.992536,21.603571
1684926177.93273,32.82382,34.992536,21.603501
1684926177.93285,32.82382,34.992536,21.603414
1684926178.00123,32.82382,34.992536,21.603341
1684926178.00135,32.82382,34.992536,21.603255
1684926178.00146,32.82382,34.992536,21.603173
1684926178.00158,32.82382,34.992536,21.603085
1684926178.00169,32.82382,34.992536,21.602988
1684926178.01616,32.82382,34.992536,21.602891
1684926178.01628,32.82382,34.992536,21.602807
1684926178.01635,32.82382,34.992536,21.602717
1684926178.08047,32.82382,34.992536,21.60262
1684926178.08075,32.82382,34.992536,21.602516
1684926178.08083,32.82382,34.992536,21.602384
1684926178.0809,32.82382,34.992536,21.602254
1684926178.09075,32.82382,34.992536,21.602114
1684926178.09084,32.82382,34.992536,21.601985
1684926178.09095,32.82382,34.992536,21.601874
1684926178.15987,32.82382,34.992536,21.601766
1684926178.16003,32.82382,34.992536,21.601666
1684926178.1601,32.82382,34.992536,21.588699
1684926178.16017,32.82382,34.992536,21.58867
1684926178.16766,32.82382,34.992536,21.588642
1684926178.16775,32.82382,34.992536,21.588616
1684926178.16781,32.82382,34.992536,21.588581
1684926178.16794,32.82382,34.992536,21.588559
1684926178.22978,32.82382,34.992536,21.588529
1684926178.2299,32.82382,34.992536,21.588498
1684926178.22996,32.82382,34.992536,21.588471
1684926178.23005,32.82382,34.992536,21.588461
1684926178.23012,32.82382,34.992536,21.58845
1684926178.23021,32.82382,34.992536,21.58843
1684926178.23657,32.82382,34.992536,21.588419
1684926178.23681,32.82382,34.992536,21.588387
1684926178.30492,32.82382,34.992536,21.588355
1684926178.30504,32.82382,34.992536,21.588318
1684926178.30511,32.82382,34.992536,21.588276
1684926178.31606,32.82382,34.992536,21.588247
1684926178.31616,32.82382,34.992536,21.588228
1684926178.31622,32.82382,34.992536,21.58821
1684926178.31634,32.82382,34.992536,21.588182
1684926178.38409,32.82382,34.992536,21.588169
1684926178.38419,32.82382,34.992536,21.588161
1684926178.3843,32.82382,34.992536,21.588145
1684926178.39553,32.82382,34.992536,21.588136
1684926178.39564,32.82382,34.992536,21.588103
1684926178.39569,32.82382,34.992536,21.588074
1684926178.39581,32.82382,34.992536,21.58804
1684926178.4078,32.82382,34.992536,21.588003
1684926178.46853,32.82382,34.992536,21.587977
1684926178.46865,32.82382,34.992536,21.58796
1684926178.46872,32.82382,34.992536,21.587958
1684926178.4688,32.82382,34.992536,21.587941
1684926178.46888,32.82382,34.992536,21.587944
1684926178.47694,32.82382,34.992536,21.587956
1684926178.47703,32.82382,34.992536,21.587963
1684926178.4771,32.82382,34.992536,21.587973
1684926178.53351,32.82382,34.992536,21.587968
1684926178.53362,32.82382,34.992536,21.587965
1684926178.53368,32.82382,34.992536,21.587955
1684926178.53379,32.82382,34.992536,21.587956
1684926178.53392,32.82382,34.992536,21.587954
1684926178.54157,32.82382,34.992536,21.587961
1684926178.54167,32.82382,34.992536,21.587968
1684926178.54174,32.82382,34.992536,21.587985
1684926178.61729,32.82382,34.992536,21.587995
1684926178.6174,32.82382,34.992536,21.587987
1684926178.61746,32.82382,34.992536,21.587984
1684926178.61752,32.82382,34.992536,21.587978
1684926178.62805,32.82382,34.992536,21.587982
1684926178.62815,32.82382,34.992536,21.587987
1684926178.62822,32.82382,34.992536,21.587984
1684926178.69477,32.82382,34.992536,21.58799
1684926178.69487,32.82382,34.992536,21.587997
1684926178.69493,32.82382,34.992536,21.588016
1684926178.70499,32.82382,34.992536,21.588038
1684926178.70507,32.82382,34.992536,21.588054
1684926178.70518,32.82382,34.992536,21.588068
1684926178.7053,32.82382,34.992536,21.58808
1684926178.70539,32.82382,34.992536,21.58809
1684926178.77029,32.82382,34.992536,21.588093
1684926178.77048,32.82382,34.992536,21.588106
1684926178.77057,32.82382,34.992536,21.588133
1684926178.77063,32.82382,34.992536,21.588176
1684926178.77981,32.82382,34.992536,21.588207
1684926178.77994,32.82382,34.992536,21.588243
1684926178.78001,32.82382,34.992536,21.588264
1684926178.78014,32.82382,34.992536,21.588293
1684926178.85123,32.82382,34.992536,21.588306
1684926178.85153,32.82382,34.992536,21.588322
1684926178.85162,32.82382,34.992536,21.588317
1684926178.86617,32.82382,34.992536,21.588322
1684926178.86631,32.82382,34.992536,21.588317
1684926178.86638,32.82382,34.992536,21.58833
1684926178.86658,32.82382,34.992536,21.588359
1684926178.93695,32.82382,34.992536,21.588406
1684926178.93703,32.82382,34.992536,21.588447
1684926178.93714,32.82382,34.992536,21.588486
1684926178.93726,32.82382,34.992536,21.588514
1684926178.93734,32.82382,34.992536,21.588544
1684926178.9445,32.82382,34.992536,21.588578
1684926178.94483,32.82382,34.992536,21.58861
1684926178.94491,32.82382,34.992536,21.58865
1684926179.00822,32.82382,34.992536,21.588697
1684926179.00831,32.82382,34.992536,21.588737
1684926179.00842,32.82382,34.992536,21.588783
1684926179.00854,32.82382,34.992536,21.588844
1684926179.0086,32.82382,34.992536,21.588889
1684926179.00867,32.82382,34.992536,21.58894
1684926179.0151,32.82382,34.992536,21.588981
1684926179.01527,32.82382,34.992536,21.589004
1684926179.08187,32.82382,34.992536,21.589021
1684926179.08246,32.82382,34.992536,21.589022
1684926179.0826,32.82382,34.992536,21.589026
1684926179.0827,32.82382,34.992536,21.589035
1684926179.0912,32.82382,34.992536,21.589037
1684926179.09127,32.82382,34.992536,21.589048
1684926179.0914,32.82382,34.992536,21.589058
1684926179.15742,32.82382,34.992536,21.589055
1684926179.15754,32.82382,34.992536,21.589036
1684926179.1576,32.82382,34.992536,21.574246
1684926179.15772,32.82382,34.992536,21.574239
1684926179.15781,32.82382,34.992536,21.574217
1684926179.15793,32.82382,34.992536,21.574194
1684926179.16495,32.82382,34.992536,21.574175
1684926179.16503,32.82382,34.992536,21.574159
1684926179.23299,32.82382,34.992536,21.574169
1684926179.23309,32.82382,34.992536,21.574188
1684926179.23317,32.82382,34.992536,21.574205
1684926179.24432,32.82382,34.992536,21.574232
1684926179.24471,32.82382,34.992536,21.574244
1684926179.24482,32.82382,34.992536,21.574243
1684926179.2449,32.82382,34.992536,21.574249
1684926179.25622,32.82382,34.992536,21.574246
1684926179.31243,32.82382,34.992536,21.574231
1684926179.31254,32.82382,34.992536,21.5742
1684926179.31265,32.82382,34.992536,21.57418
1684926179.31276,32.82382,34.992536,21.57415
1684926179.31287,32.82382,34.992536,21.574138
1684926179.31304,32.82382,34.992536,21.574134
1684926179.31317,32.82382,34.992536,21.57413
1684926179.38143,32.82382,34.992536,21.574122
1684926179.38158,32.82382,34.992536,21.574102
1684926179.38167,32.82382,34.992536,21.57406
1684926179.38173,32.82382,34.992536,21.574034
1684926179.38179,32.82382,34.992536,21.573997
1684926179.39137,32.82382,34.992536,21.573974
1684926179.39147,32.82382,34.992536,21.573958
1684926179.39153,32.82382,34.992536,21.573949
1684926179.46551,32.82382,34.992536,21.573941
1684926179.46565,32.82382,34.992536,21.573934
1684926179.4657,32.82382,34.992536,21.573931
1684926179.46583,32.82382,34.992536,21.573927
1684926179.47477,32.82382,34.992536,21.57392
1684926179.47488,32.82382,34.992536,21.573902
1684926179.47494,32.82382,34.992536,21.573878
1684926179.47506,32.82382,34.992536,21.573852
1684926179.54472,32.82382,34.992536,21.573825
1684926179.54484,32.82382,34.992536,21.573806
1684926179.54493,32.82382,34.992536,21.573801
1684926179.54501,32.82382,34.992536,21.573789
1684926179.54509,32.82382,34.992536,21.573792
1684926179.54517,32.82382,34.992536,21.573792
1684926179.55318,32.82382,34.992536,21.573763
1684926179.5533,32.82382,34.992536,21.573737
1684926179.6156,32.82382,34.992536,21.573714
1684926179.6157,32.82382,34.992536,21.573693
1684926179.6158,32.82382,34.992536,21.573659
1684926179.61592,32.82382,34.992536,21.573626
1684926179.62404,32.82382,34.992536,21.573599
1684926179.62412,32.82382,34.992536,21.573582
1684926179.62423,32.82382,34.992536,21.573586
1684926179.70549,32.82382,34.992536,21.573586
1684926179.70569,32.82382,34.992536,21.573585
1684926179.7166,32.82382,34.992536,21.573582
1684926179.71672,32.82382,34.992536,21.57355
1684926179.71679,32.82382,34.992536,21.573521
1684926179.71686,32.82382,34.992536,21.573487
1684926179.71695,32.82382,34.992536,21.573458
1684926179.72265,32.82382,34.992536,21.573417
1684926179.77832,32.82382,34.992536,21.573373
1684926179.7784,32.82382,34.992536,21.573327
1684926179.77851,32.82382,34.992536,21.573296
1684926179.77865,32.82382,34.992536,21.573265
1684926179.78816,32.82382,34.992536,21.57323
1684926179.78829,32.82382,34.992536,21.573188
1684926179.78836,32.82382,34.992536,21.573148
1684926179.78848,32.82382,34.992536,21.573103
1684926179.84162,32.82382,34.992536,21.57305
1684926179.84175,32.82382,34.992536,21.572995
1684926179.84182,32.82382,34.992536,21.572951
1684926179.8419,32.82382,34.992536,21.572928
1684926179.84196,32.82382,34.992536,21.572914
1684926179.84204,32.82382,34.992536,21.572909
1684926179.84764,32.82382,34.992536,21.5729
1684926179.92038,32.82382,34.992536,21.572891
1684926179.9205,32.82382,34.992536,21.572878
1684926179.9254,32.82382,34.992536,21.572877
1684926179.9276,32.82382,34.992536,21.572879
1684926179.92769,32.82382,34.992536,21.572874
1684926179.92774,32.82382,34.992536,21.572867
1684926179.92786,32.82382,34.992536,21.572865
1684926179.92793,32.82382,34.992536,21.57287
1684926180.0047,32.82382,34.992536,21.572875
1684926180.00479,32.82382,34.992536,21.57289
1684926180.0049,32.82382,34.992536,21.572907
1684926180.00501,32.82382,34.992536,21.572919
1684926180.01998,32.82382,34.992536,21.57292
1684926180.02008,32.82382,34.992536,21.572904
1684926180.02019,32.82382,34.992536,21.572886
1684926180.02031,32.82382,34.992536,21.572883
1684926180.08872,32.82382,34.992536,21.572887
1684926180.08881,32.82382,34.992536,21.572893
1684926180.08892,32.82382,34.992536,21.572899
1684926180.08904,32.82382,34.992536,21.572906
1684926180.08916,32.82382,34.992536,21.572918
1684926180.09527,32.82382,34.992536,21.572933
1684926180.09538,32.82382,34.992536,21.572951
1684926180.16368,32.82382,34.992536,21.572963
1684926180.1638,32.82382,34.992536,21.572966
1684926180.16385,32.82382,34.992536,21.557783
1684926180.16396,32.82382,34.992536,21.557781
1684926180.16412,32.82382,34.992536,21.557775
1684926180.17148,32.82382,34.992536,21.55778
1684926180.17158,32.82382,34.992536,21.557799
1684926180.17163,32.82382,34.992536,21.557815
1684926180.22465,32.82382,34.992536,21.557847
1684926180.22475,32.82382,34.992536,21.557878
1684926180.2248,32.82382,34.992536,21.557928
1684926180.22492,32.82382,34.992536,21.557974
1684926180.22499,32.82382,34.992536,21.558017
1684926180.23487,32.82382,34.992536,21.558072
1684926180.23498,32.82382,34.992536,21.558128
1684926180.24154,32.82382,34.992536,21.558189
1684926180.30546,32.82382,34.992536,21.558252
1684926180.30558,32.82382,34.992536,21.558326
1684926180.30569,32.82382,34.992536,21.558402
1684926180.3145,32.82382,34.992536,21.558488
1684926180.31462,32.82382,34.992536,21.558568
1684926180.31468,32.82382,34.992536,21.558634
1684926180.31475,32.82382,34.992536,21.558695
1684926180.38112,32.82382,34.992536,21.558753
1684926180.38124,32.82382,34.992536,21.558802
1684926180.38132,32.82382,34.992536,21.558852
1684926180.38139,32.82382,34.992536,21.558901
1684926180.40137,32.82382,34.992536,21.558944
1684926180.40155,32.82382,34.992536,21.558995
1684926180.4016,32.82382,34.992536,21.559048
1684926180.40171,32.82382,34.992536,21.559112
1684926180.46817,32.82382,34.992536,21.559175
1684926180.4683,32.82382,34.992536,21.559244
1684926180.46847,32.82382,34.992536,21.559313
1684926180.47839,32.82382,34.992536,21.559371
1684926180.47848,32.82382,34.992536,21.559424
1684926180.47859,32.82382,34.992536,21.559483
1684926180.47871,32.82382,34.992536,21.559551
1684926180.48696,32.82382,34.992536,21.559649
1684926180.53129,32.82382,34.992536,21.559757
1684926180.53138,32.82382,34.992536,21.559856
1684926180.53144,32.82382,34.992536,21.559958
1684926180.53151,32.82382,34.992536,21.56005
1684926180.53161,32.82382,34.992536,21.560133
1684926180.53167,32.82382,34.992536,21.560222
1684926180.54107,32.82382,34.992536,21.560292
1684926180.5412,32.82382,34.992536,21.560356
1684926180.611,32.82382,34.992536,21.56041
1684926180.61113,32.82382,34.992536,21.560459
1684926180.61122,32.82382,34.992536,21.560514
1684926180.62009,32.82382,34.992536,21.560593
1684926180.62016,32.82382,34.992536,21.560683
1684926180.62027,32.82382,34.992536,21.560763
1684926180.62039,32.82382,34.992536,21.560845
1684926180.69405,32.82382,34.992536,21.560919
1684926180.69418,32.82382,34.992536,21.560999
1684926180.69426,32.82382,34.992536,21.561078
1684926180.69432,32.82382,34.992536,21.561139
1684926180.70471,32.82382,34.992536,21.56121
1684926180.70481,32.82382,34.992536,21.561275
1684926180.70497,32.82382,34.992536,21.561348
1684926180.70511,32.82382,34.992536,21.561423
1684926180.77086,32.82382,34.992536,21.561502
1684926180.77094,32.82382,34.992536,21.561585
1684926180.77105,32.82382,34.992536,21.561667
1684926180.77116,32.82382,34.992536,21.561739
1684926180.77134,32.82382,34.992536,21.561802
1684926180.77953,32.82382,34.992536,21.561851
1684926180.77964,32.82382,34.992536,21.561903
1684926180.7797,32.82382,34.992536,21.561957
1684926180.85718,32.82382,34.992536,21.562018
1684926180.85729,32.82382,34.992536,21.562076
1684926180.85735,32.82382,34.992536,21.562128
1684926180.86843,32.82382,34.992536,21.562186
1684926180.86853,32.82382,34.992536,21.562255
1684926180.8686,32.82382,34.992536,21.562309
1684926180.86867,32.82382,34.992536,21.562358
1684926180.93083,32.82382,34.992536,21.56241
1684926180.93094,32.82382,34.992536,21.56244
1684926180.93105,32.82382,34.992536,21.562458
1684926180.93118,32.82382,34.992536,21.562491
1684926180.94589,32.82382,34.992536,21.562519
1684926180.94818,32.82382,34.992536,21.562566
1684926180.94828,32.82382,34.992536,21.562632
1684926180.94834,32.82382,34.992536,21.562698
1684926181.01608,32.82382,34.992536,21.562768
1684926181.01622,32.82382,34.992536,21.562825
1684926181.01628,32.82382,34.992536,21.562873
1684926181.0318,32.82382,34.992536,21.562914
1684926181.0319,32.82382,34.992536,21.562949
1684926181.03198,32.82382,34.992536,21.562973
1684926181.03205,32.82382,34.992536,21.562987
1684926181.03212,32.82382,34.992536,21.562995
1684926181.08264,32.82382,34.992536,21.563018
1684926181.08274,32.82382,34.992536,21.563037
1684926181.08285,32.82382,34.992536,21.56307
1684926181.08296,32.82382,34.992536,21.563104
1684926181.08308,32.82382,34.992536,21.563132
1684926181.08319,32.82382,34.992536,21.563152
1684926181.08911,32.82382,34.992536,21.563168
1684926181.15792,32.82382,34.992536,21.563181
1684926181.15802,32.82382,34.992536,21.563197
1684926181.15808,32.82382,34.992536,21.54755
1684926181.15821,32.82382,34.992536,21.547539
1684926181.15828,32.82382,34.992536,21.54754
1684926181.15839,32.82382,34.992536,21.54753
1684926181.1656,32.82382,34.992536,21.54753
1684926181.16568,32.82382,34.992536,21.547523
1684926181.23292,32.82382,34.992536,21.547521
1684926181.23305,32.82382,34.992536,21.547517
1684926181.23311,32.82382,34.992536,21.547509
1684926181.23317,32.82382,34.992536,21.547495
1684926181.23325,32.82382,34.992536,21.54748
1684926181.2333,32.82382,34.992536,21.547451
1684926181.23341,32.82382,34.992536,21.547439
1684926181.23901,32.82382,34.992536,21.547438
1684926181.31261,32.82382,34.992536,21.547433
1684926181.31272,32.82382,34.992536,21.547429
1684926181.31278,32.82382,34.992536,21.547432
1684926181.32239,32.82382,34.992536,21.547432
1684926181.32248,32.82382,34.992536,21.547435
1684926181.32254,32.82382,34.992536,21.547448
1684926181.32265,32.82382,34.992536,21.547443
1684926181.37584,32.82382,34.992536,21.547438
1684926181.37593,32.82382,34.992536,21.547435
1684926181.37605,32.82382,34.992536,21.547434
1684926181.37612,32.82382,34.992536,21.547435
1684926181.38542,32.82382,34.992536,21.547448
1684926181.38555,32.82382,34.992536,21.547478
1684926181.38574,32.82382,34.992536,21.547494
1684926181.38584,32.82382,34.992536,21.547508
1684926181.45974,32.82382,34.992536,21.5475
1684926181.45985,32.82382,34.992536,21.547487
1684926181.45991,32.82382,34.992536,21.547482
1684926181.46004,32.82382,34.992536,21.547459
1684926181.46944,32.82382,34.992536,21.547436
1684926181.46957,32.82382,34.992536,21.547411
1684926181.46978,32.82382,34.992536,21.547387
1684926181.46985,32.82382,34.992536,21.547381
1684926181.53632,32.82382,34.992536,21.54738
1684926181.53645,32.82382,34.992536,21.54739
1684926181.53654,32.82382,34.992536,21.547393
1684926181.5366,32.82382,34.992536,21.547394
1684926181.54482,32.82382,34.992536,21.54738
1684926181.54493,32.82382,34.992536,21.547358
1684926181.545,32.82382,34.992536,21.547336
1684926181.54508,32.82382,34.992536,21.54732
1684926181.61939,32.82382,34.992536,21.54732
1684926181.61947,32.82382,34.992536,21.54732
1684926181.61958,32.82382,34.992536,21.547326
1684926181.6197,32.82382,34.992536,21.547324
1684926181.61981,32.82382,34.992536,21.547321
1684926181.61992,32.82382,34.992536,21.547305
1684926181.62593,32.82382,34.992536,21.547284
1684926181.69787,32.82382,34.992536,21.547264
1684926181.69795,32.82382,34.992536,21.547239
1684926181.69807,32.82382,34.992536,21.547207
1684926181.69818,32.82382,34.992536,21.547179
1684926181.70635,32.82382,34.992536,21.54715
1684926181.70643,32.82382,34.992536,21.547131
1684926181.70655,32.82382,34.992536,21.547127
1684926181.70666,32.82382,34.992536,21.547117
1684926181.778,32.82382,34.992536,21.547115
1684926181.7782,32.82382,34.992536,21.547092
1684926181.77828,32.82382,34.992536,21.547068
1684926181.77838,32.82382,34.992536,21.54704
1684926181.77853,32.82382,34.992536,21.54702
1684926181.77862,32.82382,34.992536,21.547005
1684926181.77874,32.82382,34.992536,21.546993
1684926181.78937,32.82382,34.992536,21.546995
1684926181.8485,32.82382,34.992536,21.546993
1684926181.84871,32.82382,34.992536,21.547003
1684926181.84882,32.82382,34.992536,21.547012
1684926181.85709,32.82382,34.992536,21.547028
1684926181.85721,32.82382,34.992536,21.547038
1684926181.85728,32.82382,34.992536,21.547041
1684926181.85733,32.82382,34.992536,21.547041
1684926181.92916,32.82382,34.992536,21.547033
1684926181.92926,32.82382,34.992536,21.547034
1684926181.92933,32.82382,34.992536,21.54703
1684926181.92939,32.82382,34.992536,21.54704
1684926181.93933,32.82382,34.992536,21.547054
1684926181.93942,32.82382,34.992536,21.547061
1684926181.93948,32.82382,34.992536,21.547081
1684926181.9396,32.82382,34.992536,21.547098
1684926182.00161,32.82382,34.992536,21.547112
1684926182.00173,32.82382,34.992536,21.547139
1684926182.0018,32.82382,34.992536,21.547159
1684926182.01282,32.82382,34.992536,21.547193
1684926182.0129,32.82382,34.992536,21.547209
1684926182.01301,32.82382,34.992536,21.547239
1684926182.01312,32.82382,34.992536,21.547267
1684926182.01953,32.82382,34.992536,21.547309
1684926182.08368,32.82382,34.992536,21.547348
1684926182.08384,32.82382,34.992536,21.547392
1684926182.08393,32.82382,34.992536,21.547426
1684926182.0941,32.82382,34.992536,21.547453
1684926182.09423,32.82382,34.992536,21.547477
1684926182.09522,32.82382,34.992536,21.547505
1684926182.0953,32.82382,34.992536,21.547531
1684926182.161,32.82382,34.992536,21.547573
1684926182.16112,32.82382,34.992536,21.547611
1684926182.16119,32.823821,34.992535,21.53295
1684926182.16128,32.823821,34.992535,21.532962
1684926182.16903,32.823821,34.992535,21.532968
1684926182.1691,32.823821,34.992535,21.53298
1684926182.16921,32.823821,34.992535,21.532997
1684926182.1693,32.823821,34.992535,21.533005
1684926182.22581,32.823821,34.992535,21.533006
1684926182.22595,32.823821,34.992535,21.532997
1684926182.22606,32.823821,34.992535,21.532998
1684926182.22613,32.823821,34.992535,21.533001
1684926182.23553,32.823821,34.992535,21.533025
1684926182.23565,32.823821,34.992535,21.533046
1684926182.2357,32.823821,34.992535,21.533076
1684926182.23582,32.823821,34.992535,21.533106
1684926182.29814,32.823821,34.992535,21.533137
1684926182.29825,32.823821,34.992535,21.533167
1684926182.29832,32.823821,34.992535,21.533202
1684926182.31156,32.823821,34.992535,21.533227
1684926182.31165,32.823821,34.992535,21.533249
1684926182.31176,32.823821,34.992535,21.533269
1684926182.31187,32.823821,34.992535,21.533284
1684926182.38789,32.823821,34.992535,21.533314
1684926182.38801,32.823821,34.992535,21.533359
1684926182.38809,32.823821,34.992535,21.533406
1684926182.38817,32.823821,34.992535,21.533457
1684926182.38827,32.823821,34.992535,21.533511
1684926182.38833,32.823821,34.992535,21.533559
1684926182.39553,32.823821,34.992535,21.533598
1684926182.39563,32.823821,34.992535,21.533645
1684926182.46819,32.823821,34.992535,21.533688
1684926182.46829,32.823821,34.992535,21.533742
1684926182.46841,32.823821,34.992535,21.533794
1684926182.46852,32.823821,34.992535,21.533856
1684926182.47828,32.823821,34.992535,21.533922
1684926182.47842,32.823821,34.992535,21.533992
1684926182.47853,32.823821,34.992535,21.534071
1684926182.4786,32.823821,34.992535,21.534142
1684926182.53144,32.823821,34.992535,21.534216
1684926182.53154,32.823821,34.992535,21.534271
1684926182.5316,32.823821,34.992535,21.534332
1684926182.53166,32.82382,34.992535,21.534382
1684926182.53177,32.82382,34.992535,21.534437
1684926182.53189,32.82382,34.992535,21.534498
1684926182.532,32.82382,34.992535,21.53456
1684926182.53212,32.823821,34.992535,21.534626
1684926182.61228,32.823821,34.992535,21.534679
1684926182.61251,32.823821,34.992535,21.534738
1684926182.6126,32.823821,34.992535,21.534809
1684926182.61266,32.82382,34.992535,21.534866
1684926182.6196,32.82382,34.992535,21.534925
1684926182.6197,32.82382,34.992535,21.534954
1684926182.61976,32.82382,34.992535,21.534987
1684926182.69253,32.823821,34.992535,21.535017
1684926182.69267,32.823821,34.992535,21.535045
1684926182.69276,32.823821,34.992535,21.535085
1684926182.69284,32.823821,34.992535,21.53513
1684926182.69292,32.823821,34.992535,21.535181
1684926182.6994,32.823821,34.992535,21.535224
1684926182.69977,32.823821,34.992535,21.535252
1684926182.69984,32.823821,34.992535,21.535277
1684926182.77665,32.823821,34.992535,21.535293
1684926182.77677,32.823821,34.992535,21.535299
1684926182.77683,32.823821,34.992535,21.535303
1684926182.77689,32.823821,34.992535,21.535291
1684926182.777,32.823821,34.992535,21.535287
1684926182.77708,32.823821,34.992535,21.535282
1684926182.77716,32.823821,34.992535,21.535292
1684926182.78899,32.823821,34.992535,21.535315
1684926182.85118,32.823821,34.992535,21.535345
1684926182.85129,32.823821,34.992535,21.53537
1684926182.85136,32.823821,34.992535,21.535384
1684926182.85148,32.823821,34.992535,21.535384
1684926182.85154,32.823821,34.992535,21.53539
1684926182.85824,32.823821,34.992535,21.535391
1684926182.85832,32.823821,34.992535,21.535386
1684926182.93302,32.823821,34.992535,21.535371
1684926182.93317,32.823821,34.992535,21.535363
1684926182.93324,32.823821,34.992535,21.535357
1684926182.93331,32.823821,34.992535,21.535351
1684926182.94213,32.823821,34.992535,21.535351
1684926182.94225,32.823821,34.992535,21.535342
1684926182.9423,32.823821,34.992535,21.53534
1684926182.94242,32.823821,34.992535,21.535328
1684926183.01108,32.823821,34.992535,21.535299
1684926183.01342,32.823821,34.992535,21.53526
1684926183.02215,32.823821,34.992535,21.535224
1684926183.02231,32.823821,34.992535,21.535178
1684926183.02239,32.823821,34.992535,21.535136
1684926183.02246,32.823821,34.992535,21.535099
1684926183.03096,32.823821,34.992535,21.535058
1684926183.03108,32.823821,34.992535,21.535008
1684926183.07334,32.823821,34.992535,21.534961
1684926183.07347,32.823821,34.992535,21.534905
1684926183.07355,32.823821,34.992535,21.534864
1684926183.07361,32.823821,34.992535,21.534808
1684926183.08259,32.823821,34.992535,21.53474
1684926183.08271,32.823821,34.992535,21.534681
1684926183.08279,32.823821,34.992535,21.53464
1684926183.16154,32.823821,34.992535,21.5346
1684926183.16164,32.823821,34.992535,21.534594
1684926183.16175,32.823821,34.992535,21.519069
1684926183.16185,32.823821,34.992535,21.51907
1684926183.17168,32.823821,34.992535,21.519064
1684926183.17176,32.823821,34.992535,21.519045
1684926183.17188,32.823821,34.992535,21.519018
1684926183.17898,32.823821,34.992535,21.518994
1684926183.23454,32.823821,34.992535,21.518967
1684926183.23466,32.823821,34.992535,21.518935
1684926183.23472,32.823821,34.992535,21.518904
1684926183.23479,32.823821,34.992535,21.518864
1684926183.24475,32.823821,34.992535,21.518829
1684926183.24487,32.823821,34.992535,21.518824
1684926183.24493,32.823821,34.992535,21.518805
1684926183.25431,32.823821,34.992535,21.518793
1684926183.32171,32.823821,34.992535,21.518763
1684926183.32189,32.823821,34.992535,21.518704
1684926183.333,32.823821,34.992535,21.518651
1684926183.33317,32.823821,34.992535,21.518586
1684926183.33326,32.823821,34.992535,21.518524
1684926183.33333,32.823821,34.992535,21.518442
1684926183.33869,32.823821,34.992535,21.518366
1684926183.38454,32.823821,34.992535,21.518291
1684926183.38464,32.823821,34.992535,21.518229
1684926183.38476,32.823821,34.992535,21.518155
1684926183.39589,32.823821,34.992535,21.518095
1684926183.39599,32.823821,34.992535,21.518018
1684926183.39611,32.823821,34.992535,21.517962
1684926183.39618,32.823821,34.992535,21.517894
1684926183.40239,32.823821,34.992535,21.517816
1684926183.46403,32.823821,34.992535,21.517753
1684926183.46413,32.823821,34.992535,21.517694
1684926183.4642,32.823821,34.992535,21.517643
1684926183.46426,32.823821,34.992535,21.517608
1684926183.4798,32.823821,34.992535,21.517572
1684926183.47995,32.823821,34.992535,21.51754
1684926183.48009,32.823821,34.992535,21.5175
1684926183.48017,32.823821,34.992535,21.517463
1684926183.54011,32.823821,34.992535,21.517422
1684926183.5402,32.823821,34.992535,21.517384
1684926183.54035,32.823821,34.992535,21.517356
1684926183.54043,32.823821,34.992535,21.517332
1684926183.55071,32.823821,34.992535,21.517315
1684926183.55082,32.823821,34.992535,21.517294
1684926183.55089,32.823821,34.992535,21.517284
1684926183.55096,32.823821,34.992535,21.517275
1684926183.61974,32.823821,34.992535,21.517274
1684926183.61993,32.823821,34.992535,21.517269
1684926183.62004,32.823821,34.992535,21.51725
1684926183.62948,32.823821,34.992535,21.517231
1684926183.62958,32.823821,34.992535,21.517212
1684926183.62964,32.823821,34.992535,21.5172
1684926183.62971,32.823821,34.992535,21.517196
1684926183.69086,32.823821,34.992535,21.51721
1684926183.69096,32.823821,34.992535,21.517219
1684926183.69102,32.823821,34.992535,21.517245
1684926183.69113,32.823821,34.992535,21.517263
1684926183.69122,32.823821,34.992535,21.517292
1684926183.69133,32.823821,34.992535,21.517322
1684926183.69148,32.823821,34.992535,21.51735
1684926183.6969,32.823821,34.992535,21.517353
1684926183.77718,32.823821,34.992535,21.517358
1684926183.77736,32.823821,34.992535,21.517363
1684926183.77744,32.823821,34.992535,21.51736
1684926183.77753,32.823821,34.992535,21.517372
1684926183.7866,32.823821,34.992535,21.51737
1684926183.78669,32.823821,34.992535,21.517357
1684926183.7868,32.823821,34.992535,21.517324
1684926183.78691,32.823821,34.992535,21.517275
1684926183.84138,32.823821,34.992535,21.517227
1684926183.84151,32.823821,34.992535,21.517184
1684926183.84159,32.823821,34.992535,21.517163
1684926183.8517,32.823821,34.992535,21.517146
1684926183.8518,32.823821,34.992535,21.517148
1684926183.85191,32.823821,34.992535,21.51716
1684926183.85203,32.823821,34.992535,21.517181
1684926183.91997,32.823821,34.992535,21.517217
1684926183.92011,32.823821,34.992535,21.517272
1684926183.9202,32.823821,34.992535,21.517325
1684926183.92029,32.823821,34.992535,21.517385
1684926183.93008,32.823821,34.992535,21.517427
1684926183.93017,32.823821,34.992535,21.517467
1684926183.93028,32.823821,34.992535,21.5175
1684926183.93035,32.823821,34.992535,21.517538
1684926184.0003,32.823821,34.992535,21.517579
1684926184.00043,32.823821,34.992535,21.517635
1684926184.00049,32.823821,34.992535,21.517701
1684926184.00055,32.823821,34.992535,21.517761
1684926184.00061,32.823821,34.992535,21.517828
1684926184.00961,32.823821,34.992535,21.51788
1684926184.00973,32.823821,34.992535,21.51794
1684926184.00982,32.823821,34.992535,21.517999
1684926184.08672,32.823821,34.992535,21.518052
1684926184.08688,32.823821,34.992535,21.518098
1684926184.08698,32.823821,34.992535,21.518137
1684926184.08706,32.823821,34.992535,21.518175
1684926184.08714,32.823821,34.992535,21.518221
1684926184.08723,32.823821,34.992535,21.518266
1684926184.0932,32.823821,34.992535,21.518299
1684926184.16082,32.823821,34.992535,21.518316
1684926184.16093,32.823821,34.992535,21.518347
1684926184.16104,32.823821,34.992535,21.503037
1684926184.171,32.823821,34.992535,21.503042
1684926184.1711,32.823821,34.992535,21.503073
1684926184.17117,32.823821,34.992535,21.503098
1684926184.17931,32.823821,34.992535,21.503143
1684926184.17945,32.823821,34.992535,21.5032
1684926184.2329,32.823821,34.992535,21.503249
1684926184.23302,32.823821,34.992535,21.50331
1684926184.23309,32.823821,34.992535,21.503374
1684926184.2332,32.823821,34.992535,21.503432
1684926184.2333,32.823821,34.992535,21.50349
1684926184.24027,32.823821,34.992535,21.503542
1684926184.24036,32.823821,34.992535,21.503573
1684926184.24048,32.823821,34.992535,21.503605
1684926184.30805,32.823821,34.992535,21.503629
1684926184.30817,32.823821,34.992535,21.503651
1684926184.30828,32.823821,34.992535,21.50368
1684926184.30835,32.823821,34.992535,21.503713
1684926184.31681,32.823821,34.992535,21.503744
1684926184.31694,32.823821,34.992535,21.503769
1684926184.31704,32.823821,34.992535,21.503803
1684926184.38519,32.823821,34.992535,21.503847
1684926184.38531,32.823821,34.992535,21.503879
1684926184.38542,32.823821,34.992535,21.50391
1684926184.38553,32.823821,34.992535,21.50392
1684926184.38565,32.823821,34.992535,21.503922
1684926184.39487,32.823821,34.992535,21.503916
1684926184.39498,32.823821,34.992535,21.503899
1684926184.39507,32.823821,34.992535,21.503913
1684926184.46254,32.823821,34.992535,21.503923
1684926184.46262,32.823821,34.992535,21.503928
1684926184.46273,32.823821,34.992535,21.503935
1684926184.48094,32.823821,34.992535,21.503917
1684926184.48111,32.823821,34.992535,21.503883
1684926184.48118,32.823821,34.992535,21.503837
1684926184.48132,32.823821,34.992535,21.503789
1684926184.48699,32.823821,34.992535,21.503749
1684926184.53122,32.823821,34.992535,21.50372
1684926184.53139,32.823821,34.992535,21.503703
1684926184.53146,32.823821,34.992535,21.503707
1684926184.53153,32.823821,34.992535,21.503736
1684926184.53162,32.823821,34.992535,21.50378
1684926184.53169,32.823821,34.992535,21.503833
1684926184.53175,32.823821,34.992535,21.503881
1684926184.53191,32.823821,34.992535,21.503915
1684926184.60206,32.823821,34.992535,21.503934
1684926184.60217,32.823821,34.992535,21.503935
1684926184.60223,32.823821,34.992535,21.503919
1684926184.60231,32.823821,34.992535,21.503881
1684926184.61195,32.823821,34.992535,21.503821
1684926184.61207,32.823821,34.992535,21.503766
1684926184.61213,32.823821,34.992535,21.503707
1684926184.69283,32.823821,34.992535,21.503646
1684926184.69298,32.823821,34.992535,21.503588
1684926184.69309,32.823821,34.992535,21.503523
1684926184.70281,32.823821,34.992535,21.503467
1684926184.70547,32.823821,34.992535,21.5034
1684926184.70555,32.823821,34.992535,21.503328
1684926184.70562,32.823821,34.992535,21.503267
1684926184.70574,32.823821,34.992535,21.503208
1684926184.77193,32.823821,34.992535,21.503156
1684926184.78165,32.823821,34.992535,21.503119
1684926184.7818,32.823821,34.992535,21.503087
1684926184.78188,32.823821,34.992535,21.503056
1684926184.78199,32.823821,34.992535,21.503028
1684926184.78212,32.823821,34.992535,21.50301
1684926184.78218,32.823821,34.992535,21.502982
1684926184.7823,32.823821,34.992535,21.502961
1684926184.8512,32.823821,34.992535,21.502931
1684926184.85142,32.823821,34.992535,21.502892
1684926184.85149,32.823821,34.992535,21.502855
1684926184.85167,32.823821,34.992535,21.50281
1684926184.87144,32.823821,34.992535,21.502773
1684926184.87156,32.823821,34.992535,21.502746
1684926184.87164,32.823821,34.992535,21.502713
1684926184.92987,32.823821,34.992535,21.502681
1684926184.9329,32.823821,34.992535,21.502645
1684926184.93299,32.823821,34.992535,21.502578
1684926184.9331,32.823821,34.992535,21.502519
1684926184.93321,32.823821,34.992535,21.502454
1684926184.9333,32.823821,34.992535,21.502382
1684926184.93818,32.823821,34.992535,21.502315
1684926184.93831,32.823821,34.992535,21.502253
1684926185.00737,32.823821,34.992535,21.502199
1684926185.00749,32.823821,34.992535,21.502169
1684926185.00755,32.823821,34.992535,21.502159
1684926185.00765,32.823821,34.992535,21.502156
1684926185.01786,32.823821,34.992535,21.502159
1684926185.01793,32.823821,34.992535,21.502168
1684926185.01804,32.823821,34.992535,21.50215
1684926185.01815,32.823821,34.992535,21.502131
1684926185.07736,32.823821,34.992535,21.502118
1684926185.07746,32.823821,34.992535,21.502104
1684926185.07757,32.823821,34.992535,21.502107
1684926185.07764,32.823821,34.992535,21.502104
1684926185.07779,32.823821,34.992535,21.502105
1684926185.0863,32.823821,34.992535,21.502097
1684926185.08644,32.823821,34.992535,21.502091
1684926185.15626,32.823821,34.992535,21.502079
1684926185.1564,32.823821,34.992535,21.502059
1684926185.15645,32.823821,34.992535,21.488148
1684926185.15656,32.823821,34.992535,21.488143
1684926185.15668,32.823821,34.992535,21.488119
1684926185.16458,32.823821,34.992535,21.488097
1684926185.16471,32.823821,34.992535,21.488079
1684926185.16479,32.823821,34.992535,21.488068
1684926185.23343,32.823821,34.992535,21.488081
1684926185.23356,32.823821,34.992535,21.488079
1684926185.23364,32.823821,34.992535,21.488079
1684926185.2337,32.823821,34.992535,21.488067
1684926185.23376,32.823821,34.992535,21.488051
1684926185.25478,32.823821,34.992535,21.488036
1684926185.25487,32.823821,34.992535,21.488033
1684926185.25498,32.823821,34.992535,21.48804
1684926185.32712,32.823821,34.992535,21.48806
1684926185.3272,32.823821,34.992535,21.488079
1684926185.32733,32.823821,34.992535,21.488113
1684926185.32757,32.823821,34.992535,21.488163
1684926185.3347,32.823821,34.992535,21.488222
1684926185.33479,32.823821,34.992535,21.488282
1684926185.33486,32.823821,34.992535,21.488337
1684926185.37711,32.823821,34.992535,21.488385
1684926185.37723,32.823821,34.992535,21.488416
1684926185.3773,32.823821,34.992535,21.488448
1684926185.37745,32.823821,34.992535,21.488475
1684926185.38499,32.823821,34.992535,21.488505
1684926185.38507,32.823821,34.992535,21.488538
1684926185.38513,32.823821,34.992535,21.488566
1684926185.38519,32.823821,34.992535,21.488588
1684926185.45966,32.823821,34.992535,21.488625
1684926185.45977,32.823821,34.992535,21.48866
1684926185.45983,32.823821,34.992535,21.488699
1684926185.4599,32.823821,34.992535,21.488744
1684926185.48137,32.823821,34.992535,21.488767
1684926185.48151,32.823821,34.992535,21.488788
1684926185.4816,32.823821,34.992535,21.488814
1684926185.49309,32.823821,34.992535,21.488837
1684926185.54133,32.823821,34.992535,21.48887
1684926185.54145,32.823821,34.992535,21.488926
1684926185.54153,32.823821,34.992535,21.488981
1684926185.54161,32.823821,34.992535,21.489036
1684926185.54168,32.823821,34.992535,21.489095
1684926185.54176,32.823821,34.992535,21.48914
1684926185.54835,32.823821,34.992535,21.48919
1684926185.54848,32.823821,34.992535,21.489242
1684926185.61886,32.823821,34.992535,21.489294
1684926185.61899,32.823821,34.992535,21.489361
1684926185.61906,32.823821,34.992535,21.489412
1684926185.62918,32.823821,34.992535,21.489474
1684926185.62937,32.823821,34.992535,21.489542
1684926185.62952,32.823821,34.992535,21.48962
1684926185.63878,32.823821,34.992535,21.4897
1684926185.69787,32.823821,34.992535,21.48978
1684926185.69796,32.823821,34.992535,21.489856
1684926185.69807,32.823821,34.992535,21.489913
1684926185.69822,32.823821,34.992535,21.489969
1684926185.70705,32.823821,34.992535,21.49003
1684926185.70716,32.823821,34.992535,21.49009
1684926185.70722,32.823821,34.992535,21.490176
1684926185.7073,32.823821,34.992535,21.490265
1684926185.77603,32.823821,34.992535,21.490364
1684926185.77612,32.823821,34.992535,21.490471
1684926185.77626,32.823821,34.992535,21.490579
1684926185.78736,32.823821,34.992535,21.490681
1684926185.78757,32.823821,34.992535,21.490782
1684926185.78764,32.823821,34.992535,21.490886
1684926185.79459,32.823821,34.992535,21.490966
1684926185.79471,32.823821,34.992535,21.491049
1684926185.84536,32.823821,34.992535,21.491132
1684926185.8455,32.823821,34.992535,21.491219
1684926185.84556,32.823821,34.992535,21.491321
1684926185.84567,32.823821,34.992535,21.491434
1684926185.84573,32.823821,34.992535,21.491548
1684926185.84591,32.823821,34.992535,21.491662
1684926185.85228,32.823821,34.992535,21.491773
1684926185.91995,32.823821,34.992535,21.491884
1684926185.92008,32.823821,34.992535,21.492
1684926185.92016,32.823821,34.992535,21.49211
1684926185.93035,32.823821,34.992535,21.492215
1684926185.93044,32.823821,34.992535,21.492318
1684926185.93055,32.823821,34.992535,21.492425
1684926185.93066,32.823821,34.992535,21.492532
1684926185.93078,32.823821,34.992535,21.492647
1684926186.00504,32.823821,34.992535,21.492754
1684926186.00513,32.823821,34.992535,21.49287
1684926186.00524,32.823821,34.992535,21.492973
1684926186.00535,32.823821,34.992535,21.493051
1684926186.01359,32.823821,34.992535,21.493125
1684926186.01369,32.823821,34.992535,21.493196
1684926186.01376,32.823821,34.992535,21.493276
1684926186.01388,32.823821,34.992535,21.493356
1684926186.08282,32.823821,34.992535,21.493445
1684926186.08292,32.823821,34.992535,21.49353
1684926186.08304,32.823821,34.992535,21.493624
1684926186.08315,32.823821,34.992535,21.493729
1684926186.09137,32.823821,34.992535,21.493834
1684926186.09146,32.823821,34.992535,21.493934
1684926186.09152,32.823821,34.992535,21.494037
1684926186.16433,32.823821,34.992535,21.494122
1684926186.16441,32.823821,34.992535,21.494207
1684926186.16447,32.823821,34.992535,21.480922
1684926186.16494,32.823821,34.992535,21.480949
1684926186.17268,32.823821,34.992535,21.480996
1684926186.17279,32.823821,34.992535,21.481051
1684926186.17284,32.823821,34.992535,21.4811
1684926186.17296,32.823821,34.992535,21.481142
1684926186.23392,32.823821,34.992535,21.481172
1684926186.23402,32.823821,34.992535,21.481189
1684926186.23413,32.823821,34.992535,21.481203
1684926186.23425,32.823821,34.992535,21.481213
1684926186.24258,32.823821,34.992535,21.481213
1684926186.24273,32.823821,34.992535,21.481213
1684926186.24279,32.823821,34.992535,21.481223
1684926186.24292,32.823821,34.992535,21.481227
1684926186.30884,32.823821,34.992535,21.481255
1684926186.30894,32.823821,34.992535,21.48129
1684926186.30905,32.823821,34.992535,21.481325
1684926186.30918,32.823821,34.992535,21.481363
1684926186.30925,32.823821,34.992535,21.481383
1684926186.30933,32.823821,34.992535,21.481395
1684926186.31584,32.823821,34.992535,21.4814
1684926186.38491,32.823821,34.992535,21.481398
1684926186.38508,32.823821,34.992535,21.481383
1684926186.38514,32.823821,34.992535,21.481355
1684926186.39486,32.823821,34.992535,21.481324
1684926186.39494,32.823821,34.992535,21.481288
1684926186.39506,32.823821,34.992535,21.48126
1684926186.39512,32.823821,34.992535,21.481226
1684926186.39525,32.823821,34.992535,21.481193
1684926186.46721,32.823821,34.992535,21.481161
1684926186.46732,32.823821,34.992535,21.481118
1684926186.46739,32.823821,34.992535,21.481062
1684926186.46747,32.823821,34.992535,21.481003
1684926186.4763,32.823821,34.992535,21.480933
1684926186.4764,32.823821,34.992535,21.480878
1684926186.47646,32.823821,34.992535,21.480841
1684926186.47658,32.823821,34.992535,21.480804
1684926186.53148,32.823821,34.992535,21.48076
1684926186.53163,32.823821,34.992535,21.480722
1684926186.53172,32.823821,34.992535,21.480682
1684926186.53179,32.823821,34.992535,21.480641
1684926186.53185,32.823821,34.992535,21.480598
1684926186.53202,32.823821,34.992535,21.480545
1684926186.5321,32.823821,34.992535,21.480483
1684926186.53719,32.823821,34.992535,21.480406
1684926186.61819,32.823821,34.992535,21.480341
1684926186.61829,32.823821,34.992535,21.48028
1684926186.6184,32.823821,34.992535,21.480234
1684926186.61851,32.823821,34.992535,21.480202
1684926186.61867,32.823821,34.992535,21.480172
1684926186.62532,32.823821,34.992535,21.480125
1684926186.62539,32.823821,34.992535,21.480054
1684926186.68853,32.823821,34.992535,21.479989
1684926186.68866,32.823821,34.992535,21.479925
1684926186.68874,32.823821,34.992535,21.479846
1684926186.68881,32.823821,34.992535,21.479764
1684926186.6889,32.823821,34.992535,21.479685
1684926186.68898,32.823821,34.992535,21.479602
1684926186.69786,32.823821,34.992535,21.479533
1684926186.69796,32.823821,34.992535,21.479483
1684926186.77164,32.823821,34.992535,21.479431
1684926186.77178,32.823821,34.992535,21.479383
1684926186.77186,32.823821,34.992535,21.479314
1684926186.78266,32.823821,34.992535,21.479229
1684926186.78275,32.823821,34.992535,21.479141
1684926186.78287,32.823821,34.992535,21.479047
1684926186.78385,32.823821,34.992535,21.47896
1684926186.78394,32.823821,34.992535,21.47888
1684926186.84978,32.823821,34.992535,21.478806
1684926186.84989,32.823821,34.992535,21.478734
1684926186.861,32.823821,34.992535,21.478661
1684926186.86111,32.823821,34.992535,21.478583
1684926186.86118,32.823821,34.992535,21.478506
1684926186.86125,32.823821,34.992535,21.478436
1684926186.86888,32.823821,34.992535,21.478369
1684926186.92962,32.823821,34.992535,21.478281
1684926186.92974,32.823821,34.992535,21.478204
1684926186.9298,32.823821,34.992535,21.478113
1684926186.92992,32.823821,34.992535,21.478045
1684926186.93002,32.823821,34.992535,21.477978
1684926186.93941,32.823821,34.992535,21.477922
1684926186.93951,32.823821,34.992535,21.477864
1684926186.93958,32.823821,34.992535,21.477808
1684926187.001,32.823821,34.992535,21.47774
1684926187.00114,32.823821,34.992535,21.477664
1684926187.00121,32.823821,34.992535,21.477594
1684926187.00129,32.823821,34.992535,21.477521
1684926187.0014,32.823821,34.992535,21.47745
1684926187.01444,32.823821,34.992535,21.477379
1684926187.01455,32.823821,34.992535,21.477312
1684926187.01461,32.823821,34.992535,21.477247
1684926187.07556,32.823821,34.992535,21.47719
1684926187.07569,32.823821,34.992535,21.477144
1684926187.07579,32.823821,34.992535,21.477101
1684926187.07588,32.823821,34.992535,21.477049
1684926187.08376,32.823821,34.992535,21.47698
1684926187.08387,32.823821,34.992535,21.476912
1684926187.08398,32.823821,34.992535,21.476836
1684926187.15684,32.823821,34.992535,21.47677
1684926187.15696,32.823821,34.992535,21.476705
1684926187.15703,32.823821,34.992535,21.464442
1684926187.15711,32.823821,34.992535,21.464433
1684926187.15718,32.823821,34.992535,21.464421
1684926187.15726,32.823821,34.992535,21.464428
1684926187.1633,32.823821,34.992535,21.464438
1684926187.1638,32.823821,34.992535,21.464452
1684926187.23823,32.823821,34.992535,21.46447
1684926187.23835,32.823821,34.992535,21.464491
1684926187.23841,32.823821,34.992535,21.46451
1684926187.24845,32.823821,34.992535,21.464525
1684926187.24859,32.823821,34.992535,21.464552
1684926187.24867,32.823821,34.992535,21.464572
1684926187.24874,32.823821,34.992535,21.464614
1684926187.26213,32.823821,34.992535,21.464652
1684926187.31277,32.823821,34.992535,21.464695
1684926187.31288,32.823821,34.992535,21.464729
1684926187.31295,32.823821,34.992535,21.464758
1684926187.324,32.823821,34.992535,21.464789
1684926187.32407,32.823821,34.992535,21.464812
1684926187.32416,32.823821,34.992535,21.46484
1684926187.32428,32.823821,34.992535,21.464871
1684926187.38168,32.823821,34.992535,21.464889
1684926187.38537,32.823821,34.992535,21.464918
1684926187.3855,32.823821,34.992535,21.464953
1684926187.38557,32.823821,34.992535,21.464998
1684926187.38563,32.823821,34.992535,21.465044
1684926187.38571,32.823821,34.992535,21.465089
1684926187.389,32.823821,34.992535,21.465125
1684926187.38917,32.823821,34.992535,21.465154
1684926187.46021,32.823821,34.992535,21.465183
1684926187.46031,32.823821,34.992535,21.46521
1684926187.46042,32.823821,34.992535,21.465251
1684926187.46051,32.823821,34.992535,21.465311
1684926187.46971,32.823821,34.992535,21.46538
1684926187.46979,32.823821,34.992535,21.465443
1684926187.4699,32.823821,34.992535,21.465506
1684926187.47001,32.823821,34.992535,21.465565
1684926187.53764,32.823821,34.992535,21.465618
1684926187.53791,32.823821,34.992535,21.465678
1684926187.53801,32.823821,34.992535,21.465735
1684926187.53812,32.823821,34.992535,21.465775
1684926187.54654,32.823821,34.992535,21.465826
1684926187.5466,32.823821,34.992535,21.46587
1684926187.54671,32.823821,34.992535,21.465912
1684926187.54683,32.823821,34.992535,21.465996
1684926187.61554,32.823821,34.992535,21.466069
1684926187.6157,32.823821,34.992535,21.466139
1684926187.61578,32.823821,34.992535,21.466227
1684926187.61587,32.823821,34.992535,21.466308
1684926187.61597,32.823821,34.992535,21.466394
1684926187.62315,32.823821,34.992535,21.466477
1684926187.62322,32.823821,34.992535,21.46656
1684926187.69439,32.823821,34.992535,21.466644
1684926187.6945,32.823821,34.992535,21.466739
1684926187.69457,32.823821,34.992535,21.466828
1684926187.69464,32.823821,34.992535,21.466916
1684926187.70437,32.823821,34.992535,21.467011
1684926187.70451,32.823821,34.992535,21.467107
1684926187.70458,32.823821,34.992535,21.467196
1684926187.70469,32.823821,34.992535,21.467292
1684926187.77945,32.823821,34.992535,21.467378
1684926187.77957,32.823821,34.992535,21.46745
1684926187.77962,32.823821,34.992535,21.467533
1684926187.77968,32.823821,34.992535,21.467615
1684926187.78715,32.823821,34.992535,21.467712
1684926187.78726,32.823821,34.992535,21.467813
1684926187.78733,32.823821,34.992535,21.467911
1684926187.78741,32.823821,34.992535,21.468008
1684926187.84208,32.823821,34.992535,21.468121
1684926187.84215,32.823821,34.992535,21.468234
1684926187.84232,32.823821,34.992535,21.468341
1684926187.85811,32.823821,34.992535,21.468451
1684926187.85823,32.823821,34.992535,21.468546
1684926187.8675,32.823821,34.992535,21.468632
1684926187.86764,32.823821,34.992535,21.468716
1684926187.91906,32.823821,34.992535,21.468797
1684926187.91919,32.823821,34.992535,21.468908
1684926187.91925,32.823821,34.992535,21.469026
1684926187.91937,32.823821,34.992535,21.469135
1684926187.92818,32.823821,34.992535,21.469241
1684926187.92828,32.823821,34.992535,21.469338
1684926187.9284,32.823821,34.992535,21.469431
1684926187.92851,32.823821,34.992535,21.469507
1684926188.00994,32.823821,34.992535,21.469583
1684926188.01009,32.823821,34.992535,21.469647
1684926188.01018,32.823821,34.992535,21.469701
1684926188.01027,32.823821,34.992535,21.469759
1684926188.01039,32.823821,34.992535,21.469812
1684926188.01854,32.823821,34.992535,21.469889
1684926188.01865,32.823821,34.992535,21.469975
1684926188.01872,32.823821,34.992535,21.470068
1684926188.10235,32.823821,34.992535,21.470161
1684926188.10246,32.823821,34.992535,21.470248
1684926188.10253,32.823821,34.992535,21.470321
1684926188.10263,32.823821,34.992535,21.470398
1684926188.1027,32.823821,34.992535,21.470473
1684926188.10277,32.823821,34.992535,21.470558
1684926188.10965,32.823821,34.992535,21.470661
1684926188.16292,32.823821,34.992535,21.470768
1684926188.16302,32.823821,34.992535,21.470878
1684926188.16313,32.823821,34.992535,21.457303
1684926188.16329,32.823821,34.992535,21.457339
1684926188.17331,32.823821,34.992535,21.457369
1684926188.17351,32.823821,34.992535,21.457401
1684926188.17358,32.823821,34.992535,21.457418
1684926188.17366,32.823821,34.992535,21.457421
1684926188.22762,32.823821,34.992535,21.457424
1684926188.22773,32.823821,34.992535,21.457417
1684926188.22787,32.823821,34.992535,21.457416
1684926188.22794,32.823821,34.992535,21.457426
1684926188.23982,32.823821,34.992535,21.457426
1684926188.23993,32.823821,34.992535,21.457426
1684926188.24001,32.823821,34.992535,21.457426
1684926188.24022,32.823821,34.992535,21.457416
1684926188.31448,32.823821,34.992535,21.457404
1684926188.31466,32.823821,34.992535,21.457386
1684926188.31472,32.823821,34.992535,21.457364
1684926188.31478,32.823821,34.992535,21.457341
1684926188.32355,32.823821,34.992535,21.457319
1684926188.32371,32.823821,34.992535,21.457301
1684926188.3238,32.823821,34.992535,21.457285
1684926188.38801,32.823821,34.992535,21.457303
1684926188.38811,32.823821,34.992535,21.457323
1684926188.38822,32.823821,34.992535,21.457346
1684926188.38833,32.823821,34.992535,21.457359
1684926188.39826,32.823821,34.992535,21.457362
1684926188.39838,32.823821,34.992535,21.457357
1684926188.39844,32.823821,34.992535,21.457365
1684926188.39851,32.823821,34.992535,21.457361
1684926188.46933,32.823821,34.992535,21.457351
1684926188.46947,32.823821,34.992535,21.457354
1684926188.46953,32.823821,34.992535,21.457345
1684926188.46964,32.823821,34.992535,21.457349
1684926188.46972,32.823821,34.992535,21.457368
1684926188.46979,32.823821,34.992535,21.457382
1684926188.46987,32.823821,34.992535,21.457387
1684926188.47677,32.823821,34.992535,21.457384
1684926188.53894,32.823821,34.992535,21.457369
1684926188.53907,32.823821,34.992535,21.457333
1684926188.53915,32.823821,34.992535,21.457298
1684926188.53922,32.823821,34.992535,21.457269
1684926188.53929,32.823821,34.992535,21.457259
1684926188.53948,32.823821,34.992535,21.457242
1684926188.5457,32.823821,34.992535,21.457221
1684926188.54581,32.823821,34.992535,21.457204
1684926188.61912,32.823821,34.992535,21.457183
1684926188.61922,32.823821,34.992535,21.457161
1684926188.61928,32.823821,34.992535,21.457129
1684926188.61941,32.823821,34.992535,21.457115
1684926188.62717,32.823821,34.992535,21.457085
1684926188.62726,32.823821,34.992535,21.457048
1684926188.62738,32.823821,34.992535,21.457019
1684926188.69009,32.823821,34.992535,21.456989
1684926188.69016,32.823821,34.992535,21.456975
1684926188.69027,32.823821,34.992535,21.456977
1684926188.70073,32.823821,34.992535,21.456982
1684926188.70083,32.823821,34.992535,21.456981
1684926188.70094,32.823821,34.992535,21.456974
1684926188.70105,32.823821,34.992535,21.456954
1684926188.70117,32.823821,34.992535,21.456936
1684926188.77856,32.823821,34.992535,21.456921
1684926188.77867,32.823821,34.992535,21.456906
1684926188.77881,32.823821,34.992535,21.456905
1684926188.7789,32.823821,34.992535,21.456906
1684926188.77896,32.823821,34.992535,21.456907
1684926188.77902,32.823821,34.992535,21.456923
1684926188.77914,32.823821,34.992535,21.456948
1684926188.78482,32.823821,34.992535,21.456977
1684926188.84836,32.823821,34.992535,21.457002
1684926188.84848,32.823821,34.992535,21.457005
1684926188.84855,32.823821,34.992535,21.457003
1684926188.84861,32.823821,34.992535,21.457002
1684926188.86417,32.823821,34.992535,21.45699
1684926188.8643,32.823821,34.992535,21.456972
1684926188.86437,32.823821,34.992535,21.45696
1684926188.93418,32.823821,34.992535,21.456943
1684926188.93428,32.823821,34.992535,21.456938
1684926188.93439,32.823821,34.992535,21.45694
1684926188.93452,32.823821,34.992535,21.456944
1684926188.93466,32.823821,34.992535,21.456943
1684926188.93473,32.823821,34.992535,21.45695
1684926188.94269,32.823821,34.992535,21.456936
1684926188.94281,32.823821,34.992535,21.456912
1684926189.00807,32.823821,34.992535,21.456893
1684926189.00819,32.823821,34.992535,21.456875
1684926189.00831,32.823821,34.992535,21.456865
1684926189.00837,32.823821,34.992535,21.456856
1684926189.01865,32.823821,34.992535,21.45686
1684926189.01877,32.823821,34.992535,21.456863
1684926189.01883,32.823821,34.992535,21.45686
1684926189.01895,32.823821,34.992535,21.456857
1684926189.07626,32.823821,34.992535,21.456852
1684926189.0764,32.823821,34.992535,21.456847
1684926189.07651,32.823821,34.992535,21.45685
1684926189.07662,32.823821,34.992535,21.456851
1684926189.08385,32.823821,34.992535,21.456863
1684926189.08397,32.823821,34.992535,21.456864
1684926189.08404,32.823821,34.992535,21.456876
1684926189.15453,32.823821,34.992535,21.456891
1684926189.15466,32.823821,34.992535,21.456915
1684926189.15473,32.823821,34.992535,21.442451
1684926189.15479,32.823821,34.992535,21.44246
1684926189.15485,32.823821,34.992535,21.442449
1684926189.15493,32.823821,34.992535,21.442437
1684926189.16105,32.823821,34.992535,21.44242
1684926189.16114,32.823821,34.992535,21.44242
1684926189.23696,32.823821,34.992535,21.442422
1684926189.23704,32.823821,34.992535,21.442436
1684926189.23717,32.823821,34.992535,21.442453
1684926189.23725,32.823821,34.992535,21.442469
1684926189.25292,32.823821,34.992535,21.442481
1684926189.25302,32.823821,34.992535,21.442488
1684926189.25313,32.823821,34.992535,21.442499
1684926189.25325,32.823821,34.992535,21.442508
1684926189.31568,32.823821,34.992535,21.442502
1684926189.31582,32.823821,34.992535,21.442503
1684926189.31588,32.823821,34.992535,21.4425
1684926189.31595,32.823821,34.992535,21.442501
1684926189.3246,32.823821,34.992535,21.44254
1684926189.32471,32.823821,34.992535,21.442577
1684926189.32479,32.823821,34.992535,21.442617
1684926189.37841,32.823821,34.992535,21.442658
1684926189.37852,32.823821,34.992535,21.442707
1684926189.37857,32.823821,34.992535,21.442742
1684926189.37869,32.823821,34.992535,21.442785
1684926189.3788,32.823821,34.992535,21.44282
1684926189.38648,32.823821,34.992535,21.44285
1684926189.38658,32.823821,34.992535,21.442864
1684926189.38668,32.823821,34.992535,21.442871
1684926189.4607,32.823821,34.992535,21.442902
1684926189.46083,32.823821,34.992535,21.442927
1684926189.46089,32.823821,34.992535,21.442953
1684926189.47193,32.823821,34.992535,21.44298
1684926189.47204,32.823821,34.992535,21.443002
1684926189.47213,32.823821,34.992535,21.443021
1684926189.48048,32.823821,34.992535,21.443029
1684926189.48057,32.823821,34.992535,21.443038
1684926189.53506,32.823821,34.992535,21.443041
1684926189.53515,32.823821,34.992535,21.443061
1684926189.53526,32.823821,34.992535,21.443074
1684926189.54641,32.823821,34.992535,21.443087
1684926189.54657,32.823821,34.992535,21.443101
1684926189.54664,32.823821,34.992535,21.443125
1684926189.54677,32.823821,34.992535,21.443155
1684926189.55271,32.823821,34.992535,21.44317
1684926189.61443,32.823821,34.992535,21.443196
1684926189.6146,32.823821,34.992535,21.443197
1684926189.61469,32.823821,34.992535,21.4432
1684926189.63155,32.823821,34.992535,21.443201
1684926189.6317,32.823821,34.992535,21.443198
1684926189.63176,32.823821,34.992535,21.443224
1684926189.63188,32.823821,34.992535,21.443254
1684926189.70051,32.823821,34.992535,21.443289
1684926189.70062,32.823821,34.992535,21.44332
1684926189.70068,32.823821,34.992535,21.443346
1684926189.7008,32.823821,34.992535,21.443363
1684926189.71066,32.823821,34.992535,21.443387
1684926189.71078,32.823821,34.992535,21.443396
1684926189.71088,32.823821,34.992535,21.443401
1684926189.71681,32.823821,34.992535,21.443411
1684926189.78318,32.823821,34.992535,21.443421
1684926189.78328,32.823821,34.992535,21.443418
1684926189.78338,32.823821,34.992535,21.44345
1684926189.7835,32.823821,34.992535,21.443495
1684926189.78361,32.823821,34.992535,21.443539
1684926189.7925,32.823821,34.992535,21.443578
1684926189.79262,32.823821,34.992535,21.44361
1684926189.79268,32.823821,34.992535,21.44364
1684926189.85444,32.823821,34.992535,21.443658
1684926189.85453,32.823821,34.992535,21.443678
1684926189.85464,32.823821,34.992535,21.443676
1684926189.85476,32.823821,34.992535,21.44367
1684926189.86411,32.823821,34.992535,21.443661
1684926189.86419,32.823821,34.992535,21.44365
1684926189.86431,32.823821,34.992535,21.443652
1684926189.93661,32.823821,34.992535,21.44365
1684926189.93669,32.823821,34.992535,21.443656
1684926189.9368,32.823821,34.992535,21.443648
1684926189.94749,32.823821,34.992535,21.443637
1684926189.94781,32.823821,34.992535,21.443607
1684926189.94787,32.823821,34.992535,21.443579
1684926189.94798,32.823821,34.992535,21.44355
1684926189.9481,32.823821,34.992535,21.443529
1684926190.00274,32.823821,34.992535,21.443513
1684926190.00283,32.823821,34.992535,21.443496
1684926190.00296,32.823821,34.992535,21.443471
1684926190.01366,32.823821,34.992535,21.443445
1684926190.01378,32.823821,34.992535,21.443425
1684926190.01389,32.823821,34.992535,21.443398
1684926190.014,32.823821,34.992535,21.443371
1684926190.01412,32.823821,34.992535,21.443327
1684926190.08091,32.823821,34.992535,21.443268
1684926190.08107,32.823821,34.992535,21.443209
1684926190.08114,32.823821,34.992535,21.443153
1684926190.09182,32.823821,34.992535,21.443099
1684926190.09193,32.823821,34.992535,21.443056
1684926190.092,32.823821,34.992535,21.443023
1684926190.09206,32.823821,34.992535,21.442982
1684926190.16444,32.823821,34.992535,21.442941
1684926190.16453,32.823821,34.992535,21.442877
1684926190.16464,32.823821,34.992534,21.429123
1684926190.16478,32.823821,34.992534,21.429106
1684926190.16488,32.823821,34.992534,21.429063
1684926190.17164,32.823821,34.992534,21.429018
1684926190.17174,32.823821,34.992534,21.428964
1684926190.17181,32.823821,34.992534,21.428906
1684926190.22487,32.823821,34.992534,21.428854
1684926190.22498,32.823821,34.992534,21.428812
1684926190.22504,32.823821,34.992534,21.428778
1684926190.22516,32.823821,34.992534,21.428741
1684926190.22523,32.823821,34.992534,21.428697
1684926190.22531,32.823821,34.992534,21.428641
1684926190.23151,32.823821,34.992534,21.428574
1684926190.23158,32.823821,34.992534,21.428503
1684926190.30571,32.823821,34.992534,21.428437
1684926190.30584,32.823821,34.992534,21.428354
1684926190.30591,32.823821,34.992534,21.428267
1684926190.30598,32.823821,34.992534,21.428183
1684926190.32195,32.823821,34.992534,21.428108
1684926190.3221,32.823821,34.992534,21.428033
1684926190.32217,32.823821,34.992534,21.427968
1684926190.38925,32.823821,34.992534,21.427906
1684926190.38938,32.823821,34.992534,21.427831
1684926190.38946,32.823821,34.992534,21.427744
1684926190.38953,32.823821,34.992534,21.427639
1684926190.39907,32.823821,34.992534,21.427554
1684926190.39921,32.823821,34.992534,21.427453
1684926190.39931,32.823821,34.992534,21.427351
1684926190.39944,32.823821,34.992534,21.427241
1684926190.4731,32.823821,34.992534,21.427133
1684926190.47324,32.823821,34.992534,21.427022
1684926190.47332,32.823821,34.992534,21.42691
1684926190.48422,32.823821,34.992534,21.426789
1684926190.48441,32.823821,34.992534,21.426669
1684926190.48449,32.823821,34.992534,21.42654
1684926190.48456,32.823821,34.992534,21.4264
1684926190.48462,32.823821,34.992534,21.426261
1684926190.53109,32.823821,34.992534,21.426128
1684926190.53124,32.823821,34.992534,21.425996
1684926190.5313,32.823821,34.992534,21.425872
1684926190.53149,32.823821,34.992534,21.425759
1684926190.53159,32.823821,34.992534,21.425649
1684926190.53166,32.823821,34.992534,21.425536
1684926190.53176,32.823821,34.992534,21.425421
1684926190.53184,32.823821,34.992534,21.425308
1684926190.61244,32.823821,34.992534,21.425194
1684926190.61257,32.823821,34.992534,21.425086
1684926190.61265,32.823821,34.992534,21.424954
1684926190.61272,32.823821,34.992534,21.424821
1684926190.61283,32.823821,34.992534,21.424692
1684926190.61291,32.823821,34.992534,21.424559
1684926190.61891,32.823821,34.992534,21.424445
1684926190.69311,32.823821,34.992534,21.424345
1684926190.69325,32.823821,34.992534,21.424236
1684926190.69333,32.823821,34.992534,21.424129
1684926190.69345,32.823821,34.992534,21.424014
1684926190.70709,32.823821,34.992534,21.423884
1684926190.70721,32.823821,34.992534,21.423758
1684926190.70726,32.823821,34.992534,21.423633
1684926190.70736,32.823821,34.992534,21.423509
1684926190.76835,32.823821,34.992534,21.423379
1684926190.76842,32.823821,34.992534,21.423264
1684926190.76853,32.823821,34.992534,21.423138
1684926190.76866,32.823821,34.992534,21.423028
1684926190.76872,32.823821,34.992534,21.422924
1684926190.76883,32.823821,34.992534,21.42282
1684926190.77539,32.823821,34.992534,21.422706
1684926190.77548,32.823821,34.992534,21.422581
1684926190.85043,32.823821,34.992534,21.422443
1684926190.85054,32.823821,34.992534,21.422312
1684926190.8506,32.823821,34.992534,21.422183
1684926190.85075,32.823821,34.992534,21.422051
1684926190.85085,32.823821,34.992534,21.421917
1684926190.85885,32.823821,34.992534,21.421785
1684926190.85892,32.823821,34.992534,21.42165
1684926190.93145,32.823821,34.992534,21.421537
1684926190.93156,32.823821,34.992534,21.421436
1684926190.93162,32.823821,34.992534,21.421325
1684926190.93173,32.823821,34.992534,21.421222
1684926190.9318,32.823821,34.992534,21.421111
1684926190.93187,32.823821,34.992534,21.420999
1684926190.93194,32.823821,34.992534,21.420888
1684926190.93201,32.823821,34.992534,21.420774
1684926191.01068,32.823821,34.992534,21.420675
1684926191.01079,32.823821,34.992534,21.420578
1684926191.01087,32.823821,34.992534,21.42049
1684926191.01094,32.823821,34.992534,21.420399
1684926191.01101,32.823821,34.992534,21.420318
1684926191.01804,32.823821,34.992534,21.42023
1684926191.01813,32.823821,34.992534,21.420147
1684926191.01824,32.823821,34.992534,21.420059
1684926191.07307,32.823821,34.992534,21.419975
1684926191.0732,32.823821,34.992534,21.419894
1684926191.07325,32.823821,34.992534,21.419808
1684926191.07332,32.823821,34.992534,21.419726
1684926191.08136,32.823821,34.992534,21.41965
1684926191.08145,32.823821,34.992534,21.419595
1684926191.08157,32.823821,34.992534,21.419537
1684926191.1545,32.823821,34.992534,21.419473
1684926191.15461,32.823821,34.992534,21.419405
1684926191.1547,32.823821,34.992534,21.405652
1684926191.15476,32.823821,34.992534,21.405626
1684926191.1658,32.823821,34.992534,21.4056
1684926191.16592,32.823821,34.992534,21.405574
1684926191.166,32.823821,34.992534,21.405572
1684926191.17203,32.823821,34.992534,21.405583
1684926191.2326,32.823821,34.992534,21.405577
1684926191.2327,32.823821,34.992534,21.405575
1684926191.23278,32.823821,34.992534,21.405583
1684926191.23285,32.823821,34.992534,21.405595
1684926191.23291,32.823821,34.992534,21.405598
1684926191.2415,32.823821,34.992534,21.405599
1684926191.24159,32.823821,34.992534,21.405598
1684926191.24173,32.823821,34.992534,21.405586
1684926191.31519,32.823821,34.992534,21.405577
1684926191.3174,32.823821,34.992534,21.405578
1684926191.31748,32.823821,34.992534,21.405602
1684926191.31754,32.823821,34.992534,21.405632
1684926191.31761,32.823821,34.992534,21.405663
1684926191.32388,32.823821,34.992534,21.405701
1684926191.32398,32.823821,34.992534,21.405729
1684926191.37898,32.823821,34.992534,21.405768
1684926191.37911,32.823821,34.992534,21.405798
1684926191.37918,32.823821,34.992534,21.405821
1684926191.37926,32.823821,34.992534,21.405835
1684926191.37934,32.823821,34.992534,21.405841
1684926191.37942,32.823821,34.992534,21.405844
1684926191.3922,32.823821,34.992534,21.405852
1684926191.39231,32.823821,34.992534,21.40586
1684926191.45504,32.823821,34.992534,21.405873
1684926191.45516,32.823821,34.992534,21.40588
1684926191.45523,32.823821,34.992534,21.405887
1684926191.45532,32.823821,34.992534,21.405881
1684926191.46609,32.823821,34.992534,21.405871
1684926191.46648,32.823821,34.992534,21.405862
1684926191.46659,32.823821,34.992534,21.405852
1684926191.46666,32.823821,34.992534,21.405856
1684926191.53499,32.823821,34.992534,21.405856
1684926191.53509,32.823821,34.992534,21.405856
1684926191.53516,32.823821,34.992534,21.405868
1684926191.53523,32.823821,34.992534,21.405877
1684926191.53531,32.823821,34.992534,21.405892
1684926191.54317,32.823821,34.992534,21.405912
1684926191.54327,32.823821,34.992534,21.40592
1684926191.54333,32.823821,34.992534,21.405918
1684926191.6342,32.823821,34.992534,21.405915
1684926191.63431,32.823821,34.992534,21.405912
1684926191.63439,32.823821,34.992534,21.405899
1684926191.63446,32.823821,34.992534,21.405915
1684926191.66007,32.823821,34.992534,21.405932
1684926191.66016,32.823821,34.992534,21.405953
1684926191.66027,32.823821,34.992534,21.405972
1684926191.69976,32.823821,34.992534,21.405981
1684926191.69983,32.823821,34.992534,21.405996
1684926191.69995,32.823821,34.992534,21.406008
1684926191.70003,32.823821,34.992534,21.406012
1684926191.70992,32.823821,34.992534,21.406012
1684926191.71006,32.823821,34.992534,21.405998
1684926191.71012,32.823821,34.992534,21.40599
1684926191.71575,32.823821,34.992534,21.405984
1684926191.78065,32.823821,34.992534,21.405995
1684926191.78076,32.823821,34.992534,21.406012
1684926191.78082,32.823821,34.992534,21.406027
1684926191.79185,32.823821,34.992534,21.406056
1684926191.79195,32.823821,34.992534,21.406064
1684926191.79211,32.823821,34.992534,21.40607
1684926191.79242,32.823821,34.992534,21.406069
1684926191.79775,32.823821,34.992534,21.40607
1684926191.84568,32.823821,34.992534,21.406054
1684926191.8458,32.823821,34.992534,21.40604
1684926191.84587,32.823821,34.992534,21.406025
1684926191.84594,32.823821,34.992534,21.406
1684926191.846,32.823821,34.992534,21.405992
1684926191.85279,32.823821,34.992534,21.405981
1684926191.8529,32.823821,34.992534,21.405968
1684926191.92222,32.823821,34.992534,21.405959
1684926191.92233,32.823821,34.992534,21.405943
1684926191.92245,32.823821,34.992534,21.405908
1684926191.92251,32.823821,34.992534,21.405867
1684926191.93352,32.823821,34.992534,21.405837
1684926191.93363,32.823821,34.992534,21.405807
1684926191.9337,32.823821,34.992534,21.405786
1684926191.93381,32.823821,34.992534,21.405775
1684926192.0013,32.823821,34.992534,21.405754
1684926192.00143,32.823821,34.992534,21.405757
1684926192.00151,32.823821,34.992534,21.405746
1684926192.00158,32.823821,34.992534,21.405743
1684926192.00165,32.823821,34.992534,21.405741
1684926192.01024,32.823821,34.992534,21.405724
1684926192.01037,32.823821,34.992534,21.405695
1684926192.01045,32.823821,34.992534,21.405675
1684926192.0776,32.823821,34.992534,21.405647
1684926192.07771,32.823821,34.992534,21.405624
1684926192.07778,32.823821,34.992534,21.405627
1684926192.08968,32.823821,34.992534,21.405643
1684926192.0898,32.823821,34.992534,21.405656
1684926192.08994,32.823821,34.992534,21.405678
1684926192.09005,32.823821,34.992534,21.405667
1684926192.1699,32.823821,34.992534,21.405657
1684926192.17001,32.823821,34.992534,21.405649
1684926192.17011,32.823821,34.992534,21.392093
1684926192.17022,32.823821,34.992534,21.392086
1684926192.17034,32.823821,34.992534,21.392077
1684926192.17896,32.823821,34.992534,21.392071
1684926192.17905,32.823821,34.992534,21.392076
1684926192.17916,32.823821,34.992534,21.392095
1684926192.22604,32.823821,34.992534,21.392118
1684926192.22612,32.823821,34.992534,21.392133
1684926192.22618,32.823821,34.992534,21.392139
1684926192.22629,32.823821,34.992534,21.392123
1684926192.22641,32.823821,34.992534,21.392099
1684926192.23462,32.823821,34.992534,21.392078
1684926192.23474,32.823821,34.992534,21.392061
1684926192.23482,32.823821,34.992534,21.392046
1684926192.30746,32.823821,34.992534,21.392052
1684926192.30758,32.823821,34.992534,21.39205
1684926192.30765,32.823821,34.992534,21.392049
1684926192.30772,32.823821,34.992534,21.392048
1684926192.30779,32.823821,34.992534,21.392046
1684926192.31578,32.823821,34.992534,21.392037
1684926192.31588,32.823821,34.992534,21.392035
1684926192.38637,32.823821,34.992534,21.39202
1684926192.38645,32.823821,34.992534,21.392006
1684926192.3866,32.823821,34.992534,21.391988
1684926192.38669,32.823821,34.992534,21.391972
1684926192.39701,32.823821,34.992534,21.391983
1684926192.39713,32.823821,34.992534,21.391999
1684926192.39719,32.823821,34.992534,21.392018
1684926192.39726,32.823821,34.992534,21.392036
1684926192.47138,32.823821,34.992534,21.392064
1684926192.47149,32.823821,34.992534,21.392089
1684926192.4716,32.823821,34.992534,21.392103
1684926192.47172,32.823821,34.992534,21.392132
1684926192.47181,32.823821,34.992534,21.392142
1684926192.47187,32.823821,34.992534,21.392158
1684926192.47193,32.823821,34.992534,21.392172
1684926192.47204,32.823821,34.992534,21.392191
1684926192.53334,32.823821,34.992534,21.39221
1684926192.53345,32.823821,34.992534,21.392247
1684926192.53373,32.823821,34.992534,21.392279
1684926192.53382,32.823821,34.992534,21.392308
1684926192.53389,32.823821,34.992534,21.392317
1684926192.53396,32.823821,34.992534,21.392323
1684926192.54523,32.823821,34.992534,21.392326
1684926192.54533,32.823821,34.992534,21.392332
1684926192.60805,32.823821,34.992534,21.392343
1684926192.60817,32.823821,34.992534,21.392353
1684926192.60822,32.823821,34.992534,21.39236
1684926192.6085,32.823821,34.992534,21.39238
1684926192.6221,32.823821,34.992534,21.392414
1684926192.62221,32.823821,34.992534,21.392458
1684926192.62232,32.823821,34.992534,21.392492
1684926192.68849,32.823821,34.992534,21.392528
1684926192.6886,32.823821,34.992534,21.392548
1684926192.68877,32.823821,34.992534,21.392554
1684926192.68899,32.823821,34.992534,21.392567
1684926192.68905,32.823821,34.992534,21.392573
1684926192.68916,32.823821,34.992534,21.392591
1684926192.68929,32.823821,34.992534,21.392626
1684926192.69514,32.823821,34.992534,21.392664
1684926192.7712,32.823821,34.992534,21.392696
1684926192.77133,32.823821,34.992534,21.392739
1684926192.77143,32.823821,34.992534,21.392777
1684926192.77155,32.823821,34.992534,21.392817
1684926192.78139,32.823821,34.992534,21.392853
1684926192.7815,32.823821,34.992534,21.392894
1684926192.78157,32.823821,34.992534,21.392938
1684926192.78164,32.823821,34.992534,21.392974
1684926192.85305,32.823821,34.992534,21.393006
1684926192.85318,32.823821,34.992534,21.393045
1684926192.85325,32.823821,34.992534,21.393102
1684926192.85333,32.823821,34.992534,21.393157
1684926192.8534,32.823821,34.992534,21.3932
1684926192.86082,32.823821,34.992534,21.39324
1684926192.86093,32.823821,34.992534,21.393269
1684926192.93078,32.823821,34.992534,21.393289
1684926192.93091,32.823821,34.992534,21.393312
1684926192.93098,32.823821,34.992534,21.393337
1684926192.93105,32.823821,34.992534,21.393382
1684926192.94072,32.823821,34.992534,21.393427
1684926192.94099,32.823821,34.992534,21.393471
1684926192.94108,32.823821,34.992534,21.393528
1684926192.94114,32.823821,34.992534,21.393596
1684926193.01235,32.823821,34.992534,21.393668
1684926193.01245,32.823821,34.992534,21.393744
1684926193.01256,32.823821,34.992534,21.393815
1684926193.01267,32.823821,34.992534,21.393884
1684926193.02064,32.823821,34.992534,21.393941
1684926193.02074,32.823821,34.992534,21.394005
1684926193.02084,32.823821,34.992534,21.394066
1684926193.02096,32.823821,34.992534,21.394151
1684926193.07844,32.823821,34.992534,21.394247
1684926193.07854,32.823821,34.992534,21.394328
1684926193.07865,32.823821,34.992534,21.394416
1684926193.07879,32.823821,34.992534,21.394521
1684926193.07887,32.823821,34.992534,21.394628
1684926193.08702,32.823821,34.992534,21.394723
1684926193.08713,32.823821,34.992534,21.394825
1684926193.15599,32.823821,34.992534,21.394935
1684926193.15607,32.823821,34.992534,21.395046
1684926193.16714,32.823821,34.992534,21.38074
1684926193.16723,32.823821,34.992534,21.380769
1684926193.16734,32.823821,34.992534,21.380811
1684926193.17527,32.823821,34.992534,21.380849
1684926193.17538,32.823821,34.992534,21.380893
1684926193.17543,32.823821,34.992534,21.380923
1684926193.23478,32.823821,34.992534,21.38095
1684926193.23489,32.823821,34.992534,21.380971
1684926193.23496,32.823821,34.992534,21.380992
1684926193.24595,32.823821,34.992534,21.38102
1684926193.24605,32.823821,34.992534,21.381053
1684926193.24612,32.823821,34.992534,21.381086
1684926193.25631,32.823821,34.992534,21.381113
1684926193.25642,32.823821,34.992534,21.381147
1684926193.31737,32.823821,34.992534,21.381189
1684926193.31746,32.823821,34.992534,21.38123
1684926193.31759,32.823821,34.992534,21.381288
1684926193.31766,32.823821,34.992534,21.381327
1684926193.32548,32.823821,34.992534,21.381358
1684926193.32556,32.823821,34.992534,21.381398
1684926193.32568,32.823821,34.992534,21.38143
1684926193.38529,32.823821,34.992534,21.381467
1684926193.38542,32.823821,34.992534,21.381523
1684926193.38549,32.823821,34.992534,21.381593
1684926193.40174,32.823821,34.992534,21.381669
1684926193.40185,32.823821,34.992534,21.381728
1684926193.40192,32.823821,34.992534,21.381798
1684926193.40199,32.823821,34.992534,21.381851
1684926193.40207,32.823821,34.992534,21.381906
1684926193.45653,32.823821,34.992534,21.381962
1684926193.45662,32.823821,34.992534,21.382006
1684926193.45673,32.823821,34.992534,21.382034
1684926193.45685,32.823821,34.992534,21.382076
1684926193.46628,32.823821,34.992534,21.382111
1684926193.46717,32.823821,34.992534,21.382162
1684926193.46724,32.823821,34.992534,21.382234
1684926193.46731,32.823821,34.992534,21.382305
1684926193.53889,32.823821,34.992534,21.382378
1684926193.53904,32.823821,34.992534,21.382444
1684926193.5391,32.823821,34.992534,21.382495
1684926193.55016,32.823821,34.992534,21.382559
1684926193.55027,32.823821,34.992534,21.382606
1684926193.55035,32.823821,34.992534,21.382668
1684926193.55046,32.823821,34.992534,21.382732
1684926193.55824,32.823821,34.992534,21.382794
1684926193.61943,32.823821,34.992534,21.38287
1684926193.61954,32.823821,34.992534,21.382949
1684926193.6196,32.823821,34.992534,21.383017
1684926193.61972,32.823821,34.992534,21.383096
1684926193.63,32.823821,34.992534,21.383177
1684926193.63011,32.823821,34.992534,21.383232
1684926193.63017,32.823821,34.992534,21.383285
1684926193.69797,32.823821,34.992534,21.38333
1684926193.69809,32.823821,34.992534,21.383366
1684926193.69816,32.823821,34.992534,21.383419
1684926193.69823,32.823821,34.992534,21.38348
1684926193.70851,32.823821,34.992534,21.383537
1684926193.70859,32.823821,34.992534,21.383596
1684926193.7087,32.823821,34.992534,21.383653
1684926193.70877,32.823821,34.992534,21.383712
1684926193.77811,32.823821,34.992534,21.383779
1684926193.77822,32.823821,34.992534,21.383831
1684926193.77828,32.823821,34.992534,21.38388
1684926193.7784,32.823821,34.992534,21.383919
1684926193.78836,32.823821,34.992534,21.383949
1684926193.78848,32.823821,34.992534,21.383982
1684926193.78853,32.823821,34.992534,21.384026
1684926193.78865,32.823821,34.992534,21.384091
1684926193.84826,32.823821,34.992534,21.384151
1684926193.8484,32.823821,34.992534,21.384213
1684926193.84849,32.823821,34.992534,21.384272
1684926193.84859,32.823821,34.992534,21.384313
1684926193.84871,32.823821,34.992534,21.384342
1684926193.85637,32.823821,34.992534,21.384379
1684926193.85658,32.823821,34.992534,21.384408
1684926193.92185,32.823821,34.992534,21.384425
1684926193.92194,32.823821,34.992534,21.384439
1684926193.92206,32.823821,34.992534,21.384456
1684926193.92217,32.823821,34.992534,21.384476
1684926193.92225,32.823821,34.992534,21.384507
1684926193.9299,32.823821,34.992534,21.384552
1684926193.92999,32.823821,34.992534,21.384591
1684926193.93006,32.823821,34.992534,21.384625
1684926193.99782,32.823821,34.992534,21.38465
1684926193.9979,32.823821,34.992534,21.384671
1684926193.99801,32.823821,34.992534,21.384696
1684926193.99812,32.823821,34.992534,21.384728
1684926193.99824,32.823821,34.992534,21.384769
1684926194.00569,32.823821,34.992534,21.384819
1684926194.00577,32.823821,34.992534,21.384863
1684926194.0059,32.823821,34.992534,21.384917
1684926194.0842,32.823821,34.992534,21.384978
1684926194.08434,32.823821,34.992534,21.385026
1684926194.08441,32.823821,34.992534,21.385075
1684926194.09444,32.823821,34.992534,21.385128
1684926194.09456,32.823821,34.992534,21.385159
1684926194.09467,32.823821,34.992534,21.385171
1684926194.09479,32.823821,34.992534,21.385189
1684926194.16305,32.823821,34.992534,21.385208
1684926194.16541,32.823821,34.992534,21.385233
1684926194.1655,32.823821,34.992534,21.370568
1684926194.16561,32.823821,34.992534,21.370577
1684926194.16577,32.823821,34.992534,21.370573
1684926194.1716,32.823821,34.992534,21.370573
1684926194.1717,32.823821,34.992534,21.370549
1684926194.17176,32.823821,34.992534,21.370531
1684926194.22392,32.823821,34.992534,21.370521
1684926194.22403,32.823821,34.992534,21.370503
1684926194.22413,32.823821,34.992534,21.370485
1684926194.22427,32.823821,34.992534,21.370478
1684926194.22436,32.823821,34.992534,21.370467
1684926194.22442,32.823821,34.992534,21.370485
1684926194.23127,32.823821,34.992534,21.370513
1684926194.23139,32.823821,34.992534,21.370546
1684926194.30478,32.823821,34.992534,21.370583
1684926194.3049,32.823821,34.992534,21.370595
1684926194.30502,32.823821,34.992534,21.370606
1684926194.30509,32.823821,34.992534,21.370603
1684926194.30517,32.823821,34.992534,21.370599
1684926194.31877,32.823821,34.992534,21.370591
1684926194.31892,32.823821,34.992534,21.370575
1684926194.39421,32.823821,34.992534,21.370562
1684926194.39433,32.823821,34.992534,21.370551
1684926194.3944,32.823821,34.992534,21.370555
1684926194.39446,32.823821,34.992534,21.370561
1684926194.39453,32.823821,34.992534,21.370565
1684926194.40281,32.823821,34.992534,21.370582
1684926194.40289,32.823821,34.992534,21.370589
1684926194.403,32.823821,34.992534,21.37059
1684926194.47309,32.823821,34.992534,21.370588
1684926194.47322,32.823821,34.992534,21.370591
1684926194.47329,32.823821,34.992534,21.370606
1684926194.47338,32.823821,34.992534,21.370632
1684926194.48323,32.823821,34.992534,21.370657
1684926194.48334,32.823821,34.992534,21.370678
1684926194.48341,32.823821,34.992534,21.370696
1684926194.48374,32.823821,34.992534,21.370708
1684926194.53092,32.823821,34.992534,21.370715
1684926194.53103,32.823821,34.992534,21.370718
1684926194.5311,32.823821,34.992534,21.370726
1684926194.53121,32.823821,34.992534,21.37073
1684926194.53134,32.823821,34.992534,21.37073
1684926194.54073,32.823821,34.992534,21.370735
1684926194.54085,32.823821,34.992534,21.370747
1684926194.54091,32.823821,34.992534,21.370765
1684926194.61183,32.823821,34.992534,21.370794
1684926194.61198,32.823821,34.992534,21.37082
1684926194.61206,32.823821,34.992534,21.370846
1684926194.62181,32.823821,34.992534,21.370862
1684926194.62195,32.823821,34.992534,21.37087
1684926194.62203,32.823821,34.992534,21.370891
1684926194.62211,32.823821,34.992534,21.370911
1684926194.69069,32.823821,34.992534,21.370944
1684926194.69081,32.823821,34.992534,21.370969
1684926194.69092,32.823821,34.992534,21.371
1684926194.69103,32.823821,34.992534,21.37104
1684926194.69115,32.823821,34.992534,21.371082
1684926194.69929,32.823821,34.992534,21.371126
1684926194.69939,32.823821,34.992534,21.37117
1684926194.69945,32.823821,34.992534,21.371206
1684926194.76843,32.823821,34.992534,21.371224
1684926194.76856,32.823821,34.992534,21.371245
1684926194.76862,32.823821,34.992534,21.371265
1684926194.76868,32.823821,34.992534,21.371283
1684926194.77839,32.823821,34.992534,21.371319
1684926194.77851,32.823821,34.992534,21.371361
1684926194.77858,32.823821,34.992534,21.371398
1684926194.77865,32.823821,34.992534,21.371438
1684926194.85725,32.823821,34.992534,21.371493
1684926194.8574,32.823821,34.992534,21.371555
1684926194.85747,32.823821,34.992534,21.371606
1684926194.85754,32.823821,34.992534,21.371661
1684926194.85762,32.823821,34.992534,21.371729
1684926194.8657,32.823821,34.992534,21.371801
1684926194.86582,32.823821,34.992534,21.371872
1684926194.93561,32.823821,34.992534,21.371954
1684926194.93571,32.823821,34.992534,21.372043
1684926194.93588,32.823821,34.992534,21.372138
1684926194.93599,32.823821,34.992534,21.37223
1684926194.94551,32.823821,34.992534,21.372323
1684926194.94561,32.823821,34.992534,21.372408
1684926194.94572,32.823821,34.992534,21.372486
1684926194.94584,32.823821,34.992534,21.372562
1684926195.01396,32.823821,34.992534,21.372637
1684926195.01406,32.823821,34.992534,21.372708
1684926195.01417,32.823821,34.992534,21.372786
1684926195.01428,32.823821,34.992534,21.372863
1684926195.02424,32.823821,34.992534,21.372944
1684926195.0244,32.823821,34.992534,21.373028
1684926195.02448,32.823821,34.992534,21.373111
1684926195.02977,32.823821,34.992534,21.373203
1684926195.07691,32.823821,34.992534,21.373285
1684926195.07703,32.823821,34.992534,21.373359
1684926195.07711,32.823821,34.992534,21.37344
1684926195.08803,32.823821,34.992534,21.373505
1684926195.08809,32.823821,34.992534,21.373584
1684926195.0882,32.823821,34.992534,21.373678
1684926195.08833,32.823821,34.992534,21.373789
1684926195.15232,32.823821,34.992534,21.373898
1684926195.15242,32.823822,34.992534,21.374012
1684926195.15249,32.823822,34.992534,21.361074
1684926195.15256,32.823822,34.992534,21.361102
1684926195.15262,32.823822,34.992534,21.361135
1684926195.15274,32.823822,34.992534,21.36116
1684926195.15933,32.823822,34.992534,21.361181
1684926195.15942,32.823822,34.992534,21.361198
1684926195.23422,32.823822,34.992534,21.361216
1684926195.23434,32.823822,34.992534,21.361244
1684926195.23442,32.823822,34.992534,21.361289
1684926195.23448,32.823822,34.992534,21.361344
1684926195.23455,32.823822,34.992534,21.361408
1684926195.23462,32.823822,34.992534,21.361478
1684926195.24108,32.823822,34.992534,21.361545
1684926195.24119,32.823822,34.992534,21.3616
1684926195.32117,32.823822,34.992534,21.361667
1684926195.3213,32.823822,34.992534,21.361724
1684926195.32135,32.823822,34.992534,21.361789
1684926195.3322,32.823822,34.992534,21.361856
1684926195.33233,32.823822,34.992534,21.361923
1684926195.33238,32.823822,34.992534,21.361981
1684926195.33251,32.823822,34.992534,21.362041
1684926195.3836,32.823822,34.992534,21.362101
1684926195.38399,32.823822,34.992534,21.362159
1684926195.38406,32.823822,34.992534,21.362216
1684926195.38417,32.823822,34.992534,21.362258
1684926195.3999,32.823822,34.992534,21.362282
1684926195.40002,32.823822,34.992534,21.362302
1684926195.40008,32.823822,34.992534,21.362325
1684926195.4071,32.823822,34.992534,21.362358
1684926195.45945,32.823822,34.992534,21.362388
1684926195.46081,32.823822,34.992534,21.36242
1684926195.4609,32.823822,34.992534,21.362453
1684926195.47139,32.823822,34.992534,21.362489
1684926195.47149,32.823822,34.992534,21.362508
1684926195.47161,32.823822,34.992534,21.362525
1684926195.47167,32.823822,34.992534,21.362542
1684926195.47173,32.823822,34.992534,21.362549
1684926195.54493,32.823822,34.992534,21.362543
1684926195.54506,32.823822,34.992534,21.362542
1684926195.54521,32.823822,34.992534,21.362544
1684926195.54529,32.823822,34.992534,21.362542
1684926195.5454,32.823822,34.992534,21.362563
1684926195.54551,32.823822,34.992534,21.362592
1684926195.55888,32.823822,34.992534,21.362613
1684926195.55916,32.823822,34.992534,21.362627
1684926195.61656,32.823822,34.992534,21.362625
1684926195.61666,32.823822,34.992534,21.362625
1684926195.61677,32.823822,34.992534,21.362617
1684926195.62676,32.823822,34.992534,21.3626
1684926195.62686,32.823822,34.992534,21.362567
1684926195.62693,32.823822,34.992534,21.362537
1684926195.62699,32.823822,34.992534,21.362504
1684926195.70064,32.823822,34.992534,21.362486
1684926195.7009,32.823822,34.992534,21.362482
1684926195.70098,32.823822,34.992534,21.362485
1684926195.70106,32.823822,34.992534,21.362491
1684926195.70116,32.823822,34.992534,21.362499
1684926195.70125,32.823822,34.992534,21.362485
1684926195.70712,32.823822,34.992534,21.362476
1684926195.70722,32.823822,34.992534,21.36246
1684926195.77746,32.823822,34.992534,21.36245
1684926195.77758,32.823822,34.992534,21.362437
1684926195.77765,32.823822,34.992534,21.362436
1684926195.77772,32.823822,34.992534,21.362435
1684926195.78699,32.823822,34.992534,21.362421
1684926195.78709,32.823822,34.992534,21.362416
1684926195.7872,32.823822,34.992534,21.362413
1684926195.78727,32.823822,34.992534,21.362399
1684926195.83958,32.823822,34.992534,21.36239
1684926195.8397,32.823822,34.992534,21.362366
1684926195.83978,32.823822,34.992534,21.362335
1684926195.83985,32.823822,34.992534,21.362311
1684926195.83993,32.823822,34.992534,21.362291
1684926195.84001,32.823822,34.992534,21.362275
1684926195.84571,32.823822,34.992534,21.362278
1684926195.92665,32.823822,34.992534,21.362259
1684926195.92675,32.823822,34.992534,21.362261
1684926195.92681,32.823822,34.992534,21.36223
1684926195.92687,32.823822,34.992534,21.362188
1684926195.92704,32.823822,34.992534,21.362133
1684926195.92717,32.823822,34.992534,21.362088
1684926195.93545,32.823822,34.992534,21.362039
1684926195.93556,32.823822,34.992534,21.36199
1684926196.00789,32.823822,34.992534,21.361938
1684926196.0129,32.823822,34.992534,21.361896
1684926196.0138,32.823822,34.992534,21.361878
1684926196.01386,32.823822,34.992534,21.36187
1684926196.01397,32.823822,34.992534,21.361865
1684926196.01408,32.823822,34.992534,21.361852
1684926196.01414,32.823822,34.992534,21.36183
1684926196.01426,32.823822,34.992534,21.361799
1684926196.08903,32.823822,34.992534,21.361757
1684926196.08911,32.823822,34.992534,21.361709
1684926196.08922,32.823822,34.992534,21.361663
1684926196.08929,32.823822,34.992534,21.361613
1684926196.08941,32.823822,34.992534,21.361566
1684926196.09648,32.823822,34.992534,21.361531
1684926196.0966,32.823822,34.992534,21.361499
1684926196.16042,32.823822,34.992534,21.361484
1684926196.16055,32.823822,34.992534,21.361466
1684926196.16061,32.823822,34.992534,21.349671
1684926196.16073,32.823822,34.992534,21.349663
1684926196.1608,32.823822,34.992534,21.349649
1684926196.16092,32.823822,34.992534,21.349628
1684926196.16754,32.823822,34.992534,21.349612
1684926196.16765,32.823822,34.992534,21.349608
1684926196.2261,32.823822,34.992534,21.349624
1684926196.2262,32.823822,34.992534,21.34963
1684926196.22626,32.823822,34.992534,21.349639
1684926196.23733,32.823822,34.992534,21.349647
1684926196.23747,32.823822,34.992534,21.34966
1684926196.23755,32.823822,34.992534,21.349658
1684926196.24667,32.823822,34.992534,21.349662
1684926196.24683,32.823822,34.992534,21.34966
1684926196.31205,32.823822,34.992534,21.349648
1684926196.31215,32.823822,34.992534,21.349638
1684926196.31226,32.823822,34.992534,21.349626
1684926196.32335,32.823822,34.992534,21.349622
1684926196.32346,32.823822,34.992534,21.349628
1684926196.33097,32.823822,34.992534,21.34962
1684926196.33105,32.823822,34.992534,21.349613
1684926196.38768,32.823822,34.992534,21.349609
1684926196.3878,32.823822,34.992534,21.349595
1684926196.38786,32.823822,34.992534,21.349578
1684926196.38803,32.823822,34.992534,21.349563
1684926196.39665,32.823822,34.992534,21.349546
1684926196.39676,32.823822,34.992534,21.349534
1684926196.39682,32.823822,34.992534,21.349522
1684926196.39691,32.823822,34.992534,21.349513
1684926196.4661,32.823822,34.992534,21.349499
1684926196.46619,32.823822,34.992534,21.349493
1684926196.46625,32.823822,34.992534,21.349486
1684926196.46637,32.823822,34.992534,21.349492
1684926196.4774,32.823822,34.992534,21.349486
1684926196.47751,32.823822,34.992534,21.349474
1684926196.4776,32.823822,34.992534,21.349466
1684926196.48441,32.823822,34.992534,21.349455
1684926196.5286,32.823822,34.992534,21.349457
1684926196.52872,32.823822,34.992534,21.34947
1684926196.52879,32.823822,34.992534,21.349495
1684926196.52885,32.823822,34.992534,21.349526
1684926196.52892,32.823822,34.992534,21.34956
1684926196.53686,32.823822,34.992534,21.349611
1684926196.53697,32.823822,34.992534,21.349655
1684926196.53704,32.823822,34.992534,21.349692
1684926196.60689,32.823822,34.992534,21.349733
1684926196.60699,32.823822,34.992534,21.349753
1684926196.60706,32.823822,34.992534,21.349762
1684926196.60713,32.823822,34.992534,21.349767
1684926196.61826,32.823822,34.992534,21.349768
1684926196.61837,32.823822,34.992534,21.349782
1684926196.61843,32.823822,34.992534,21.34979
1684926196.69267,32.823822,34.992534,21.349803
1684926196.69282,32.823822,34.992534,21.349801
1684926196.69288,32.823822,34.992534,21.349778
1684926196.70191,32.823822,34.992534,21.349756
1684926196.70201,32.823822,34.992534,21.349738
1684926196.70213,32.823822,34.992534,21.349716
1684926196.70224,32.823822,34.992534,21.34969
1684926196.70235,32.823822,34.992534,21.349675
1684926196.7709,32.823822,34.992534,21.349673
1684926196.77103,32.823822,34.992534,21.349675
1684926196.77109,32.823822,34.992534,21.349686
1684926196.77116,32.823822,34.992534,21.349721
1684926196.78212,32.823822,34.992534,21.349749
1684926196.78222,32.823822,34.992534,21.34978
1684926196.78237,32.823822,34.992534,21.349806
1684926196.78245,32.823822,34.992534,21.349832
1684926196.85607,32.823822,34.992534,21.349845
1684926196.85618,32.823822,34.992534,21.349876
1684926196.85625,32.823822,34.992534,21.349913
1684926196.87533,32.823822,34.992534,21.349971
1684926196.87546,32.823822,34.992534,21.350028
1684926196.87575,32.823822,34.992534,21.350087
1684926196.87608,32.823822,34.992534,21.350155
1684926196.93007,32.823822,34.992534,21.350212
1684926196.93018,32.823822,34.992534,21.350274
1684926196.93024,32.823822,34.992534,21.350326
1684926196.93036,32.823822,34.992534,21.350369
1684926196.93834,32.823822,34.992534,21.350423
1684926196.9384,32.823822,34.992534,21.350466
1684926196.93851,32.823822,34.992534,21.350514
1684926196.93863,32.823822,34.992534,21.350583
1684926197.00935,32.823822,34.992534,21.350665
1684926197.00947,32.823822,34.992534,21.350752
1684926197.00953,32.823822,34.992534,21.350842
1684926197.01947,32.823822,34.992534,21.350928
1684926197.01963,32.823822,34.992534,21.351013
1684926197.01971,32.823822,34.992534,21.351096
1684926197.01978,32.823822,34.992534,21.351172
1684926197.01986,32.823822,34.992534,21.351251
1684926197.073,32.823822,34.992534,21.351321
1684926197.07319,32.823822,34.992534,21.351397
1684926197.07331,32.823822,34.992534,21.351479
1684926197.08642,32.823822,34.992534,21.35156
1684926197.08654,32.823822,34.992534,21.351647
1684926197.08661,32.823822,34.992534,21.351742
1684926197.08669,32.823822,34.992534,21.351831
1684926197.15313,32.823822,34.992534,21.351917
1684926197.15324,32.823822,34.992534,21.351987
1684926197.15331,32.823822,34.992534,21.339863
1684926197.15342,32.823822,34.992534,21.339884
1684926197.15354,32.823822,34.992534,21.339911
1684926197.15368,32.823822,34.992534,21.339933
1684926197.16141,32.823822,34.992534,21.339953
1684926197.16154,32.823822,34.992534,21.339975
1684926197.23234,32.823822,34.992534,21.339996
1684926197.23248,32.823822,34.992534,21.340012
1684926197.23255,32.823822,34.992534,21.340032
1684926197.23269,32.823822,34.992534,21.340048
1684926197.23277,32.823822,34.992534,21.340046
1684926197.23283,32.823822,34.992534,21.340038
1684926197.23972,32.823822,34.992534,21.340029
1684926197.23981,32.823822,34.992534,21.340028
1684926197.31321,32.823822,34.992534,21.340035
1684926197.31337,32.823822,34.992534,21.340065
1684926197.31343,32.823822,34.992534,21.340104
1684926197.31356,32.823822,34.992534,21.340151
1684926197.3208,32.823822,34.992534,21.340188
1684926197.32089,32.823822,34.992534,21.340214
1684926197.32095,32.823822,34.992534,21.340238
1684926197.3779,32.823822,34.992534,21.34026
1684926197.37808,32.823822,34.992534,21.340271
1684926197.37817,32.823822,34.992534,21.340267
1684926197.37824,32.823822,34.992534,21.340264
1684926197.37831,32.823822,34.992534,21.340259
1684926197.3784,32.823822,34.992534,21.340255
1684926197.38615,32.823822,34.992534,21.340265
1684926197.38629,32.823822,34.992534,21.340273
1684926197.46442,32.823822,34.992534,21.340281
1684926197.46454,32.823822,34.992534,21.340277
1684926197.47863,32.823822,34.992534,21.340246
1684926197.47872,32.823822,34.992534,21.340205
1684926197.47879,32.823822,34.992534,21.340167
1684926197.47893,32.823822,34.992534,21.340122
1684926197.47903,32.823822,34.992534,21.340054
1684926197.4791,32.823822,34.992534,21.339981
1684926197.53563,32.823822,34.992534,21.339923
1684926197.53579,32.823822,34.992534,21.339858
1684926197.53588,32.823822,34.992534,21.339796
1684926197.53593,32.823822,34.992534,21.339739
1684926197.54726,32.823822,34.992534,21.339683
1684926197.54739,32.823822,34.992534,21.339617
1684926197.54746,32.823822,34.992534,21.339539
1684926197.55854,32.823822,34.992534,21.339461
1684926197.62155,32.823822,34.992534,21.339374
1684926197.62168,32.823822,34.992534,21.339303
1684926197.62175,32.823822,34.992534,21.339233
1684926197.62181,32.823822,34.992534,21.339164
1684926197.62196,32.823822,34.992534,21.339102
1684926197.62934,32.823822,34.992534,21.339039
1684926197.62944,32.823822,34.992534,21.338977
1684926197.70129,32.823822,34.992534,21.338921
1684926197.70138,32.823822,34.992534,21.338848
1684926197.70148,32.823822,34.992534,21.338782
1684926197.7016,32.823822,34.992534,21.338698
1684926197.70171,32.823822,34.992534,21.33861
1684926197.71107,32.823822,34.992534,21.338526
1684926197.71118,32.823822,34.992534,21.338431
1684926197.71124,32.823822,34.992534,21.338357
1684926197.78443,32.823822,34.992534,21.338289
1684926197.78451,32.823822,34.992534,21.338226
1684926197.78462,32.823822,34.992534,21.338156
1684926197.78473,32.823822,34.992534,21.338067
1684926197.7938,32.823822,34.992534,21.337976
1684926197.79392,32.823822,34.992534,21.337881
1684926197.79399,32.823822,34.992534,21.337782
1684926197.79406,32.823822,34.992534,21.337681
1684926197.84185,32.823822,34.992534,21.337578
1684926197.84195,32.823822,34.992534,21.337476
1684926197.84203,32.823822,34.992534,21.337382
1684926197.84216,32.823822,34.992534,21.337306
1684926197.84223,32.823822,34.992534,21.337249
1684926197.84864,32.823822,34.992534,21.337195
1684926197.84871,32.823822,34.992534,21.337135
1684926197.92188,32.823822,34.992534,21.33707
1684926197.92198,32.823822,34.992534,21.336991
1684926197.92209,32.823822,34.992534,21.336919
1684926197.9222,32.823822,34.992534,21.33684
1684926197.92235,32.823822,34.992534,21.336757
1684926197.92247,32.823822,34.992534,21.336665
1684926197.92936,32.823822,34.992534,21.336579
1684926197.92947,32.823822,34.992534,21.336486
1684926198.00841,32.823822,34.992534,21.336393
1684926198.00851,32.823822,34.992534,21.336292
1684926198.00858,32.823822,34.992534,21.336195
1684926198.00863,32.823822,34.992534,21.336109
1684926198.00871,32.823822,34.992534,21.336009
1684926198.00877,32.823822,34.992534,21.335902
1684926198.00893,32.823822,34.992534,21.335796
1684926198.00904,32.823822,34.992534,21.335693
1684926198.07948,32.823822,34.992534,21.33559
1684926198.0796,32.823822,34.992534,21.335503
1684926198.07965,32.823822,34.992534,21.335424
1684926198.07977,32.823822,34.992534,21.335335
1684926198.07989,32.823822,34.992534,21.335253
1684926198.07995,32.823822,34.992534,21.335163
1684926198.08598,32.823822,34.992534,21.33507
1684926198.16799,32.823822,34.992534,21.334982
1684926198.16808,32.823822,34.992534,21.334889
1684926198.16818,32.823822,34.992534,21.32271
1684926198.1683,32.823822,34.992534,21.322683
1684926198.16836,32.823822,34.992534,21.32265
1684926198.16848,32.823822,34.992534,21.322627
1684926198.18226,32.823822,34.992534,21.322615
1684926198.18242,32.823822,34.992534,21.322614
1684926198.22745,32.823822,34.992534,21.322606
1684926198.22767,32.823822,34.992534,21.322599
1684926198.22777,32.823822,34.992534,21.322577
1684926198.22784,32.823822,34.992534,21.322556
1684926198.22791,32.823822,34.992534,21.322533
1684926198.228,32.823822,34.992534,21.322514
1684926198.22807,32.823822,34.992534,21.32251
1684926198.23373,32.823822,34.992534,21.322502
1684926198.30608,32.823822,34.992534,21.322498
1684926198.30618,32.823822,34.992534,21.322494
1684926198.30624,32.823822,34.992534,21.322497
1684926198.31683,32.823822,34.992534,21.32251
1684926198.31698,32.823822,34.992534,21.322508
1684926198.31706,32.823822,34.992534,21.322514
1684926198.31723,32.823822,34.992534,21.322497
1684926198.39236,32.823822,34.992534,21.322474
1684926198.39249,32.823822,34.992534,21.32245
1684926198.39256,32.823822,34.992534,21.322427
1684926198.39265,32.823822,34.992534,21.322412
1684926198.39297,32.823822,34.992534,21.322399
1684926198.3931,32.823822,34.992534,21.322386
1684926198.39988,32.823822,34.992534,21.322383
1684926198.39998,32.823822,34.992534,21.322375
1684926198.46439,32.823822,34.992534,21.322376
1684926198.46452,32.823822,34.992534,21.322377
1684926198.46458,32.823822,34.992534,21.322379
1684926198.47563,32.823822,34.992534,21.322384
1684926198.48244,32.823822,34.992534,21.322387
1684926198.48252,32.823822,34.992534,21.322393
1684926198.48263,32.823822,34.992534,21.322404
1684926198.4827,32.823822,34.992534,21.322425
1684926198.52845,32.823822,34.992534,21.322446
1684926198.52883,32.823822,34.992534,21.322468
1684926198.5289,32.823822,34.992534,21.32249
1684926198.52901,32.823822,34.992534,21.322508
1684926198.5386,32.823822,34.992534,21.322518
1684926198.53895,32.823822,34.992534,21.32254
1684926198.53905,32.823822,34.992534,21.322555
1684926198.53911,32.823822,34.992534,21.322582
1684926198.61816,32.823822,34.992534,21.322599
1684926198.61823,32.823822,34.992534,21.32263
1684926198.61835,32.823822,34.992534,21.322656
1684926198.61846,32.823822,34.992534,21.322693
1684926198.6186,32.823822,34.992534,21.32272
1684926198.61868,32.823822,34.992534,21.32275
1684926198.62464,32.823822,34.992534,21.322778
1684926198.69423,32.823822,34.992534,21.322794
1684926198.69435,32.823822,34.992534,21.322807
1684926198.69444,32.823822,34.992534,21.322834
1684926198.71129,32.823822,34.992534,21.322849
1684926198.7114,32.823822,34.992534,21.322888
1684926198.71151,32.823822,34.992534,21.322933
1684926198.71158,32.823822,34.992534,21.322981
1684926198.72342,32.823822,34.992534,21.323025
1684926198.77689,32.823822,34.992534,21.323077
1684926198.77702,32.823822,34.992534,21.323118
1684926198.77713,32.823822,34.992534,21.323164
1684926198.77719,32.823822,34.992534,21.323204
1684926198.7863,32.823822,34.992534,21.323233
1684926198.78642,32.823822,34.992534,21.323249
1684926198.78647,32.823822,34.992534,21.323269
1684926198.78659,32.823822,34.992534,21.323286
1684926198.85108,32.823822,34.992534,21.323318
1684926198.85118,32.823822,34.992534,21.323368
1684926198.85126,32.823822,34.992534,21.323419
1684926198.85135,32.823822,34.992534,21.323472
1684926198.85141,32.823822,34.992534,21.323515
1684926198.85152,32.823822,34.992534,21.323555
1684926198.85766,32.823822,34.992534,21.323594
1684926198.93374,32.823822,34.992534,21.323636
1684926198.93608,32.823822,34.992534,21.32368
1684926198.93614,32.823822,34.992534,21.323734
1684926198.9362,32.823822,34.992534,21.323789
1684926198.95983,32.823822,34.992534,21.32385
1684926198.95991,32.823822,34.992534,21.323915
1684926198.96002,32.823822,34.992534,21.323995
1684926198.96013,32.823822,34.992534,21.324074
1684926199.01742,32.823822,34.992534,21.324154
1684926199.01767,32.823822,34.992534,21.324234
1684926199.01774,32.823822,34.992534,21.324286
1684926199.02772,32.823822,34.992534,21.324342
1684926199.02791,32.823822,34.992534,21.324381
1684926199.028,32.823822,34.992534,21.324424
1684926199.03464,32.823822,34.992534,21.324475
1684926199.03472,32.823822,34.992534,21.324522
1684926199.0816,32.823822,34.992534,21.324567
1684926199.08171,32.823822,34.992534,21.324611
1684926199.08177,32.823822,34.992534,21.324632
1684926199.08189,32.823822,34.992534,21.324652
1684926199.08201,32.823822,34.992534,21.324667
1684926199.09015,32.823822,34.992534,21.324681
1684926199.09021,32.823822,34.992534,21.324679
1684926199.16514,32.823822,34.992534,21.32468
1684926199.16528,32.823822,34.992534,21.324679
1684926199.16533,32.823822,34.992534,21.312106
1684926199.16545,32.823822,34.992534,21.312117
1684926199.16557,32.823822,34.992534,21.312135
1684926199.16567,32.823822,34.992534,21.312152
1684926199.16573,32.823822,34.992534,21.312173
1684926199.1658,32.823822,34.992534,21.312181
1684926199.23483,32.823822,34.992534,21.312182
1684926199.23493,32.823822,34.992534,21.312185
1684926199.23503,32.823822,34.992534,21.312182
1684926199.23519,32.823822,34.992534,21.312169
1684926199.24448,32.823822,34.992534,21.31215
1684926199.24459,32.823822,34.992534,21.312122
1684926199.24467,32.823822,34.992534,21.312113
1684926199.24478,32.823822,34.992534,21.312114
1684926199.3136,32.823822,34.992534,21.312121
1684926199.3137,32.823822,34.992534,21.312109
1684926199.31381,32.823822,34.992534,21.312103
1684926199.31393,32.823822,34.992534,21.312068
1684926199.32136,32.823822,34.992534,21.312028
1684926199.32145,32.823822,34.992534,21.311996
1684926199.32152,32.823822,34.992534,21.311954
1684926199.37934,32.823822,34.992534,21.311918
1684926199.37943,32.823822,34.992534,21.311897
1684926199.37949,32.823822,34.992534,21.311863
1684926199.37961,32.823822,34.992534,21.311833
1684926199.37972,32.823822,34.992534,21.311807
1684926199.38716,32.823822,34.992534,21.311777
1684926199.38722,32.823822,34.992534,21.311747
1684926199.38733,32.823822,34.992534,21.311714
1684926199.45323,32.823822,34.992534,21.311668
1684926199.45339,32.823822,34.992534,21.311621
1684926199.45346,32.823822,34.992534,21.311581
1684926199.45355,32.823822,34.992534,21.311551
1684926199.46286,32.823822,34.992534,21.31152
1684926199.46298,32.823822,34.992534,21.311507
1684926199.46306,32.823822,34.992534,21.311497
1684926199.46313,32.823822,34.992534,21.311484
1684926199.53637,32.823822,34.992534,21.311453
1684926199.53648,32.823822,34.992534,21.311412
1684926199.53654,32.823822,34.992534,21.311372
1684926199.53662,32.823822,34.992534,21.311324
1684926199.54701,32.823822,34.992534,21.311273
1684926199.54711,32.823822,34.992534,21.31122
1684926199.54718,32.823822,34.992534,21.311173
1684926199.54727,32.823822,34.992534,21.311117
1684926199.62571,32.823822,34.992534,21.311085
1684926199.6294,32.823822,34.992534,21.311057
1684926199.62948,32.823822,34.992534,21.311025
1684926199.63585,32.823822,34.992534,21.310982
1684926199.63594,32.823822,34.992534,21.310916
1684926199.63601,32.823822,34.992534,21.310845
1684926199.6431,32.823822,34.992534,21.31076
1684926199.70566,32.823822,34.992534,21.310676
1684926199.70577,32.823822,34.992534,21.310577
1684926199.70582,32.823822,34.992534,21.31048
1684926199.72159,32.823822,34.992534,21.310373
1684926199.72169,32.823822,34.992534,21.310271
1684926199.72181,32.823822,34.992534,21.31018
1684926199.7219,32.823822,34.992534,21.310111
1684926199.73919,32.823822,34.992534,21.310048
1684926199.76883,32.823822,34.992534,21.309989
1684926199.76894,32.823822,34.992534,21.309904
1684926199.769,32.823822,34.992534,21.309813
1684926199.76915,32.823822,34.992534,21.309716
1684926199.7791,32.823822,34.992534,21.309624
1684926199.77935,32.823822,34.992534,21.309541
1684926199.77943,32.823822,34.992534,21.309463
1684926199.79064,32.823822,34.992534,21.309397
1684926199.84535,32.823822,34.992534,21.309321
1684926199.84548,32.823822,34.992534,21.30924
1684926199.84559,32.823822,34.992534,21.309161
1684926199.8457,32.823822,34.992534,21.309073
1684926199.84581,32.823822,34.992534,21.308992
1684926199.84624,32.823822,34.992534,21.308903
1684926199.85732,32.823822,34.992534,21.308803
1684926199.92962,32.823822,34.992534,21.3087
1684926199.92975,32.823822,34.992534,21.308592
1684926199.92982,32.823822,34.992534,21.308505
1684926199.92988,32.823822,34.992534,21.308427
1684926199.94026,32.823822,34.992534,21.308347
1684926199.94035,32.823822,34.992534,21.308273
1684926199.94041,32.823822,34.992534,21.308195
1684926199.94047,32.823822,34.992534,21.30812
1684926200.00247,32.823822,34.992534,21.308043
1684926200.0026,32.823822,34.992534,21.307972
1684926200.00267,32.823822,34.992534,21.307902
1684926200.00274,32.823822,34.992534,21.307843
1684926200.00282,32.823822,34.992534,21.307786
1684926200.01047,32.823822,34.992534,21.307733
1684926200.01065,32.823822,34.992534,21.307677
1684926200.01072,32.823822,34.992534,21.307642
1684926200.08485,32.823822,34.992534,21.307611
1684926200.08497,32.823822,34.992534,21.307561
1684926200.08504,32.823822,34.992534,21.307511
1684926200.1054,32.823822,34.992534,21.307446
1684926200.1055,32.823822,34.992534,21.307371
1684926200.10555,32.823822,34.992534,21.3073
1684926200.10572,32.823822,34.992534,21.307227
1684926200.16344,32.823822,34.992534,21.307172
1684926200.16356,32.823822,34.992534,21.307117
1684926200.16363,32.823822,34.992534,21.2949
1684926200.17369,32.823822,34.992534,21.294882
1684926200.17378,32.823822,34.992534,21.294869
1684926200.1739,32.823822,34.992534,21.29487
1684926200.18292,32.823822,34.992534,21.294868
1684926200.18302,32.823822,34.992534,21.294865
1684926200.22699,32.823822,34.992534,21.294842
1684926200.22711,32.823822,34.992534,21.294827
1684926200.22717,32.823822,34.992534,21.294814
1684926200.22724,32.823822,34.992534,21.294805
1684926200.2273,32.823822,34.992534,21.294809
1684926200.23484,32.823822,34.992534,21.294822
1684926200.23495,32.823822,34.992534,21.294836
1684926200.23503,32.823822,34.992534,21.294844
1684926200.30785,32.823822,34.992534,21.294851
1684926200.30796,32.823822,34.992534,21.29485
1684926200.30802,32.823822,34.992534,21.294846
1684926200.30814,32.823822,34.992534,21.294839
1684926200.31641,32.823822,34.992534,21.294842
1684926200.3165,32.823822,34.992534,21.294843
1684926200.31665,32.823822,34.992534,21.29485
1684926200.39172,32.823822,34.992534,21.294859
1684926200.39181,32.823822,34.992534,21.294878
1684926200.39192,32.823822,34.992534,21.294895
1684926200.39203,32.823822,34.992534,21.294927
1684926200.39214,32.823822,34.992534,21.294951
1684926200.39221,32.823822,34.992534,21.294965
1684926200.39229,32.823822,34.992534,21.294984
1684926200.39837,32.823822,34.992534,21.294995
1684926200.46566,32.823822,34.992534,21.295012
1684926200.46576,32.823822,34.992534,21.295041
1684926200.46587,32.823822,34.992534,21.295076
1684926200.46598,32.823822,34.992534,21.295116
1684926200.46609,32.823822,34.992534,21.295151
1684926200.47494,32.823822,34.992534,21.295194
1684926200.47502,32.823822,34.992534,21.29524
1684926200.47514,32.823822,34.992534,21.295291
1684926200.53031,32.823822,34.992534,21.295336
1684926200.53038,32.823822,34.992534,21.295383
1684926200.5305,32.823822,34.992534,21.295421
1684926200.53056,32.823822,34.992534,21.29546
1684926200.53068,32.823822,34.992534,21.295506
1684926200.53076,32.823822,34.992534,21.29557
1684926200.53082,32.823822,34.992534,21.295644
1684926200.53089,32.823822,34.992534,21.295713
1684926200.61746,32.823822,34.992534,21.295782
1684926200.61755,32.823822,34.992534,21.295865
1684926200.61761,32.823822,34.992534,21.295944
1684926200.61773,32.823822,34.992534,21.296022
1684926200.61781,32.823822,34.992534,21.296096
1684926200.61787,32.823822,34.992534,21.296165
1684926200.61798,32.823822,34.992534,21.296224
1684926200.69028,32.823822,34.992534,21.296278
1684926200.6904,32.823822,34.992534,21.296346
1684926200.69048,32.823822,34.992534,21.296432
1684926200.69055,32.823822,34.992534,21.296513
1684926200.69062,32.823822,34.992534,21.29661
1684926200.70016,32.823822,34.992534,21.296701
1684926200.70028,32.823822,34.992534,21.296785
1684926200.70037,32.823822,34.992534,21.296855
1684926200.76966,32.823822,34.992534,21.296932
1684926200.76983,32.823822,34.992534,21.296991
1684926200.76991,32.823822,34.992534,21.297068
1684926200.77938,32.823822,34.992534,21.297133
1684926200.77952,32.823822,34.992534,21.297214
1684926200.7796,32.823822,34.992534,21.29729
1684926200.77968,32.823822,34.992534,21.297379
1684926200.77976,32.823822,34.992534,21.297479
1684926200.84788,32.823822,34.992534,21.29757
1684926200.84801,32.823822,34.992534,21.297669
1684926200.84815,32.823822,34.992534,21.297746
1684926200.84825,32.823822,34.992534,21.297811
1684926200.85595,32.823822,34.992534,21.297886
1684926200.85606,32.823822,34.992534,21.297956
1684926200.85613,32.823822,34.992534,21.298037
1684926200.93209,32.823822,34.992534,21.298124
1684926200.9322,32.823822,34.992534,21.298204
1684926200.93229,32.823822,34.992534,21.29829
1684926200.93242,32.823822,34.992534,21.298379
1684926200.94778,32.823822,34.992534,21.298448
1684926200.94792,32.823822,34.992534,21.298517
1684926200.94801,32.823822,34.992534,21.298584
1684926200.94808,32.823822,34.992534,21.298647
1684926201.01368,32.823822,34.992534,21.298696
1684926201.0138,32.823822,34.992534,21.298743
1684926201.01386,32.823822,34.992534,21.298794
1684926201.01393,32.823822,34.992534,21.298868
1684926201.01401,32.823822,34.992534,21.298951
1684926201.02869,32.823822,34.992534,21.299044
1684926201.02878,32.823822,34.992534,21.299128
1684926201.02886,32.823822,34.992534,21.299207
1684926201.08222,32.823822,34.992534,21.299272
1684926201.0826,32.823822,34.992534,21.299335
1684926201.08269,32.823822,34.992534,21.299385
1684926201.09258,32.823822,34.992534,21.299431
1684926201.09272,32.823822,34.992534,21.29945
1684926201.0928,32.823822,34.992534,21.299458
1684926201.10044,32.823822,34.992534,21.299442
1684926201.1537,32.823822,34.992534,21.299433
1684926201.15389,32.823822,34.992534,21.299426
1684926201.15398,32.823822,34.992534,21.286976
1684926201.15406,32.823822,34.992534,21.28697
1684926201.15422,32.823822,34.992534,21.286947
1684926201.16196,32.823822,34.992534,21.286885
1684926201.16205,32.823822,34.992534,21.286814
1684926201.16212,32.823822,34.992534,21.286743
1684926201.23374,32.823822,34.992534,21.286663
1684926201.23388,32.823822,34.992534,21.286571
1684926201.23393,32.823822,34.992534,21.286487
1684926201.23413,32.823822,34.992534,21.286397
1684926201.2443,32.823822,34.992534,21.286292
1684926201.24446,32.823822,34.992534,21.286186
1684926201.24453,32.823822,34.992534,21.286074
1684926201.24461,32.823822,34.992534,21.285957
1684926201.31243,32.823822,34.992534,21.285837
1684926201.31254,32.823822,34.992534,21.285684
1684926201.3126,32.823822,34.992534,21.28553
1684926201.31266,32.823822,34.992534,21.285367
1684926201.31272,32.823822,34.992534,21.2852
1684926201.31278,32.823822,34.992534,21.285036
1684926201.31962,32.823822,34.992534,21.284877
1684926201.37641,32.823822,34.992534,21.284707
1684926201.37652,32.823822,34.992534,21.284532
1684926201.37657,32.823822,34.992534,21.284326
1684926201.37668,32.823822,34.992534,21.284103
1684926201.37675,32.823822,34.992534,21.283865
1684926201.38526,32.823822,34.992534,21.283627
1684926201.38538,32.823822,34.992534,21.283367
1684926201.38546,32.823822,34.992534,21.283112
1684926201.45605,32.823822,34.992534,21.282847
1684926201.45616,32.823822,34.992534,21.282578
1684926201.45628,32.823822,34.992534,21.282298
1684926201.45636,32.823822,34.992534,21.282028
1684926201.4662,32.823822,34.992534,21.281737
1684926201.46629,32.823822,34.992534,21.281431
1684926201.46649,32.823822,34.992534,21.281088
1684926201.46657,32.823822,34.992534,21.280721
1684926201.53869,32.823822,34.992534,21.280334
1684926201.5388,32.823822,34.992534,21.279938
1684926201.53897,32.823822,34.992534,21.279518
1684926201.53903,32.823822,34.992534,21.279083
1684926201.54714,32.823822,34.992534,21.278636
1684926201.54728,32.823822,34.992534,21.278167
1684926201.54733,32.823822,34.992534,21.277691
1684926201.54745,32.823822,34.992534,21.277213
1684926201.61874,32.823822,34.992534,21.27672
1684926201.61884,32.823822,34.992534,21.276206
1684926201.61889,32.823822,34.992534,21.275647
1684926201.61904,32.823822,34.992534,21.275061
1684926201.62824,32.823822,34.992534,21.274459
1684926201.62831,32.823822,34.992534,21.273842
1684926201.62841,32.823822,34.992534,21.273223
1684926201.70038,32.823822,34.992534,21.2726
1684926201.7005,32.823822,34.992534,21.271976
1684926201.70057,32.823822,34.992534,21.271351
1684926201.70083,32.823822,34.992534,21.270726
1684926201.70091,32.823821,34.992534,21.270113
1684926201.70105,32.823821,34.992535,21.269508
1684926201.70904,32.823821,34.992535,21.268932
1684926201.70914,32.823821,34.992535,21.268375
1684926201.77876,32.823821,34.992535,21.267832
1684926201.77888,32.823821,34.992535,21.267323
1684926201.77899,32.823821,34.992535,21.266856
1684926201.7791,32.823821,34.992535,21.266442
1684926201.77922,32.823821,34.992535,21.266101
1684926201.78666,32.823821,34.992535,21.265805
1684926201.78679,32.823821,34.992535,21.265557
1684926201.78686,32.823821,34.992535,21.26535
1684926201.85028,32.823821,34.992535,21.265154
1684926201.85038,32.823821,34.992535,21.265002
1684926201.85049,32.823821,34.992535,21.264885
1684926201.86036,32.823821,34.992535,21.264822
1684926201.86045,32.82382,34.992535,21.264818
1684926201.86056,32.82382,34.992536,21.26485
1684926201.86067,32.82382,34.992536,21.264904
1684926201.92046,32.82382,34.992536,21.264993
1684926201.9206,32.82382,34.992536,21.265114
1684926201.92068,32.82382,34.992536,21.265245
1684926201.92075,32.82382,34.992536,21.265372
1684926201.92997,32.82382,34.992536,21.265512
1684926201.93006,32.82382,34.992536,21.265632
1684926201.93012,32.82382,34.992536,21.265753
1684926201.93029,32.82382,34.992536,21.265876
1684926202.0042,32.82382,34.992536,21.266007
1684926202.00435,32.823819,34.992536,21.266128
1684926202.00444,32.823819,34.992537,21.266242
1684926202.00451,32.823819,34.992537,21.266342
1684926202.00462,32.823819,34.992537,21.266437
1684926202.00474,32.823819,34.992537,21.266532
1684926202.01187,32.823819,34.992537,21.26661
1684926202.01196,32.823819,34.992537,21.266649
1684926202.08169,32.823819,34.992537,21.266659
1684926202.08178,32.823819,34.992537,21.26665
1684926202.0819,32.823818,34.992537,21.266648
1684926202.09211,32.823818,34.992538,21.266617
1684926202.09223,32.823818,34.992538,21.26658
1684926202.09228,32.823818,34.992538,21.266522
1684926202.0924,32.823818,34.992538,21.266452
1684926202.16155,32.823818,34.992538,21.266355
1684926202.16171,32.823818,34.992538,21.266265
1684926202.16183,32.823818,34.992538,21.252901
1684926202.17282,32.823818,34.992538,21.252791
1684926202.17289,32.823818,34.992538,21.252676
1684926202.173,32.823817,34.992538,21.252536
1684926202.17315,32.823817,34.992539,21.252378
1684926202.17989,32.823817,34.992539,21.252222
1684926202.23007,32.823817,34.992539,21.252077
1684926202.23017,32.823817,34.992539,21.251917
1684926202.23029,32.823817,34.992539,21.251765
1684926202.23036,32.823817,34.992539,21.251597
1684926202.23047,32.823817,34.992539,21.251398
1684926202.24029,32.823816,34.99254,21.251217
1684926202.24037,32.823816,34.99254,21.251028
1684926202.24049,32.823816,34.99254,21.250852
1684926202.31061,32.823816,34.99254,21.250672
1684926202.31325,32.823816,34.99254,21.25048
1684926202.31336,32.823816,34.99254,21.250276
1684926202.31343,32.823816,34.99254,21.250065
1684926202.32983,32.823815,34.992541,21.249848
1684926202.32996,32.823815,34.992541,21.249658
1684926202.33002,32.823815,34.992541,21.249498
1684926202.38649,32.823815,34.992541,21.249329
1684926202.3866,32.823815,34.992541,21.249166
1684926202.38669,32.823815,34.992541,21.248988
1684926202.38676,32.823814,34.992541,21.248812
1684926202.38682,32.823814,34.992542,21.248643
1684926202.38688,32.823814,34.992542,21.248481
1684926202.38695,32.823814,34.992542,21.248314
1684926202.39847,32.823814,34.992542,21.248149
1684926202.48379,32.823814,34.992542,21.248002
1684926202.48769,32.823813,34.992542,21.247874
1684926202.48776,32.823813,34.992542,21.247755
1684926202.48785,32.823813,34.992543,21.247662
1684926202.48795,32.823813,34.992543,21.247569
1684926202.49751,32.823813,34.992543,21.247431
1684926202.49811,32.823813,34.992543,21.247263
1684926202.4982,32.823812,34.992543,21.247066
1684926202.53303,32.823812,34.992544,21.246855
1684926202.53318,32.823812,34.992544,21.246613
1684926202.53325,32.823812,34.992544,21.246346
1684926202.53332,32.823812,34.992544,21.246035
1684926202.53344,32.823811,34.992544,21.245685
1684926202.54094,32.823811,34.992544,21.245315
1684926202.54105,32.823811,34.992545,21.244924
1684926202.54114,32.823811,34.992545,21.244509
1684926202.6116,32.823811,34.992545,21.244043
1684926202.61169,32.823811,34.992545,21.243531
1684926202.61174,32.82381,34.992545,21.242993
1684926202.61188,32.82381,34.992546,21.242439
1684926202.626,32.82381,34.992546,21.241869
1684926202.62613,32.82381,34.992546,21.241262
1684926202.62621,32.82381,34.992546,21.2406
1684926202.68963,32.823809,34.992546,21.23994
1684926202.68976,32.823809,34.992547,21.239288
1684926202.68982,32.823809,34.992547,21.23865
1684926202.68993,32.823809,34.992547,21.238025
1684926202.69,32.823809,34.992547,21.237427
1684926202.69012,32.823808,34.992547,21.236882
1684926202.69849,32.823808,34.992548,21.236423
1684926202.69861,32.823808,34.992548,21.236042
1684926202.77258,32.823808,34.992548,21.235744
1684926202.77269,32.823808,34.992548,21.235536
1684926202.77275,32.823807,34.992548,21.235416
1684926202.77287,32.823807,34.992549,21.235378
1684926202.78232,32.823807,34.992549,21.235405
1684926202.78241,32.823807,34.992549,21.235468
1684926202.78252,32.823806,34.992549,21.23556
1684926202.78265,32.823806,34.992549,21.235673
1684926202.85195,32.823806,34.99255,21.235812
1684926202.85208,32.823806,34.99255,21.235966
1684926202.85213,32.823806,34.99255,21.236109
1684926202.86267,32.823805,34.99255,21.236222
1684926202.86276,32.823805,34.99255,21.236308
1684926202.86288,32.823805,34.992551,21.236384
1684926202.86299,32.823805,34.992551,21.236459
1684926202.93652,32.823804,34.992551,21.236547
1684926202.93663,32.823804,34.992551,21.23662
1684926202.93676,32.823804,34.992551,21.236671
1684926202.93683,32.823804,34.992552,21.236705
1684926202.94675,32.823804,34.992552,21.236707
1684926202.94688,32.823803,34.992552,21.236696
1684926202.94696,32.823803,34.992552,21.236661
1684926202.94702,32.823803,34.992553,21.236601
1684926203.00833,32.823803,34.992553,21.236492
1684926203.00844,32.823802,34.992553,21.236314
1684926203.00851,32.823802,34.992553,21.236058
1684926203.0086,32.823802,34.992553,21.235751
1684926203.01965,32.823802,34.992554,21.235407
1684926203.01978,32.823801,34.992554,21.235016
1684926203.01986,32.823801,34.992554,21.234566
1684926203.03279,32.823801,34.992554,21.234059
1684926203.08241,32.823801,34.992554,21.233505
1684926203.08253,32.8238,34.992555,21.232925
1684926203.0826,32.8238,34.992555,21.23233
1684926203.08268,32.8238,34.992555,21.231721
1684926203.0937,32.8238,34.992555,21.231101
1684926203.09385,32.8238,34.992555,21.230482
1684926203.09393,32.823799,34.992556,21.229834
1684926203.16349,32.823799,34.992556,21.229142
1684926203.1636,32.823799,34.992556,21.228414
1684926203.16367,32.823799,34.992556,21.216071
1684926203.16379,32.823798,34.992557,21.215302
1684926203.16386,32.823798,34.992557,21.214495
1684926203.16394,32.823798,34.992557,21.21362
1684926203.17091,32.823798,34.992557,21.212662
1684926203.17105,32.823797,34.992557,21.211623
1684926203.23294,32.823797,34.992558,21.210505
1684926203.23302,32.823797,34.992558,21.209256
1684926203.23314,32.823797,34.992558,21.207856
1684926203.23325,32.823797,34.992558,21.206288
1684926203.23332,32.823796,34.992558,21.20454
1684926203.23338,32.823796,34.992559,21.202628
1684926203.24701,32.823796,34.992559,21.20058
1684926203.24711,32.823796,34.992559,21.198405
1684926203.31918,32.823795,34.992559,21.196188
1684926203.31927,32.823795,34.992559,21.194068
1684926203.31932,32.823795,34.99256,21.192108
1684926203.31943,32.823795,34.99256,21.190291
1684926203.31955,32.823794,34.99256,21.188581
1684926203.31967,32.823794,34.99256,21.186973
1684926203.32601,32.823794,34.992561,21.185476
1684926203.38125,32.823794,34.992561,21.184123
1684926203.38136,32.823793,34.992561,21.182898
1684926203.38142,32.823793,34.992561,21.181887
1684926203.38153,32.823793,34.992561,21.181191
1684926203.38165,32.823793,34.992562,21.180934
1684926203.38176,32.823792,34.992562,21.18118
1684926203.38188,32.823792,34.992562,21.181891
1684926203.382,32.823792,34.992562,21.183024
1684926203.46002,32.823792,34.992563,21.184538
1684926203.46135,32.823791,34.992563,21.186403
1684926203.46145,32.823791,34.992563,21.188605
1684926203.46153,32.823791,34.992563,21.191119
1684926203.46917,32.823791,34.992563,21.193828
1684926203.46925,32.823791,34.992564,21.196626
1684926203.46934,32.82379,34.992564,21.199463
1684926203.46946,32.82379,34.992564,21.202279
1684926203.5364,32.82379,34.992564,21.205035
1684926203.5365,32.82379,34.992565,21.207726
1684926203.53658,32.823789,34.992565,21.21031
1684926203.5367,32.823789,34.992565,21.212747
1684926203.53681,32.823789,34.992565,21.21502
1684926203.54534,32.823789,34.992565,21.217125
1684926203.54545,32.823788,34.992566,21.219017
1684926203.54553,32.823788,34.992566,21.22071
1684926203.61507,32.823788,34.992566,21.222232
1684926203.61519,32.823788,34.992566,21.223546
1684926203.61525,32.823787,34.992567,21.224642
1684926203.61536,32.823787,34.992567,21.225513
1684926203.61543,32.823787,34.992567,21.226144
1684926203.61555,32.823787,34.992567,21.226556
1684926203.62236,32.823786,34.992568,21.226775
1684926203.70534,32.823786,34.992568,21.226812
1684926203.70548,32.823786,34.992568,21.226654
1684926203.70556,32.823786,34.992568,21.226304
1684926203.70564,32.823785,34.992569,21.225777
1684926203.70571,32.823785,34.992569,21.225086
1684926203.70578,32.823785,34.992569,21.224247
1684926203.71315,32.823785,34.992569,21.223286
1684926203.71336,32.823784,34.992569,21.222192
1684926203.77652,32.823784,34.99257,21.220993
1684926203.77669,32.823784,34.99257,21.219696
1684926203.77681,32.823784,34.99257,21.21833
1684926203.77693,32.823783,34.99257,21.216893
1684926203.78568,32.823783,34.992571,21.215416
1684926203.7858,32.823783,34.992571,21.213925
1684926203.78647,32.823783,34.992571,21.212428
1684926203.78655,32.823782,34.992571,21.210952
1684926203.84142,32.823782,34.992572,21.209521
1684926203.84159,32.823782,34.992572,21.208133
1684926203.84165,32.823781,34.992572,21.206811
1684926203.84537,32.823781,34.992572,21.205549
1684926203.84544,32.823781,34.992573,21.204348
1684926203.8499,32.823781,34.992573,21.203233
1684926203.85,32.82378,34.992573,21.202209
1684926203.9302,32.82378,34.992573,21.201282
1684926203.93029,32.82378,34.992574,21.200428
1684926203.93043,32.823779,34.992574,21.199645
1684926203.93052,32.823779,34.992574,21.198967
1684926203.9393,32.823779,34.992574,21.198415
1684926203.93938,32.823779,34.992575,21.198011
1684926203.93949,32.823778,34.992575,21.197738
1684926203.93965,32.823778,34.992575,21.197606
1684926204.00508,32.823778,34.992575,21.197589
1684926204.00525,32.823777,34.992576,21.197674
1684926204.00535,32.823777,34.992576,21.197884
1684926204.00542,32.823777,34.992576,21.198182
1684926204.0055,32.823777,34.992576,21.198556
1684926204.00557,32.823776,34.992577,21.198982
1684926204.00565,32.823776,34.992577,21.199449
1684926204.00572,32.823776,34.992577,21.199957
1684926204.09053,32.823775,34.992578,21.200507
1684926204.09066,32.823775,34.992578,21.201082
1684926204.09073,32.823775,34.992578,21.201639
1684926204.09085,32.823774,34.992578,21.20219
1684926204.09985,32.823774,34.992579,21.202726
1684926204.10004,32.823774,34.992579,21.203246
1684926204.10011,32.823774,34.992579,21.203766
1684926204.16213,32.823773,34.992579,21.204297
1684926204.16225,32.823773,34.99258,21.204809
1684926204.16233,32.823773,34.99258,21.188918
1684926204.16243,32.823773,34.99258,21.18933
1684926204.16254,32.823773,34.99258,21.189725
1684926204.17244,32.823772,34.992581,21.190141
1684926204.17255,32.823772,34.992581,21.190585
1684926204.1726,32.823772,34.992581,21.191047
1684926204.23149,32.823771,34.992581,21.191529
1684926204.23166,32.823771,34.992582,21.192035
1684926204.23172,32.823771,34.992582,21.192582
1684926204.23183,32.82377,34.992582,21.193167
1684926204.23194,32.82377,34.992582,21.193786
1684926204.24124,32.82377,34.992583,21.194426
1684926204.24136,32.823769,34.992583,21.195054
1684926204.24142,32.823769,34.992583,21.195655
1684926204.31191,32.823769,34.992584,21.196224
1684926204.31202,32.823769,34.992584,21.196771
1684926204.31208,32.823768,34.992584,21.197302
1684926204.31219,32.823768,34.992585,21.197818
1684926204.31233,32.823768,34.992585,21.198309
1684926204.31242,32.823767,34.992585,21.198752
1684926204.31259,32.823767,34.992585,21.199139
1684926204.38808,32.823767,34.992586,21.199522
1684926204.38818,32.823766,34.992586,21.199923
1684926204.38829,32.823766,34.992586,21.20035
1684926204.38836,32.823766,34.992586,21.200794
1684926204.39754,32.823765,34.992587,21.20122
1684926204.39764,32.823765,34.992587,21.201615
1684926204.39776,32.823765,34.992587,21.20195
1684926204.39783,32.823764,34.992588,21.202262
1684926204.46538,32.823764,34.992588,21.202555
1684926204.46548,32.823764,34.992588,21.202806
1684926204.46555,32.823763,34.992588,21.203012
1684926204.46562,32.823763,34.992589,21.203161
1684926204.47654,32.823763,34.992589,21.203282
1684926204.47663,32.823763,34.992589,21.203419
1684926204.47669,32.823762,34.99259,21.203557
1684926204.47675,32.823762,34.99259,21.20367
1684926204.54426,32.823762,34.99259,21.203739
1684926204.54442,32.823761,34.99259,21.203739
1684926204.54451,32.823761,34.992591,21.203658
1684926204.55551,32.823761,34.992591,21.203528
1684926204.55568,32.82376,34.992591,21.203347
1684926204.55579,32.82376,34.992592,21.203107
1684926204.5559,32.82376,34.992592,21.202823
1684926204.55601,32.823759,34.992592,21.202475
1684926204.60889,32.823759,34.992592,21.202092
1684926204.60909,32.823759,34.992593,21.201714
1684926204.60918,32.823758,34.992593,21.201358
1684926204.60925,32.823758,34.992593,21.200987
1684926204.60935,32.823758,34.992594,21.200593
1684926204.61566,32.823758,34.992594,21.200178
1684926204.61577,32.823757,34.992594,21.19976
1684926204.68936,32.823757,34.992594,21.199362
1684926204.68947,32.823757,34.992595,21.198992
1684926204.68957,32.823756,34.992595,21.198671
1684926204.6897,32.823756,34.992595,21.198381
1684926204.69875,32.823756,34.992596,21.198114
1684926204.69885,32.823755,34.992596,21.197889
1684926204.69891,32.823755,34.992596,21.197731
1684926204.69898,32.823755,34.992596,21.197669
1684926204.77557,32.823754,34.992597,21.197698
1684926204.77574,32.823754,34.992597,21.197841
1684926204.77584,32.823754,34.992597,21.198084
1684926204.77595,32.823754,34.992598,21.19842
1684926204.77607,32.823753,34.992598,21.198825
1684926204.77618,32.823753,34.992598,21.199318
1684926204.78376,32.823753,34.992599,21.19989
1684926204.78421,32.823752,34.992599,21.200534
1684926204.85195,32.823752,34.992599,21.201252
1684926204.85204,32.823752,34.992599,21.202023
1684926204.86307,32.823751,34.9926,21.202785
1684926204.86324,32.823751,34.9926,21.203529
1684926204.86331,32.823751,34.9926,21.204241
1684926204.86337,32.82375,34.992601,21.204934
1684926204.86349,32.82375,34.992601,21.205575
1684926204.92879,32.82375,34.992601,21.206103
1684926204.92889,32.82375,34.992601,21.206514
1684926204.929,32.823749,34.992602,21.206786
1684926204.92912,32.823749,34.992602,21.206925
1684926204.92923,32.823749,34.992602,21.206918
1684926204.93768,32.823748,34.992603,21.20678
1684926204.93781,32.823748,34.992603,21.2065
1684926204.93789,32.823748,34.992603,21.206103
1684926205.0083,32.823747,34.992604,21.205618
1684926205.00839,32.823747,34.992604,21.205051
1684926205.00845,32.823747,34.992604,21.204444
1684926205.00852,32.823746,34.992604,21.203784
1684926205.01795,32.823746,34.992605,21.203057
1684926205.01802,32.823746,34.992605,21.202315
1684926205.01814,32.823746,34.992605,21.201586
1684926205.0182,32.823745,34.992606,21.200882
1684926205.07566,32.823745,34.992606,21.200188
1684926205.07575,32.823745,34.992606,21.199505
1684926205.07587,32.823744,34.992607,21.198828
1684926205.07601,32.823744,34.992607,21.198171
1684926205.08367,32.823744,34.992607,21.197535
1684926205.08375,32.823743,34.992607,21.196916
1684926205.08386,32.823743,34.992608,21.1963
1684926205.15777,32.823743,34.992608,21.195716
1684926205.15791,32.823742,34.992608,21.195181
1684926205.15797,32.823742,34.992609,21.190324
1684926205.15803,32.823742,34.992609,21.189909
1684926205.15814,32.823741,34.992609,21.189545
1684926205.15821,32.823741,34.99261,21.189223
1684926205.16571,32.823741,34.99261,21.188935
1684926205.16582,32.82374,34.99261,21.188698
1684926205.23479,32.82374,34.992611,21.188525
1684926205.23489,32.82374,34.992611,21.188381
1684926205.23495,32.82374,34.992611,21.18826
1684926205.2352,32.823739,34.992612,21.188169
1684926205.2353,32.823739,34.992612,21.18809
1684926205.23538,32.823739,34.992612,21.18798
1684926205.243,32.823738,34.992612,21.187864
1684926205.24311,32.823738,34.992613,21.187754
1684926205.31406,32.823738,34.992613,21.187652
1684926205.31419,32.823737,34.992613,21.187549
1684926205.31424,32.823737,34.992614,21.187428
1684926205.31436,32.823737,34.992614,21.187259
1684926205.32408,32.823736,34.992614,21.187077
1684926205.3242,32.823736,34.992615,21.186837
1684926205.32427,32.823736,34.992615,21.186557
1684926205.37601,32.823736,34.992615,21.186269
1684926205.37611,32.823735,34.992616,21.185963
1684926205.37622,32.823735,34.992616,21.185621
1684926205.37634,32.823735,34.992616,21.185231
1684926205.37639,32.823734,34.992616,21.184811
1684926205.38529,32.823734,34.992617,21.184356
1684926205.38561,32.823734,34.992617,21.183879
1684926205.3857,32.823733,34.992617,21.183353
1684926205.46499,32.823733,34.992618,21.18282
1684926205.46508,32.823733,34.992618,21.182304
1684926205.4652,32.823733,34.992618,21.18177
1684926205.46528,32.823732,34.992619,21.181236
1684926205.46534,32.823732,34.992619,21.180701
1684926205.4654,32.823732,34.992619,21.180175
1684926205.47619,32.823731,34.99262,21.179648
1684926205.47733,32.823731,34.99262,21.179108
1684926205.53824,32.823731,34.99262,21.178535
1684926205.53833,32.82373,34.992621,21.177941
1684926205.53841,32.82373,34.992621,21.177291
1684926205.53853,32.82373,34.992621,21.176604
1684926205.54793,32.82373,34.992621,21.175889
1684926205.54802,32.823729,34.992622,21.175154
1684926205.54814,32.823729,34.992622,21.174392
1684926205.54825,32.823729,34.992622,21.173625
1684926205.61694,32.823728,34.992623,21.172844
1684926205.61706,32.823728,34.992623,21.172062
1684926205.61712,32.823728,34.992623,21.171282
1684926205.61723,32.823728,34.992624,21.170525
1684926205.6261,32.823727,34.992624,21.169771
1684926205.62623,32.823727,34.992624,21.169014
1684926205.62633,32.823727,34.992625,21.168253
1684926205.6997,32.823726,34.992625,21.167509
1684926205.69981,32.823726,34.992625,21.166777
1684926205.69988,32.823726,34.992626,21.166049
1684926205.69996,32.823725,34.992626,21.165322
1684926205.70004,32.823725,34.992626,21.164613
1684926205.70935,32.823725,34.992627,21.163922
1684926205.70963,32.823725,34.992627,21.163278
1684926205.70969,32.823724,34.992627,21.162682
1684926205.77657,32.823724,34.992627,21.162098
1684926205.77679,32.823724,34.992628,21.161526
1684926205.77686,32.823723,34.992628,21.160962
1684926205.77694,32.823723,34.992628,21.160433
1684926205.77701,32.823723,34.992629,21.159938
1684926205.78601,32.823723,34.992629,21.159442
1684926205.78612,32.823722,34.992629,21.158943
1684926205.78618,32.823722,34.99263,21.158453
1684926205.842,32.823722,34.99263,21.157986
1684926205.84211,32.823721,34.99263,21.157543
1684926205.84217,32.823721,34.992631,21.157106
1684926205.84228,32.823721,34.992631,21.156674
1684926205.84245,32.823721,34.992631,21.156241
1684926205.85663,32.82372,34.992632,21.155833
1684926205.85672,32.82372,34.992632,21.155446
1684926205.92444,32.82372,34.992632,21.155061
1684926205.92454,32.823719,34.992633,21.154681
1684926205.92469,32.823719,34.992633,21.154267
1684926205.92477,32.823719,34.992633,21.153829
1684926205.93601,32.823718,34.992633,21.153403
1684926205.93612,32.823718,34.992634,21.152969
1684926205.93624,32.823718,34.992634,21.152508
1684926205.94288,32.823718,34.992634,21.152043
1684926206.00899,32.823717,34.992635,21.15157
1684926206.00913,32.823717,34.992635,21.151076
1684926206.00921,32.823717,34.992635,21.150579
1684926206.00929,32.823716,34.992636,21.150087
1684926206.00936,32.823716,34.992636,21.14962
1684926206.00947,32.823716,34.992636,21.149148
1684926206.01722,32.823716,34.992637,21.148655
1684926206.01734,32.823715,34.992637,21.148128
1684926206.07737,32.823715,34.992637,21.147586
1684926206.0775,32.823715,34.992638,21.147042
1684926206.0776,32.823714,34.992638,21.146481
1684926206.08555,32.823714,34.992638,21.145937
1684926206.08563,32.823714,34.992639,21.14539
1684926206.08569,32.823714,34.992639,21.144833
1684926206.08581,32.823713,34.992639,21.144275
1684926206.16126,32.823713,34.99264,21.143701
1684926206.16141,32.823713,34.99264,21.143122
1684926206.16149,32.823712,34.99264,21.148372
1684926206.16157,32.823712,34.99264,21.147848
1684926206.17259,32.823712,34.992641,21.147319
1684926206.17268,32.823711,34.992641,21.146796
1684926206.17279,32.823711,34.992641,21.1463
1684926206.17979,32.823711,34.992642,21.145826
1684926206.23348,32.823711,34.992642,21.145385
1684926206.23363,32.82371,34.992642,21.144985
1684926206.23372,32.82371,34.992643,21.144637
1684926206.23384,32.82371,34.992643,21.144335
1684926206.24374,32.823709,34.992643,21.144057
1684926206.24386,32.823709,34.992644,21.1438
1684926206.24393,32.823709,34.992644,21.143575
1684926206.25082,32.823708,34.992645,21.143379
1684926206.31398,32.823708,34.992645,21.143211
1684926206.3141,32.823708,34.992645,21.143086
1684926206.31417,32.823707,34.992646,21.142957
1684926206.31428,32.823707,34.992646,21.142832
1684926206.32463,32.823707,34.992646,21.142719
1684926206.32472,32.823707,34.992647,21.142594
1684926206.32478,32.823706,34.992647,21.142483
1684926206.38214,32.823706,34.992647,21.142373
1684926206.38223,32.823706,34.992648,21.142273
1684926206.38234,32.823705,34.992648,21.142174
1684926206.38246,32.823705,34.992648,21.14207
1684926206.39169,32.823705,34.992649,21.141927
1684926206.39182,32.823704,34.992649,21.141801
1684926206.39188,32.823704,34.992649,21.141709
1684926206.39203,32.823704,34.99265,21.141667
1684926206.4705,32.823703,34.99265,21.141661
1684926206.47058,32.823703,34.992651,21.141675
1684926206.47069,32.823703,34.992651,21.141705
1684926206.48258,32.823702,34.992651,21.141779
1684926206.48271,32.823702,34.992652,21.141892
1684926206.48278,32.823702,34.992652,21.142002
1684926206.48286,32.823701,34.992652,21.142059
1684926206.48293,32.823701,34.992653,21.142082
1684926206.5482,32.823701,34.992653,21.1421
1684926206.54831,32.8237,34.992654,21.142158
1684926206.54836,32.8237,34.992654,21.142244
1684926206.55717,32.8237,34.992654,21.142342
1684926206.55726,32.823699,34.992655,21.142439
1684926206.55732,32.823699,34.992655,21.142566
1684926206.55744,32.823699,34.992655,21.142732
1684926206.55759,32.823698,34.992656,21.142973
1684926206.61187,32.823698,34.992656,21.143294
1684926206.612,32.823698,34.992657,21.143664
1684926206.61206,32.823697,34.992657,21.144073
1684926206.62272,32.823697,34.992657,21.144494
1684926206.62282,32.823697,34.992658,21.144899
1684926206.6229,32.823696,34.992658,21.145305
1684926206.62301,32.823696,34.992659,21.145676
1684926206.7034,32.823696,34.992659,21.146012
1684926206.70351,32.823695,34.992659,21.146327
1684926206.70359,32.823695,34.99266,21.146605
1684926206.70367,32.823695,34.99266,21.146844
1684926206.70374,32.823694,34.992661,21.147015
1684926206.70382,32.823694,34.992661,21.147143
1684926206.71041,32.823694,34.992661,21.147198
1684926206.7105,32.823693,34.992662,21.147187
1684926206.77182,32.823693,34.992662,21.147067
1684926206.77196,32.823693,34.992663,21.146813
1684926206.77204,32.823692,34.992663,21.146417
1684926206.77212,32.823692,34.992663,21.14587
1684926206.782,32.823691,34.992664,21.145172
1684926206.78212,32.823691,34.992664,21.144308
1684926206.78219,32.823691,34.992665,21.143252
1684926206.78977,32.82369,34.992665,21.141991
1684926206.85224,32.82369,34.992665,21.140482
1684926206.85237,32.82369,34.992666,21.138714
1684926206.85248,32.823689,34.992666,21.13671
1684926206.85261,32.823689,34.992667,21.134486
1684926206.86162,32.823689,34.992667,21.132057
1684926206.86173,32.823688,34.992668,21.12947
1684926206.86179,32.823688,34.992668,21.126756
1684926206.92787,32.823687,34.992668,21.123954
1684926206.92798,32.823687,34.992669,21.121133
1684926206.92804,32.823687,34.992669,21.118349
1684926206.9282,32.823686,34.99267,21.115647
1684926206.92828,32.823686,34.99267,21.113049
1684926206.93861,32.823686,34.99267,21.110527
1684926206.93873,32.823685,34.992671,21.108111
1684926206.93879,32.823685,34.992671,21.10583
1684926207.0076,32.823685,34.992672,21.103764
1684926207.00768,32.823684,34.992672,21.101951
1684926207.00778,32.823684,34.992672,21.100401
1684926207.00787,32.823683,34.992673,21.099144
1684926207.01783,32.823683,34.992673,21.098234
1684926207.01801,32.823683,34.992674,21.097699
1684926207.01811,32.823682,34.992674,21.09755
1684926207.02909,32.823682,34.992675,21.097793
1684926207.07222,32.823682,34.992675,21.098426
1684926207.07236,32.823681,34.992676,21.099407
1684926207.07241,32.823681,34.992676,21.100777
1684926207.07252,32.82368,34.992676,21.102535
1684926207.08036,32.82368,34.992677,21.104647
1684926207.08043,32.82368,34.992677,21.107058
1684926207.08058,32.823679,34.992678,21.109664
1684926207.15462,32.823679,34.992678,21.112377
1684926207.15474,32.823679,34.992679,21.115119
1684926207.15481,32.823678,34.992677,21.043952
1684926207.15488,32.823678,34.992678,21.046304
1684926207.1624,32.823678,34.992678,21.048513
1684926207.16367,32.823677,34.992679,21.050529
1684926207.16486,32.823677,34.992679,21.052328
1684926207.1654,32.823676,34.99268,21.053929
1684926207.23537,32.823676,34.99268,21.0553
1684926207.23565,32.823676,34.992681,21.056426
1684926207.23739,32.823675,34.992681,21.057299
1684926207.23746,32.823675,34.992682,21.057937
1684926207.23757,32.823674,34.992682,21.058358
1684926207.2446,32.823674,34.992683,21.058603
1684926207.24473,32.823674,34.992683,21.0587
1684926207.2448,32.823673,34.992683,21.058649
1684926207.31369,32.823673,34.992684,21.058453
1684926207.31379,32.823673,34.992684,21.05813
1684926207.31387,32.823672,34.992685,21.057678
1684926207.3249,32.823672,34.992685,21.057127
1684926207.32504,32.823671,34.992686,21.05645
1684926207.32514,32.823671,34.992686,21.055649
1684926207.33248,32.823671,34.992687,21.054721
1684926207.38936,32.82367,34.992687,21.053682
1684926207.38949,32.82367,34.992688,21.052542
1684926207.38953,32.823669,34.992688,21.051305
1684926207.38966,32.823669,34.992689,21.049994
1684926207.40293,32.823669,34.992689,21.048645
1684926207.40303,32.823668,34.99269,21.047275
1684926207.40314,32.823668,34.99269,21.045952
1684926207.40327,32.823667,34.99269,21.044699
1684926207.45781,32.823667,34.992691,21.043535
1684926207.4579,32.823666,34.992691,21.042507
1684926207.45796,32.823666,34.992692,21.041621
1684926207.46905,32.823666,34.992692,21.04086
1684926207.46914,32.823665,34.992693,21.040225
1684926207.46925,32.823665,34.992693,21.039729
1684926207.46936,32.823664,34.992694,21.039371
1684926207.46948,32.823664,34.992694,21.039139
1684926207.53652,32.823664,34.992695,21.039031
1684926207.53696,32.823663,34.992695,21.039063
1684926207.53704,32.823663,34.992696,21.039226
1684926207.5371,32.823662,34.992696,21.039494
1684926207.54687,32.823662,34.992697,21.039871
1684926207.54696,32.823662,34.992697,21.040374
1684926207.54702,32.823661,34.992698,21.040984
1684926207.54709,32.823661,34.992698,21.041658
1684926207.61927,32.82366,34.992699,21.042368
1684926207.61938,32.82366,34.992699,21.043069
1684926207.61949,32.823659,34.9927,21.043751
1684926207.63049,32.823659,34.9927,21.04443
1684926207.63062,32.823659,34.992701,21.045108
1684926207.63087,32.823658,34.992701,21.045839
1684926207.63913,32.823658,34.992702,21.046582
1684926207.69924,32.823657,34.992702,21.047301
1684926207.69934,32.823657,34.992703,21.047981
1684926207.6994,32.823657,34.992703,21.048659
1684926207.69951,32.823656,34.992704,21.049355
1684926207.70955,32.823656,34.992704,21.050071
1684926207.70964,32.823655,34.992705,21.050809
1684926207.70976,32.823655,34.992705,21.051546
1684926207.71582,32.823654,34.992706,21.052298
1684926207.7757,32.823654,34.992707,21.053057
1684926207.77633,32.823654,34.992707,21.053826
1684926207.78623,32.823653,34.992708,21.054617
1684926207.78634,32.823653,34.992708,21.055427
1684926207.7864,32.823652,34.992709,21.056248
1684926207.78646,32.823652,34.992709,21.057086
1684926207.78658,32.823651,34.99271,21.057927
1684926207.79813,32.823651,34.99271,21.058708
1684926207.84079,32.823651,34.992711,21.059407
1684926207.84095,32.82365,34.992711,21.060023
1684926207.84102,32.82365,34.992712,21.060596
1684926207.84109,32.823649,34.992712,21.061183
1684926207.84115,32.823649,34.992713,21.061805
1684926207.84973,32.823648,34.992713,21.062466
1684926207.84993,32.823648,34.992714,21.063154
1684926207.92799,32.823648,34.992714,21.063871
1684926207.92812,32.823647,34.992715,21.064618
1684926207.92819,32.823647,34.992716,21.065407
1684926207.92825,32.823646,34.992716,21.06622
1684926207.9378,32.823646,34.992717,21.067054
1684926207.93787,32.823645,34.992717,21.06784
1684926207.938,32.823645,34.992718,21.068533
1684926207.93806,32.823645,34.992718,21.069142
1684926208.0097,32.823644,34.992719,21.069705
1684926208.00983,32.823644,34.992719,21.070241
1684926208.0099,32.823643,34.99272,21.070755
1684926208.00996,32.823643,34.99272,21.071256
1684926208.01003,32.823643,34.992721,21.071767
1684926208.01012,32.823642,34.992722,21.072303
1684926208.01592,32.823642,34.992722,21.072864
1684926208.01603,32.823641,34.992723,21.073456
1684926208.08898,32.823641,34.992723,21.074043
1684926208.08908,32.82364,34.992724,21.074591
1684926208.08916,32.82364,34.992724,21.075084
1684926208.10008,32.82364,34.992725,21.0755
1684926208.10017,32.823639,34.992725,21.075835
1684926208.10028,32.823639,34.992726,21.076087
1684926208.10039,32.823638,34.992727,21.076242
1684926208.15401,32.823638,34.992727,21.076324
1684926208.15434,32.823638,34.992728,21.076353
1684926208.15438,32.823636,34.992728,21.06299
1684926208.15454,32.823636,34.992729,21.062832
1684926208.15462,32.823635,34.992729,21.062612
1684926208.1624,32.823635,34.99273,21.062348
1684926208.16248,32.823635,34.99273,21.06205
1684926208.16255,32.823634,34.992731,21.061728
1684926208.23336,32.823634,34.992732,21.061392
1684926208.23348,32.823633,34.992732,21.06106
1684926208.23355,32.823633,34.992733,21.060754
1684926208.24461,32.823633,34.992733,21.060473
1684926208.24474,32.823632,34.992734,21.06022
1684926208.24482,32.823632,34.992734,21.059967
1684926208.25318,32.823631,34.992735,21.059708
1684926208.2533,32.823631,34.992736,21.059415
1684926208.30831,32.82363,34.992736,21.059091
1684926208.30843,32.82363,34.992737,21.058744
1684926208.3085,32.82363,34.992737,21.058389
1684926208.31955,32.823629,34.992738,21.058036
1684926208.31974,32.823629,34.992738,21.057693
1684926208.3198,32.823628,34.992739,21.057354
1684926208.31992,32.823628,34.99274,21.057
1684926208.38643,32.823628,34.99274,21.056656
1684926208.38652,32.823627,34.992741,21.056339
1684926208.38666,32.823627,34.992741,21.056043
1684926208.38675,32.823626,34.992742,21.055783
1684926208.38682,32.823626,34.992742,21.055542
1684926208.38689,32.823626,34.992743,21.055278
1684926208.39484,32.823625,34.992744,21.054988
1684926208.39497,32.823625,34.992744,21.054676
1684926208.47329,32.823624,34.992745,21.054362
1684926208.47341,32.823624,34.992745,21.054078
1684926208.47347,32.823623,34.992746,21.053826
1684926208.47354,32.823623,34.992746,21.053604
1684926208.4736,32.823623,34.992747,21.053409
1684926208.48195,32.823622,34.992748,21.053201
1684926208.48205,32.823622,34.992748,21.052961
1684926208.48212,32.823621,34.992749,21.052683
1684926208.54638,32.823621,34.992749,21.052369
1684926208.54649,32.823621,34.99275,21.052045
1684926208.54659,32.82362,34.992751,21.051723
1684926208.54671,32.82362,34.992751,21.051379
1684926208.54682,32.823619,34.992752,21.051
1684926208.54694,32.823619,34.992752,21.050586
1684926208.5544,32.823619,34.992753,21.050147
1684926208.55454,32.823618,34.992754,21.0497
1684926208.61007,32.823618,34.992754,21.049264
1684926208.61015,32.823617,34.992755,21.048823
1684926208.62059,32.823617,34.992755,21.048368
1684926208.62067,32.823617,34.992756,21.047875
1684926208.62081,32.823616,34.992757,21.047342
1684926208.62088,32.823616,34.992757,21.046778
1684926208.62102,32.823615,34.992758,21.046191
1684926208.69139,32.823615,34.992758,21.045582
1684926208.69151,32.823615,34.992759,21.044946
1684926208.69157,32.823614,34.99276,21.044284
1684926208.69164,32.823614,34.99276,21.043602
1684926208.69177,32.823613,34.992761,21.042921
1684926208.69931,32.823613,34.992761,21.042284
1684926208.69944,32.823613,34.992762,21.041715
1684926208.6995,32.823612,34.992763,21.041234
1684926208.77273,32.823612,34.992763,21.040827
1684926208.77281,32.823611,34.992764,21.040459
1684926208.77298,32.823611,34.992765,21.04009
1684926208.77311,32.82361,34.992765,21.039717
1684926208.77319,32.82361,34.992766,21.039373
1684926208.78197,32.82361,34.992766,21.039096
1684926208.78204,32.823609,34.992767,21.038913
1684926208.78212,32.823609,34.992768,21.038825
1684926208.85311,32.823608,34.992768,21.038791
1684926208.85322,32.823608,34.992769,21.038767
1684926208.85329,32.823608,34.99277,21.038758
1684926208.85335,32.823607,34.99277,21.038762
1684926208.86151,32.823607,34.992771,21.038821
1684926208.86161,32.823606,34.992771,21.038926
1684926208.86169,32.823606,34.992772,21.039005
1684926208.92917,32.823606,34.992773,21.039036
1684926208.9293,32.823605,34.992773,21.039009
1684926208.92943,32.823605,34.992774,21.038905
1684926208.93944,32.823604,34.992775,21.038717
1684926208.93954,32.823604,34.992775,21.038417
1684926208.93962,32.823604,34.992776,21.037988
1684926208.93975,32.823603,34.992776,21.037416
1684926208.94535,32.823603,34.992777,21.03667
1684926209.01119,32.823602,34.992778,21.035731
1684926209.01131,32.823602,34.992778,21.034631
1684926209.01137,32.823602,34.992779,21.033408
1684926209.01145,32.823601,34.99278,21.032099
1684926209.01152,32.823601,34.99278,21.030721
1684926209.01921,32.8236,34.992781,21.029274
1684926209.01932,32.8236,34.992781,21.027754
1684926209.0194,32.8236,34.992782,21.026164
1684926209.07388,32.823599,34.992783,21.0244
1684926209.07406,32.823599,34.992783,21.022464
1684926209.07415,32.823598,34.992784,21.020376
1684926209.07421,32.823598,34.992785,21.01818
1684926209.07429,32.823598,34.992785,21.015861
1684926209.09293,32.823597,34.992786,21.013482
1684926209.09306,32.823597,34.992787,21.011131
1684926209.15687,32.823596,34.992787,21.008848
1684926209.15696,32.823596,34.992788,21.00661
1684926209.15708,32.823595,34.992789,21.041333
1684926209.15721,32.823594,34.99279,21.039222
1684926209.15729,32.823594,34.99279,21.037101
1684926209.18615,32.823593,34.992791,21.035045
1684926209.18627,32.823593,34.992791,21.033083
1684926209.18633,32.823593,34.992792,21.031225
1684926209.23273,32.823592,34.992793,21.029446
1684926209.23289,32.823592,34.992793,21.027764
1684926209.23296,32.823591,34.992794,21.026115
1684926209.23303,32.823591,34.992795,21.024531
1684926209.24407,32.823591,34.992795,21.023063
1684926209.24418,32.82359,34.992796,21.0217
1684926209.24426,32.82359,34.992797,21.020462
1684926209.24433,32.82359,34.992797,21.019353
1684926209.32227,32.823589,34.992798,21.018344
1684926209.32239,32.823589,34.992799,21.017452
1684926209.32249,32.823588,34.992799,21.016734
1684926209.32261,32.823588,34.9928,21.016278
1684926209.32991,32.823588,34.9928,21.016128
1684926209.33,32.823587,34.992801,21.016263
1684926209.33007,32.823587,34.992802,21.016578
1684926209.39178,32.823586,34.992802,21.016947
1684926209.3919,32.823586,34.992803,21.017254
1684926209.39197,32.823586,34.992804,21.017474
1684926209.39208,32.823585,34.992804,21.017561
1684926209.39214,32.823585,34.992805,21.017524
1684926209.39226,32.823584,34.992806,21.017465
1684926209.399,32.823584,34.992806,21.01755
1684926209.39909,32.823584,34.992807,21.017797
1684926209.45811,32.823583,34.992808,21.018198
1684926209.4582,32.823583,34.992808,21.018684
1684926209.45835,32.823582,34.992809,21.0191
1684926209.45845,32.823582,34.992809,21.019293
1684926209.45852,32.823582,34.99281,21.019216
1684926209.45859,32.823581,34.992811,21.018946
1684926209.45866,32.823581,34.992811,21.018621
1684926209.45873,32.82358,34.992812,21.018334
1684926209.5363,32.82358,34.992813,21.017997
1684926209.5364,32.82358,34.992813,21.017493
1684926209.53653,32.823579,34.992814,21.0168
1684926209.5366,32.823579,34.992815,21.016016
1684926209.54618,32.823579,34.992815,21.015164
1684926209.5463,32.823578,34.992816,21.014204
1684926209.54636,32.823578,34.992817,21.013166
1684926209.54642,32.823577,34.992817,21.012032
1684926209.6179,32.823577,34.992818,21.010805
1684926209.62715,32.823577,34.992819,21.009472
1684926209.62723,32.823576,34.992819,21.008036
1684926209.62734,32.823576,34.99282,21.006514
1684926209.62745,32.823575,34.992821,21.004888
1684926209.62756,32.823575,34.992821,21.003133
1684926209.62767,32.823575,34.992822,21.001257
1684926209.70055,32.823574,34.992823,20.999231
1684926209.70069,32.823574,34.992823,20.997054
1684926209.70076,32.823574,34.992824,20.994767
1684926209.70082,32.823573,34.992824,20.992451
1684926209.70089,32.823573,34.992825,20.990141
1684926209.70865,32.823572,34.992826,20.987849
1684926209.70873,32.823572,34.992826,20.985536
1684926209.70884,32.823572,34.992827,20.983224
1684926209.77685,32.823571,34.992828,20.980893
1684926209.77693,32.823571,34.992828,20.97848
1684926209.77704,32.82357,34.992829,20.975949
1684926209.77716,32.82357,34.99283,20.973352
1684926209.78659,32.82357,34.99283,20.970806
1684926209.7867,32.823569,34.992831,20.968355
1684926209.78676,32.823569,34.992832,20.965986
1684926209.78688,32.823569,34.992832,20.963739
1684926209.84347,32.823568,34.992833,20.961628
1684926209.84366,32.823568,34.992834,20.95963
1684926209.84376,32.823567,34.992834,20.957715
1684926209.853,32.823567,34.992835,20.95588
1684926209.85308,32.823567,34.992836,20.954184
1684926209.85319,32.823566,34.992836,20.952644
1684926209.8533,32.823566,34.992837,20.951226
1684926209.92415,32.823566,34.992837,20.94983
1684926209.92424,32.823565,34.992838,20.948399
1684926209.92435,32.823565,34.992839,20.946991
1684926209.92446,32.823564,34.992839,20.945654
1684926209.93435,32.823564,34.99284,20.944419
1684926209.93446,32.823564,34.992841,20.943232
1684926209.93453,32.823563,34.992841,20.942043
1684926209.9346,32.823563,34.992842,20.940839
1684926210.00207,32.823563,34.992843,20.93962
1684926210.00219,32.823562,34.992843,20.938431
1684926210.00225,32.823562,34.992844,20.93726
1684926210.00232,32.823561,34.992845,20.936098
1684926210.00239,32.823561,34.992845,20.93495
1684926210.01191,32.823561,34.992846,20.933792
1684926210.01203,32.82356,34.992847,20.932581
1684926210.0121,32.82356,34.992847,20.931296
1684926210.08918,32.823559,34.992848,20.929923
1684926210.08929,32.823559,34.992849,20.928494
1684926210.08935,32.823559,34.992849,20.927055
1684926210.0999,32.823558,34.99285,20.925699
1684926210.09999,32.823558,34.99285,20.924504
1684926210.10011,32.823558,34.992851,20.923449
1684926210.1002,32.823557,34.992852,20.922481
1684926210.1637,32.823557,34.992852,20.921576
1684926210.16381,32.823556,34.992853,20.920707
1684926210.1639,32.823556,34.992856,20.862855
1684926210.16397,32.823555,34.992857,20.862007
1684926210.16407,32.823555,34.992857,20.861199
1684926210.17172,32.823554,34.992858,20.860382
1684926210.17179,32.823554,34.992859,20.859514
1684926210.1719,32.823554,34.992859,20.858536
1684926210.22572,32.823553,34.99286,20.857397
1684926210.22583,32.823553,34.992861,20.856078
1684926210.22594,32.823553,34.992861,20.854585
1684926210.22605,32.823552,34.992862,20.852922
1684926210.22612,32.823552,34.992863,20.851167
1684926210.23324,32.823551,34.992863,20.849408
1684926210.23335,32.823551,34.992864,20.847624
1684926210.23346,32.823551,34.992865,20.845786
1684926210.30755,32.82355,34.992865,20.843883
1684926210.30765,32.82355,34.992866,20.841937
1684926210.31868,32.82355,34.992866,20.839983
1684926210.3188,32.823549,34.992867,20.83803
1684926210.31885,32.823549,34.992868,20.83602
1684926210.31897,32.823549,34.992868,20.83396
1684926210.32632,32.823548,34.992869,20.831883
1684926210.3886,32.823548,34.99287,20.829862
1684926210.38874,32.823547,34.99287,20.827956
1684926210.3888,32.823547,34.992871,20.826169
1684926210.38888,32.823547,34.992872,20.824519
1684926210.38895,32.823546,34.992872,20.822956
1684926210.38902,32.823546,34.992873,20.821481
1684926210.39634,32.823546,34.992874,20.820123
1684926210.39645,32.823545,34.992874,20.818913
1684926210.47159,32.823545,34.992875,20.817814
1684926210.47169,32.823545,34.992876,20.816751
1684926210.47175,32.823544,34.992876,20.815631
1684926210.47182,32.823544,34.992877,20.814493
1684926210.48877,32.823543,34.992877,20.81344
1684926210.48889,32.823543,34.992878,20.812528
1684926210.489,32.823543,34.992879,20.811769
1684926210.50023,32.823542,34.992879,20.811126
1684926210.54754,32.823542,34.99288,20.810557
1684926210.54766,32.823542,34.992881,20.810037
1684926210.54773,32.823541,34.992881,20.809556
1684926210.5478,32.823541,34.992882,20.809063
1684926210.55633,32.82354,34.992883,20.808514
1684926210.55644,32.82354,34.992883,20.807913
1684926210.55651,32.82354,34.992884,20.807228
1684926210.55658,32.823539,34.992884,20.806425
1684926210.61545,32.823539,34.992885,20.805588
1684926210.61557,32.823539,34.992886,20.804793
1684926210.61564,32.823538,34.992886,20.80406
1684926210.62512,32.823538,34.992887,20.803418
1684926210.62525,32.823537,34.992888,20.80287
1684926210.62535,32.823537,34.992888,20.802431
1684926210.62544,32.823537,34.992889,20.802122
1684926210.69079,32.823536,34.99289,20.801942
1684926210.69094,32.823536,34.99289,20.801871
1684926210.69101,32.823536,34.992891,20.801879
1684926210.69109,32.823535,34.992891,20.801945
1684926210.70136,32.823535,34.992892,20.802059
1684926210.70146,32.823535,34.992893,20.8022
1684926210.70152,32.823534,34.992893,20.802344
1684926210.70159,32.823534,34.992894,20.802485
1684926210.77294,32.823533,34.992895,20.80264
1684926210.77305,32.823533,34.992895,20.80286
1684926210.77312,32.823533,34.992896,20.803165
1684926210.77324,32.823532,34.992897,20.803541
1684926210.78176,32.823532,34.992897,20.803917
1684926210.78183,32.823532,34.992898,20.804251
1684926210.78195,32.823531,34.992898,20.80454
1684926210.78206,32.823531,34.992899,20.804766
1684926210.85201,32.823531,34.9929,20.804926
1684926210.85215,32.82353,34.9929,20.805003
1684926210.85222,32.82353,34.992901,20.804998
1684926210.86168,32.823529,34.992902,20.804948
1684926210.86178,32.823529,34.992902,20.804888
1684926210.86184,32.823529,34.992903,20.804838
1684926210.8619,32.823528,34.992904,20.804759
1684926210.93228,32.823528,34.992904,20.80463
1684926210.93501,32.823528,34.992905,20.804391
1684926210.93549,32.823527,34.992905,20.804048
1684926210.93556,32.823527,34.992906,20.80358
1684926210.93562,32.823527,34.992907,20.802987
1684926210.93573,32.823526,34.992907,20.802294
1684926210.93584,32.823526,34.992908,20.801534
1684926210.93634,32.823525,34.992909,20.800739
1684926211.01839,32.823525,34.992909,20.799932
1684926211.01852,32.823525,34.99291,20.799113
1684926211.0186,32.823524,34.992911,20.798296
1684926211.01867,32.823524,34.992911,20.797491
1684926211.02978,32.823524,34.992912,20.796696
1684926211.02987,32.823523,34.992912,20.795886
1684926211.02998,32.823523,34.992913,20.795077
1684926211.04133,32.823523,34.992914,20.794252
1684926211.08131,32.823522,34.992914,20.793404
1684926211.08142,32.823522,34.992915,20.792553
1684926211.0815,32.823521,34.992916,20.7917
1684926211.09264,32.823521,34.992916,20.790852
1684926211.09278,32.823521,34.992917,20.79002
1684926211.09294,32.82352,34.992918,20.789233
1684926211.09916,32.82352,34.992918,20.788492
1684926211.15365,32.82352,34.992919,20.78779
1684926211.15378,32.823519,34.992919,20.787086
1684926211.16444,32.823519,34.992921,20.768748
1684926211.16451,32.823518,34.992922,20.767978
1684926211.16462,32.823518,34.992922,20.767213
1684926211.16473,32.823517,34.992923,20.766498
1684926211.16486,32.823517,34.992924,20.765874
1684926211.16493,32.823517,34.992924,20.765326
1684926211.23304,32.823516,34.992925,20.764845
1684926211.23337,32.823516,34.992926,20.764412
1684926211.23345,32.823516,34.992926,20.76399
1684926211.23351,32.823515,34.992927,20.763582
1684926211.23362,32.823515,34.992927,20.76318
1684926211.2478,32.823514,34.992928,20.762783
1684926211.2479,32.823514,34.992929,20.762385
1684926211.24802,32.823514,34.992929,20.761958
1684926211.32988,32.823513,34.99293,20.761494
1684926211.33,32.823513,34.992931,20.761006
1684926211.33008,32.823513,34.992931,20.760519
1684926211.33015,32.823512,34.992932,20.760038
1684926211.33022,32.823512,34.992933,20.759584
1684926211.33952,32.823512,34.992933,20.759161
1684926211.33966,32.823511,34.992934,20.758732
1684926211.39223,32.823511,34.992934,20.758277
1684926211.39239,32.82351,34.992935,20.757764
1684926211.39246,32.82351,34.992936,20.757204
1684926211.39254,32.82351,34.992936,20.756639
1684926211.40188,32.823509,34.992937,20.756061
1684926211.40201,32.823509,34.992938,20.755454
1684926211.40212,32.823509,34.992938,20.754798
1684926211.40219,32.823508,34.992939,20.754094
1684926211.45402,32.823508,34.99294,20.753352
1684926211.45413,32.823508,34.99294,20.752573
1684926211.45421,32.823507,34.992941,20.751755
1684926211.45428,32.823507,34.992941,20.750901
1684926211.46264,32.823506,34.992942,20.750022
1684926211.46274,32.823506,34.992943,20.749109
1684926211.46281,32.823506,34.992943,20.748141
1684926211.46288,32.823505,34.992944,20.74713
1684926211.53643,32.823505,34.992945,20.74608
1684926211.53653,32.823505,34.992945,20.745011
1684926211.5366,32.823504,34.992946,20.743899
1684926211.53672,32.823504,34.992946,20.742752
1684926211.53683,32.823504,34.992947,20.741568
1684926211.54443,32.823503,34.992948,20.740369
1684926211.54451,32.823503,34.992948,20.739141
1684926211.54462,32.823502,34.992949,20.737885
1684926211.62705,32.823502,34.99295,20.736614
1684926211.62722,32.823502,34.99295,20.735327
1684926211.63739,32.823501,34.992951,20.734012
1684926211.63753,32.823501,34.992952,20.732667
1684926211.63762,32.823501,34.992952,20.7313
1684926211.65048,32.8235,34.992953,20.729932
1684926211.65059,32.8235,34.992953,20.728567
1684926211.69593,32.8235,34.992954,20.727195
1684926211.69609,32.823499,34.992955,20.725808
1684926211.69614,32.823499,34.992955,20.724409
1684926211.69621,32.823498,34.992956,20.722984
1684926211.69637,32.823498,34.992957,20.721548
1684926211.70482,32.823498,34.992957,20.720121
1684926211.70493,32.823497,34.992958,20.718705
1684926211.70505,32.823497,34.992959,20.717265
1684926211.78304,32.823497,34.992959,20.715777
1684926211.78315,32.823496,34.99296,20.714255
1684926211.78323,32.823496,34.99296,20.712698
1684926211.79904,32.823496,34.992961,20.711106
1684926211.79913,32.823495,34.992962,20.709467
1684926211.79925,32.823495,34.992962,20.707792
1684926211.81248,32.823495,34.992963,20.706099
1684926211.81263,32.823494,34.992964,20.704391
1684926211.84046,32.823494,34.992964,20.702667
1684926211.84058,32.823493,34.992965,20.70095
1684926211.84065,32.823493,34.992965,20.699266
1684926211.85165,32.823493,34.992966,20.697619
1684926211.85176,32.823492,34.992967,20.696031
1684926211.86012,32.823492,34.992967,20.694522
1684926211.8602,32.823492,34.992968,20.693089
1684926211.92807,32.823491,34.992969,20.6917
1684926211.92817,32.823491,34.992969,20.690367
1684926211.92829,32.823491,34.99297,20.689097
1684926211.92836,32.82349,34.992971,20.687917
1684926211.92843,32.82349,34.992971,20.686805
1684926211.93521,32.82349,34.992972,20.685723
1684926211.93534,32.823489,34.992972,20.684666
1684926211.93542,32.823489,34.992973,20.683636
1684926212.00523,32.823489,34.992974,20.682624
1684926212.00535,32.823488,34.992974,20.681635
1684926212.00547,32.823488,34.992975,20.680677
1684926212.00559,32.823487,34.992976,20.679744
1684926212.01303,32.823487,34.992976,20.678821
1684926212.01316,32.823487,34.992977,20.677861
1684926212.01322,32.823486,34.992978,20.676886
1684926212.01329,32.823486,34.992978,20.675905
1684926212.08105,32.823486,34.992979,20.674891
1684926212.08116,32.823485,34.992979,20.673842
1684926212.09213,32.823485,34.99298,20.672775
1684926212.0922,32.823485,34.992981,20.671717
1684926212.09231,32.823484,34.992981,20.670677
1684926212.09243,32.823484,34.992982,20.669662
1684926212.09882,32.823484,34.992983,20.668683
1684926212.15951,32.823483,34.992983,20.667732
1684926212.15961,32.823483,34.992984,20.666776
1684926212.15968,32.823482,34.992985,20.665028
1684926212.15982,32.823481,34.992985,20.66404
1684926212.15991,32.823481,34.992986,20.663003
1684926212.16834,32.823481,34.992987,20.661897
1684926212.16845,32.82348,34.992987,20.660744
1684926212.16854,32.82348,34.992988,20.659572
1684926212.22465,32.82348,34.992989,20.658432
1684926212.22474,32.823479,34.992989,20.657351
1684926212.22489,32.823479,34.99299,20.656338
1684926212.23596,32.823479,34.992991,20.655437
1684926212.2361,32.823478,34.992991,20.654661
1684926212.23617,32.823478,34.992992,20.654002
1684926212.23625,32.823478,34.992992,20.653431
1684926212.24145,32.823477,34.992993,20.652915
1684926212.31329,32.823477,34.992994,20.65244
1684926212.31338,32.823476,34.992994,20.651999
1684926212.31345,32.823476,34.992995,20.651603
1684926212.33026,32.823476,34.992996,20.651241
1684926212.33037,32.823475,34.992996,20.650882
1684926212.33049,32.823475,34.992997,20.650504
1684926212.33853,32.823475,34.992998,20.650102
1684926212.39348,32.823474,34.992998,20.64968
1684926212.39361,32.823474,34.992999,20.649291
1684926212.39369,32.823474,34.992999,20.648945
1684926212.3938,32.823473,34.993,20.648622
1684926212.39407,32.823473,34.993001,20.64834
1684926212.39415,32.823473,34.993001,20.648089
1684926212.39422,32.823472,34.993002,20.647843
1684926212.40257,32.823472,34.993003,20.647585
1684926212.47323,32.823472,34.993003,20.647294
1684926212.47335,32.823471,34.993004,20.646971
1684926212.47342,32.823471,34.993005,20.646625
1684926212.47349,32.823471,34.993005,20.646252
1684926212.47355,32.82347,34.993006,20.645874
1684926212.48348,32.82347,34.993006,20.645508
1684926212.48354,32.82347,34.993007,20.645149
1684926212.49002,32.823469,34.993008,20.644802
1684926212.54409,32.823469,34.993008,20.644483
1684926212.5442,32.823468,34.993009,20.644197
1684926212.54431,32.823468,34.99301,20.643943
1684926212.54443,32.823468,34.99301,20.643708
1684926212.55448,32.823467,34.993011,20.643496
1684926212.55459,32.823467,34.993012,20.643291
1684926212.5547,32.823467,34.993012,20.643078
1684926212.56044,32.823466,34.993013,20.642868
1684926212.60945,32.823466,34.993013,20.642677
1684926212.60959,32.823466,34.993014,20.642526
1684926212.60965,32.823465,34.993015,20.642391
1684926212.61954,32.823465,34.993015,20.642254
1684926212.61963,32.823465,34.993016,20.642116
1684926212.61969,32.823464,34.993017,20.641952
1684926212.61976,32.823464,34.993017,20.641755
1684926212.69667,32.823464,34.993018,20.641505
1684926212.69677,32.823463,34.993019,20.641184
1684926212.69688,32.823463,34.993019,20.64076
1684926212.69695,32.823463,34.99302,20.640185
1684926212.69702,32.823462,34.99302,20.639437
1684926212.69708,32.823462,34.993021,20.638506
1684926212.70659,32.823462,34.993022,20.63742
1684926212.70669,32.823461,34.993022,20.6362
1684926212.77088,32.823461,34.993023,20.634866
1684926212.79984,32.823461,34.993024,20.633462
1684926212.79994,32.82346,34.993024,20.632066
1684926212.80001,32.82346,34.993025,20.630708
1684926212.80006,32.82346,34.993026,20.629348
1684926212.80018,32.823459,34.993026,20.627944
1684926212.80029,32.823459,34.993027,20.626479
1684926212.80682,32.823458,34.993027,20.624963
1684926212.84785,32.823458,34.993028,20.623461
1684926212.84797,32.823458,34.993029,20.62196
1684926212.84803,32.823457,34.993029,20.620439
1684926212.85722,32.823457,34.99303,20.618908
1684926212.85735,32.823457,34.993031,20.61733
1684926212.85745,32.823456,34.993031,20.615745
1684926212.85757,32.823456,34.993032,20.614222
1684926212.93351,32.823456,34.993032,20.612785
1684926212.93359,32.823455,34.993033,20.611356
1684926212.93371,32.823455,34.993034,20.609905
1684926212.93387,32.823455,34.993034,20.608472
1684926212.94261,32.823454,34.993035,20.607118
1684926212.9427,32.823454,34.993036,20.605836
1684926212.94277,32.823454,34.993036,20.604585
1684926212.94283,32.823453,34.993037,20.603286
1684926213.01851,32.823453,34.993038,20.601888
1684926213.0187,32.823453,34.993038,20.6004
1684926213.01876,32.823452,34.993039,20.598837
1684926213.01886,32.823452,34.993039,20.597265
1684926213.01896,32.823452,34.99304,20.595679
1684926213.01908,32.823451,34.993041,20.593994
1684926213.0272,32.823451,34.993041,20.592181
1684926213.0273,32.823451,34.993042,20.59029
1684926213.07584,32.82345,34.993043,20.588248
1684926213.07595,32.82345,34.993043,20.585908
1684926213.07606,32.82345,34.993044,20.583148
1684926213.07616,32.823449,34.993045,20.579917
1684926213.08335,32.823449,34.993045,20.576401
1684926213.08346,32.823449,34.993046,20.572795
1684926213.08358,32.823448,34.993046,20.569162
1684926213.15559,32.823448,34.993047,20.565527
1684926213.15569,32.823448,34.993048,20.561886
1684926213.15575,32.823446,34.993049,20.699378
1684926213.15589,32.823446,34.99305,20.695987
1684926213.16575,32.823446,34.99305,20.692691
1684926213.16582,32.823445,34.993051,20.689527
1684926213.16596,32.823445,34.993052,20.686487
1684926213.16602,32.823445,34.993052,20.683576
1684926213.23146,32.823444,34.993053,20.68092
1684926213.23157,32.823444,34.993054,20.678631
1684926213.23165,32.823444,34.993054,20.676437
1684926213.24325,32.823443,34.993055,20.673967
1684926213.2434,32.823443,34.993055,20.671153
1684926213.24348,32.823443,34.993056,20.668202
1684926213.24356,32.823442,34.993057,20.665455
1684926213.24941,32.823442,34.993057,20.663101
1684926213.31808,32.823442,34.993058,20.661103
1684926213.31817,32.823441,34.993059,20.659309
1684926213.31829,32.823441,34.993059,20.657651
1684926213.32743,32.823441,34.99306,20.656212
1684926213.32751,32.82344,34.99306,20.654994
1684926213.32757,32.82344,34.993061,20.654167
1684926213.32768,32.82344,34.993062,20.653842
1684926213.39626,32.823439,34.993062,20.653964
1684926213.39639,32.823439,34.993063,20.654522
1684926213.39645,32.823439,34.993064,20.655564
1684926213.39656,32.823438,34.993064,20.656979
1684926213.39664,32.823438,34.993065,20.658575
1684926213.39712,32.823438,34.993066,20.660175
1684926213.40464,32.823437,34.993066,20.661657
1684926213.40475,32.823437,34.993067,20.663084
1684926213.45595,32.823437,34.993067,20.664647
1684926213.45608,32.823436,34.993068,20.666354
1684926213.45615,32.823436,34.993069,20.668067
1684926213.45624,32.823436,34.993069,20.669665
1684926213.46524,32.823435,34.99307,20.671116
1684926213.46585,32.823435,34.993071,20.672424
1684926213.46607,32.823435,34.993071,20.67368
1684926213.46636,32.823434,34.993072,20.675005
1684926213.54333,32.823434,34.993073,20.676388
1684926213.54345,32.823434,34.993073,20.677808
1684926213.54353,32.823433,34.993074,20.679288
1684926213.5436,32.823433,34.993074,20.680827
1684926213.54366,32.823433,34.993075,20.682469
1684926213.56921,32.823432,34.993076,20.684101
1684926213.56937,32.823432,34.993076,20.685593
1684926213.56946,32.823432,34.993077,20.686916
1684926213.62248,32.823431,34.993078,20.688114
1684926213.6226,32.823431,34.993078,20.68919
1684926213.62265,32.823431,34.993079,20.690125
1684926213.62277,32.82343,34.99308,20.690893
1684926213.62283,32.82343,34.99308,20.691503
1684926213.62299,32.82343,34.993081,20.692037
1684926213.62902,32.823429,34.993081,20.692488
1684926213.70105,32.823429,34.993082,20.692792
1684926213.70119,32.823429,34.993083,20.692936
1684926213.70142,32.823428,34.993083,20.692999
1684926213.71135,32.823428,34.993084,20.693024
1684926213.71148,32.823428,34.993085,20.693048
1684926213.71157,32.823427,34.993085,20.693129
1684926213.72103,32.823427,34.993086,20.693321
1684926213.72118,32.823427,34.993086,20.69359
1684926213.77603,32.823426,34.993087,20.693876
1684926213.77612,32.823426,34.993088,20.694094
1684926213.77622,32.823426,34.993088,20.694228
1684926213.77651,32.823425,34.993089,20.694385
1684926213.77662,32.823425,34.99309,20.694643
1684926213.78565,32.823425,34.99309,20.695058
1684926213.78579,32.823424,34.993091,20.695588
1684926213.78586,32.823424,34.993091,20.696121
1684926213.83979,32.823424,34.993092,20.696569
1684926213.83993,32.823423,34.993093,20.696952
1684926213.83999,32.823423,34.993093,20.697353
1684926213.84957,32.823423,34.993094,20.697851
1684926213.8497,32.823422,34.993095,20.698373
1684926213.84975,32.823422,34.993095,20.698814
1684926213.84987,32.823422,34.993096,20.699141
1684926213.92878,32.823421,34.993096,20.699414
1684926213.92887,32.823421,34.993097,20.699626
1684926213.92898,32.823421,34.993098,20.699776
1684926213.92909,32.82342,34.993098,20.699892
1684926213.93907,32.82342,34.993099,20.699958
1684926213.93921,32.82342,34.9931,20.69998
1684926213.93929,32.823419,34.9931,20.699929
1684926213.94599,32.823419,34.993101,20.699802
1684926214.0004,32.823419,34.993101,20.699543
1684926214.00048,32.823418,34.993102,20.699132
1684926214.00059,32.823418,34.993103,20.698587
1684926214.00071,32.823418,34.993103,20.69793
1684926214.00082,32.823417,34.993104,20.697214
1684926214.00093,32.823417,34.993105,20.696417
1684926214.00669,32.823417,34.993105,20.695542
1684926214.00681,32.823416,34.993106,20.694604
1684926214.07877,32.823416,34.993106,20.693608
1684926214.07893,32.823416,34.993107,20.692542
1684926214.079,32.823415,34.993108,20.69145
1684926214.08889,32.823415,34.993108,20.690332
1684926214.08898,32.823415,34.993109,20.689168
1684926214.08909,32.823414,34.99311,20.687962
1684926214.08921,32.823414,34.99311,20.686749
1684926214.16336,32.823414,34.993111,20.68553
1684926214.16348,32.823413,34.993111,20.68425
1684926214.16356,32.823412,34.993112,20.705145
1684926214.17466,32.823412,34.993112,20.703836
1684926214.17478,32.823412,34.993113,20.702535
1684926214.17486,32.823411,34.993114,20.701294
1684926214.17494,32.823411,34.993114,20.70008
1684926214.18354,32.823411,34.993115,20.698862
1684926214.24435,32.82341,34.993115,20.697621
1684926214.2445,32.82341,34.993116,20.696405
1684926214.24456,32.82341,34.993117,20.695273
1684926214.24463,32.823409,34.993117,20.69424
1684926214.25531,32.823409,34.993118,20.693292
1684926214.25566,32.823409,34.993118,20.692402
1684926214.25575,32.823408,34.993119,20.691538
1684926214.25582,32.823408,34.99312,20.690712
1684926214.30693,32.823408,34.99312,20.689923
1684926214.30705,32.823407,34.993121,20.689146
1684926214.30715,32.823407,34.993122,20.68837
1684926214.30727,32.823407,34.993122,20.687568
1684926214.30738,32.823406,34.993123,20.686691
1684926214.3075,32.823406,34.993123,20.68575
1684926214.31962,32.823406,34.993124,20.684759
1684926214.38615,32.823405,34.993125,20.683725
1684926214.38627,32.823405,34.993125,20.682672
1684926214.38634,32.823405,34.993126,20.681654
1684926214.38646,32.823404,34.993126,20.680757
1684926214.39504,32.823404,34.993127,20.680033
1684926214.39514,32.823404,34.993128,20.679429
1684926214.3953,32.823403,34.993128,20.678858
1684926214.39537,32.823403,34.993129,20.67826
1684926214.46602,32.823403,34.99313,20.677645
1684926214.46612,32.823402,34.99313,20.67703
1684926214.46624,32.823402,34.993131,20.67642
1684926214.46633,32.823402,34.993131,20.675861
1684926214.46642,32.823401,34.993132,20.675388
1684926214.47416,32.823401,34.993133,20.674991
1684926214.47426,32.823401,34.993133,20.674708
1684926214.47438,32.8234,34.993134,20.674548
1684926214.54656,32.8234,34.993134,20.67452
1684926214.54667,32.8234,34.993135,20.674603
1684926214.5468,32.823399,34.993136,20.674777
1684926214.54688,32.823399,34.993136,20.675011
1684926214.54699,32.823399,34.993137,20.67527
1684926214.5543,32.823398,34.993138,20.675565
1684926214.5544,32.823398,34.993138,20.675923
1684926214.5545,32.823398,34.993139,20.676335
1684926214.60651,32.823397,34.993139,20.676748
1684926214.60982,32.823397,34.99314,20.677159
1684926214.60991,32.823397,34.993141,20.677562
1684926214.61751,32.823396,34.993141,20.677987
1684926214.6176,32.823396,34.993142,20.678426
1684926214.61767,32.823396,34.993142,20.678847
1684926214.62889,32.823395,34.993143,20.67923
1684926214.69236,32.823395,34.993144,20.679551
1684926214.69248,32.823395,34.993144,20.679796
1684926214.69255,32.823394,34.993145,20.67993
1684926214.69261,32.823394,34.993145,20.679917
1684926214.70367,32.823394,34.993146,20.679725
1684926214.70386,32.823393,34.993147,20.679375
1684926214.70392,32.823393,34.993147,20.678909
1684926214.70408,32.823393,34.993148,20.678329
1684926214.77785,32.823392,34.993148,20.677593
1684926214.77793,32.823392,34.993149,20.676715
1684926214.77804,32.823392,34.99315,20.675725
1684926214.77816,32.823391,34.99315,20.674664
1684926214.77827,32.823391,34.993151,20.673534
1684926214.77839,32.823391,34.993152,20.672327
1684926214.8007,32.82339,34.993152,20.671175
1684926214.80085,32.82339,34.993153,20.670211
1684926214.84733,32.82339,34.993153,20.669435
1684926214.84742,32.823389,34.993154,20.668774
1684926214.84753,32.823389,34.993155,20.668157
1684926214.84764,32.823389,34.993155,20.667616
1684926214.85547,32.823388,34.993156,20.667198
1684926214.85557,32.823388,34.993156,20.666939
1684926214.85564,32.823388,34.993157,20.666835
1684926214.93069,32.823387,34.993158,20.666856
1684926214.93079,32.823387,34.993158,20.666913
1684926214.93085,32.823387,34.993159,20.666925
1684926214.93097,32.823386,34.993159,20.666882
1684926214.93105,32.823386,34.99316,20.666898
1684926214.93112,32.823386,34.993161,20.667074
1684926214.9312,32.823385,34.993161,20.667446
1684926214.93698,32.823385,34.993162,20.667994
1684926215.01712,32.823385,34.993162,20.66865
1684926215.01722,32.823384,34.993163,20.669375
1684926215.0173,32.823384,34.993164,20.670122
1684926215.01741,32.823384,34.993164,20.670894
1684926215.01752,32.823383,34.993165,20.671731
1684926215.02702,32.823383,34.993165,20.672634
1684926215.02713,32.823383,34.993166,20.673576
1684926215.02722,32.823382,34.993167,20.674545
1684926215.07449,32.823382,34.993167,20.675603
1684926215.07465,32.823382,34.993168,20.676794
1684926215.07476,32.823381,34.993168,20.67818
1684926215.07488,32.823381,34.993169,20.679728
1684926215.07494,32.823381,34.99317,20.68133
1684926215.07501,32.82338,34.99317,20.683038
1684926215.07512,32.82338,34.993171,20.684927
1684926215.15609,32.82338,34.993171,20.687004
1684926215.15684,32.823379,34.993172,20.68915
1684926215.15691,32.823379,34.993173,20.552952
1684926215.15698,32.823379,34.993173,20.554582
1684926215.15705,32.823378,34.993174,20.556065
1684926215.17076,32.823378,34.993175,20.557439
1684926215.17087,32.823378,34.993175,20.558662
1684926215.17093,32.823377,34.993176,20.55964
1684926215.23183,32.823377,34.993176,20.560367
1684926215.23193,32.823377,34.993177,20.560943
1684926215.23198,32.823376,34.993178,20.561428
1684926215.2321,32.823376,34.993178,20.561799
1684926215.24204,32.823376,34.993179,20.562041
1684926215.24215,32.823375,34.993179,20.562237
1684926215.24222,32.823375,34.99318,20.562458
1684926215.24899,32.823375,34.993181,20.562567
1684926215.31714,32.823374,34.993181,20.562351
1684926215.31729,32.823374,34.993182,20.561774
1684926215.31735,32.823374,34.993182,20.561043
1684926215.31746,32.823373,34.993183,20.560371
1684926215.31754,32.823373,34.993184,20.559726
1684926215.32626,32.823373,34.993184,20.558989
1684926215.32639,32.823372,34.993185,20.558105
1684926215.40782,32.823372,34.993185,20.557156
1684926215.4081,32.823372,34.993186,20.556239
1684926215.40823,32.823371,34.993187,20.555348
1684926215.41698,32.823371,34.993187,20.554451
1684926215.4171,32.823371,34.993188,20.553532
1684926215.41716,32.82337,34.993188,20.552608
1684926215.41728,32.82337,34.993189,20.551645
1684926215.41739,32.82337,34.993189,20.550672
1684926215.46146,32.823369,34.99319,20.549709
1684926215.4616,32.823369,34.993191,20.548735
1684926215.46166,32.823369,34.993191,20.547753
1684926215.46174,32.823368,34.993192,20.546834
1684926215.47088,32.823368,34.993192,20.545996
1684926215.47102,32.823368,34.993193,20.545261
1684926215.4711,32.823367,34.993194,20.544699
1684926215.47118,32.823367,34.993194,20.544371
1684926215.54004,32.823367,34.993195,20.544285
1684926215.54015,32.823366,34.993195,20.544352
1684926215.54026,32.823366,34.993196,20.544383
1684926215.54037,32.823366,34.993197,20.544304
1684926215.54049,32.823365,34.993197,20.544157
1684926215.54763,32.823365,34.993198,20.54406
1684926215.54771,32.823365,34.993198,20.544087
1684926215.54784,32.823364,34.993199,20.544141
1684926215.61767,32.823364,34.9932,20.544123
1684926215.61778,32.823364,34.9932,20.543986
1684926215.61786,32.823363,34.993201,20.543778
1684926215.62848,32.823363,34.993201,20.543539
1684926215.62869,32.823363,34.993202,20.543326
1684926215.62876,32.823362,34.993202,20.543173
1684926215.62889,32.823362,34.993203,20.54308
1684926215.69925,32.823362,34.993204,20.543071
1684926215.6994,32.823361,34.993204,20.543084
1684926215.69946,32.823361,34.993205,20.54302
1684926215.69958,32.823361,34.993205,20.542831
1684926215.69964,32.82336,34.993206,20.542558
1684926215.71348,32.82336,34.993207,20.542303
1684926215.7136,32.82336,34.993207,20.54209
1684926215.71367,32.823359,34.993208,20.541863
1684926215.78696,32.823359,34.993208,20.541571
1684926215.78706,32.823359,34.993209,20.54123
1684926215.78717,32.823358,34.99321,20.540883
1684926215.78729,32.823358,34.99321,20.540528
1684926215.78739,32.823358,34.993211,20.540174
1684926215.79629,32.823357,34.993211,20.539847
1684926215.7964,32.823357,34.993212,20.539535
1684926215.79648,32.823357,34.993212,20.539219
1684926215.84897,32.823356,34.993213,20.53885
1684926215.84912,32.823356,34.993214,20.538424
1684926215.8492,32.823356,34.993214,20.538007
1684926215.85713,32.823355,34.993215,20.537617
1684926215.86656,32.823355,34.993215,20.537241
1684926215.86665,32.823355,34.993216,20.536846
1684926215.86673,32.823354,34.993217,20.53643
1684926215.92051,32.823354,34.993217,20.536009
1684926215.92061,32.823354,34.993218,20.535595
1684926215.92088,32.823354,34.993218,20.535152
1684926215.921,32.823353,34.993219,20.534681
1684926215.93002,32.823353,34.993219,20.534213
1684926215.93013,32.823353,34.99322,20.53377
1684926215.93019,32.823352,34.993221,20.53335
1684926215.93026,32.823352,34.993221,20.532917
1684926216.00799,32.823352,34.993222,20.532457
1684926216.00811,32.823351,34.993222,20.531979
1684926216.00818,32.823351,34.993223,20.531532
1684926216.0083,32.823351,34.993224,20.531128
1684926216.0084,32.82335,34.993224,20.530753
1684926216.02413,32.82335,34.993225,20.530408
1684926216.02424,32.82335,34.993225,20.530076
1684926216.0243,32.823349,34.993226,20.529776
1684926216.08912,32.823349,34.993226,20.529497
1684926216.08926,32.823349,34.993227,20.52922
1684926216.08934,32.823348,34.993228,20.528933
1684926216.10042,32.823348,34.993228,20.52867
1684926216.1005,32.823348,34.993229,20.528439
1684926216.10061,32.823347,34.993229,20.528279
1684926216.10072,32.823347,34.99323,20.528152
1684926216.15955,32.823347,34.993231,20.528023
1684926216.1597,32.823346,34.993231,20.527883
1684926216.15977,32.823345,34.993231,20.53781
1684926216.17659,32.823345,34.993232,20.537708
1684926216.17674,32.823345,34.993232,20.537616
1684926216.17683,32.823344,34.993233,20.53752
1684926216.1769,32.823344,34.993234,20.537406
1684926216.18281,32.823344,34.993234,20.537264
1684926216.23886,32.823343,34.993235,20.537088
1684926216.23936,32.823343,34.993235,20.53689
1684926216.23948,32.823343,34.993236,20.536718
1684926216.23956,32.823342,34.993236,20.536562
1684926216.23963,32.823342,34.993237,20.536372
1684926216.24741,32.823342,34.993238,20.536121
1684926216.24751,32.823341,34.993238,20.535823
1684926216.24757,32.823341,34.993239,20.535484
1684926216.30169,32.823341,34.993239,20.535111
1684926216.30177,32.82334,34.99324,20.534701
1684926216.30188,32.82334,34.993241,20.534298
1684926216.32242,32.82334,34.993241,20.533931
1684926216.32253,32.823339,34.993242,20.533563
1684926216.32264,32.823339,34.993242,20.533147
1684926216.32275,32.823339,34.993243,20.532657
1684926216.38949,32.823338,34.993243,20.532149
1684926216.38959,32.823338,34.993244,20.531636
1684926216.3897,32.823338,34.993245,20.531113
1684926216.38981,32.823337,34.993245,20.530579
1684926216.38992,32.823337,34.993246,20.530037
1684926216.40489,32.823337,34.993246,20.529503
1684926216.40754,32.823336,34.993247,20.528988
1684926216.40762,32.823336,34.993247,20.528504
1684926216.47838,32.823336,34.993248,20.528022
1684926216.47853,32.823335,34.993249,20.52752
1684926216.47861,32.823335,34.993249,20.527004
1684926216.47868,32.823335,34.99325,20.526483
1684926216.47879,32.823334,34.99325,20.525965
1684926216.4789,32.823334,34.993251,20.525444
1684926216.47902,32.823334,34.993252,20.524922
1684926216.48432,32.823333,34.993252,20.524417
1684926216.54945,32.823333,34.993253,20.523939
1684926216.54959,32.823333,34.993253,20.523441
1684926216.54968,32.823332,34.993254,20.52291
1684926216.54975,32.823332,34.993254,20.522361
1684926216.54987,32.823332,34.993255,20.521777
1684926216.54999,32.823332,34.993256,20.521151
1684926216.55007,32.823331,34.993256,20.520459
1684926216.55013,32.823331,34.993257,20.519727
1684926216.61772,32.823331,34.993257,20.518977
1684926216.61782,32.82333,34.993258,20.518229
1684926216.61789,32.82333,34.993258,20.517472
1684926216.61796,32.82333,34.993259,20.516701
1684926216.6281,32.823329,34.99326,20.51595
1684926216.62819,32.823329,34.99326,20.515218
1684926216.62826,32.823329,34.993261,20.514496
1684926216.69768,32.823328,34.993261,20.513779
1684926216.69777,32.823328,34.993262,20.51307
1684926216.69789,32.823328,34.993262,20.512351
1684926216.69797,32.823327,34.993263,20.51163
1684926216.70733,32.823327,34.993264,20.510912
1684926216.70744,32.823327,34.993264,20.510187
1684926216.7075,32.823326,34.993265,20.50945
1684926216.70764,32.823326,34.993265,20.508699
1684926216.76807,32.823326,34.993266,20.507945
1684926216.7682,32.823325,34.993267,20.50724
1684926216.76827,32.823325,34.993267,20.506586
1684926216.77892,32.823325,34.993268,20.505973
1684926216.77903,32.823324,34.993268,20.505395
1684926216.7791,32.823324,34.993269,20.504826
1684926216.77916,32.823324,34.993269,20.504256
1684926216.78627,32.823323,34.99327,20.503681
1684926216.84297,32.823323,34.993271,20.503096
1684926216.84317,32.823323,34.993271,20.502515
1684926216.84324,32.823322,34.993272,20.501961
1684926216.8433,32.823322,34.993272,20.501445
1684926216.84336,32.823322,34.993273,20.500981
1684926216.84348,32.823321,34.993273,20.500572
1684926216.84356,32.823321,34.993274,20.500173
1684926216.93243,32.823321,34.993275,20.499767
1684926216.93254,32.823321,34.993275,20.499344
1684926216.93266,32.82332,34.993276,20.498923
1684926216.94373,32.82332,34.993276,20.498514
1684926216.94382,32.82332,34.993277,20.49809
1684926216.94392,32.823319,34.993277,20.497668
1684926216.94404,32.823319,34.993278,20.497252
1684926216.95049,32.823319,34.993279,20.496864
1684926217.0176,32.823318,34.993279,20.496487
1684926217.01773,32.823318,34.99328,20.496115
1684926217.01779,32.823318,34.99328,20.495747
1684926217.02751,32.823317,34.993281,20.49539
1684926217.0276,32.823317,34.993281,20.495012
1684926217.02767,32.823317,34.993282,20.494654
1684926217.02774,32.823316,34.993283,20.494348
1684926217.0278,32.823316,34.993283,20.494088
1684926217.07571,32.823316,34.993284,20.493845
1684926217.07607,32.823315,34.993284,20.493563
1684926217.07615,32.823315,34.993285,20.493227
1684926217.07624,32.823315,34.993285,20.492901
1684926217.08621,32.823314,34.993286,20.492607
1684926217.08628,32.823314,34.993287,20.492304
1684926217.08641,32.823314,34.993287,20.491966
1684926217.15331,32.823313,34.993288,20.49157
1684926217.15344,32.823313,34.993288,20.491165
1684926217.1535,32.823314,34.993288,20.532855
1684926217.15361,32.823313,34.993289,20.532492
1684926217.16349,32.823313,34.993289,20.532084
1684926217.16358,32.823313,34.99329,20.531643
1684926217.16365,32.823312,34.99329,20.531154
1684926217.17452,32.823312,34.993291,20.530635
1684926217.2364,32.823312,34.993291,20.53011
1684926217.23829,32.823311,34.993292,20.529618
1684926217.23837,32.823311,34.993293,20.529183
1684926217.23843,32.823311,34.993293,20.528777
1684926217.23849,32.823311,34.993294,20.528318
1684926217.23874,32.82331,34.993294,20.527787
1684926217.24392,32.82331,34.993295,20.527232
1684926217.24402,32.82331,34.993295,20.526697
1684926217.31617,32.823309,34.993296,20.526202
1684926217.31629,32.823309,34.993297,20.525753
1684926217.32623,32.823309,34.993297,20.525325
1684926217.32633,32.823308,34.993298,20.524907
1684926217.32644,32.823308,34.993298,20.524499
1684926217.32655,32.823308,34.993299,20.52412
1684926217.32667,32.823307,34.993299,20.523781
1684926217.40027,32.823307,34.9933,20.523476
1684926217.4004,32.823307,34.9933,20.523158
1684926217.40046,32.823306,34.993301,20.522816
1684926217.40054,32.823306,34.993302,20.522428
1684926217.41106,32.823306,34.993302,20.522017
1684926217.41115,32.823305,34.993303,20.521606
1684926217.41126,32.823305,34.993303,20.521234
1684926217.41138,32.823305,34.993304,20.52089
1684926217.465,32.823304,34.993304,20.520511
1684926217.46511,32.823304,34.993305,20.520042
1684926217.46523,32.823304,34.993306,20.519518
1684926217.4762,32.823303,34.993306,20.519008
1684926217.47631,32.823303,34.993307,20.518499
1684926217.47637,32.823303,34.993307,20.517992
1684926217.47643,32.823302,34.993308,20.517469
1684926217.48381,32.823302,34.993308,20.516909
1684926217.53888,32.823302,34.993309,20.516322
1684926217.539,32.823302,34.993309,20.515728
1684926217.53907,32.823301,34.99331,20.515111
1684926217.55005,32.823301,34.993311,20.514492
1684926217.55016,32.823301,34.993311,20.513854
1684926217.55023,32.8233,34.993312,20.513226
1684926217.55031,32.8233,34.993312,20.512627
1684926217.55682,32.8233,34.993313,20.512052
1684926217.61645,32.823299,34.993313,20.51147
1684926217.61657,32.823299,34.993314,20.510895
1684926217.61667,32.823299,34.993315,20.510329
1684926217.61679,32.823298,34.993315,20.509758
1684926217.61686,32.823298,34.993316,20.509179
1684926217.62405,32.823298,34.993316,20.50863
1684926217.62413,32.823297,34.993317,20.508099
1684926217.70809,32.823297,34.993317,20.50752
1684926217.70821,32.823297,34.993318,20.506819
1684926217.70826,32.823296,34.993318,20.505999
1684926217.70843,32.823296,34.993319,20.50511
1684926217.72,32.823296,34.99332,20.50423
1684926217.72012,32.823295,34.99332,20.503405
1684926217.72019,32.823295,34.993321,20.502615
1684926217.72027,32.823295,34.993321,20.501831
1684926217.7755,32.823294,34.993322,20.501024
1684926217.77563,32.823294,34.993322,20.500196
1684926217.77569,32.823294,34.993323,20.499365
1684926217.77585,32.823294,34.993323,20.498551
1684926217.77592,32.823293,34.993324,20.497723
1684926217.78546,32.823293,34.993325,20.49685
1684926217.78565,32.823293,34.993325,20.495958
1684926217.78572,32.823292,34.993326,20.495079
1684926217.8434,32.823292,34.993326,20.494241
1684926217.84351,32.823292,34.993327,20.493458
1684926217.84361,32.823291,34.993327,20.492779
1684926217.84373,32.823291,34.993328,20.492154
1684926217.85326,32.823291,34.993328,20.491517
1684926217.85342,32.82329,34.993329,20.490872
1684926217.85351,32.82329,34.99333,20.490282
1684926217.92074,32.82329,34.99333,20.489756
1684926217.92086,32.823289,34.993331,20.489276
1684926217.92094,32.823289,34.993331,20.488837
1684926217.92102,32.823289,34.993332,20.488449
1684926217.94072,32.823288,34.993332,20.488157
1684926217.94079,32.823288,34.993333,20.487899
1684926217.9409,32.823288,34.993333,20.487613
1684926217.94829,32.823287,34.993334,20.487319
1684926217.99605,32.823287,34.993335,20.487046
1684926217.99618,32.823287,34.993335,20.486796
1684926217.99626,32.823286,34.993336,20.486582
1684926217.99634,32.823286,34.993336,20.486425
1684926217.9964,32.823286,34.993337,20.486281
1684926217.99647,32.823286,34.993337,20.48617
1684926218.0027,32.823285,34.993338,20.4861
1684926218.00279,32.823285,34.993338,20.486062
1684926218.08452,32.823285,34.993339,20.486079
1684926218.08463,32.823284,34.99334,20.486102
1684926218.08469,32.823284,34.99334,20.486084
1684926218.08476,32.823284,34.993341,20.486043
1684926218.08483,32.823283,34.993341,20.485996
1684926218.08489,32.823283,34.993342,20.485955
1684926218.09074,32.823283,34.993342,20.485933
1684926218.16414,32.823282,34.993343,20.485913
1684926218.16424,32.823282,34.993343,20.485875
1684926218.16431,32.823282,34.993343,20.519452
1684926218.16442,32.823281,34.993344,20.519406
1684926218.16448,32.823281,34.993344,20.519328
1684926218.16461,32.823281,34.993345,20.519213
1684926218.17224,32.82328,34.993346,20.519059
1684926218.17258,32.82328,34.993346,20.518858
1684926218.24058,32.82328,34.993347,20.518641
1684926218.24068,32.823279,34.993347,20.518427
1684926218.24076,32.823279,34.993348,20.518202
1684926218.24082,32.823279,34.993348,20.51793
1684926218.24088,32.823279,34.993349,20.517585
1684926218.24096,32.823278,34.993349,20.517188
1684926218.24102,32.823278,34.99335,20.516751
1684926218.24717,32.823278,34.993351,20.516312
1684926218.31302,32.823277,34.993351,20.515876
1684926218.31315,32.823277,34.993352,20.515449
1684926218.31321,32.823277,34.993352,20.515008
1684926218.3133,32.823276,34.993353,20.514552
1684926218.32274,32.823276,34.993353,20.514088
1684926218.32283,32.823276,34.993354,20.513611
1684926218.32294,32.823275,34.993354,20.513138
1684926218.38578,32.823275,34.993355,20.512663
1684926218.38596,32.823275,34.993355,20.512171
1684926218.38604,32.823274,34.993356,20.511682
1684926218.38611,32.823274,34.993357,20.511163
1684926218.39716,32.823274,34.993357,20.510604
1684926218.39732,32.823273,34.993358,20.510026
1684926218.39738,32.823273,34.993358,20.509455
1684926218.39752,32.823273,34.993359,20.508896
1684926218.46347,32.823272,34.993359,20.508327
1684926218.46362,32.823272,34.99336,20.507735
1684926218.46367,32.823272,34.99336,20.507121
1684926218.46379,32.823271,34.993361,20.506515
1684926218.46385,32.823271,34.993361,20.505917
1684926218.47324,32.823271,34.993362,20.505303
1684926218.47406,32.823271,34.993363,20.504695
1684926218.47419,32.82327,34.993363,20.50408
1684926218.54654,32.82327,34.993364,20.503433
1684926218.54665,32.82327,34.993364,20.502751
1684926218.54672,32.823269,34.993365,20.502043
1684926218.54678,32.823269,34.993365,20.501306
1684926218.55682,32.823269,34.993366,20.500548
1684926218.55692,32.823268,34.993366,20.499782
1684926218.5672,32.823268,34.993367,20.499037
1684926218.56728,32.823268,34.993367,20.498296
1684926218.60813,32.823267,34.993368,20.497569
1684926218.60823,32.823267,34.993369,20.496836
1684926218.60834,32.823267,34.993369,20.496113
1684926218.6084,32.823266,34.99337,20.495416
1684926218.61529,32.823266,34.99337,20.494747
1684926218.61535,32.823266,34.993371,20.494086
1684926218.61547,32.823265,34.993371,20.493425
1684926218.69082,32.823265,34.993372,20.492774
1684926218.69143,32.823265,34.993372,20.492139
1684926218.69153,32.823264,34.993373,20.491536
1684926218.69163,32.823264,34.993373,20.490957
1684926218.70104,32.823264,34.993374,20.490379
1684926218.70116,32.823264,34.993375,20.489796
1684926218.70123,32.823263,34.993375,20.489219
1684926218.70132,32.823263,34.993376,20.488656
1684926218.77,32.823263,34.993376,20.488098
1684926218.77009,32.823262,34.993377,20.487556
1684926218.77022,32.823262,34.993377,20.487057
1684926218.78132,32.823262,34.993378,20.486608
1684926218.78148,32.823261,34.993378,20.486198
1684926218.78155,32.823261,34.993379,20.485819
1684926218.78161,32.823261,34.993379,20.485448
1684926218.78806,32.82326,34.99338,20.48511
1684926218.85846,32.82326,34.993381,20.484815
1684926218.85861,32.82326,34.993381,20.484524
1684926218.85869,32.823259,34.993382,20.484215
1684926218.85876,32.823259,34.993382,20.483888
1684926218.85888,32.823259,34.993383,20.483546
1684926218.85901,32.823259,34.993383,20.483191
1684926218.86489,32.823258,34.993384,20.482831
1684926218.93659,32.823258,34.993384,20.482441
1684926218.93671,32.823258,34.993385,20.482026
1684926218.93682,32.823257,34.993385,20.481598
1684926218.9369,32.823257,34.993386,20.481171
1684926218.9468,32.823257,34.993386,20.480725
1684926218.94695,32.823256,34.993387,20.480264
1684926218.94707,32.823256,34.993388,20.479774
1684926218.94715,32.823256,34.993388,20.479275
1684926219.01862,32.823255,34.993389,20.478786
1684926219.01871,32.823255,34.993389,20.47828
1684926219.01883,32.823255,34.99339,20.477786
1684926219.01889,32.823254,34.99339,20.477288
1684926219.01896,32.823254,34.993391,20.476769
1684926219.01903,32.823254,34.993391,20.476242
1684926219.02653,32.823254,34.993392,20.475724
1684926219.02664,32.823253,34.993392,20.475206
1684926219.08054,32.823253,34.993393,20.474651
1684926219.08067,32.823253,34.993393,20.474064
1684926219.08075,32.823252,34.993394,20.473477
1684926219.08086,32.823252,34.993395,20.472948
1684926219.08097,32.823252,34.993395,20.472483
1684926219.08759,32.823251,34.993396,20.472009
1684926219.08766,32.823251,34.993396,20.471472
1684926219.15508,32.823251,34.993397,20.470841
1684926219.15521,32.82325,34.993397,20.470137
1684926219.15527,32.82325,34.993397,20.489889
1684926219.15539,32.82325,34.993398,20.489266
1684926219.16526,32.82325,34.993399,20.488648
1684926219.16537,32.823249,34.993399,20.487989
1684926219.16549,32.823249,34.9934,20.487265
1684926219.16555,32.823249,34.9934,20.486477
1684926219.23929,32.823248,34.993401,20.485626
1684926219.23939,32.823248,34.993401,20.484685
1684926219.23946,32.823248,34.993402,20.483632
1684926219.23953,32.823247,34.993402,20.48249
1684926219.25007,32.823247,34.993403,20.481311
1684926219.25017,32.823247,34.993403,20.480177
1684926219.25023,32.823247,34.993404,20.47911
1684926219.25031,32.823246,34.993404,20.478058
1684926219.31143,32.823246,34.993405,20.476978
1684926219.31155,32.823246,34.993406,20.475903
1684926219.31166,32.823245,34.993406,20.474915
1684926219.31178,32.823245,34.993407,20.474034
1684926219.31184,32.823245,34.993407,20.473243
1684926219.31197,32.823244,34.993408,20.472483
1684926219.3184,32.823244,34.993408,20.471725
1684926219.39958,32.823244,34.993409,20.470981
1684926219.39966,32.823244,34.993409,20.470284
1684926219.39977,32.823243,34.99341,20.469622
1684926219.3999,32.823243,34.99341,20.468998
1684926219.39997,32.823243,34.993411,20.46838
1684926219.40003,32.823242,34.993411,20.467754
1684926219.4001,32.823242,34.993412,20.467126
1684926219.40631,32.823242,34.993412,20.466514
1684926219.45341,32.823241,34.993413,20.465928
1684926219.45362,32.823241,34.993414,20.46531
1684926219.4537,32.823241,34.993414,20.464608
1684926219.45376,32.823241,34.993415,20.463835
1684926219.46345,32.82324,34.993415,20.463061
1684926219.46356,32.82324,34.993416,20.462346
1684926219.46363,32.82324,34.993416,20.461698
1684926219.46376,32.823239,34.993417,20.461023
1684926219.5444,32.823239,34.993417,20.460189
1684926219.54455,32.823239,34.993418,20.459132
1684926219.54463,32.823238,34.993418,20.457902
1684926219.54471,32.823238,34.993419,20.456579
1684926219.55337,32.823238,34.993419,20.455246
1684926219.55742,32.823238,34.99342,20.453812
1684926219.55751,32.823237,34.99342,20.452281
1684926219.55758,32.823237,34.993421,20.450789
1684926219.61581,32.823237,34.993422,20.449447
1684926219.61589,32.823236,34.993422,20.448343
1684926219.616,32.823236,34.993423,20.447476
1684926219.61611,32.823236,34.993423,20.446789
1684926219.61622,32.823235,34.993424,20.446217
1684926219.61634,32.823235,34.993424,20.445695
1684926219.62185,32.823235,34.993425,20.445267
1684926219.69895,32.823235,34.993425,20.445062
1684926219.69906,32.823234,34.993426,20.44512
1684926219.69913,32.823234,34.993426,20.445359
1684926219.6992,32.823234,34.993427,20.445699
1684926219.70951,32.823233,34.993427,20.44607
1684926219.70962,32.823233,34.993428,20.446461
1684926219.70967,32.823233,34.993428,20.446913
1684926219.70979,32.823232,34.993429,20.447505
1684926219.77768,32.823232,34.993429,20.44818
1684926219.77778,32.823232,34.99343,20.448866
1684926219.77789,32.823232,34.993431,20.449562
1684926219.77802,32.823231,34.993431,20.450276
1684926219.78633,32.823231,34.993432,20.450955
1684926219.78645,32.823231,34.993432,20.451605
1684926219.78657,32.82323,34.993433,20.452226
1684926219.78664,32.82323,34.993433,20.45287
1684926219.84874,32.82323,34.993434,20.453547
1684926219.84886,32.823229,34.993434,20.454238
1684926219.84891,32.823229,34.993435,20.454882
1684926219.84903,32.823229,34.993435,20.455471
1684926219.8491,32.823229,34.993436,20.456024
1684926219.84922,32.823228,34.993436,20.4565
1684926219.85579,32.823228,34.993437,20.456879
1684926219.92783,32.823228,34.993437,20.457177
1684926219.92796,32.823227,34.993438,20.457422
1684926219.92801,32.823227,34.993438,20.457615
1684926219.92813,32.823227,34.993439,20.457779
1684926219.94669,32.823227,34.99344,20.457923
1684926219.94685,32.823226,34.99344,20.458017
1684926219.94694,32.823226,34.993441,20.458055
1684926219.947,32.823226,34.993441,20.458013
1684926220.00439,32.823225,34.993442,20.457909
1684926220.00449,32.823225,34.993442,20.457784
1684926220.00465,32.823225,34.993443,20.457649
1684926220.00471,32.823224,34.993443,20.457499
1684926220.00502,32.823224,34.993444,20.457366
1684926220.01405,32.823224,34.993444,20.457263
1684926220.01412,32.823224,34.993445,20.45718
1684926220.01423,32.823223,34.993445,20.457105
1684926220.08108,32.823223,34.993446,20.457028
1684926220.08123,32.823223,34.993446,20.456944
1684926220.08132,32.823222,34.993447,20.456855
1684926220.08933,32.823222,34.993447,20.456739
1684926220.09016,32.823222,34.993448,20.456587
1684926220.09067,32.823222,34.993448,20.456404
1684926220.09072,32.823221,34.993449,20.456212
1684926220.16468,32.823221,34.99345,20.456028
1684926220.16478,32.823221,34.99345,20.455868
1684926220.16491,32.823221,34.99345,20.385426
1684926220.16497,32.82322,34.993451,20.385215
1684926220.16509,32.82322,34.993451,20.385001
1684926220.17994,32.82322,34.993452,20.3848
1684926220.18003,32.823219,34.993452,20.384613
1684926220.18015,32.823219,34.993453,20.384431
1684926220.2409,32.823219,34.993453,20.384245
1684926220.24107,32.823219,34.993454,20.384041
1684926220.24114,32.823218,34.993454,20.38379
1684926220.24126,32.823218,34.993455,20.383497
1684926220.24132,32.823218,34.993455,20.383151
1684926220.24973,32.823217,34.993456,20.382775
1684926220.24982,32.823217,34.993456,20.382418
1684926220.24993,32.823217,34.993457,20.382091
1684926220.30453,32.823217,34.993457,20.381777
1684926220.30467,32.823216,34.993458,20.381486
1684926220.30477,32.823216,34.993458,20.381194
1684926220.30485,32.823216,34.993459,20.380895
1684926220.30495,32.823215,34.993459,20.380602
1684926220.30504,32.823215,34.99346,20.380278
1684926220.31262,32.823215,34.99346,20.379946
1684926220.38431,32.823215,34.993461,20.379648
1684926220.38441,32.823214,34.993461,20.379363
1684926220.38449,32.823214,34.993462,20.379056
1684926220.39666,32.823214,34.993462,20.378699
1684926220.3968,32.823213,34.993463,20.378322
1684926220.39685,32.823213,34.993464,20.377963
1684926220.39692,32.823213,34.993464,20.377662
1684926220.40259,32.823212,34.993465,20.377394
1684926220.46906,32.823212,34.993465,20.377133
1684926220.46924,32.823212,34.993466,20.376848
1684926220.46931,32.823212,34.993466,20.376492
1684926220.46943,32.823211,34.993467,20.376078
1684926220.46956,32.823211,34.993467,20.375628
1684926220.46968,32.823211,34.993468,20.375173
1684926220.46984,32.82321,34.993468,20.374707
1684926220.47575,32.82321,34.993469,20.374254
1684926220.54525,32.82321,34.993469,20.373794
1684926220.54536,32.82321,34.99347,20.373314
1684926220.54541,32.823209,34.99347,20.372858
1684926220.55561,32.823209,34.993471,20.372453
1684926220.55568,32.823209,34.993471,20.372105
1684926220.5558,32.823208,34.993472,20.371807
1684926220.55591,32.823208,34.993472,20.37155
1684926220.55602,32.823208,34.993473,20.371345
1684926220.61842,32.823207,34.993473,20.371166
1684926220.61946,32.823207,34.993474,20.370976
1684926220.61956,32.823207,34.993474,20.370778
1684926220.61962,32.823207,34.993475,20.37062
1684926220.61973,32.823206,34.993475,20.370504
1684926220.62024,32.823206,34.993476,20.370446
1684926220.62033,32.823206,34.993476,20.37039
1684926220.68992,32.823205,34.993477,20.370343
1684926220.69,32.823205,34.993477,20.370321
1684926220.69011,32.823205,34.993478,20.370338
1684926220.69022,32.823205,34.993478,20.370387
1684926220.69033,32.823204,34.993479,20.370453
1684926220.69045,32.823204,34.993479,20.370536
1684926220.69056,32.823204,34.99348,20.370621
1684926220.69788,32.823203,34.99348,20.370685
1684926220.77212,32.823203,34.993481,20.370701
1684926220.77223,32.823203,34.993481,20.370699
1684926220.7723,32.823203,34.993482,20.370727
1684926220.77236,32.823202,34.993482,20.370795
1684926220.78121,32.823202,34.993483,20.370861
1684926220.78133,32.823202,34.993484,20.370901
1684926220.78142,32.823201,34.993484,20.370914
1684926220.78151,32.823201,34.993485,20.370883
1684926220.84773,32.823201,34.993485,20.370798
1684926220.84784,32.8232,34.993486,20.370639
1684926220.84788,32.8232,34.993486,20.370423
1684926220.848,32.8232,34.993487,20.370201
1684926220.84811,32.8232,34.993487,20.369966
1684926220.84823,32.823199,34.993488,20.369705
1684926220.85468,32.823199,34.993488,20.369416
1684926220.93844,32.823199,34.993489,20.369131
1684926220.93863,32.823198,34.993489,20.36885
1684926220.93874,32.823198,34.99349,20.368561
1684926220.9388,32.823198,34.99349,20.368229
1684926220.93892,32.823198,34.993491,20.367868
1684926220.94832,32.823197,34.993491,20.367479
1684926220.94849,32.823197,34.993492,20.367052
1684926220.94855,32.823197,34.993492,20.366594
1684926221.0079,32.823196,34.993493,20.366121
1684926221.00804,32.823196,34.993493,20.365629
1684926221.00813,32.823196,34.993494,20.365154
1684926221.00821,32.823195,34.993494,20.364715
1684926221.00828,32.823195,34.993495,20.3643
1684926221.01634,32.823195,34.993495,20.363911
1684926221.01643,32.823195,34.993496,20.363549
1684926221.01654,32.823194,34.993496,20.363212
1684926221.07541,32.823194,34.993497,20.362886
1684926221.07553,32.823194,34.993497,20.362558
1684926221.0756,32.823193,34.993498,20.362232
1684926221.07566,32.823193,34.993498,20.361924
1684926221.08462,32.823193,34.993499,20.361619
1684926221.08471,32.823193,34.993499,20.361307
1684926221.08504,32.823192,34.9935,20.361018
1684926221.15534,32.823192,34.9935,20.360756
1684926221.15548,32.823192,34.993501,20.3605
1684926221.15556,32.823192,34.993501,20.29877
1684926221.15563,32.823191,34.993502,20.298457
1684926221.16636,32.823191,34.993502,20.298169
1684926221.16651,32.823191,34.993503,20.297872
1684926221.16658,32.82319,34.993503,20.297533
1684926221.16675,32.82319,34.993504,20.29716
1684926221.23847,32.82319,34.993504,20.296794
1684926221.23857,32.82319,34.993505,20.296434
1684926221.23863,32.823189,34.993505,20.29608
1684926221.23879,32.823189,34.993506,20.295744
1684926221.25348,32.823189,34.993506,20.295387
1684926221.25357,32.823188,34.993507,20.29501
1684926221.25368,32.823188,34.993507,20.294631
1684926221.25382,32.823188,34.993508,20.294244
1684926221.31514,32.823188,34.993508,20.293868
1684926221.31525,32.823187,34.993509,20.293501
1684926221.31532,32.823187,34.993509,20.293127
1684926221.31538,32.823187,34.99351,20.292742
1684926221.32458,32.823186,34.99351,20.292382
1684926221.32465,32.823186,34.993511,20.292024
1684926221.3248,32.823186,34.993511,20.291674
1684926221.39211,32.823186,34.993512,20.291319
1684926221.39222,32.823185,34.993512,20.290965
1684926221.39229,32.823185,34.993513,20.290636
1684926221.40345,32.823185,34.993513,20.29034
1684926221.40362,32.823184,34.993514,20.290062
1684926221.40372,32.823184,34.993514,20.289797
1684926221.4038,32.823184,34.993515,20.289561
1684926221.41408,32.823183,34.993515,20.289349
1684926221.45462,32.823183,34.993516,20.28915
1684926221.45474,32.823183,34.993516,20.288963
1684926221.45481,32.823183,34.993517,20.288765
1684926221.45488,32.823182,34.993517,20.288549
1684926221.45494,32.823182,34.993518,20.28833
1684926221.45501,32.823182,34.993518,20.288123
1684926221.46264,32.823181,34.993519,20.287928
1684926221.46278,32.823181,34.993519,20.287744
1684926221.5452,32.823181,34.99352,20.287561
1684926221.54532,32.823181,34.99352,20.287374
1684926221.54543,32.82318,34.993521,20.287192
1684926221.5455,32.82318,34.993521,20.287004
1684926221.55581,32.82318,34.993522,20.286774
1684926221.55591,32.823179,34.993522,20.286489
1684926221.55598,32.823179,34.993523,20.28616
1684926221.56247,32.823179,34.993523,20.285819
1684926221.61391,32.823179,34.993524,20.285482
1684926221.61403,32.823178,34.993524,20.285141
1684926221.61411,32.823178,34.993525,20.284803
1684926221.61418,32.823178,34.993525,20.284456
1684926221.61446,32.823177,34.993526,20.284096
1684926221.6222,32.823177,34.993526,20.283737
1684926221.6223,32.823177,34.993527,20.28338
1684926221.69799,32.823177,34.993527,20.283016
1684926221.69812,32.823176,34.993528,20.282639
1684926221.69819,32.823176,34.993528,20.282246
1684926221.7089,32.823176,34.993529,20.281839
1684926221.70933,32.823175,34.993529,20.281451
1684926221.70946,32.823175,34.99353,20.281085
1684926221.70952,32.823175,34.99353,20.280716
1684926221.70968,32.823174,34.993531,20.280373
1684926221.77747,32.823174,34.993531,20.280027
1684926221.77759,32.823174,34.993532,20.279696
1684926221.7777,32.823174,34.993532,20.27941
1684926221.7888,32.823173,34.993533,20.279112
1684926221.7889,32.823173,34.993533,20.278776
1684926221.78897,32.823173,34.993534,20.278417
1684926221.78903,32.823172,34.993534,20.278045
1684926221.79852,32.823172,34.993535,20.277652
1684926221.8394,32.823172,34.993535,20.277255
1684926221.8395,32.823172,34.993535,20.276833
1684926221.83961,32.823171,34.993536,20.276407
1684926221.83973,32.823171,34.993536,20.275991
1684926221.84711,32.823171,34.993537,20.275576
1684926221.84772,32.82317,34.993537,20.275166
1684926221.84781,32.82317,34.993538,20.274765
1684926221.91342,32.82317,34.993538,20.274356
1684926221.91351,32.82317,34.993539,20.273901
1684926221.91362,32.823169,34.993539,20.273427
1684926221.91373,32.823169,34.99354,20.272928
1684926221.92375,32.823169,34.99354,20.272407
1684926221.92387,32.823168,34.993541,20.271891
1684926221.92396,32.823168,34.993541,20.271385
1684926221.92405,32.823168,34.993542,20.270899
1684926222.00272,32.823167,34.993542,20.270422
1684926222.00283,32.823167,34.993543,20.269952
1684926222.00294,32.823167,34.993543,20.269476
1684926222.00306,32.823167,34.993544,20.268987
1684926222.01275,32.823166,34.993544,20.268494
1684926222.01285,32.823166,34.993545,20.267998
1684926222.01291,32.823166,34.993545,20.267535
1684926222.01298,32.823165,34.993546,20.267114
1684926222.07854,32.823165,34.993546,20.266742
1684926222.07871,32.823165,34.993547,20.266405
1684926222.07879,32.823165,34.993547,20.266088
1684926222.0885,32.823164,34.993548,20.265805
1684926222.08859,32.823164,34.993548,20.265544
1684926222.08864,32.823164,34.993549,20.265284
1684926222.0887,32.823163,34.993549,20.26504
1684926222.16421,32.823163,34.99355,20.26482
1684926222.16539,32.823163,34.99355,20.264606
1684926222.16546,32.823163,34.993549,20.272568
1684926222.16558,32.823163,34.993549,20.272358
1684926222.16566,32.823163,34.99355,20.272148
1684926222.16577,32.823162,34.99355,20.27195
1684926222.17209,32.823162,34.993551,20.271749
1684926222.1723,32.823162,34.993551,20.271536
1684926222.24098,32.823161,34.993552,20.271327
1684926222.24124,32.823161,34.993552,20.271123
1684926222.24134,32.823161,34.993553,20.270907
1684926222.24141,32.823161,34.993553,20.270667
1684926222.25044,32.82316,34.993554,20.270419
1684926222.25053,32.82316,34.993554,20.27019
1684926222.25064,32.82316,34.993555,20.269998
1684926222.25076,32.823159,34.993555,20.269836
1684926222.30573,32.823159,34.993556,20.269696
1684926222.30586,32.823159,34.993556,20.269572
1684926222.31693,32.823158,34.993557,20.269443
1684926222.31773,32.823158,34.993557,20.269316
1684926222.31783,32.823158,34.993558,20.269203
1684926222.32837,32.823158,34.993558,20.269087
1684926222.32844,32.823157,34.993559,20.268974
1684926222.38706,32.823157,34.993559,20.268839
1684926222.38714,32.823157,34.99356,20.268706
1684926222.38729,32.823156,34.99356,20.268595
1684926222.39722,32.823156,34.993561,20.268533
1684926222.39734,32.823156,34.993561,20.268475
1684926222.39741,32.823155,34.993562,20.268405
1684926222.39747,32.823155,34.993562,20.268323
1684926222.39754,32.823155,34.993563,20.268233
1684926222.46696,32.823155,34.993563,20.26813
1684926222.46707,32.823154,34.993564,20.268014
1684926222.46713,32.823154,34.993564,20.26789
1684926222.46719,32.823154,34.993565,20.267756
1684926222.46734,32.823153,34.993565,20.267645
1684926222.47563,32.823153,34.993566,20.267536
1684926222.47572,32.823153,34.993566,20.267429
1684926222.47583,32.823152,34.993567,20.267297
1684926222.54404,32.823152,34.993567,20.26714
1684926222.54414,32.823152,34.993568,20.266955
1684926222.54425,32.823152,34.993568,20.266748
1684926222.54435,32.823151,34.993569,20.266529
1684926222.54442,32.823151,34.993569,20.266287
1684926222.55222,32.823151,34.99357,20.266019
1684926222.55233,32.82315,34.99357,20.265712
1684926222.5524,32.82315,34.993571,20.265371
1684926222.61161,32.82315,34.993571,20.265013
1684926222.61178,32.823149,34.993572,20.264634
1684926222.61185,32.823149,34.993572,20.264268
1684926222.61191,32.823149,34.993573,20.263901
1684926222.61198,32.823149,34.993573,20.263519
1684926222.61204,32.823148,34.993574,20.263132
1684926222.6176,32.823148,34.993574,20.262729
1684926222.69005,32.823148,34.993575,20.262298
1684926222.69016,32.823147,34.993575,20.261864
1684926222.69023,32.823147,34.993576,20.261428
1684926222.69037,32.823147,34.993576,20.261006
1684926222.69043,32.823146,34.993577,20.260595
1684926222.69056,32.823146,34.993577,20.260166
1684926222.69061,32.823146,34.993578,20.259713
1684926222.69623,32.823145,34.993578,20.259272
1684926222.78586,32.823145,34.993579,20.258855
1684926222.78596,32.823145,34.993579,20.258446
1684926222.78603,32.823145,34.99358,20.258029
1684926222.78615,32.823144,34.99358,20.257614
1684926222.79397,32.823144,34.993581,20.257227
1684926222.79407,32.823144,34.993581,20.256894
1684926222.79418,32.823143,34.993582,20.256591
1684926222.7943,32.823143,34.993582,20.256318
1684926222.84829,32.823143,34.993582,20.256061
1684926222.8485,32.823142,34.993583,20.255819
1684926222.8486,32.823142,34.993583,20.255598
1684926222.8581,32.823142,34.993584,20.2554
1684926222.85821,32.823142,34.993584,20.255226
1684926222.85827,32.823141,34.993585,20.255062
1684926222.8584,32.823141,34.993585,20.254884
1684926222.93144,32.823141,34.993586,20.254728
1684926222.93165,32.82314,34.993586,20.254601
1684926222.93179,32.82314,34.993587,20.254504
1684926222.9319,32.82314,34.993587,20.25441
1684926222.93198,32.823139,34.993588,20.254306
1684926222.93206,32.823139,34.993588,20.254181
1684926222.93925,32.823139,34.993589,20.254024
1684926222.93936,32.823139,34.993589,20.253855
1684926223.01683,32.823138,34.99359,20.253675
1684926223.01695,32.823138,34.99359,20.253507
1684926223.01702,32.823138,34.993591,20.25337
1684926223.01709,32.823137,34.993591,20.253253
1684926223.02548,32.823137,34.993592,20.253136
1684926223.02562,32.823137,34.993592,20.25301
1684926223.0257,32.823136,34.993593,20.252876
1684926223.02577,32.823136,34.993593,20.252739
1684926223.08378,32.823136,34.993594,20.252611
1684926223.08455,32.823136,34.993594,20.25249
1684926223.08463,32.823135,34.993595,20.25234
1684926223.08469,32.823135,34.993595,20.252148
1684926223.08481,32.823135,34.993596,20.251929
1684926223.08493,32.823134,34.993596,20.251681
1684926223.08501,32.823134,34.993597,20.251403
1684926223.15601,32.823134,34.993597,20.251095
1684926223.15609,32.823133,34.993598,20.250766
1684926223.1562,32.823133,34.993598,20.331431
1684926223.15632,32.823132,34.993598,20.331221
1684926223.15643,32.823132,34.993599,20.331014
1684926223.15654,32.823132,34.993599,20.330814
1684926223.15666,32.823131,34.9936,20.330589
1684926223.1622,32.823131,34.9936,20.330322
1684926223.2373,32.823131,34.993601,20.330036
1684926223.23743,32.823131,34.993601,20.329742
1684926223.23751,32.82313,34.993602,20.329458
1684926223.2376,32.82313,34.993602,20.329157
1684926223.23768,32.82313,34.993603,20.32885
1684926223.24575,32.823129,34.993603,20.328527
1684926223.2459,32.823129,34.993604,20.32819
1684926223.24598,32.823129,34.993604,20.327829
1684926223.31282,32.823129,34.993605,20.327456
1684926223.31291,32.823128,34.993605,20.327092
1684926223.31303,32.823128,34.993606,20.326741
1684926223.31314,32.823128,34.993606,20.32638
1684926223.31326,32.823127,34.993607,20.325985
1684926223.31337,32.823127,34.993607,20.325562
1684926223.31349,32.823127,34.993608,20.325144
1684926223.39629,32.823126,34.993608,20.324761
1684926223.39642,32.823126,34.993609,20.324375
1684926223.39648,32.823126,34.993609,20.323994
1684926223.39659,32.823126,34.99361,20.323619
1684926223.3967,32.823125,34.99361,20.323245
1684926223.39681,32.823125,34.993611,20.322867
1684926223.39692,32.823125,34.993611,20.322474
1684926223.39705,32.823124,34.993612,20.322086
1684926223.45649,32.823124,34.993612,20.32172
1684926223.4566,32.823124,34.993613,20.321351
1684926223.45674,32.823124,34.993613,20.32097
1684926223.4568,32.823123,34.993614,20.320597
1684926223.45691,32.823123,34.993614,20.320238
1684926223.46669,32.823123,34.993614,20.319878
1684926223.4668,32.823122,34.993615,20.319541
1684926223.46686,32.823122,34.993615,20.319239
1684926223.53458,32.823122,34.993616,20.318948
1684926223.53467,32.823121,34.993616,20.318671
1684926223.53479,32.823121,34.993617,20.318376
1684926223.54586,32.823121,34.993617,20.31809
1684926223.54599,32.823121,34.993618,20.317846
1684926223.54607,32.82312,34.993618,20.317659
1684926223.54616,32.82312,34.993619,20.317489
1684926223.55134,32.82312,34.993619,20.317324
1684926223.6192,32.823119,34.99362,20.317168
1684926223.61932,32.823119,34.99362,20.317036
1684926223.63205,32.823119,34.993621,20.316933
1684926223.63229,32.823119,34.993621,20.31684
1684926223.63237,32.823118,34.993622,20.316731
1684926223.63254,32.823118,34.993622,20.316596
1684926223.6326,32.823118,34.993623,20.316475
1684926223.70248,32.823117,34.993623,20.316376
1684926223.70257,32.823117,34.993624,20.316304
1684926223.70268,32.823117,34.993624,20.316231
1684926223.70281,32.823117,34.993625,20.31615
1684926223.71152,32.823116,34.993625,20.316065
1684926223.71164,32.823116,34.993626,20.315999
1684926223.71172,32.823116,34.993626,20.315954
1684926223.71179,32.823115,34.993627,20.315921
1684926223.78112,32.823115,34.993627,20.31587
1684926223.78123,32.823115,34.993628,20.315787
1684926223.7813,32.823115,34.993628,20.315694
1684926223.78136,32.823114,34.993629,20.315606
1684926223.78143,32.823114,34.993629,20.31555
1684926223.78149,32.823114,34.99363,20.315516
1684926223.79491,32.823113,34.99363,20.315445
1684926223.79507,32.823113,34.993631,20.31534
1684926223.84412,32.823113,34.993631,20.31521
1684926223.84424,32.823113,34.993632,20.315084
1684926223.84432,32.823112,34.993632,20.314951
1684926223.85239,32.823112,34.993633,20.314823
1684926223.8525,32.823112,34.993633,20.314704
1684926223.85257,32.823112,34.993633,20.314585
1684926223.85263,32.823111,34.993634,20.314468
1684926223.92795,32.823111,34.993634,20.314341
1684926223.92803,32.823111,34.993635,20.314197
1684926223.92818,32.82311,34.993635,20.314063
1684926223.92829,32.82311,34.993636,20.313946
1684926223.9382,32.82311,34.993636,20.313864
1684926223.9383,32.82311,34.993637,20.313789
1684926223.93841,32.823109,34.993637,20.3137
1684926223.93852,32.823109,34.993638,20.313589
1684926223.99912,32.823109,34.993638,20.313451
1684926223.99925,32.823108,34.993639,20.313287
1684926223.99931,32.823108,34.993639,20.313118
1684926224.01036,32.823108,34.99364,20.312962
1684926224.01046,32.823108,34.99364,20.312812
1684926224.01051,32.823107,34.993641,20.312635
1684926224.01063,32.823107,34.993641,20.31241
1684926224.01075,32.823107,34.993642,20.312129
1684926224.08976,32.823106,34.993642,20.311813
1684926224.08988,32.823106,34.993643,20.311505
1684926224.08999,32.823106,34.993643,20.311222
1684926224.09863,32.823106,34.993644,20.310959
1684926224.09872,32.823105,34.993644,20.310702
1684926224.09878,32.823105,34.993645,20.310413
1684926224.0989,32.823105,34.993645,20.310113
1684926224.1658,32.823105,34.993646,20.309827
1684926224.16592,32.823104,34.993646,20.309536
1684926224.16599,32.823104,34.993646,20.35124
1684926224.16605,32.823104,34.993646,20.35099
1684926224.1818,32.823103,34.993647,20.350728
1684926224.18195,32.823103,34.993647,20.350477
1684926224.18202,32.823103,34.993647,20.350248
1684926224.19478,32.823103,34.993648,20.350027
1684926224.24232,32.823102,34.993648,20.349825
1684926224.24245,32.823102,34.993649,20.349626
1684926224.24252,32.823102,34.993649,20.349443
1684926224.24259,32.823101,34.99365,20.34928
1684926224.25189,32.823101,34.99365,20.349135
1684926224.252,32.823101,34.993651,20.349002
1684926224.25207,32.823101,34.993651,20.348852
1684926224.25213,32.8231,34.993652,20.348693
1684926224.30592,32.8231,34.993652,20.348525
1684926224.30605,32.8231,34.993653,20.348346
1684926224.30612,32.8231,34.993653,20.348188
1684926224.31717,32.823099,34.993654,20.348072
1684926224.31733,32.823099,34.993654,20.347987
1684926224.3174,32.823099,34.993655,20.347904
1684926224.31747,32.823099,34.993655,20.347812
1684926224.38444,32.823098,34.993656,20.347704
1684926224.38454,32.823098,34.993656,20.347577
1684926224.38465,32.823098,34.993657,20.347437
1684926224.38476,32.823097,34.993657,20.347286
1684926224.39274,32.823097,34.993657,20.347142
1684926224.39282,32.823097,34.993658,20.34701
1684926224.39293,32.823097,34.993658,20.346888
1684926224.39304,32.823096,34.993659,20.346773
1684926224.47308,32.823096,34.993659,20.346677
1684926224.4732,32.823096,34.99366,20.346625
1684926224.47335,32.823096,34.99366,20.346609
1684926224.47342,32.823095,34.993661,20.346614
1684926224.47351,32.823095,34.993661,20.346589
1684926224.47358,32.823095,34.993662,20.34653
1684926224.4814,32.823095,34.993662,20.346446
1684926224.48151,32.823094,34.993663,20.346362
1684926224.54872,32.823094,34.993663,20.346284
1684926224.54884,32.823094,34.993664,20.346198
1684926224.5489,32.823093,34.993664,20.346121
1684926224.54902,32.823093,34.993665,20.346065
1684926224.5591,32.823093,34.993665,20.346015
1684926224.55918,32.823093,34.993665,20.34595
1684926224.55929,32.823092,34.993666,20.345854
1684926224.55941,32.823092,34.993666,20.345743
1684926224.61752,32.823092,34.993667,20.345644
1684926224.61763,32.823092,34.993667,20.345546
1684926224.61771,32.823091,34.993668,20.345442
1684926224.62839,32.823091,34.993668,20.345329
1684926224.62849,32.823091,34.993669,20.345214
1684926224.62863,32.823091,34.993669,20.345097
1684926224.62871,32.82309,34.99367,20.345002
1684926224.68938,32.82309,34.99367,20.344913
1684926224.68947,32.82309,34.99367,20.344824
1684926224.68959,32.82309,34.993671,20.344727
1684926224.70065,32.823089,34.993671,20.344619
1684926224.7009,32.823089,34.993672,20.344503
1684926224.70097,32.823089,34.993672,20.344389
1684926224.7085,32.823089,34.993673,20.344272
1684926224.70861,32.823088,34.993673,20.344147
1684926224.7731,32.823088,34.993674,20.344026
1684926224.77737,32.823088,34.993674,20.343895
1684926224.77745,32.823088,34.993674,20.343729
1684926224.77756,32.823087,34.993675,20.343521
1684926224.77767,32.823087,34.993675,20.343294
1684926224.77778,32.823087,34.993676,20.343064
1684926224.77789,32.823087,34.993676,20.342844
1684926224.77801,32.823086,34.993677,20.342602
1684926224.85319,32.823086,34.993677,20.342332
1684926224.85331,32.823086,34.993678,20.342026
1684926224.85337,32.823086,34.993678,20.341706
1684926224.85344,32.823085,34.993678,20.341387
1684926224.86183,32.823085,34.993679,20.341059
1684926224.86192,32.823085,34.993679,20.340723
1684926224.86199,32.823085,34.99368,20.340364
1684926224.93087,32.823084,34.99368,20.339985
1684926224.93106,32.823084,34.993681,20.339604
1684926224.93116,32.823084,34.993681,20.339227
1684926224.93129,32.823084,34.993681,20.338851
1684926224.93137,32.823083,34.993682,20.338455
1684926224.94511,32.823083,34.993682,20.338061
1684926224.9494,32.823083,34.993683,20.33767
1684926224.94951,32.823083,34.993683,20.337281
1684926225.00866,32.823082,34.993684,20.336913
1684926225.00897,32.823082,34.993684,20.33655
1684926225.01848,32.823082,34.993684,20.336205
1684926225.01858,32.823082,34.993685,20.335881
1684926225.01868,32.823081,34.993685,20.335574
1684926225.01877,32.823081,34.993686,20.335279
1684926225.01884,32.823081,34.993686,20.334982
1684926225.01895,32.823081,34.993687,20.334681
1684926225.07345,32.82308,34.993687,20.334374
1684926225.07353,32.82308,34.993687,20.334072
1684926225.07365,32.82308,34.993688,20.333766
1684926225.07376,32.82308,34.993688,20.333458
1684926225.07382,32.823079,34.993689,20.333184
1684926225.07394,32.823079,34.993689,20.332907
1684926225.08141,32.823079,34.993689,20.332628
1684926225.15057,32.823079,34.99369,20.332364
1684926225.15072,32.823079,34.99369,20.332111
1684926225.15078,32.823078,34.993692,20.303106
1684926225.15089,32.823078,34.993692,20.302836
1684926225.16317,32.823077,34.993693,20.302558
1684926225.16351,32.823077,34.993693,20.302275
1684926225.16359,32.823077,34.993694,20.302003
1684926225.16931,32.823077,34.993694,20.301725
1684926225.23736,32.823076,34.993694,20.301442
1684926225.23749,32.823076,34.993695,20.301133
1684926225.23756,32.823076,34.993695,20.300787
1684926225.25015,32.823076,34.993696,20.300438
1684926225.25028,32.823075,34.993696,20.30009
1684926225.25034,32.823075,34.993696,20.299756
1684926225.2504,32.823075,34.993697,20.299422
1684926225.25053,32.823075,34.993697,20.299087
1684926225.31797,32.823074,34.993698,20.298769
1684926225.31806,32.823074,34.993698,20.298468
1684926225.31817,32.823074,34.993698,20.29819
1684926225.31829,32.823074,34.993699,20.297913
1684926225.32684,32.823074,34.993699,20.297629
1684926225.32695,32.823073,34.9937,20.297356
1684926225.32702,32.823073,34.9937,20.297074
1684926225.40103,32.823073,34.9937,20.296793
1684926225.40118,32.823073,34.993701,20.296518
1684926225.40124,32.823072,34.993701,20.29625
1684926225.40131,32.823072,34.993702,20.295996
1684926225.40143,32.823072,34.993702,20.295775
1684926225.41117,32.823072,34.993702,20.295585
1684926225.41127,32.823071,34.993703,20.295407
1684926225.41139,32.823071,34.993703,20.295226
1684926225.45477,32.823071,34.993704,20.295043
1684926225.45499,32.823071,34.993704,20.294838
1684926225.45505,32.82307,34.993704,20.294629
1684926225.45511,32.82307,34.993705,20.294397
1684926225.46294,32.82307,34.993705,20.294135
1684926225.46305,32.82307,34.993706,20.293837
1684926225.46316,32.82307,34.993706,20.29352
1684926225.46327,32.823069,34.993706,20.293178
1684926225.53896,32.823069,34.993707,20.292811
1684926225.53904,32.823069,34.993707,20.292428
1684926225.53916,32.823069,34.993707,20.292035
1684926225.53927,32.823068,34.993708,20.291621
1684926225.54758,32.823068,34.993708,20.291196
1684926225.54768,32.823068,34.993709,20.290756
1684926225.54773,32.823068,34.993709,20.290309
1684926225.54781,32.823067,34.993709,20.289876
1684926225.61729,32.823067,34.99371,20.289463
1684926225.61756,32.823067,34.99371,20.289053
1684926225.61774,32.823067,34.993711,20.288653
1684926225.61807,32.823067,34.993711,20.288281
1684926225.62869,32.823066,34.993711,20.287922
1684926225.62883,32.823066,34.993712,20.287598
1684926225.6289,32.823066,34.993712,20.287289
1684926225.69567,32.823066,34.993712,20.286966
1684926225.69582,32.823065,34.993713,20.286621
1684926225.69591,32.823065,34.993713,20.286262
1684926225.70696,32.823065,34.993714,20.285898
1684926225.70709,32.823065,34.993714,20.28554
1684926225.70715,32.823064,34.993714,20.28517
1684926225.70722,32.823064,34.993715,20.284782
1684926225.70729,32.823064,34.993715,20.28436
1684926225.78648,32.823064,34.993715,20.283951
1684926225.78661,32.823064,34.993716,20.283554
1684926225.78668,32.823063,34.993716,20.283153
1684926225.78675,32.823063,34.993716,20.282736
1684926225.78683,32.823063,34.993717,20.282282
1684926225.79409,32.823063,34.993717,20.281798
1684926225.7942,32.823062,34.993718,20.281295
1684926225.79427,32.823062,34.993718,20.280796
1684926225.84383,32.823062,34.993718,20.280305
1684926225.84394,32.823062,34.993719,20.279818
1684926225.84405,32.823062,34.993719,20.279325
1684926225.85734,32.823061,34.993719,20.278818
1684926225.85779,32.823061,34.99372,20.278324
1684926225.85787,32.823061,34.99372,20.277876
1684926225.85794,32.823061,34.99372,20.27747
1684926225.92771,32.82306,34.993721,20.277064
1684926225.92778,32.82306,34.993721,20.276642
1684926225.92789,32.82306,34.993722,20.27622
1684926225.92801,32.82306,34.993722,20.275821
1684926225.92807,32.82306,34.993722,20.275437
1684926225.92819,32.823059,34.993723,20.275075
1684926225.92833,32.823059,34.993723,20.274725
1684926225.92843,32.823059,34.993723,20.274392
1684926226.00503,32.823059,34.993724,20.274058
1684926226.00517,32.823058,34.993724,20.273711
1684926226.00525,32.823058,34.993724,20.273332
1684926226.00531,32.823058,34.993725,20.272951
1684926226.01551,32.823058,34.993725,20.272565
1684926226.01561,32.823058,34.993725,20.272154
1684926226.01567,32.823057,34.993726,20.271731
1684926226.01574,32.823057,34.993726,20.271309
1684926226.08455,32.823057,34.993726,20.270875
1684926226.08463,32.823057,34.993727,20.270435
1684926226.08474,32.823056,34.993727,20.27002
1684926226.09565,32.823056,34.993727,20.269613
1684926226.09578,32.823056,34.993728,20.269217
1684926226.09584,32.823056,34.993728,20.268811
1684926226.09591,32.823056,34.993728,20.268417
1684926226.16008,32.823055,34.993729,20.268045
1684926226.16021,32.823055,34.993729,20.267685
1684926226.16028,32.823054,34.99373,20.301816
1684926226.16034,32.823054,34.99373,20.301505
1684926226.16045,32.823054,34.993731,20.301196
1684926226.1685,32.823053,34.993731,20.300869
1684926226.16865,32.823053,34.993731,20.300516
1684926226.16871,32.823053,34.993732,20.300137
1684926226.24252,32.823053,34.993732,20.299769
1684926226.24265,32.823052,34.993732,20.299416
1684926226.24276,32.823052,34.993733,20.299105
1684926226.24283,32.823052,34.993733,20.298827
1684926226.25236,32.823052,34.993733,20.298563
1684926226.25245,32.823052,34.993734,20.298303
1684926226.25251,32.823051,34.993734,20.298076
1684926226.25257,32.823051,34.993734,20.297889
1684926226.30272,32.823051,34.993735,20.297696
1684926226.30281,32.823051,34.993735,20.297475
1684926226.30292,32.823051,34.993735,20.297215
1684926226.31266,32.82305,34.993736,20.296929
1684926226.31285,32.82305,34.993736,20.296611
1684926226.31296,32.82305,34.993736,20.296258
1684926226.31306,32.82305,34.993737,20.295875
1684926226.38578,32.823049,34.993737,20.295488
1684926226.38588,32.823049,34.993737,20.29513
1684926226.386,32.823049,34.993737,20.294777
1684926226.38611,32.823049,34.993738,20.294414
1684926226.39605,32.823049,34.993738,20.294043
1684926226.39623,32.823048,34.993738,20.293675
1684926226.3969,32.823048,34.993739,20.29331
1684926226.39698,32.823048,34.993739,20.292942
1684926226.4682,32.823048,34.993739,20.292549
1684926226.46832,32.823048,34.99374,20.292144
1684926226.46838,32.823047,34.99374,20.291733
1684926226.46845,32.823047,34.99374,20.291334
1684926226.46851,32.823047,34.993741,20.290951
1684926226.47643,32.823047,34.993741,20.290568
1684926226.47653,32.823047,34.993741,20.290193
1684926226.47659,32.823046,34.993742,20.289814
1684926226.5464,32.823046,34.993742,20.289423
1684926226.54648,32.823046,34.993742,20.289014
1684926226.54659,32.823046,34.993743,20.288603
1684926226.55505,32.823045,34.993743,20.288186
1684926226.55955,32.823045,34.993743,20.287754
1684926226.56152,32.823045,34.993743,20.287313
1684926226.56162,32.823045,34.993744,20.286888
1684926226.5617,32.823045,34.993744,20.286481
1684926226.60924,32.823044,34.993744,20.286086
1684926226.60942,32.823044,34.993745,20.285709
1684926226.60948,32.823044,34.993745,20.285358
1684926226.60954,32.823044,34.993745,20.285038
1684926226.60961,32.823044,34.993746,20.284725
1684926226.61809,32.823043,34.993746,20.284397
1684926226.6182,32.823043,34.993746,20.284067
1684926226.6982,32.823043,34.993747,20.283765
1684926226.69832,32.823043,34.993747,20.283486
1684926226.6984,32.823043,34.993747,20.283221
1684926226.70951,32.823042,34.993747,20.282945
1684926226.70964,32.823042,34.993748,20.282651
1684926226.70971,32.823042,34.993748,20.282327
1684926226.70978,32.823042,34.993748,20.28198
1684926226.72089,32.823042,34.993749,20.281597
1684926226.7697,32.823041,34.993749,20.281209
1684926226.7698,32.823041,34.993749,20.280798
1684926226.76991,32.823041,34.99375,20.280352
1684926226.77002,32.823041,34.99375,20.279878
1684926226.77013,32.823041,34.99375,20.279403
1684926226.77025,32.82304,34.99375,20.278946
1684926226.77738,32.82304,34.993751,20.278527
1684926226.77754,32.82304,34.993751,20.278122
1684926226.84775,32.82304,34.993751,20.27774
1684926226.84783,32.82304,34.993752,20.277399
1684926226.84798,32.823039,34.993752,20.277085
1684926226.84806,32.823039,34.993752,20.276794
1684926226.84813,32.823039,34.993753,20.276499
1684926226.84819,32.823039,34.993753,20.276189
1684926226.84825,32.823038,34.993753,20.275868
1684926226.92708,32.823038,34.993753,20.27556
1684926226.92722,32.823038,34.993754,20.275271
1684926226.92762,32.823038,34.993754,20.275004
1684926226.9277,32.823038,34.993754,20.274778
1684926226.92778,32.823037,34.993755,20.274595
1684926226.92785,32.823037,34.993755,20.274412
1684926226.93515,32.823037,34.993755,20.274221
1684926226.93525,32.823037,34.993755,20.274033
1684926227.00983,32.823037,34.993756,20.273847
1684926227.00992,32.823036,34.993756,20.273679
1684926227.01004,32.823036,34.993756,20.273518
1684926227.01011,32.823036,34.993757,20.273358
1684926227.01989,32.823036,34.993757,20.273202
1684926227.02001,32.823036,34.993757,20.273046
1684926227.02007,32.823035,34.993758,20.27285
1684926227.02014,32.823035,34.993758,20.272636
1684926227.08168,32.823035,34.993758,20.272447
1684926227.0818,32.823035,34.993758,20.272282
1684926227.08187,32.823035,34.993759,20.27214
1684926227.09321,32.823034,34.993759,20.271988
1684926227.09337,32.823034,34.993759,20.271851
1684926227.09355,32.823034,34.99376,20.271709
1684926227.09361,32.823034,34.99376,20.271555
1684926227.15235,32.823034,34.99376,20.271394
1684926227.1525,32.823033,34.99376,20.271257
1684926227.15259,32.823033,34.993759,20.307788
1684926227.15265,32.823033,34.993759,20.307683
1684926227.15272,32.823033,34.99376,20.307565
1684926227.16004,32.823033,34.99376,20.307438
1684926227.16016,32.823033,34.99376,20.3073
1684926227.16025,32.823032,34.993761,20.30717
1684926227.23997,32.823032,34.993761,20.307028
1684926227.2401,32.823032,34.993761,20.306889
1684926227.24017,32.823032,34.993761,20.306758
1684926227.24024,32.823032,34.993762,20.306618
1684926227.24729,32.823031,34.993762,20.306482
1684926227.24986,32.823031,34.993762,20.306354
1684926227.25,32.823031,34.993763,20.306219
1684926227.25009,32.823031,34.993763,20.306068
1684926227.31155,32.823031,34.993763,20.305879
1684926227.31168,32.823031,34.993763,20.305642
1684926227.31175,32.82303,34.993764,20.305373
1684926227.31181,32.82303,34.993764,20.305061
1684926227.31196,32.82303,34.993764,20.304725
1684926227.3121,32.82303,34.993765,20.304381
1684926227.31918,32.82303,34.993765,20.304041
1684926227.38633,32.823029,34.993765,20.303692
1684926227.38646,32.823029,34.993765,20.303343
1684926227.38652,32.823029,34.993766,20.302999
1684926227.38664,32.823029,34.993766,20.302667
1684926227.38671,32.823029,34.993766,20.302341
1684926227.38683,32.823028,34.993767,20.301997
1684926227.3869,32.823028,34.993767,20.301639
1684926227.39238,32.823028,34.993767,20.301276
1684926227.46062,32.823028,34.993767,20.300894
1684926227.46076,32.823028,34.993768,20.300507
1684926227.46082,32.823027,34.993768,20.300101
1684926227.46091,32.823027,34.993768,20.29968
1684926227.46099,32.823027,34.993769,20.299243
1684926227.46837,32.823027,34.993769,20.298815
1684926227.46849,32.823027,34.993769,20.298397
1684926227.46856,32.823026,34.993769,20.298001
1684926227.53409,32.823026,34.99377,20.297599
1684926227.53423,32.823026,34.99377,20.297186
1684926227.53431,32.823026,34.99377,20.296778
1684926227.53438,32.823026,34.99377,20.296374
1684926227.53446,32.823025,34.993771,20.295967
1684926227.54199,32.823025,34.993771,20.295554
1684926227.54212,32.823025,34.993771,20.295126
1684926227.5422,32.823025,34.993772,20.294673
1684926227.61774,32.823025,34.993772,20.294201
1684926227.61782,32.823024,34.993772,20.293716
1684926227.61793,32.823024,34.993772,20.293206
1684926227.61804,32.823024,34.993773,20.292671
1684926227.61816,32.823024,34.993773,20.292125
1684926227.61825,32.823024,34.993773,20.291582
1684926227.62395,32.823024,34.993774,20.291037
1684926227.69864,32.823023,34.993774,20.290482
1684926227.69874,32.823023,34.993774,20.289891
1684926227.69884,32.823023,34.993774,20.289336
1684926227.699,32.823023,34.993775,20.288814
1684926227.69905,32.823023,34.993775,20.288306
1684926227.69916,32.823022,34.993775,20.287801
1684926227.69929,32.823022,34.993775,20.287291
1684926227.69935,32.823022,34.993776,20.286768
1684926227.78541,32.823022,34.993776,20.286245
1684926227.78943,32.823022,34.993776,20.28573
1684926227.78952,32.823021,34.993777,20.285204
1684926227.80132,32.823021,34.993777,20.284648
1684926227.80138,32.823021,34.993777,20.284061
1684926227.8015,32.823021,34.993777,20.283463
1684926227.80161,32.823021,34.993778,20.282892
1684926227.8017,32.82302,34.993778,20.282318
1684926227.84381,32.82302,34.993778,20.281756
1684926227.84392,32.82302,34.993779,20.28122
1684926227.84398,32.82302,34.993779,20.280704
1684926227.84405,32.82302,34.993779,20.280194
1684926227.84411,32.82302,34.993779,20.279689
1684926227.85187,32.823019,34.99378,20.279183
1684926227.85197,32.823019,34.99378,20.278685
1684926227.93028,32.823019,34.99378,20.278221
1684926227.93038,32.823019,34.99378,20.277773
1684926227.93044,32.823019,34.993781,20.277337
1684926227.93051,32.823018,34.993781,20.276919
1684926227.94121,32.823018,34.993781,20.276469
1684926227.94131,32.823018,34.993782,20.276005
1684926227.94142,32.823018,34.993782,20.275555
1684926227.94155,32.823018,34.993782,20.275123
1684926228.00803,32.823017,34.993782,20.274672
1684926228.00812,32.823017,34.993783,20.274211
1684926228.00823,32.823017,34.993783,20.273759
1684926228.00834,32.823017,34.993783,20.273331
1684926228.00846,32.823017,34.993783,20.272896
1684926228.01545,32.823017,34.993784,20.272445
1684926228.01556,32.823016,34.993784,20.272
1684926228.01565,32.823016,34.993784,20.271574
1684926228.08915,32.823016,34.993785,20.271132
1684926228.08925,32.823016,34.993785,20.270665
1684926228.08934,32.823016,34.993785,20.270197
1684926228.08941,32.823015,34.993785,20.269715
1684926228.09927,32.823015,34.993786,20.269202
1684926228.09938,32.823015,34.993786,20.268665
1684926228.09946,32.823015,34.993786,20.268116
1684926228.15886,32.823015,34.993786,20.267556
1684926228.15898,32.823015,34.993787,20.266962
1684926228.15904,32.823017,34.993787,20.080048
1684926228.16863,32.823017,34.993787,20.079167
1684926228.1688,32.823016,34.993787,20.0783
1684926228.1689,32.823016,34.993787,20.077398
1684926228.16897,32.823016,34.993788,20.076464
1684926228.16915,32.823016,34.993788,20.075494
1684926228.24095,32.823016,34.993788,20.074507
1684926228.24103,32.823016,34.993788,20.073503
1684926228.24114,32.823015,34.993789,20.072478
1684926228.25223,32.823015,34.993789,20.07144
1684926228.25337,32.823015,34.993789,20.070398
1684926228.25343,32.823015,34.99379,20.069347
1684926228.26082,32.823015,34.99379,20.068277
1684926228.26093,32.823015,34.99379,20.067203
1684926228.30461,32.823014,34.99379,20.066106
1684926228.3048,32.823014,34.993791,20.064997
1684926228.30488,32.823014,34.993791,20.063882
1684926228.30494,32.823014,34.993791,20.062784
1684926228.31491,32.823014,34.993791,20.061733
1684926228.315,32.823013,34.993792,20.06074
1684926228.31516,32.823013,34.993792,20.059818
1684926228.39405,32.823013,34.993792,20.058956
1684926228.39421,32.823013,34.993792,20.058126
1684926228.39428,32.823013,34.993793,20.057277
1684926228.39435,32.823013,34.993793,20.056422
1684926228.40423,32.823012,34.993793,20.05562
1684926228.40436,32.823012,34.993794,20.0549
1684926228.40445,32.823012,34.993794,20.054254
1684926228.40451,32.823012,34.993794,20.053667
1684926228.46382,32.823012,34.993794,20.053112
1684926228.46393,32.823011,34.993795,20.052573
1684926228.464,32.823011,34.993795,20.052026
1684926228.46406,32.823011,34.993795,20.051477
1684926228.47296,32.823011,34.993795,20.050914
1684926228.4731,32.823011,34.993796,20.05035
1684926228.47316,32.823011,34.993796,20.049768
1684926228.4733,32.82301,34.993796,20.049197
1684926228.54682,32.82301,34.993796,20.048656
1684926228.54694,32.82301,34.993797,20.048168
1684926228.54701,32.82301,34.993797,20.047755
1684926228.54708,32.82301,34.993797,20.047404
1684926228.55664,32.82301,34.993797,20.047067
1684926228.55675,32.823009,34.993798,20.046695
1684926228.55683,32.823009,34.993798,20.04629
1684926228.55691,32.823009,34.993798,20.04584
1684926228.61223,32.823009,34.993798,20.045333
1684926228.61232,32.823009,34.993799,20.044769
1684926228.61247,32.823009,34.993799,20.044174
1684926228.61255,32.823008,34.993799,20.043572
1684926228.61261,32.823008,34.9938,20.042962
1684926228.61897,32.823008,34.9938,20.042329
1684926228.6191,32.823008,34.9938,20.041647
1684926228.68836,32.823008,34.9938,20.040916
1684926228.68847,32.823007,34.993801,20.040174
1684926228.68854,32.823007,34.993801,20.039438
1684926228.69881,32.823007,34.993801,20.038703
1684926228.69891,32.823007,34.993801,20.037968
1684926228.69898,32.823007,34.993802,20.037211
1684926228.69904,32.823007,34.993802,20.036434
1684926228.69917,32.823006,34.993802,20.035678
1684926228.77022,32.823006,34.993802,20.034919
1684926228.77036,32.823006,34.993803,20.034117
1684926228.77042,32.823006,34.993803,20.033275
1684926228.77055,32.823006,34.993803,20.03242
1684926228.78023,32.823006,34.993803,20.031605
1684926228.78032,32.823005,34.993804,20.030832
1684926228.78043,32.823005,34.993804,20.030055
1684926228.78055,32.823005,34.993804,20.029264
1684926228.84753,32.823005,34.993804,20.028451
1684926228.84763,32.823005,34.993805,20.027644
1684926228.85873,32.823005,34.993805,20.026845
1684926228.85882,32.823004,34.993805,20.02608
1684926228.85888,32.823004,34.993805,20.025341
1684926228.859,32.823004,34.993805,20.024586
1684926228.87089,32.823004,34.993806,20.023819
1684926228.92709,32.823004,34.993806,20.023053
1684926228.92724,32.823004,34.993806,20.022295
1684926228.92731,32.823003,34.993806,20.021525
1684926228.92737,32.823003,34.993807,20.020764
1684926228.92744,32.823003,34.993807,20.020026
1684926228.92751,32.823003,34.993807,20.019278
1684926228.9347,32.823003,34.993807,20.018496
1684926228.9348,32.823003,34.993808,20.017654
1684926229.01394,32.823002,34.993808,20.016751
1684926229.01407,32.823002,34.993808,20.015796
1684926229.01413,32.823002,34.993808,20.014786
1684926229.01423,32.823002,34.993809,20.013695
1684926229.02406,32.823002,34.993809,20.012537
1684926229.0242,32.823002,34.993809,20.011355
1684926229.02425,32.823001,34.993809,20.01016
1684926229.02437,32.823001,34.993809,20.008982
1684926229.07232,32.823001,34.99381,20.007753
1684926229.07244,32.823001,34.99381,20.006432
1684926229.0725,32.823001,34.99381,20.005039
1684926229.08308,32.823001,34.99381,20.003568
1684926229.0832,32.823,34.993811,20.002021
1684926229.08326,32.823,34.993811,20.000417
1684926229.08338,32.823,34.993811,19.99874
1684926229.15661,32.823,34.993811,19.996999
1684926229.15739,32.823,34.993811,19.995226
1684926229.15749,32.823,34.993812,19.924845
1684926229.1668,32.823,34.993812,19.922892
1684926229.16696,32.823,34.993812,19.920853
1684926229.16702,32.823,34.993812,19.918733
1684926229.16715,32.822999,34.993812,19.916551
1684926229.16722,32.822999,34.993813,19.914343
1684926229.23189,32.822999,34.993813,19.912097
1684926229.23206,32.822999,34.993813,19.909791
1684926229.23211,32.822999,34.993813,19.907427
1684926229.24324,32.822999,34.993813,19.905016
1684926229.24342,32.822998,34.993814,19.902598
1684926229.2435,32.822998,34.993814,19.900161
1684926229.25486,32.822998,34.993814,19.897658
1684926229.255,32.822998,34.993814,19.895043
1684926229.31569,32.822998,34.993815,19.892292
1684926229.31581,32.822998,34.993815,19.88943
1684926229.32672,32.822997,34.993815,19.886526
1684926229.3271,32.822997,34.993815,19.883649
1684926229.32719,32.822997,34.993815,19.880821
1684926229.3273,32.822997,34.993816,19.878015
1684926229.32742,32.822997,34.993816,19.875241
1684926229.39493,32.822997,34.993816,19.872488
1684926229.39564,32.822996,34.993816,19.869815
1684926229.39576,32.822996,34.993816,19.867188
1684926229.39586,32.822996,34.993817,19.864533
1684926229.39594,32.822996,34.993817,19.86182
1684926229.39602,32.822996,34.993817,19.859057
1684926229.39613,32.822996,34.993817,19.856267
1684926229.40229,32.822995,34.993817,19.85343
1684926229.45867,32.822995,34.993818,19.85061
1684926229.45879,32.822995,34.993818,19.84786
1684926229.45885,32.822995,34.993818,19.845189
1684926229.45892,32.822995,34.993818,19.842589
1684926229.45898,32.822995,34.993818,19.839999
1684926229.45904,32.822994,34.993819,19.837414
1684926229.4591,32.822994,34.993819,19.834887
1684926229.45917,32.822994,34.993819,19.832474
1684926229.53818,32.822994,34.993819,19.830185
1684926229.53861,32.822994,34.993819,19.82803
1684926229.53868,32.822994,34.99382,19.826027
1684926229.53879,32.822993,34.99382,19.824171
1684926229.54863,32.822993,34.99382,19.822438
1684926229.54873,32.822993,34.99382,19.820829
1684926229.5488,32.822993,34.99382,19.819349
1684926229.54887,32.822993,34.993821,19.817997
1684926229.6181,32.822993,34.993821,19.816795
1684926229.61823,32.822992,34.993821,19.815711
1684926229.61829,32.822992,34.993821,19.814757
1684926229.62868,32.822992,34.993821,19.81397
1684926229.6288,32.822992,34.993821,19.813318
1684926229.62886,32.822992,34.993822,19.812757
1684926229.62898,32.822992,34.993822,19.812354
1684926229.7009,32.822991,34.993822,19.812113
1684926229.70105,32.822991,34.993822,19.811952
1684926229.70113,32.822991,34.993822,19.811916
1684926229.7012,32.822991,34.993823,19.812024
1684926229.70128,32.822991,34.993823,19.812299
1684926229.70836,32.82299,34.993823,19.812693
1684926229.70845,32.82299,34.993823,19.813118
1684926229.70861,32.82299,34.993823,19.813514
1684926229.76849,32.82299,34.993824,19.813903
1684926229.76861,32.82299,34.993824,19.814281
1684926229.76868,32.82299,34.993824,19.814592
1684926229.78078,32.822989,34.993824,19.81481
1684926229.78092,32.822989,34.993824,19.81493
1684926229.78099,32.822989,34.993824,19.814935
1684926229.78933,32.822989,34.993825,19.814822
1684926229.78946,32.822989,34.993825,19.814602
1684926229.84221,32.822989,34.993825,19.81434
1684926229.84232,32.822988,34.993825,19.814073
1684926229.84246,32.822988,34.993825,19.813804
1684926229.85195,32.822988,34.993826,19.813541
1684926229.85202,32.822988,34.993826,19.813299
1684926229.85213,32.822988,34.993826,19.813083
1684926229.85224,32.822988,34.993826,19.812876
1684926229.91806,32.822987,34.993826,19.812638
1684926229.91815,32.822987,34.993827,19.812284
1684926229.91827,32.822987,34.993827,19.811817
1684926229.91838,32.822987,34.993827,19.811244
1684926229.92946,32.822987,34.993827,19.810568
1684926229.9296,32.822987,34.993827,19.809793
1684926229.92968,32.822986,34.993827,19.808918
1684926229.94179,32.822986,34.993828,19.807919
1684926229.99972,32.822986,34.993828,19.806875
1684926229.99983,32.822986,34.993828,19.805854
1684926229.99989,32.822986,34.993828,19.80492
1684926229.99996,32.822986,34.993828,19.804067
1684926230.00003,32.822985,34.993828,19.803292
1684926230.00011,32.822985,34.993829,19.802655
1684926230.00018,32.822985,34.993829,19.80215
1684926230.00026,32.822985,34.993829,19.801778
1684926230.08042,32.822985,34.993829,19.801542
1684926230.08053,32.822985,34.993829,19.801408
1684926230.0806,32.822984,34.993829,19.801347
1684926230.08066,32.822984,34.99383,19.801328
1684926230.08072,32.822984,34.99383,19.801328
1684926230.08079,32.822984,34.99383,19.801338
1684926230.08666,32.822984,34.99383,19.801368
1684926230.16301,32.822984,34.99383,19.801367
1684926230.16315,32.822983,34.99383,19.801294
1684926230.16322,32.822983,34.993829,19.59981
1684926230.16329,32.822983,34.993829,19.599295
1684926230.16335,32.822983,34.993829,19.598699
1684926230.16346,32.822983,34.993829,19.598028
1684926230.16357,32.822982,34.993829,19.597268
1684926230.16973,32.822982,34.99383,19.596441
1684926230.24411,32.822982,34.99383,19.595584
1684926230.24424,32.822982,34.99383,19.594736
1684926230.2443,32.822982,34.99383,19.593901
1684926230.25543,32.822982,34.99383,19.593102
1684926230.25562,32.822981,34.99383,19.592325
1684926230.2557,32.822981,34.993831,19.591547
1684926230.25577,32.822981,34.993831,19.590772
1684926230.26229,32.822981,34.993831,19.590015
1684926230.30362,32.822981,34.993831,19.589289
1684926230.30372,32.822981,34.993831,19.588547
1684926230.30381,32.82298,34.993831,19.587776
1684926230.3144,32.82298,34.993831,19.586968
1684926230.31453,32.82298,34.993832,19.58613
1684926230.3146,32.82298,34.993832,19.585253
1684926230.31471,32.82298,34.993832,19.584336
1684926230.39247,32.82298,34.993832,19.583405
1684926230.39258,32.822979,34.993832,19.582481
1684926230.39263,32.822979,34.993832,19.581584
1684926230.39275,32.822979,34.993832,19.5807
1684926230.40817,32.822979,34.993833,19.579835
1684926230.40825,32.822979,34.993833,19.578985
1684926230.40839,32.822979,34.993833,19.578186
1684926230.40847,32.822978,34.993833,19.577453
1684926230.46415,32.822978,34.993833,19.576766
1684926230.46428,32.822978,34.993833,19.576078
1684926230.46434,32.822978,34.993833,19.575377
1684926230.46441,32.822978,34.993834,19.574676
1684926230.47375,32.822978,34.993834,19.573991
1684926230.47384,32.822977,34.993834,19.573334
1684926230.47395,32.822977,34.993834,19.572692
1684926230.47403,32.822977,34.993834,19.572071
1684926230.54681,32.822977,34.993834,19.571505
1684926230.54696,32.822977,34.993834,19.570997
1684926230.54702,32.822977,34.993835,19.570528
1684926230.54709,32.822976,34.993835,19.570076
1684926230.55598,32.822976,34.993835,19.569613
1684926230.55607,32.822976,34.993835,19.569136
1684926230.55618,32.822976,34.993835,19.568708
1684926230.55627,32.822976,34.993835,19.568324
1684926230.61067,32.822976,34.993835,19.567935
1684926230.61079,32.822975,34.993836,19.567544
1684926230.61087,32.822975,34.993836,19.567195
1684926230.61094,32.822975,34.993836,19.566912
1684926230.61101,32.822975,34.993836,19.566696
1684926230.6111,32.822975,34.993836,19.5665
1684926230.6167,32.822975,34.993836,19.566305
1684926230.69203,32.822974,34.993836,19.566064
1684926230.69217,32.822974,34.993836,19.565815
1684926230.69224,32.822974,34.993837,19.565586
1684926230.69232,32.822974,34.993837,19.565371
1684926230.70225,32.822974,34.993837,19.565152
1684926230.70233,32.822974,34.993837,19.564902
1684926230.7024,32.822974,34.993837,19.564598
1684926230.70247,32.822973,34.993837,19.56423
1684926230.77116,32.822973,34.993837,19.563798
1684926230.7713,32.822973,34.993837,19.563289
1684926230.77136,32.822973,34.993837,19.562718
1684926230.77148,32.822973,34.993838,19.562081
1684926230.77159,32.822973,34.993838,19.561399
1684926230.78712,32.822972,34.993838,19.560722
1684926230.78724,32.822972,34.993838,19.560087
1684926230.78731,32.822972,34.993838,19.559477
1684926230.8571,32.822972,34.993838,19.55887
1684926230.85723,32.822972,34.993838,19.558299
1684926230.86832,32.822972,34.993838,19.55782
1684926230.86875,32.822972,34.993838,19.557405
1684926230.86883,32.822972,34.993839,19.557046
1684926230.87614,32.822971,34.993839,19.556694
1684926230.87629,32.822971,34.993839,19.556321
1684926230.93011,32.822971,34.993839,19.555924
1684926230.93021,32.822971,34.993839,19.555531
1684926230.93026,32.822971,34.993839,19.55514
1684926230.93038,32.822971,34.993839,19.554738
1684926230.93046,32.822971,34.993839,19.554268
1684926230.93944,32.82297,34.993839,19.553718
1684926230.93954,32.82297,34.993839,19.553125
1684926230.93969,32.82297,34.99384,19.552522
1684926231.01689,32.82297,34.99384,19.55192
1684926231.01703,32.82297,34.99384,19.551289
1684926231.01711,32.82297,34.99384,19.550626
1684926231.01718,32.82297,34.99384,19.549926
1684926231.02668,32.82297,34.99384,19.549224
1684926231.02676,32.822969,34.99384,19.548534
1684926231.02688,32.822969,34.99384,19.547856
1684926231.02696,32.822969,34.99384,19.547174
1684926231.0728,32.822969,34.993841,19.546475
1684926231.07294,32.822969,34.993841,19.545753
1684926231.07301,32.822969,34.993841,19.54499
1684926231.07308,32.822969,34.993841,19.544201
1684926231.0732,32.822969,34.993841,19.543385
1684926231.08128,32.822969,34.993841,19.54252
1684926231.08142,32.822968,34.993841,19.541607
1684926231.15356,32.822968,34.993841,19.540686
1684926231.15368,32.822968,34.993841,19.539845
1684926231.15374,32.822966,34.993841,19.373597
1684926231.15381,32.822965,34.993841,19.372784
1684926231.15388,32.822965,34.993841,19.372019
1684926231.16721,32.822965,34.993842,19.371281
1684926231.16938,32.822965,34.993842,19.370611
1684926231.16947,32.822965,34.993842,19.370043
1684926231.23189,32.822965,34.993842,19.369546
1684926231.232,32.822965,34.993842,19.369105
1684926231.23206,32.822965,34.993842,19.368695
1684926231.24312,32.822964,34.993842,19.368276
1684926231.24324,32.822964,34.993842,19.367841
1684926231.2433,32.822964,34.993842,19.367413
1684926231.24337,32.822964,34.993842,19.366955
1684926231.24952,32.822964,34.993842,19.366466
1684926231.31736,32.822964,34.993842,19.365958
1684926231.31754,32.822964,34.993842,19.365443
1684926231.31763,32.822964,34.993842,19.364895
1684926231.3177,32.822963,34.993843,19.364311
1684926231.31783,32.822963,34.993843,19.363662
1684926231.33248,32.822963,34.993843,19.362947
1684926231.33257,32.822963,34.993843,19.362171
1684926231.39708,32.822963,34.993843,19.361325
1684926231.39719,32.822963,34.993843,19.360382
1684926231.39724,32.822963,34.993843,19.359345
1684926231.39731,32.822963,34.993843,19.358244
1684926231.39743,32.822963,34.993843,19.357084
1684926231.40461,32.822962,34.993843,19.355878
1684926231.40469,32.822962,34.993843,19.354625
1684926231.40481,32.822962,34.993843,19.353364
1684926231.4506,32.822962,34.993843,19.352122
1684926231.4507,32.822962,34.993844,19.350901
1684926231.45081,32.822962,34.993844,19.34971
1684926231.45093,32.822962,34.993844,19.348544
1684926231.45925,32.822962,34.993844,19.347386
1684926231.45937,32.822962,34.993844,19.346247
1684926231.45943,32.822962,34.993844,19.345148
1684926231.4595,32.822961,34.993844,19.34414
1684926231.53974,32.822961,34.993844,19.343228
1684926231.53983,32.822961,34.993844,19.342407
1684926231.53994,32.822961,34.993844,19.341671
1684926231.54001,32.822961,34.993844,19.341014
1684926231.54958,32.822961,34.993844,19.340412
1684926231.54969,32.822961,34.993844,19.339876
1684926231.54974,32.822961,34.993844,19.339418
1684926231.54981,32.822961,34.993845,19.33905
1684926231.62079,32.822961,34.993845,19.338765
1684926231.62093,32.82296,34.993845,19.338549
1684926231.621,32.82296,34.993845,19.338376
1684926231.62107,32.82296,34.993845,19.338218
1684926231.62113,32.82296,34.993845,19.338062
1684926231.6212,32.82296,34.993845,19.337895
1684926231.62128,32.82296,34.993845,19.337717
1684926231.69673,32.82296,34.993845,19.33754
1684926231.69689,32.82296,34.993845,19.337386
1684926231.697,32.82296,34.993845,19.33726
1684926231.70487,32.82296,34.993845,19.337144
1684926231.70495,32.822959,34.993845,19.337005
1684926231.70506,32.822959,34.993846,19.336821
1684926231.70518,32.822959,34.993846,19.336581
1684926231.70525,32.822959,34.993846,19.336295
1684926231.77685,32.822959,34.993846,19.335955
1684926231.77695,32.822959,34.993846,19.33559
1684926231.77708,32.822959,34.993846,19.335203
1684926231.77717,32.822959,34.993846,19.334797
1684926231.77729,32.822959,34.993846,19.33435
1684926231.77735,32.822959,34.993846,19.333835
1684926231.79971,32.822959,34.993846,19.333252
1684926231.79984,32.822958,34.993846,19.332601
1684926231.84187,32.822958,34.993846,19.331887
1684926231.84199,32.822958,34.993846,19.331142
1684926231.84209,32.822958,34.993846,19.330369
1684926231.84218,32.822958,34.993846,19.329561
1684926231.85093,32.822958,34.993847,19.328698
1684926231.85103,32.822958,34.993847,19.327772
1684926231.8511,32.822958,34.993847,19.326801
1684926231.93065,32.822958,34.993847,19.325778
1684926231.93077,32.822958,34.993847,19.324741
1684926231.93086,32.822957,34.993847,19.323677
1684926231.93095,32.822957,34.993847,19.322574
1684926231.93101,32.822957,34.993847,19.32143
1684926231.93108,32.822957,34.993847,19.320231
1684926231.93114,32.822957,34.993847,19.318993
1684926231.93122,32.822957,34.993847,19.317728
1684926232.0072,32.822957,34.993847,19.316443
1684926232.00727,32.822957,34.993847,19.315157
1684926232.00739,32.822957,34.993847,19.313874
1684926232.03296,32.822957,34.993847,19.312572
1684926232.03307,32.822957,34.993847,19.311243
1684926232.03314,32.822956,34.993848,19.309885
1684926232.03321,32.822956,34.993848,19.30853
1684926232.03329,32.822956,34.993848,19.307221
1684926232.08103,32.822956,34.993848,19.305965
1684926232.08117,32.822956,34.993848,19.30476
1684926232.08125,32.822956,34.993848,19.303586
1684926232.08133,32.822956,34.993848,19.302437
1684926232.09015,32.822956,34.993848,19.301296
1684926232.09027,32.822956,34.993848,19.300175
1684926232.09033,32.822956,34.993848,19.299051
1684926232.16952,32.822956,34.993848,19.29795
1684926232.16963,32.822955,34.993848,19.296875
1684926232.1697,32.822955,34.993848,19.204765
1684926232.16982,32.822955,34.993848,19.203658
1684926232.16993,32.822955,34.993848,19.202575
1684926232.17008,32.822955,34.993848,19.201506
1684926232.17793,32.822955,34.993848,19.200438
1684926232.17801,32.822955,34.993848,19.199387
1684926232.25326,32.822954,34.993848,19.198361
1684926232.25338,32.822954,34.993848,19.197357
1684926232.25348,32.822954,34.993848,19.196359
1684926232.25634,32.822954,34.993848,19.195336
1684926232.25641,32.822954,34.993848,19.194273
1684926232.25653,32.822954,34.993848,19.193178
1684926232.25659,32.822954,34.993848,19.192064
1684926232.25675,32.822954,34.993849,19.190942
1684926232.30751,32.822954,34.993849,19.189798
1684926232.30938,32.822954,34.993849,19.188622
1684926232.30951,32.822954,34.993849,19.187422
1684926232.31867,32.822954,34.993849,19.186204
1684926232.31881,32.822953,34.993849,19.18498
1684926232.31887,32.822953,34.993849,19.183786
1684926232.319,32.822953,34.993849,19.182642
1684926232.38542,32.822953,34.993849,19.181533
1684926232.38553,32.822953,34.993849,19.180448
1684926232.38564,32.822953,34.993849,19.179405
1684926232.38576,32.822953,34.993849,19.178388
1684926232.38583,32.822953,34.993849,19.177416
1684926232.39496,32.822953,34.993849,19.176487
1684926232.39505,32.822953,34.993849,19.175591
1684926232.39516,32.822953,34.993849,19.174725
1684926232.46698,32.822952,34.993849,19.173885
1684926232.46729,32.822952,34.993849,19.173046
1684926232.4683,32.822952,34.993849,19.172216
1684926232.47823,32.822952,34.993849,19.171386
1684926232.47832,32.822952,34.993849,19.170545
1684926232.47838,32.822952,34.99385,19.169677
1684926232.47847,32.822952,34.99385,19.168776
1684926232.48683,32.822952,34.99385,19.167814
1684926232.54839,32.822952,34.99385,19.166783
1684926232.54853,32.822952,34.99385,19.165725
1684926232.54861,32.822952,34.99385,19.164649
1684926232.54869,32.822951,34.99385,19.163552
1684926232.54879,32.822951,34.99385,19.162449
1684926232.55794,32.822951,34.99385,19.161322
1684926232.55804,32.822951,34.99385,19.160182
1684926232.55812,32.822951,34.99385,19.159007
1684926232.60922,32.822951,34.99385,19.157792
1684926232.60935,32.822951,34.99385,19.156539
1684926232.60941,32.822951,34.99385,19.155275
1684926232.60948,32.822951,34.99385,19.153972
1684926232.60954,32.822951,34.99385,19.152628
1684926232.61708,32.82295,34.99385,19.15123
1684926232.61718,32.82295,34.99385,19.149787
1684926232.69618,32.82295,34.99385,19.148324
1684926232.69634,32.82295,34.99385,19.146861
1684926232.69642,32.82295,34.993851,19.145404
1684926232.69651,32.82295,34.993851,19.143962
1684926232.69659,32.82295,34.993851,19.142544
1684926232.69665,32.82295,34.993851,19.141156
1684926232.7033,32.82295,34.993851,19.139813
1684926232.70343,32.82295,34.993851,19.138523
1684926232.76992,32.822949,34.993851,19.137286
1684926232.77014,32.822949,34.993851,19.136125
1684926232.77021,32.822949,34.993851,19.135045
1684926232.77031,32.822949,34.993851,19.134067
1684926232.7704,32.822949,34.993851,19.13319
1684926232.77048,32.822949,34.993851,19.132425
1684926232.77865,32.822949,34.993851,19.131768
1684926232.77873,32.822949,34.993851,19.131206
1684926232.84904,32.822949,34.993851,19.130755
1684926232.84915,32.822949,34.993851,19.130409
1684926232.84933,32.822948,34.993851,19.130164
1684926232.85918,32.822948,34.993852,19.129997
1684926232.85924,32.822948,34.993852,19.129885
1684926232.85936,32.822948,34.993852,19.129815
1684926232.87346,32.822948,34.993852,19.129781
1684926232.93042,32.822948,34.993852,19.129784
1684926232.93053,32.822948,34.993852,19.129794
1684926232.93074,32.822948,34.993852,19.129791
1684926232.93085,32.822948,34.993852,19.129762
1684926232.9309,32.822947,34.993852,19.1297
1684926232.93962,32.822947,34.993852,19.129607
1684926232.93973,32.822947,34.993852,19.129467
1684926232.93985,32.822947,34.993852,19.12932
1684926233.00158,32.822947,34.993852,19.129169
1684926233.00167,32.822947,34.993852,19.129009
1684926233.00178,32.822947,34.993852,19.128853
1684926233.00189,32.822947,34.993852,19.128698
1684926233.01007,32.822947,34.993852,19.128519
1684926233.01018,32.822947,34.993852,19.128291
1684926233.01025,32.822946,34.993853,19.127993
1684926233.01031,32.822946,34.993853,19.127603
1684926233.06506,32.822946,34.993853,19.127135
1684926233.06531,32.822946,34.993853,19.126571
1684926233.06537,32.822946,34.993853,19.125928
1684926233.06544,32.822946,34.993853,19.125211
1684926233.0655,32.822946,34.993853,19.124427
1684926233.06558,32.822946,34.993853,19.123568
1684926233.07747,32.822946,34.993853,19.122641
1684926233.15124,32.822945,34.993853,19.121637
1684926233.15134,32.822945,34.993853,19.120569
1684926233.1514,32.822946,34.993852,19.142112
1684926233.15153,32.822946,34.993852,19.140943
1684926233.15161,32.822946,34.993852,19.139697
1684926233.16,32.822946,34.993852,19.138387
1684926233.16008,32.822946,34.993852,19.137028
1684926233.16023,32.822945,34.993852,19.135637
1684926233.2346,32.822945,34.993852,19.134242
1684926233.2347,32.822945,34.993852,19.132843
1684926233.23482,32.822945,34.993852,19.131454
1684926233.24578,32.822945,34.993852,19.13008
1684926233.2459,32.822945,34.993852,19.12872
1684926233.24596,32.822945,34.993852,19.127365
1684926233.24608,32.822945,34.993852,19.125998
1684926233.25871,32.822945,34.993852,19.124583
1684926233.3217,32.822944,34.993852,19.123139
1684926233.32182,32.822944,34.993852,19.121687
1684926233.32193,32.822944,34.993852,19.120236
1684926233.322,32.822944,34.993852,19.118781
1684926233.33049,32.822944,34.993852,19.117333
1684926233.33062,32.822944,34.993852,19.115897
1684926233.33068,32.822944,34.993852,19.114477
1684926233.39599,32.822944,34.993852,19.113083
1684926233.39618,32.822944,34.993852,19.111743
1684926233.39626,32.822943,34.993853,19.110457
1684926233.39639,32.822943,34.993853,19.109233
1684926233.39648,32.822943,34.993853,19.108058
1684926233.40479,32.822943,34.993853,19.106939
1684926233.4049,32.822943,34.993853,19.105903
1684926233.40497,32.822943,34.993853,19.104963
1684926233.46984,32.822943,34.993853,19.104122
1684926233.46996,32.822943,34.993853,19.103372
1684926233.47004,32.822943,34.993853,19.102692
1684926233.47011,32.822942,34.993853,19.102083
1684926233.47018,32.822942,34.993853,19.101559
1684926233.47025,32.822942,34.993853,19.101125
1684926233.47763,32.822942,34.993853,19.100795
1684926233.47774,32.822942,34.993853,19.100547
1684926233.53789,32.822942,34.993853,19.100337
1684926233.53802,32.822942,34.993853,19.100172
1684926233.53807,32.822942,34.993853,19.100057
1684926233.53818,32.822941,34.993853,19.100001
1684926233.53824,32.822941,34.993853,19.100024
1684926233.53836,32.822941,34.993853,19.100127
1684926233.53843,32.822941,34.993853,19.100275
1684926233.54389,32.822941,34.993853,19.100449
1684926233.61959,32.822941,34.993853,19.100634
1684926233.61973,32.822941,34.993853,19.100781
1684926233.61981,32.822941,34.993853,19.100897
1684926233.61989,32.82294,34.993853,19.100981
1684926233.6275,32.82294,34.993854,19.10102
1684926233.65791,32.82294,34.993854,19.101038
1684926233.65798,32.82294,34.993854,19.101031
1684926233.69746,32.82294,34.993854,19.100991
1684926233.69758,32.82294,34.993854,19.100908
1684926233.69765,32.82294,34.993854,19.100748
1684926233.69772,32.82294,34.993854,19.10044
1684926233.70793,32.822939,34.993854,19.100004
1684926233.70805,32.822939,34.993854,19.099426
1684926233.7082,32.822939,34.993854,19.098685
1684926233.7083,32.822939,34.993854,19.09779
1684926233.77757,32.822939,34.993854,19.096752
1684926233.7777,32.822939,34.993854,19.095578
1684926233.77778,32.822939,34.993854,19.094305
1684926233.78709,32.822939,34.993854,19.092964
1684926233.78719,32.822938,34.993854,19.091578
1684926233.78726,32.822938,34.993854,19.090158
1684926233.78732,32.822938,34.993854,19.088718
1684926233.78746,32.822938,34.993854,19.087287
1684926233.84332,32.822938,34.993854,19.085846
1684926233.84344,32.822938,34.993854,19.08438
1684926233.84352,32.822938,34.993854,19.082896
1684926233.84358,32.822938,34.993854,19.081409
1684926233.85162,32.822937,34.993854,19.079929
1684926233.85169,32.822937,34.993855,19.07846
1684926233.85182,32.822937,34.993855,19.077039
1684926233.9195,32.822937,34.993855,19.075698
1684926233.91966,32.822937,34.993855,19.074489
1684926233.91973,32.822937,34.993855,19.073409
1684926233.91979,32.822937,34.993855,19.072421
1684926233.92968,32.822936,34.993855,19.071468
1684926233.92982,32.822936,34.993855,19.070531
1684926233.92991,32.822936,34.993855,19.069628
1684926233.93001,32.822936,34.993855,19.068803
1684926234.00277,32.822936,34.993855,19.068058
1684926234.00286,32.822936,34.993855,19.067373
1684926234.00301,32.822936,34.993855,19.066752
1684926234.00309,32.822936,34.993855,19.066224
1684926234.00315,32.822935,34.993855,19.065812
1684926234.00321,32.822935,34.993855,19.065551
1684926234.00329,32.822935,34.993855,19.065403
1684926234.00917,32.822935,34.993855,19.065281
1684926234.07941,32.822935,34.993855,19.065155
1684926234.07952,32.822935,34.993855,19.065043
1684926234.07963,32.822935,34.993855,19.064981
1684926234.07974,32.822934,34.993855,19.064947
1684926234.08886,32.822934,34.993855,19.064895
1684926234.08896,32.822934,34.993855,19.064792
1684926234.08907,32.822934,34.993855,19.064635
1684926234.16205,32.822934,34.993855,19.064441
1684926234.16232,32.822934,34.993855,19.064189
1684926234.16241,32.822934,34.993856,18.953048
1684926234.16249,32.822934,34.993856,18.952583
1684926234.16257,32.822934,34.993856,18.952101
1684926234.17137,32.822934,34.993856,18.951602
1684926234.17149,32.822934,34.993856,18.951076
1684926234.17156,32.822934,34.993856,18.95053
1684926234.24599,32.822934,34.993856,18.949976
1684926234.24688,32.822933,34.993856,18.949401
1684926234.24698,32.822933,34.993856,18.948821
1684926234.24709,32.822933,34.993856,18.948209
1684926234.25479,32.822933,34.993856,18.947582
1684926234.25487,32.822933,34.993856,18.946941
1684926234.25502,32.822933,34.993856,18.946285
1684926234.25509,32.822933,34.993856,18.945614
1684926234.31067,32.822932,34.993856,18.944974
1684926234.31079,32.822932,34.993856,18.94436
1684926234.31086,32.822932,34.993856,18.943749
1684926234.31098,32.822932,34.993856,18.943101
1684926234.31107,32.822932,34.993856,18.942422
1684926234.3201,32.822932,34.993856,18.941722
1684926234.32021,32.822932,34.993856,18.941054
1684926234.38833,32.822931,34.993856,18.940465
1684926234.38843,32.822931,34.993856,18.939959
1684926234.38854,32.822931,34.993856,18.939515
1684926234.3886,32.822931,34.993856,18.939135
1684926234.38872,32.822931,34.993856,18.938782
1684926234.3981,32.822931,34.993856,18.938459
1684926234.39823,32.822931,34.993857,18.93821
1684926234.39831,32.82293,34.993857,18.938032
1684926234.46882,32.82293,34.993857,18.937902
1684926234.46892,32.82293,34.993857,18.937801
1684926234.46903,32.82293,34.993857,18.937718
1684926234.46914,32.82293,34.993857,18.937634
1684926234.46925,32.82293,34.993857,18.93754
1684926234.46936,32.82293,34.993857,18.937461
1684926234.46948,32.822929,34.993857,18.937427
1684926234.46961,32.822929,34.993857,18.937443
1684926234.54485,32.822929,34.993857,18.937494
1684926234.54496,32.822929,34.993857,18.937548
1684926234.54502,32.822929,34.993857,18.937576
1684926234.54509,32.822929,34.993857,18.937573
1684926234.55593,32.822929,34.993857,18.937512
1684926234.55606,32.822928,34.993857,18.937405
1684926234.55615,32.822928,34.993857,18.937257
1684926234.55624,32.822928,34.993857,18.937113
1684926234.6169,32.822928,34.993857,18.936971
1684926234.61709,32.822928,34.993857,18.936824
1684926234.6172,32.822928,34.993857,18.936664
1684926234.62711,32.822928,34.993857,18.936488
1684926234.6272,32.822927,34.993857,18.93626
1684926234.62731,32.822927,34.993857,18.935993
1684926234.63388,32.822927,34.993857,18.935716
1684926234.68822,32.822927,34.993857,18.935433
1684926234.68834,32.822927,34.993857,18.935121
1684926234.68845,32.822927,34.993857,18.934766
1684926234.68856,32.822927,34.993857,18.934372
1684926234.68867,32.822926,34.993857,18.933933
1684926234.68879,32.822926,34.993857,18.93347
1684926234.69502,32.822926,34.993857,18.932983
1684926234.69513,32.822926,34.993857,18.932497
1684926234.778,32.822926,34.993857,18.931999
1684926234.77808,32.822926,34.993857,18.931464
1684926234.77814,32.822926,34.993857,18.930885
1684926234.77826,32.822925,34.993857,18.930279
1684926234.77832,32.822925,34.993857,18.929662
1684926234.77844,32.822925,34.993857,18.929028
1684926234.78552,32.822925,34.993857,18.928403
1684926234.78565,32.822925,34.993857,18.927775
1684926234.85194,32.822925,34.993857,18.927151
1684926234.85203,32.822925,34.993857,18.926541
1684926234.8521,32.822924,34.993857,18.925957
1684926234.85222,32.822924,34.993857,18.925398
1684926234.85228,32.822924,34.993857,18.924858
1684926234.85241,32.822924,34.993857,18.924357
1684926234.85251,32.822924,34.993857,18.92387
1684926234.94156,32.822924,34.993857,18.923383
1684926234.94166,32.822924,34.993857,18.922906
1684926234.94177,32.822923,34.993857,18.922427
1684926234.94188,32.822923,34.993857,18.921935
1684926234.94199,32.822923,34.993857,18.921443
1684926234.94225,32.822923,34.993857,18.920937
1684926234.94237,32.822923,34.993857,18.920417
1684926234.94246,32.822923,34.993857,18.919893
1684926235.01099,32.822923,34.993857,18.91938
1684926235.01111,32.822922,34.993857,18.918838
1684926235.01117,32.822922,34.993857,18.918273
1684926235.01129,32.822922,34.993857,18.91767
1684926235.01141,32.822922,34.993857,18.91703
1684926235.01994,32.822922,34.993857,18.916349
1684926235.02003,32.822922,34.993857,18.915658
1684926235.02014,32.822922,34.993857,18.914964
1684926235.06893,32.822922,34.993857,18.914281
1684926235.069,32.822921,34.993857,18.913604
1684926235.06911,32.822921,34.993857,18.912944
1684926235.06923,32.822921,34.993857,18.912272
1684926235.06935,32.822921,34.993857,18.911607
1684926235.06942,32.822921,34.993857,18.910932
1684926235.07945,32.822921,34.993857,18.91025
1684926235.15967,32.822921,34.993857,18.909551
1684926235.15984,32.82292,34.993857,18.908826
1684926235.1599,32.82292,34.993855,18.919043
1684926235.16003,32.82292,34.993855,18.918336
1684926235.1601,32.82292,34.993855,18.917627
1684926235.18921,32.82292,34.993855,18.916907
1684926235.1893,32.82292,34.993855,18.916184
1684926235.18941,32.822919,34.993855,18.915481
1684926235.23344,32.822919,34.993855,18.914801
1684926235.23376,32.822919,34.993855,18.914146
1684926235.24364,32.822919,34.993855,18.91352
1684926235.24374,32.822919,34.993855,18.912921
1684926235.24381,32.822919,34.993855,18.912373
1684926235.25181,32.822919,34.993855,18.911847
1684926235.25192,32.822918,34.993855,18.91135
1684926235.25198,32.822918,34.993855,18.910857
1684926235.30574,32.822918,34.993855,18.910386
1684926235.31957,32.822918,34.993855,18.909946
1684926235.31964,32.822918,34.993855,18.909529
1684926235.31975,32.822918,34.993855,18.909137
1684926235.31987,32.822918,34.993855,18.90875
1684926235.31999,32.822917,34.993855,18.908362
1684926235.32006,32.822917,34.993855,18.907959
1684926235.39705,32.822917,34.993855,18.90755
1684926235.39717,32.822917,34.993855,18.907131
1684926235.39724,32.822917,34.993855,18.9067
1684926235.39732,32.822917,34.993855,18.906275
1684926235.3974,32.822917,34.993855,18.905846
1684926235.40474,32.822916,34.993855,18.905421
1684926235.40485,32.822916,34.993855,18.905011
1684926235.40494,32.822916,34.993855,18.904636
1684926235.45809,32.822916,34.993855,18.904295
1684926235.45822,32.822916,34.993855,18.903978
1684926235.45829,32.822916,34.993855,18.903667
1684926235.45837,32.822915,34.993855,18.903352
1684926235.46816,32.822915,34.993855,18.903061
1684926235.46827,32.822915,34.993855,18.9028
1684926235.4684,32.822915,34.993855,18.902552
1684926235.4685,32.822915,34.993855,18.902292
1684926235.54353,32.822915,34.993855,18.902016
1684926235.54367,32.822915,34.993855,18.90171
1684926235.54374,32.822914,34.993855,18.901398
1684926235.55485,32.822914,34.993855,18.901115
1684926235.55497,32.822914,34.993855,18.900848
1684926235.55505,32.822914,34.993855,18.900593
1684926235.55516,32.822914,34.993855,18.900326
1684926235.56155,32.822914,34.993855,18.90006
1684926235.62105,32.822914,34.993855,18.899796
1684926235.62117,32.822913,34.993855,18.899547
1684926235.62124,32.822913,34.993855,18.899303
1684926235.62134,32.822913,34.993855,18.899061
1684926235.6214,32.822913,34.993855,18.89878
1684926235.62843,32.822913,34.993855,18.898459
1684926235.62852,32.822913,34.993855,18.89809
1684926235.70312,32.822912,34.993855,18.897692
1684926235.70322,32.822912,34.993855,18.897294
1684926235.70327,32.822912,34.993855,18.896902
1684926235.70339,32.822912,34.993855,18.896521
1684926235.7035,32.822912,34.993855,18.896128
1684926235.71221,32.822912,34.993855,18.895709
1684926235.71233,32.822912,34.993855,18.895268
1684926235.7124,32.822911,34.993854,18.894849
1684926235.77745,32.822911,34.993854,18.894465
1684926235.77785,32.822911,34.993854,18.894125
1684926235.77793,32.822911,34.993854,18.893819
1684926235.77807,32.822911,34.993854,18.893546
1684926235.78805,32.822911,34.993854,18.893319
1684926235.78847,32.82291,34.993854,18.893128
1684926235.78862,32.82291,34.993854,18.892938
1684926235.79784,32.82291,34.993854,18.892745
1684926235.84019,32.82291,34.993854,18.892564
1684926235.84027,32.82291,34.993854,18.892405
1684926235.84038,32.82291,34.993854,18.892249
1684926235.84049,32.822909,34.993854,18.892077
1684926235.84062,32.822909,34.993854,18.891863
1684926235.84734,32.822909,34.993854,18.891626
1684926235.84743,32.822909,34.993854,18.891391
1684926235.91724,32.822909,34.993854,18.891175
1684926235.91734,32.822909,34.993854,18.890975
1684926235.91744,32.822909,34.993854,18.890796
1684926235.91756,32.822908,34.993854,18.890599
1684926235.92695,32.822908,34.993854,18.890397
1684926235.92705,32.822908,34.993854,18.890227
1684926235.92712,32.822908,34.993854,18.890092
1684926235.92725,32.822908,34.993854,18.890009
1684926236.00365,32.822908,34.993854,18.889954
1684926236.00375,32.822907,34.993854,18.889893
1684926236.00391,32.822907,34.993854,18.889832
1684926236.004,32.822907,34.993854,18.889799
1684926236.00406,32.822907,34.993854,18.889812
1684926236.01302,32.822907,34.993854,18.889867
1684926236.01313,32.822907,34.993854,18.889931
1684926236.01321,32.822907,34.993854,18.889991
1684926236.0797,32.822906,34.993854,18.890044
1684926236.07981,32.822906,34.993854,18.890118
1684926236.07988,32.822906,34.993854,18.890208
1684926236.08941,32.822906,34.993854,18.890289
1684926236.08958,32.822906,34.993854,18.890356
1684926236.08967,32.822906,34.993854,18.890383
1684926236.08974,32.822905,34.993854,18.89036
1684926236.15995,32.822905,34.993854,18.890311
1684926236.16004,32.822905,34.993854,18.890256
1684926236.16018,32.822904,34.993853,18.919621
1684926236.16026,32.822904,34.993853,18.919619
1684926236.16032,32.822904,34.993853,18.919582
1684926236.16041,32.822904,34.993853,18.919513
1684926236.16053,32.822904,34.993853,18.919433
1684926236.16614,32.822904,34.993853,18.919341
1684926236.24195,32.822903,34.993853,18.919264
1684926236.24209,32.822903,34.993853,18.919203
1684926236.24214,32.822903,34.993852,18.919168
1684926236.25211,32.822903,34.993852,18.919132
1684926236.2522,32.822903,34.993852,18.919088
1684926236.25227,32.822903,34.993852,18.918992
1684926236.25233,32.822902,34.993852,18.918805
1684926236.25889,32.822902,34.993852,18.918536
1684926236.30536,32.822902,34.993852,18.918235
1684926236.30548,32.822902,34.993852,18.917963
1684926236.30554,32.822902,34.993852,18.917713
1684926236.3056,32.822902,34.993852,18.917492
1684926236.30568,32.822901,34.993852,18.917292
1684926236.31239,32.822901,34.993852,18.917122
1684926236.3125,32.822901,34.993852,18.916991
1684926236.37826,32.822901,34.993852,18.916915
1684926236.37839,32.822901,34.993852,18.91687
1684926236.37849,32.822901,34.993852,18.916846
1684926236.37858,32.8229,34.993852,18.916838
1684926236.37866,32.8229,34.993852,18.916855
1684926236.37873,32.8229,34.993852,18.916937
1684926236.38725,32.8229,34.993852,18.917062
1684926236.38737,32.8229,34.993852,18.91721
1684926236.46924,32.8229,34.993852,18.917374
1684926236.46936,32.822899,34.993852,18.917554
1684926236.46947,32.822899,34.993852,18.917743
1684926236.46963,32.822899,34.993852,18.917933
1684926236.47971,32.822899,34.993851,18.918142
1684926236.47982,32.822899,34.993851,18.918386
1684926236.47989,32.822899,34.993851,18.918684
1684926236.4863,32.822898,34.993851,18.919028
1684926236.54715,32.822898,34.993851,18.919393
1684926236.54725,32.822898,34.993851,18.919773
1684926236.54736,32.822898,34.993851,18.920136
1684926236.5573,32.822898,34.993851,18.920467
1684926236.55748,32.822898,34.993851,18.920805
1684926236.55755,32.822897,34.993851,18.921196
1684926236.55767,32.822897,34.993851,18.921665
1684926236.55773,32.822897,34.993851,18.922211
1684926236.61785,32.822897,34.993851,18.922811
1684926236.61794,32.822897,34.993851,18.923407
1684926236.62884,32.822896,34.993851,18.92396
1684926236.62896,32.822896,34.993851,18.924459
1684926236.62903,32.822896,34.993851,18.924913
1684926236.62909,32.822896,34.993851,18.925326
1684926236.62942,32.822896,34.993851,18.925682
1684926236.69059,32.822896,34.993851,18.92598
1684926236.69075,32.822895,34.993851,18.926229
1684926236.69101,32.822895,34.993851,18.926441
1684926236.69108,32.822895,34.99385,18.92665
1684926236.69116,32.822895,34.99385,18.926917
1684926236.69132,32.822895,34.99385,18.927279
1684926236.69878,32.822894,34.99385,18.927722
1684926236.69893,32.822894,34.99385,18.92824
1684926236.7619,32.822894,34.99385,18.928823
1684926236.7622,32.822894,34.99385,18.929445
1684926236.76227,32.822894,34.99385,18.930042
1684926236.76239,32.822894,34.99385,18.930608
1684926236.77094,32.822893,34.99385,18.931169
1684926236.77105,32.822893,34.99385,18.931699
1684926236.77118,32.822893,34.99385,18.932222
1684926236.77125,32.822893,34.99385,18.932751
1684926236.84583,32.822893,34.99385,18.933252
1684926236.84592,32.822892,34.99385,18.933762
1684926236.84603,32.822892,34.99385,18.934282
1684926236.85664,32.822892,34.99385,18.934795
1684926236.85675,32.822892,34.99385,18.935305
1684926236.85682,32.822892,34.993849,18.935785
1684926236.8569,32.822892,34.993849,18.936244
1684926236.92048,32.822891,34.993849,18.936709
1684926236.92059,32.822891,34.993849,18.937204
1684926236.92065,32.822891,34.993849,18.937725
1684926236.92072,32.822891,34.993849,18.938283
1684926236.93064,32.822891,34.993849,18.938881
1684926236.93073,32.82289,34.993849,18.939496
1684926236.93085,32.82289,34.993849,18.940078
1684926236.93711,32.82289,34.993849,18.94058
1684926237.00982,32.82289,34.993849,18.940991
1684926237.00993,32.82289,34.993849,18.941276
1684926237.01004,32.822889,34.993849,18.941423
1684926237.01995,32.822889,34.993849,18.941407
1684926237.02002,32.822889,34.993849,18.941262
1684926237.02014,32.822889,34.993849,18.941049
1684926237.02023,32.822889,34.993848,18.940875
1684926237.02032,32.822889,34.993848,18.940787
1684926237.08162,32.822888,34.993848,18.940803
1684926237.08175,32.822888,34.993848,18.940936
1684926237.08188,32.822888,34.993848,18.94117
1684926237.08204,32.822888,34.993848,18.941523
1684926237.08908,32.822888,34.993848,18.941984
1684926237.08922,32.822887,34.993848,18.942484
1684926237.0893,32.822887,34.993848,18.942985
1684926237.15779,32.822887,34.993848,18.943439
1684926237.15791,32.822887,34.993848,18.94379
1684926237.15815,32.822887,34.993848,18.961827
1684926237.1582,32.822886,34.993848,18.96206
1684926237.17414,32.822886,34.993848,18.962194
1684926237.17423,32.822886,34.993847,18.962223
1684926237.17435,32.822886,34.993847,18.962166
1684926237.1864,32.822886,34.993847,18.962036
1684926237.23479,32.822885,34.993847,18.961918
1684926237.24037,32.822885,34.993847,18.961903
1684926237.24045,32.822885,34.993847,18.962022
1684926237.25623,32.822885,34.993847,18.962271
1684926237.25632,32.822885,34.993847,18.962659
1684926237.25644,32.822884,34.993847,18.963177
1684926237.27972,32.822884,34.993847,18.963833
1684926237.27984,32.822884,34.993847,18.96462
1684926237.31316,32.822884,34.993847,18.965545
1684926237.3133,32.822884,34.993847,18.966601
1684926237.32678,32.822883,34.993846,18.967776
1684926237.32692,32.822883,34.993846,18.969056
1684926237.32698,32.822883,34.993846,18.970407
1684926237.3271,32.822883,34.993846,18.971806
1684926237.32717,32.822883,34.993846,18.973269
1684926237.39572,32.822882,34.993846,18.974797
1684926237.39584,32.822882,34.993846,18.976387
1684926237.39595,32.822882,34.993846,18.978003
1684926237.39607,32.822882,34.993846,18.979625
1684926237.40598,32.822882,34.993846,18.981233
1684926237.40607,32.822881,34.993846,18.982817
1684926237.40625,32.822881,34.993846,18.984356
1684926237.41826,32.822881,34.993846,18.985841
1684926237.46573,32.822881,34.993846,18.987279
1684926237.46589,32.822881,34.993845,18.988657
1684926237.46601,32.82288,34.993845,18.989988
1684926237.4661,32.82288,34.993845,18.991283
1684926237.46618,32.82288,34.993845,18.992555
1684926237.46625,32.82288,34.993845,18.993787
1684926237.47528,32.82288,34.993845,18.995004
1684926237.4754,32.82288,34.993845,18.996205
1684926237.53921,32.822879,34.993845,18.997411
1684926237.53933,32.822879,34.993845,18.998626
1684926237.5394,32.822879,34.993845,18.999848
1684926237.55004,32.822879,34.993845,19.001068
1684926237.55013,32.822879,34.993845,19.002272
1684926237.55019,32.822878,34.993844,19.003452
1684926237.55031,32.822878,34.993844,19.004596
1684926237.55037,32.822878,34.993844,19.005689
1684926237.61442,32.822878,34.993844,19.006716
1684926237.61456,32.822877,34.993844,19.007661
1684926237.61464,32.822877,34.993844,19.008482
1684926237.6147,32.822877,34.993844,19.009182
1684926237.61479,32.822877,34.993844,19.00975
1684926237.62176,32.822877,34.993844,19.010216
1684926237.62186,32.822876,34.993844,19.010646
1684926237.69643,32.822876,34.993844,19.011076
1684926237.69657,32.822876,34.993843,19.011539
1684926237.69664,32.822876,34.993843,19.012041
1684926237.69673,32.822876,34.993843,19.012579
1684926237.69679,32.822875,34.993843,19.013155
1684926237.70435,32.822875,34.993843,19.013803
1684926237.70444,32.822875,34.993843,19.014494
1684926237.70457,32.822875,34.993843,19.015215
1684926237.77682,32.822875,34.993843,19.015949
1684926237.77693,32.822874,34.993843,19.016686
1684926237.77698,32.822874,34.993843,19.017422
1684926237.7771,32.822874,34.993843,19.018152
1684926237.77718,32.822874,34.993842,19.018869
1684926237.77732,32.822874,34.993842,19.019553
1684926237.77738,32.822873,34.993842,19.02022
1684926237.7775,32.822873,34.993842,19.020887
1684926237.8392,32.822873,34.993842,19.021556
1684926237.83932,32.822873,34.993842,19.022255
1684926237.83958,32.822873,34.993842,19.022975
1684926237.84947,32.822872,34.993842,19.023737
1684926237.84957,32.822872,34.993842,19.024551
1684926237.8497,32.822872,34.993842,19.025446
1684926237.84992,32.822872,34.993841,19.026405
1684926237.92604,32.822872,34.993841,19.027458
1684926237.92621,32.822871,34.993841,19.028599
1684926237.92637,32.822871,34.993841,19.029815
1684926237.92656,32.822871,34.993841,19.031106
1684926237.93622,32.822871,34.993841,19.032476
1684926237.93636,32.822871,34.993841,19.033895
1684926237.93643,32.82287,34.993841,19.035341
1684926237.93654,32.82287,34.993841,19.036815
1684926238.00649,32.82287,34.993841,19.038308
1684926238.00664,32.82287,34.99384,19.039822
1684926238.00672,32.82287,34.99384,19.041335
1684926238.01634,32.822869,34.99384,19.04283
1684926238.01643,32.822869,34.99384,19.044322
1684926238.01654,32.822869,34.99384,19.045783
1684926238.01665,32.822869,34.99384,19.047183
1684926238.01677,32.822868,34.99384,19.048527
1684926238.08166,32.822868,34.99384,19.049813
1684926238.08176,32.822868,34.99384,19.051026
1684926238.08183,32.822868,34.993839,19.052145
1684926238.09284,32.822868,34.993839,19.053168
1684926238.09298,32.822867,34.993839,19.054105
1684926238.09308,32.822867,34.993839,19.054962
1684926238.09314,32.822867,34.993839,19.055737
1684926238.1598,32.822867,34.993839,19.056426
1684926238.1599,32.822867,34.993839,19.057044
1684926238.15997,32.822866,34.993839,19.123312
1684926238.16004,32.822865,34.993839,19.123917
1684926238.16895,32.822865,34.993839,19.124494
1684926238.16905,32.822865,34.993839,19.125051
1684926238.16912,32.822865,34.993839,19.125611
1684926238.1692,32.822864,34.993838,19.126179
1684926238.2397,32.822864,34.993838,19.126772
1684926238.23979,32.822864,34.993838,19.127396
1684926238.23991,32.822864,34.993838,19.128049
1684926238.23999,32.822864,34.993838,19.128749
1684926238.24785,32.822863,34.993838,19.129511
1684926238.24799,32.822863,34.993838,19.130371
1684926238.24811,32.822863,34.993838,19.131315
1684926238.24818,32.822863,34.993838,19.132359
1684926238.30768,32.822863,34.993837,19.133512
1684926238.3078,32.822862,34.993837,19.134762
1684926238.30789,32.822862,34.993837,19.136109
1684926238.30798,32.822862,34.993837,19.137557
1684926238.31783,32.822862,34.993837,19.13908
1684926238.31829,32.822861,34.993837,19.140677
1684926238.31839,32.822861,34.993837,19.142343
1684926238.38627,32.822861,34.993837,19.144057
1684926238.38639,32.822861,34.993836,19.145814
1684926238.38648,32.822861,34.993836,19.147607
1684926238.38654,32.82286,34.993836,19.149431
1684926238.39428,32.82286,34.993836,19.151266
1684926238.39438,32.82286,34.993836,19.153105
1684926238.39444,32.82286,34.993836,19.15491
1684926238.39451,32.82286,34.993836,19.15666
1684926238.46588,32.822859,34.993836,19.158362
1684926238.466,32.822859,34.993835,19.159994
1684926238.46611,32.822859,34.993835,19.161546
1684926238.46623,32.822859,34.993835,19.163003
1684926238.46635,32.822858,34.993835,19.164359
1684926238.47529,32.822858,34.993835,19.165629
1684926238.47737,32.822858,34.993835,19.166821
1684926238.47743,32.822858,34.993835,19.167963
1684926238.54463,32.822858,34.993835,19.169051
1684926238.54477,32.822857,34.993834,19.170094
1684926238.54484,32.822857,34.993834,19.171082
1684926238.5449,32.822857,34.993834,19.172029
1684926238.55371,32.822857,34.993834,19.172949
1684926238.55382,32.822857,34.993834,19.173838
1684926238.55389,32.822856,34.993834,19.174715
1684926238.55397,32.822856,34.993834,19.175575
1684926238.61881,32.822856,34.993833,19.17643
1684926238.61895,32.822856,34.993833,19.177308
1684926238.61902,32.822855,34.993833,19.178212
1684926238.63005,32.822855,34.993833,19.179163
1684926238.63019,32.822855,34.993833,19.180186
1684926238.63025,32.822855,34.993833,19.18129
1684926238.63031,32.822855,34.993833,19.182456
1684926238.69183,32.822854,34.993833,19.183696
1684926238.69197,32.822854,34.993832,19.185002
1684926238.69204,32.822854,34.993832,19.186386
1684926238.69211,32.822854,34.993832,19.187833
1684926238.69219,32.822853,34.993832,19.189335
1684926238.69226,32.822853,34.993832,19.19088
1684926238.69234,32.822853,34.993832,19.192446
1684926238.69241,32.822853,34.993832,19.194039
1684926238.7716,32.822853,34.993831,19.195671
1684926238.77168,32.822852,34.993831,19.197342
1684926238.77175,32.822852,34.993831,19.199091
1684926238.77182,32.822852,34.993831,19.200913
1684926238.77194,32.822852,34.993831,19.202797
1684926238.77205,32.822851,34.993831,19.204734
1684926238.78903,32.822851,34.993831,19.206691
1684926238.78915,32.822851,34.99383,19.208674
1684926238.852,32.822851,34.99383,19.210678
1684926238.85212,32.822851,34.99383,19.212697
1684926238.85221,32.82285,34.99383,19.214719
1684926238.86248,32.82285,34.99383,19.216721
1684926238.86271,32.82285,34.99383,19.218714
1684926238.86276,32.82285,34.99383,19.220709
1684926238.86292,32.822849,34.993829,19.222695
1684926238.93019,32.822849,34.993829,19.224673
1684926238.93029,32.822849,34.993829,19.226655
1684926238.9304,32.822849,34.993829,19.228622
1684926238.93052,32.822849,34.993829,19.230588
1684926238.93885,32.822848,34.993829,19.232542
1684926238.93896,32.822848,34.993829,19.23449
1684926238.93903,32.822848,34.993828,19.236422
1684926238.9391,32.822848,34.993828,19.238352
1684926239.00773,32.822847,34.993828,19.240265
1684926239.00785,32.822847,34.993828,19.242146
1684926239.00794,32.822847,34.993828,19.244009
1684926239.0176,32.822847,34.993828,19.245869
1684926239.01777,32.822847,34.993827,19.247714
1684926239.01785,32.822846,34.993827,19.249565
1684926239.01796,32.822846,34.993827,19.251406
1684926239.01805,32.822846,34.993827,19.253233
1684926239.07331,32.822846,34.993827,19.255038
1684926239.07342,32.822845,34.993827,19.256806
1684926239.07348,32.822845,34.993827,19.258542
1684926239.07355,32.822845,34.993826,19.260238
1684926239.08236,32.822845,34.993826,19.261885
1684926239.08245,32.822845,34.993826,19.26346
1684926239.08256,32.822844,34.993826,19.264992
1684926239.14958,32.822844,34.993826,19.266463
1684926239.16469,32.822844,34.993826,19.267898
1684926239.16481,32.822843,34.993825,19.305856
1684926239.16489,32.822842,34.993825,19.307279
1684926239.16496,32.822842,34.993824,19.308675
1684926239.16504,32.822842,34.993824,19.31005
1684926239.16511,32.822842,34.993824,19.311387
1684926239.16518,32.822841,34.993824,19.312726
1684926239.23093,32.822841,34.993824,19.314068
1684926239.23103,32.822841,34.993824,19.315426
1684926239.23119,32.822841,34.993823,19.316808
1684926239.23132,32.82284,34.993823,19.318207
1684926239.2314,32.82284,34.993823,19.31961
1684926239.23147,32.82284,34.993823,19.320997
1684926239.23878,32.82284,34.993823,19.322347
1684926239.23886,32.82284,34.993823,19.323663
1684926239.30878,32.822839,34.993822,19.324945
1684926239.30889,32.822839,34.993822,19.326198
1684926239.30896,32.822839,34.993822,19.32742
1684926239.32227,32.822839,34.993822,19.328633
1684926239.32238,32.822838,34.993822,19.329851
1684926239.32247,32.822838,34.993822,19.331101
1684926239.32257,32.822838,34.993821,19.332409
1684926239.39184,32.822838,34.993821,19.333762
1684926239.39201,32.822837,34.993821,19.335164
1684926239.39209,32.822837,34.993821,19.336615
1684926239.39215,32.822837,34.993821,19.338101
1684926239.39223,32.822837,34.993821,19.339634
1684926239.39244,32.822837,34.99382,19.341211
1684926239.39867,32.822836,34.99382,19.342837
1684926239.39875,32.822836,34.99382,19.344496
1684926239.45947,32.822836,34.99382,19.34618
1684926239.45958,32.822836,34.99382,19.347875
1684926239.45969,32.822835,34.993819,19.349583
1684926239.45975,32.822835,34.993819,19.35128
1684926239.46972,32.822835,34.993819,19.352933
1684926239.46983,32.822835,34.993819,19.354553
1684926239.4699,32.822834,34.993819,19.356124
1684926239.46996,32.822834,34.993819,19.357649
1684926239.53787,32.822834,34.993818,19.359128
1684926239.53798,32.822834,34.993818,19.360579
1684926239.53804,32.822834,34.993818,19.362026
1684926239.53815,32.822833,34.993818,19.363483
1684926239.53822,32.822833,34.993818,19.364959
1684926239.54647,32.822833,34.993818,19.366454
1684926239.54657,32.822833,34.993817,19.367963
1684926239.54669,32.822832,34.993817,19.369482
1684926239.62136,32.822832,34.993817,19.370991
1684926239.62145,32.822832,34.993817,19.372477
1684926239.62151,32.822832,34.993817,19.373939
1684926239.63159,32.822831,34.993816,19.375353
1684926239.6317,32.822831,34.993816,19.376742
1684926239.63177,32.822831,34.993816,19.378115
1684926239.63189,32.822831,34.993816,19.379475
1684926239.70428,32.82283,34.993816,19.380847
1684926239.70442,32.82283,34.993816,19.382239
1684926239.7045,32.82283,34.993815,19.383626
1684926239.70455,32.82283,34.993815,19.385006
1684926239.70475,32.82283,34.993815,19.38639
1684926239.71239,32.822829,34.993815,19.387779
1684926239.71249,32.822829,34.993815,19.389201
1684926239.71257,32.822829,34.993815,19.390669
1684926239.77628,32.822829,34.993814,19.392178
1684926239.77637,32.822828,34.993814,19.393702
1684926239.7765,32.822828,34.993814,19.395218
1684926239.77657,32.822828,34.993814,19.396692
1684926239.78512,32.822828,34.993814,19.398126
1684926239.78523,32.822827,34.993813,19.399536
1684926239.7853,32.822827,34.993813,19.400896
1684926239.78536,32.822827,34.993813,19.402232
1684926239.84203,32.822827,34.993813,19.403537
1684926239.84213,32.822826,34.993813,19.40479
1684926239.84221,32.822826,34.993813,19.406015
1684926239.84226,32.822826,34.993812,19.407219
1684926239.84242,32.822826,34.993812,19.408399
1684926239.8425,32.822825,34.993812,19.409562
1684926239.84257,32.822825,34.993812,19.410698
1684926239.92357,32.822825,34.993812,19.411801
1684926239.92366,32.822825,34.993811,19.412896
1684926239.92373,32.822825,34.993811,19.413989
1684926239.92379,32.822824,34.993811,19.415086
1684926239.93287,32.822824,34.993811,19.416198
1684926239.93303,32.822824,34.993811,19.417303
1684926239.93311,32.822824,34.99381,19.418396
1684926239.93319,32.822823,34.99381,19.419485
1684926240.00113,32.822823,34.99381,19.420559
1684926240.00126,32.822823,34.99381,19.421642
1684926240.00135,32.822823,34.99381,19.422751
1684926240.00143,32.822822,34.993809,19.423875
1684926240.0015,32.822822,34.993809,19.425047
1684926240.00158,32.822822,34.993809,19.426262
1684926240.00775,32.822822,34.993809,19.427528
1684926240.00785,32.822821,34.993809,19.428861
1684926240.08076,32.822821,34.993808,19.430264
1684926240.08087,32.822821,34.993808,19.431737
1684926240.08094,32.822821,34.993808,19.433267
1684926240.09212,32.82282,34.993808,19.43485
1684926240.09233,32.82282,34.993808,19.436468
1684926240.09242,32.82282,34.993807,19.438151
1684926240.09823,32.82282,34.993807,19.439916
1684926240.1616,32.822819,34.993807,19.441745
1684926240.16174,32.822819,34.993807,19.443658
1684926240.1618,32.822818,34.993806,19.416395
1684926240.16192,32.822818,34.993806,19.418407
1684926240.17744,32.822818,34.993805,19.420499
1684926240.17754,32.822817,34.993805,19.422662
1684926240.1776,32.822817,34.993805,19.424883
1684926240.17767,32.822817,34.993805,19.427167
1684926240.24357,32.822817,34.993805,19.429492
1684926240.24373,32.822816,34.993804,19.431831
1684926240.24379,32.822816,34.993804,19.434199
1684926240.24392,32.822816,34.993804,19.436613
1684926240.24399,32.822816,34.993804,19.439056
1684926240.25315,32.822815,34.993804,19.44155
1684926240.25328,32.822815,34.993803,19.444095
1684926240.25333,32.822815,34.993803,19.446691
1684926240.31383,32.822815,34.993803,19.44931
1684926240.31393,32.822814,34.993803,19.451913
1684926240.31404,32.822814,34.993803,19.454471
1684926240.31412,32.822814,34.993802,19.45696
1684926240.31424,32.822814,34.993802,19.459354
1684926240.32152,32.822813,34.993802,19.46164
1684926240.32165,32.822813,34.993802,19.463858
1684926240.38743,32.822813,34.993802,19.466026
1684926240.38752,32.822813,34.993801,19.468184
1684926240.38763,32.822812,34.993801,19.470332
1684926240.38774,32.822812,34.993801,19.472466
1684926240.38786,32.822812,34.993801,19.474545
1684926240.39775,32.822812,34.993801,19.476572
1684926240.39786,32.822811,34.9938,19.478525
1684926240.39792,32.822811,34.9938,19.480417
1684926240.46662,32.822811,34.9938,19.482247
1684926240.46673,32.822811,34.9938,19.483978
1684926240.4668,32.82281,34.9938,19.485616
1684926240.46686,32.82281,34.993799,19.487163
1684926240.47639,32.82281,34.993799,19.488613
1684926240.47665,32.82281,34.993799,19.48995
1684926240.47675,32.822809,34.993799,19.491161
1684926240.47684,32.822809,34.993799,19.492254
1684926240.55347,32.822809,34.993798,19.493223
1684926240.55363,32.822809,34.993798,19.494076
1684926240.55371,32.822808,34.993798,19.494832
1684926240.56446,32.822808,34.993798,19.49552
1684926240.5646,32.822808,34.993798,19.496138
1684926240.56465,32.822808,34.993797,19.49665
1684926240.56476,32.822807,34.993797,19.49704
1684926240.56994,32.822807,34.993797,19.497287
1684926240.6011,32.822807,34.993797,19.497426
1684926240.60122,32.822807,34.993797,19.497487
1684926240.60129,32.822806,34.993796,19.497536
1684926240.60135,32.822806,34.993796,19.497621
1684926240.60146,32.822806,34.993796,19.497757
1684926240.60822,32.822806,34.993796,19.497923
1684926240.60831,32.822806,34.993796,19.498151
1684926240.69572,32.822805,34.993795,19.498451
1684926240.69585,32.822805,34.993795,19.49883
1684926240.69595,32.822805,34.993795,19.499265
1684926240.69607,32.822805,34.993795,19.499786
1684926240.70602,32.822804,34.993795,19.50036
1684926240.70611,32.822804,34.993795,19.500983
1684926240.70618,32.822804,34.993794,19.501654
1684926240.7063,32.822804,34.993794,19.502408
1684926240.77179,32.822803,34.993794,19.503309
1684926240.77189,32.822803,34.993794,19.504343
1684926240.772,32.822803,34.993794,19.505496
1684926240.77211,32.822803,34.993793,19.506766
1684926240.77218,32.822802,34.993793,19.50816
1684926240.78008,32.822802,34.993793,19.509658
1684926240.78016,32.822802,34.993793,19.511204
1684926240.78027,32.822802,34.993793,19.51275
1684926240.85291,32.822801,34.993792,19.514309
1684926240.85302,32.822801,34.993792,19.515895
1684926240.85309,32.822801,34.993792,19.517518
1684926240.85316,32.822801,34.993792,19.519175
1684926240.86295,32.8228,34.993792,19.520867
1684926240.86306,32.8228,34.993791,19.52259
1684926240.8632,32.8228,34.993791,19.524339
1684926240.93243,32.8228,34.993791,19.526111
1684926240.93255,32.822799,34.993791,19.527907
1684926240.93261,32.822799,34.993791,19.529727
1684926240.94369,32.822799,34.99379,19.531527
1684926240.94382,32.822799,34.99379,19.533278
1684926240.9439,32.822798,34.99379,19.53501
1684926240.95204,32.822798,34.99379,19.536702
1684926240.95214,32.822798,34.99379,19.538322
1684926241.01002,32.822798,34.993789,19.539875
1684926241.01016,32.822797,34.993789,19.541373
1684926241.01023,32.822797,34.993789,19.542792
1684926241.01036,32.822797,34.993789,19.544145
1684926241.01053,32.822797,34.993789,19.545429
1684926241.01064,32.822796,34.993788,19.54665
1684926241.01714,32.822796,34.993788,19.547833
1684926241.01726,32.822796,34.993788,19.548981
1684926241.07226,32.822796,34.993788,19.550117
1684926241.07236,32.822795,34.993788,19.551268
1684926241.07251,32.822795,34.993787,19.552415
1684926241.08352,32.822795,34.993787,19.553561
1684926241.08367,32.822795,34.993787,19.554729
1684926241.08373,32.822794,34.993787,19.555898
1684926241.10013,32.822794,34.993787,19.557086
1684926241.15967,32.822794,34.993786,19.558289
1684926241.15977,32.822794,34.993786,19.559506
1684926241.15988,32.822792,34.993785,19.591288
1684926241.16,32.822792,34.993785,19.59258
1684926241.16007,32.822792,34.993784,19.593885
1684926241.16013,32.822791,34.993784,19.595237
1684926241.16025,32.822791,34.993784,19.596646
1684926241.16576,32.822791,34.993784,19.598129
1684926241.23021,32.822791,34.993784,19.599711
1684926241.23033,32.82279,34.993783,19.601386
1684926241.23041,32.82279,34.993783,19.603117
1684926241.2415,32.82279,34.993783,19.604898
1684926241.24163,32.82279,34.993783,19.606729
1684926241.24168,32.822789,34.993783,19.608588
1684926241.24184,32.822789,34.993782,19.610485
1684926241.25346,32.822789,34.993782,19.612407
1684926241.32085,32.822789,34.993782,19.614343
1684926241.32103,32.822788,34.993782,19.616305
1684926241.32111,32.822788,34.993782,19.618281
1684926241.32118,32.822788,34.993781,19.620253
1684926241.32974,32.822788,34.993781,19.622225
1684926241.32985,32.822787,34.993781,19.624179
1684926241.32991,32.822787,34.993781,19.626085
1684926241.39689,32.822787,34.993781,19.627957
1684926241.39704,32.822787,34.99378,19.629775
1684926241.39711,32.822786,34.99378,19.631564
1684926241.39717,32.822786,34.99378,19.633331
1684926241.39724,32.822786,34.99378,19.635062
1684926241.39737,32.822786,34.99378,19.63677
1684926241.39743,32.822785,34.993779,19.638446
1684926241.40374,32.822785,34.993779,19.640088
1684926241.46061,32.822785,34.993779,19.641682
1684926241.46073,32.822785,34.993779,19.643252
1684926241.46084,32.822784,34.993779,19.644788
1684926241.46095,32.822784,34.993778,19.646305
1684926241.46106,32.822784,34.993778,19.647801
1684926241.46118,32.822784,34.993778,19.64925
1684926241.46839,32.822783,34.993778,19.650647
1684926241.46849,32.822783,34.993778,19.651998
1684926241.54703,32.822783,34.993777,19.653317
1684926241.54714,32.822783,34.993777,19.654591
1684926241.54721,32.822782,34.993777,19.655834
1684926241.54728,32.822782,34.993777,19.657034
1684926241.54735,32.822782,34.993777,19.658219
1684926241.55454,32.822782,34.993776,19.659368
1684926241.55482,32.822781,34.993776,19.660508
1684926241.5549,32.822781,34.993776,19.661628
1684926241.61763,32.822781,34.993776,19.662742
1684926241.61772,32.822781,34.993776,19.663854
1684926241.61783,32.82278,34.993775,19.664945
1684926241.62892,32.82278,34.993775,19.666016
1684926241.62904,32.82278,34.993775,19.667054
1684926241.62912,32.82278,34.993775,19.668058
1684926241.63625,32.822779,34.993775,19.66905
1684926241.6981,32.822779,34.993774,19.67001
1684926241.6982,32.822779,34.993774,19.670923
1684926241.69826,32.822779,34.993774,19.671808
1684926241.69842,32.822778,34.993774,19.672649
1684926241.70839,32.822778,34.993774,19.673441
1684926241.70853,32.822778,34.993773,19.674224
1684926241.70859,32.822777,34.993773,19.674988
1684926241.70872,32.822777,34.993773,19.675744
1684926241.77877,32.822777,34.993773,19.676504
1684926241.77889,32.822777,34.993773,19.677245
1684926241.77897,32.822776,34.993772,19.677984
1684926241.77904,32.822776,34.993772,19.678703
1684926241.78883,32.822776,34.993772,19.679386
1684926241.78917,32.822776,34.993772,19.680029
1684926241.78923,32.822775,34.993772,19.680638
1684926241.78931,32.822775,34.993771,19.681194
1684926241.83567,32.822775,34.993771,19.681704
1684926241.83575,32.822775,34.993771,19.682179
1684926241.83586,32.822774,34.993771,19.682619
1684926241.84867,32.822774,34.99377,19.683059
1684926241.84876,32.822774,34.99377,19.683495
1684926241.84887,32.822774,34.99377,19.683936
1684926241.84899,32.822773,34.99377,19.684396
1684926241.92038,32.822773,34.99377,19.684869
1684926241.92046,32.822773,34.993769,19.685359
1684926241.92057,32.822773,34.993769,19.685864
1684926241.92068,32.822772,34.993769,19.686374
1684926241.92951,32.822772,34.993769,19.686906
1684926241.92962,32.822772,34.993769,19.687466
1684926241.92968,32.822772,34.993768,19.688045
1684926241.92985,32.822771,34.993768,19.688644
1684926242.00915,32.822771,34.993768,19.689271
1684926242.00933,32.822771,34.993768,19.689911
1684926242.00939,32.822771,34.993768,19.690565
1684926242.00945,32.82277,34.993767,19.69122
1684926242.01878,32.82277,34.993767,19.691888
1684926242.01888,32.82277,34.993767,19.692547
1684926242.01894,32.82277,34.993767,19.693202
1684926242.019,32.822769,34.993766,19.693875
1684926242.08117,32.822769,34.993766,19.694559
1684926242.0813,32.822769,34.993766,19.695254
1684926242.08137,32.822769,34.993766,19.695954
1684926242.08144,32.822768,34.993766,19.696653
1684926242.09074,32.822768,34.993765,19.697385
1684926242.09085,32.822768,34.993765,19.698131
1684926242.09097,32.822768,34.993765,19.698879
1684926242.16288,32.822767,34.993765,19.699638
1684926242.16298,32.822767,34.993765,19.700409
1684926242.16517,32.822765,34.993763,19.778484
1684926242.16524,32.822765,34.993763,19.779463
1684926242.1653,32.822764,34.993763,19.780471
1684926242.16546,32.822764,34.993763,19.781518
1684926242.16554,32.822764,34.993762,19.78261
1684926242.16569,32.822764,34.993762,19.78373
1684926242.2385,32.822763,34.993762,19.784898
1684926242.23871,32.822763,34.993762,19.786089
1684926242.2388,32.822763,34.993762,19.787303
1684926242.23886,32.822763,34.993761,19.788554
1684926242.23894,32.822762,34.993761,19.789866
1684926242.23902,32.822762,34.993761,19.791257
1684926242.24679,32.822762,34.993761,19.792736
1684926242.24696,32.822762,34.99376,19.794293
1684926242.30348,32.822761,34.99376,19.795934
1684926242.30356,32.822761,34.99376,19.79767
1684926242.30367,32.822761,34.99376,19.799468
1684926242.30374,32.822761,34.99376,19.801309
1684926242.30384,32.82276,34.993759,19.803147
1684926242.30396,32.82276,34.993759,19.804967
1684926242.30408,32.82276,34.993759,19.80678
1684926242.38572,32.82276,34.993759,19.808572
1684926242.38585,32.822759,34.993759,19.810328
1684926242.38598,32.822759,34.993758,19.812044
1684926242.38604,32.822759,34.993758,19.813722
1684926242.3861,32.822759,34.993758,19.815363
1684926242.39502,32.822758,34.993758,19.81696
1684926242.39513,32.822758,34.993758,19.818515
1684926242.39524,32.822758,34.993757,19.820055
1684926242.468,32.822758,34.993757,19.821575
1684926242.46808,32.822757,34.993757,19.82306
1684926242.46819,32.822757,34.993757,19.824539
1684926242.46831,32.822757,34.993756,19.825998
1684926242.46843,32.822756,34.993756,19.827456
1684926242.46851,32.822756,34.993756,19.828908
1684926242.46864,32.822756,34.993756,19.830344
1684926242.47518,32.822756,34.993756,19.831772
1684926242.55274,32.822755,34.993755,19.833192
1684926242.55287,32.822755,34.993755,19.834619
1684926242.55296,32.822755,34.993755,19.836081
1684926242.55303,32.822755,34.993755,19.837587
1684926242.56296,32.822754,34.993755,19.839138
1684926242.56308,32.822754,34.993754,19.84078
1684926242.56317,32.822754,34.993754,19.842492
1684926242.57111,32.822754,34.993754,19.84428
1684926242.60697,32.822753,34.993754,19.84616
1684926242.60714,32.822753,34.993753,19.848126
1684926242.60724,32.822753,34.993753,19.850175
1684926242.61738,32.822753,34.993753,19.852271
1684926242.61749,32.822752,34.993753,19.854376
1684926242.61755,32.822752,34.993753,19.856467
1684926242.61761,32.822752,34.993752,19.858499
1684926242.68978,32.822752,34.993752,19.860469
1684926242.68987,32.822751,34.993752,19.862352
1684926242.68999,32.822751,34.993752,19.864133
1684926242.69005,32.822751,34.993751,19.865828
1684926242.69845,32.822751,34.993751,19.867442
1684926242.69863,32.82275,34.993751,19.869022
1684926242.69873,32.82275,34.993751,19.870607
1684926242.69881,32.82275,34.99375,19.872195
1684926242.76043,32.82275,34.99375,19.873806
1684926242.76056,32.822749,34.99375,19.875411
1684926242.76062,32.822749,34.99375,19.877019
1684926242.76069,32.822749,34.99375,19.878656
1684926242.76076,32.822749,34.993749,19.880329
1684926242.76084,32.822748,34.993749,19.882066
1684926242.7739,32.822748,34.993749,19.883896
1684926242.77401,32.822748,34.993749,19.885799
1684926242.85187,32.822747,34.993748,19.887786
1684926242.85205,32.822747,34.993748,19.889851
1684926242.85212,32.822747,34.993748,19.891962
1684926242.87308,32.822747,34.993748,19.89413
1684926242.87332,32.822746,34.993748,19.896351
1684926242.87341,32.822746,34.993747,19.898592
1684926242.87348,32.822746,34.993747,19.90083
1684926242.933,32.822746,34.993747,19.903042
1684926242.93309,32.822745,34.993747,19.90521
1684926242.93315,32.822745,34.993746,19.907347
1684926242.94426,32.822745,34.993746,19.909428
1684926242.94438,32.822745,34.993746,19.911457
1684926242.94449,32.822744,34.993746,19.913441
1684926242.94459,32.822744,34.993745,19.91539
1684926242.95131,32.822744,34.993745,19.917311
1684926243.01341,32.822744,34.993745,19.919204
1684926243.01353,32.822743,34.993745,19.921059
1684926243.01358,32.822743,34.993745,19.922873
1684926243.0137,32.822743,34.993744,19.92465
1684926243.01381,32.822742,34.993744,19.926391
1684926243.01393,32.822742,34.993744,19.92807
1684926243.02103,32.822742,34.993744,19.92969
1684926243.02116,32.822742,34.993743,19.931246
1684926243.07959,32.822741,34.993743,19.932733
1684926243.07971,32.822741,34.993743,19.934187
1684926243.07978,32.822741,34.993743,19.935596
1684926243.08941,32.822741,34.993742,19.936946
1684926243.0895,32.82274,34.993742,19.938249
1684926243.08956,32.82274,34.993742,19.93952
1684926243.08962,32.82274,34.993742,19.940791
1684926243.15163,32.82274,34.993742,19.942069
1684926243.15175,32.822739,34.993741,19.943341
1684926243.15181,32.822738,34.993739,20.066297
1684926243.15191,32.822738,34.993739,20.067742
1684926243.16176,32.822738,34.993739,20.069204
1684926243.16188,32.822738,34.993739,20.070663
1684926243.16195,32.822737,34.993738,20.072114
1684926243.16202,32.822737,34.993738,20.073585
1684926243.23158,32.822737,34.993738,20.075046
1684926243.2317,32.822736,34.993738,20.076489
1684926243.23175,32.822736,34.993737,20.077897
1684926243.23187,32.822736,34.993737,20.079278
1684926243.24326,32.822736,34.993737,20.080631
1684926243.24339,32.822735,34.993737,20.081943
1684926243.24344,32.822735,34.993736,20.083204
1684926243.25398,32.822735,34.993736,20.084443
1684926243.32143,32.822735,34.993736,20.085696
1684926243.32153,32.822734,34.993736,20.08699
1684926243.32164,32.822734,34.993735,20.08838
1684926243.32177,32.822734,34.993735,20.089873
1684926243.32952,32.822733,34.993735,20.091482
1684926243.32965,32.822733,34.993735,20.093224
1684926243.3297,32.822733,34.993734,20.095113
1684926243.40406,32.822733,34.993734,20.097124
1684926243.40419,32.822732,34.993734,20.099228
1684926243.40424,32.822732,34.993734,20.101428
1684926243.40437,32.822732,34.993733,20.103698
1684926243.41274,32.822731,34.993733,20.10605
1684926243.41285,32.822731,34.993733,20.10845
1684926243.41292,32.822731,34.993733,20.110862
1684926243.41299,32.822731,34.993732,20.113272
1684926243.46595,32.82273,34.993732,20.115641
1684926243.46607,32.82273,34.993732,20.117953
1684926243.46616,32.82273,34.993732,20.120186
1684926243.48774,32.822729,34.993731,20.122342
1684926243.48787,32.822729,34.993731,20.124419
1684926243.48794,32.822729,34.993731,20.126414
1684926243.48826,32.822729,34.993731,20.128331
1684926243.49519,32.822728,34.99373,20.130186
1684926243.54455,32.822728,34.99373,20.131993
1684926243.54467,32.822728,34.99373,20.133716
1684926243.55817,32.822728,34.99373,20.135365
1684926243.55832,32.822727,34.993729,20.13696
1684926243.55838,32.822727,34.993729,20.138505
1684926243.55844,32.822727,34.993729,20.140015
1684926243.55856,32.822726,34.993729,20.141495
1684926243.55861,32.822726,34.993728,20.142938
1684926243.62875,32.822726,34.993728,20.144353
1684926243.62885,32.822726,34.993728,20.14576
1684926243.62892,32.822725,34.993727,20.14716
1684926243.6327,32.822725,34.993727,20.148579
1684926243.63277,32.822725,34.993727,20.150024
1684926243.63649,32.822724,34.993727,20.151504
1684926243.6366,32.822724,34.993726,20.152992
1684926243.70384,32.822724,34.993726,20.154463
1684926243.70394,32.822724,34.993726,20.155886
1684926243.70405,32.822723,34.993726,20.157268
1684926243.70411,32.822723,34.993725,20.158607
1684926243.71286,32.822723,34.993725,20.15988
1684926243.71302,32.822722,34.993725,20.161088
1684926243.71311,32.822722,34.993725,20.162259
1684926243.7132,32.822722,34.993724,20.163362
1684926243.78187,32.822722,34.993724,20.164403
1684926243.78202,32.822721,34.993724,20.165409
1684926243.78208,32.822721,34.993724,20.166398
1684926243.78225,32.822721,34.993723,20.167398
1684926243.79079,32.822721,34.993723,20.168402
1684926243.79092,32.82272,34.993723,20.169387
1684926243.79099,32.82272,34.993723,20.170372
1684926243.79106,32.82272,34.993722,20.171374
1684926243.84877,32.822719,34.993722,20.172404
1684926243.84889,32.822719,34.993722,20.173457
1684926243.84934,32.822719,34.993722,20.174527
1684926243.84941,32.822719,34.993721,20.175609
1684926243.84953,32.822718,34.993721,20.176711
1684926243.85749,32.822718,34.993721,20.177854
1684926243.85761,32.822718,34.993721,20.179047
1684926243.92095,32.822717,34.99372,20.180284
1684926243.92111,32.822717,34.99372,20.181541
1684926243.92116,32.822717,34.99372,20.182801
1684926243.92132,32.822717,34.99372,20.184069
1684926243.93189,32.822716,34.993719,20.18536
1684926243.93204,32.822716,34.993719,20.186683
1684926243.93211,32.822716,34.993719,20.188026
1684926243.93222,32.822715,34.993719,20.189394
1684926244.00057,32.822715,34.993718,20.190788
1684926244.0007,32.822715,34.993718,20.192206
1684926244.00079,32.822715,34.993718,20.19365
1684926244.00087,32.822714,34.993717,20.195136
1684926244.01072,32.822714,34.993717,20.196694
1684926244.01081,32.822714,34.993717,20.198302
1684926244.01092,32.822713,34.993717,20.199955
1684926244.01762,32.822713,34.993716,20.201663
1684926244.08892,32.822713,34.993716,20.203413
1684926244.08905,32.822713,34.993716,20.205194
1684926244.08914,32.822712,34.993716,20.206976
1684926244.08922,32.822712,34.993715,20.208716
1684926244.09684,32.822712,34.993715,20.210396
1684926244.09694,32.822711,34.993715,20.212059
1684926244.09705,32.822711,34.993715,20.213704
1684926244.16035,32.822711,34.993714,20.215348
1684926244.16046,32.82271,34.993714,20.217014
1684926244.16058,32.822709,34.993712,20.274117
1684926244.17162,32.822709,34.993712,20.275934
1684926244.17172,32.822709,34.993712,20.27779
1684926244.17186,32.822708,34.993711,20.279682
1684926244.17193,32.822708,34.993711,20.281599
1684926244.18257,32.822708,34.993711,20.283524
1684926244.24809,32.822707,34.99371,20.285454
1684926244.24819,32.822707,34.99371,20.287383
1684926244.2483,32.822707,34.99371,20.289324
1684926244.24839,32.822707,34.99371,20.291273
1684926244.2485,32.822706,34.993709,20.2932
1684926244.24864,32.822706,34.993709,20.295085
1684926244.2567,32.822706,34.993709,20.296916
1684926244.25677,32.822705,34.993709,20.298735
1684926244.3125,32.822705,34.993708,20.300534
1684926244.3126,32.822705,34.993708,20.302311
1684926244.31271,32.822704,34.993708,20.30406
1684926244.31282,32.822704,34.993708,20.305782
1684926244.31295,32.822704,34.993707,20.307461
1684926244.32077,32.822704,34.993707,20.30911
1684926244.32087,32.822703,34.993707,20.310724
1684926244.37757,32.822703,34.993706,20.312307
1684926244.37767,32.822703,34.993706,20.313859
1684926244.37776,32.822702,34.993706,20.315375
1684926244.39928,32.822702,34.993706,20.316862
1684926244.39947,32.822702,34.993705,20.318302
1684926244.39961,32.822702,34.993705,20.319698
1684926244.40755,32.822701,34.993705,20.321045
1684926244.40764,32.822701,34.993705,20.322371
1684926244.46309,32.822701,34.993704,20.323673
1684926244.4633,32.8227,34.993704,20.324974
1684926244.49835,32.8227,34.993704,20.326277
1684926244.49848,32.8227,34.993704,20.32756
1684926244.49855,32.8227,34.993703,20.328803
1684926244.49861,32.822699,34.993703,20.330012
1684926244.49868,32.822699,34.993703,20.331169
1684926244.49875,32.822699,34.993702,20.332284
1684926244.55493,32.822698,34.993702,20.333366
1684926244.55504,32.822698,34.993702,20.334435
1684926244.55509,32.822698,34.993702,20.335497
1684926244.55521,32.822698,34.993701,20.336532
1684926244.55532,32.822697,34.993701,20.337532
1684926244.56423,32.822697,34.993701,20.338494
1684926244.56448,32.822697,34.993701,20.339422
1684926244.56456,32.822696,34.9937,20.340324
1684926244.61026,32.822696,34.9937,20.34121
1684926244.61035,32.822696,34.9937,20.34208
1684926244.61047,32.822696,34.9937,20.342929
1684926244.61056,32.822695,34.993699,20.343771
1684926244.62097,32.822695,34.993699,20.344628
1684926244.6211,32.822695,34.993699,20.345515
1684926244.62116,32.822694,34.993699,20.346462
1684926244.6878,32.822694,34.993698,20.347504
1684926244.68791,32.822694,34.993698,20.348672
1684926244.68802,32.822694,34.993698,20.349986
1684926244.69804,32.822693,34.993697,20.351444
1684926244.69818,32.822693,34.993697,20.353038
1684926244.71303,32.822693,34.993697,20.354779
1684926244.71315,32.822692,34.993697,20.356674
1684926244.71323,32.822692,34.993696,20.35871
1684926244.77775,32.822692,34.993696,20.36087
1684926244.77813,32.822692,34.993696,20.363104
1684926244.77824,32.822691,34.993696,20.365369
1684926244.77832,32.822691,34.993695,20.367645
1684926244.77842,32.822691,34.993695,20.369934
1684926244.78757,32.82269,34.993695,20.372246
1684926244.78766,32.82269,34.993695,20.374589
1684926244.78779,32.82269,34.993694,20.376971
1684926244.8495,32.82269,34.993694,20.379393
1684926244.8496,32.822689,34.993694,20.381835
1684926244.84971,32.822689,34.993694,20.384293
1684926244.84982,32.822689,34.993693,20.386749
1684926244.84993,32.822689,34.993693,20.389212
1684926244.85005,32.822688,34.993693,20.391648
1684926244.85589,32.822688,34.993693,20.394063
1684926244.92953,32.822688,34.993692,20.396443
1684926244.92963,32.822687,34.993692,20.398793
1684926244.92974,32.822687,34.993692,20.401085
1684926244.92985,32.822687,34.993692,20.403331
1684926244.92997,32.822687,34.993691,20.40551
1684926244.94778,32.822686,34.993691,20.407611
1684926244.94791,32.822686,34.993691,20.409618
1684926244.948,32.822686,34.993691,20.4115
1684926245.00909,32.822686,34.99369,20.413285
1684926245.00921,32.822685,34.99369,20.414982
1684926245.00931,32.822685,34.99369,20.416602
1684926245.00937,32.822685,34.99369,20.418131
1684926245.00949,32.822684,34.993689,20.41959
1684926245.0096,32.822684,34.993689,20.420996
1684926245.01754,32.822684,34.993689,20.422343
1684926245.0177,32.822684,34.993689,20.423651
1684926245.08113,32.822683,34.993688,20.424905
1684926245.08125,32.822683,34.993688,20.426119
1684926245.08132,32.822683,34.993688,20.427306
1684926245.08139,32.822683,34.993688,20.428472
1684926245.09114,32.822682,34.993688,20.429638
1684926245.09125,32.822682,34.993687,20.43083
1684926245.09132,32.822682,34.993687,20.432052
1684926245.15396,32.822682,34.993687,20.433311
1684926245.15405,32.822681,34.993687,20.434585
1684926245.15443,32.822678,34.993685,20.603347
1684926245.15454,32.822678,34.993685,20.604841
1684926245.15463,32.822677,34.993685,20.606345
1684926245.15471,32.822677,34.993685,20.60787
1684926245.15483,32.822677,34.993684,20.609415
1684926245.16068,32.822677,34.993684,20.610986
1684926245.23517,32.822676,34.993684,20.612581
1684926245.23532,32.822676,34.993684,20.614199
1684926245.2354,32.822676,34.993683,20.615839
1684926245.23546,32.822676,34.993683,20.61751
1684926245.23554,32.822675,34.993683,20.619203
1684926245.26042,32.822675,34.993683,20.620919
1684926245.2605,32.822675,34.993683,20.622638
1684926245.26061,32.822675,34.993682,20.624346
1684926245.31557,32.822674,34.993682,20.62603
1684926245.3157,32.822674,34.993682,20.627669
1684926245.31577,32.822674,34.993682,20.629268
1684926245.31583,32.822673,34.993681,20.63081
1684926245.31591,32.822673,34.993681,20.632278
1684926245.32349,32.822673,34.993681,20.633689
1684926245.32362,32.822673,34.993681,20.635051
1684926245.39281,32.822672,34.99368,20.636402
1684926245.39295,32.822672,34.99368,20.637766
1684926245.39301,32.822672,34.99368,20.639148
1684926245.39317,32.822672,34.99368,20.640551
1684926245.40332,32.822671,34.99368,20.641977
1684926245.40343,32.822671,34.993679,20.643437
1684926245.40354,32.822671,34.993679,20.644952
1684926245.40365,32.822671,34.993679,20.646547
1684926245.45798,32.82267,34.993679,20.648233
1684926245.45808,32.82267,34.993678,20.65001
1684926245.45819,32.82267,34.993678,20.651843
1684926245.45826,32.82267,34.993678,20.653736
1684926245.45839,32.822669,34.993678,20.655664
1684926245.45849,32.822669,34.993678,20.657625
1684926245.46692,32.822669,34.993677,20.659626
1684926245.46704,32.822669,34.993677,20.66166
1684926245.53708,32.822668,34.993677,20.663735
1684926245.53721,32.822668,34.993677,20.665859
1684926245.53728,32.822668,34.993676,20.668007
1684926245.53733,32.822668,34.993676,20.670176
1684926245.53745,32.822667,34.993676,20.672381
1684926245.53752,32.822667,34.993676,20.674599
1684926245.5376,32.822667,34.993676,20.6768
1684926245.53766,32.822667,34.993675,20.678964
1684926245.6212,32.822667,34.993675,20.681065
1684926245.62137,32.822666,34.993675,20.683087
1684926245.62147,32.822666,34.993675,20.685032
1684926245.62156,32.822666,34.993674,20.686885
1684926245.62167,32.822666,34.993674,20.688651
1684926245.62184,32.822665,34.993674,20.690336
1684926245.62196,32.822665,34.993674,20.691909
1684926245.70059,32.822665,34.993674,20.693376
1684926245.70072,32.822665,34.993673,20.694749
1684926245.70078,32.822664,34.993673,20.696008
1684926245.7118,32.822664,34.993673,20.697164
1684926245.71189,32.822664,34.993673,20.698223
1684926245.71195,32.822664,34.993672,20.699193
1684926245.71934,32.822663,34.993672,20.700091
1684926245.71946,32.822663,34.993672,20.700917
1684926245.77835,32.822663,34.993672,20.701654
1684926245.77845,32.822663,34.993672,20.702302
1684926245.77852,32.822663,34.993671,20.702876
1684926245.79032,32.822662,34.993671,20.70339
1684926245.79041,32.822662,34.993671,20.703879
1684926245.79048,32.822662,34.993671,20.704378
1684926245.79055,32.822662,34.993671,20.704918
1684926245.79061,32.822661,34.99367,20.705513
1684926245.84268,32.822661,34.99367,20.706175
1684926245.84281,32.822661,34.99367,20.706893
1684926245.84292,32.822661,34.99367,20.707662
1684926245.84305,32.822661,34.993669,20.708464
1684926245.84313,32.82266,34.993669,20.709285
1684926245.86039,32.82266,34.993669,20.710145
1684926245.86058,32.82266,34.993669,20.711044
1684926245.9246,32.82266,34.993669,20.712008
1684926245.92474,32.822659,34.993668,20.713047
1684926245.9248,32.822659,34.993668,20.714159
1684926245.92486,32.822659,34.993668,20.715364
1684926245.92494,32.822659,34.993668,20.716664
1684926245.925,32.822659,34.993668,20.718045
1684926245.93357,32.822658,34.993667,20.71948
1684926245.93373,32.822658,34.993667,20.720954
1684926246.00876,32.822658,34.993667,20.722417
1684926246.00889,32.822658,34.993667,20.723874
1684926246.00895,32.822657,34.993667,20.725307
1684926246.00901,32.822657,34.993666,20.726711
1684926246.00909,32.822657,34.993666,20.72808
1684926246.00915,32.822657,34.993666,20.729391
1684926246.00921,32.822657,34.993666,20.730644
1684926246.01477,32.822656,34.993666,20.731849
1684926246.08805,32.822656,34.993665,20.733
1684926246.08819,32.822656,34.993665,20.734107
1684926246.08831,32.822656,34.993665,20.735163
1684926246.09875,32.822655,34.993665,20.736179
1684926246.09886,32.822655,34.993665,20.737165
1684926246.09893,32.822655,34.993664,20.738127
1684926246.09905,32.822655,34.993664,20.739068
1684926246.15842,32.822655,34.993664,20.739999
1684926246.15855,32.822654,34.993664,20.740912
1684926246.15862,32.822651,34.993662,20.908359
1684926246.15868,32.822651,34.993662,20.909464
1684926246.15875,32.822651,34.993661,20.910577
1684926246.15881,32.822651,34.993661,20.911703
1684926246.15889,32.82265,34.993661,20.912854
1684926246.16505,32.82265,34.993661,20.914041
1684926246.23861,32.82265,34.993661,20.91526
1684926246.23872,32.82265,34.99366,20.916491
1684926246.23883,32.822649,34.99366,20.917708
1684926246.23889,32.822649,34.99366,20.9189
1684926246.24946,32.822649,34.99366,20.920075
1684926246.24958,32.822649,34.99366,20.921276
1684926246.24967,32.822649,34.99366,20.922504
1684926246.24973,32.822648,34.993659,20.923768
1684926246.30412,32.822648,34.993659,20.925059
1684926246.30423,32.822648,34.993659,20.926341
1684926246.30431,32.822648,34.993659,20.927607
1684926246.30437,32.822647,34.993659,20.92885
1684926246.30444,32.822647,34.993658,20.930061
1684926246.31241,32.822647,34.993658,20.931266
1684926246.31252,32.822647,34.993658,20.932472
1684926246.38643,32.822647,34.993658,20.933681
1684926246.38942,32.822646,34.993658,20.9349
1684926246.38951,32.822646,34.993657,20.936124
1684926246.39642,32.822646,34.993657,20.937367
1684926246.3965,32.822646,34.993657,20.938627
1684926246.39664,32.822646,34.993657,20.939887
1684926246.39673,32.822645,34.993657,20.941128
1684926246.3968,32.822645,34.993656,20.942331
1684926246.46324,32.822645,34.993656,20.943495
1684926246.46334,32.822645,34.993656,20.94462
1684926246.46345,32.822645,34.993656,20.945726
1684926246.46357,32.822644,34.993656,20.946837
1684926246.4736,32.822644,34.993655,20.947963
1684926246.4737,32.822644,34.993655,20.949081
1684926246.47377,32.822644,34.993655,20.950184
1684926246.47383,32.822644,34.993655,20.951266
1684926246.55177,32.822643,34.993655,20.952346
1684926246.55188,32.822643,34.993654,20.953459
1684926246.55195,32.822643,34.993654,20.95457
1684926246.552,32.822643,34.993654,20.955681
1684926246.55212,32.822642,34.993654,20.956809
1684926246.56123,32.822642,34.993654,20.957955
1684926246.56134,32.822642,34.993654,20.959143
1684926246.56146,32.822642,34.993653,20.960371
1684926246.61868,32.822642,34.993653,20.961612
1684926246.61879,32.822641,34.993653,20.962833
1684926246.61884,32.822641,34.993653,20.964022
1684926246.61891,32.822641,34.993653,20.965142
1684926246.61903,32.822641,34.993652,20.966199
1684926246.62616,32.822641,34.993652,20.967199
1684926246.62624,32.82264,34.993652,20.968143
1684926246.69206,32.82264,34.993652,20.969014
1684926246.69227,32.82264,34.993652,20.969814
1684926246.69232,32.82264,34.993651,20.970558
1684926246.69243,32.82264,34.993651,20.971266
1684926246.69255,32.822639,34.993651,20.971978
1684926246.69919,32.822639,34.993651,20.972686
1684926246.69927,32.822639,34.993651,20.973364
1684926246.69938,32.822639,34.993651,20.974029
1684926246.76767,32.822639,34.99365,20.97467
1684926246.76778,32.822638,34.99365,20.975313
1684926246.76783,32.822638,34.99365,20.975942
1684926246.76795,32.822638,34.99365,20.976563
1684926246.77619,32.822638,34.99365,20.977176
1684926246.77629,32.822638,34.993649,20.977786
1684926246.77635,32.822637,34.993649,20.978372
1684926246.77641,32.822637,34.993649,20.978933
1684926246.84897,32.822637,34.993649,20.979494
1684926246.84906,32.822637,34.993649,20.980074
1684926246.84917,32.822636,34.993648,20.980686
1684926246.84929,32.822636,34.993648,20.98133
1684926246.85921,32.822636,34.993648,20.982026
1684926246.85932,32.822636,34.993648,20.982768
1684926246.85938,32.822636,34.993648,20.983564
1684926246.92903,32.822635,34.993648,20.984417
1684926246.92914,32.822635,34.993647,20.985315
1684926246.92922,32.822635,34.993647,20.986255
1684926246.93969,32.822635,34.993647,20.987218
1684926246.93978,32.822635,34.993647,20.988206
1684926246.93995,32.822634,34.993647,20.989192
1684926246.94013,32.822634,34.993646,20.990155
1684926246.94022,32.822634,34.993646,20.991123
1684926247.01016,32.822634,34.993646,20.992138
1684926247.01029,32.822634,34.993646,20.993194
1684926247.01035,32.822633,34.993646,20.994295
1684926247.01049,32.822633,34.993646,20.99547
1684926247.01964,32.822633,34.993645,20.99677
1684926247.01975,32.822633,34.993645,20.998227
1684926247.01982,32.822633,34.993645,20.9998
1684926247.01994,32.822632,34.993645,21.001432
1684926247.07229,32.822632,34.993645,21.003116
1684926247.07239,32.822632,34.993644,21.004859
1684926247.07249,32.822632,34.993644,21.006635
1684926247.07255,32.822632,34.993644,21.008452
1684926247.07266,32.822631,34.993644,21.010302
1684926247.07273,32.822631,34.993644,21.012159
1684926247.07883,32.822631,34.993644,21.013969
1684926247.15186,32.822631,34.993643,21.015702
1684926247.15201,32.822631,34.993643,21.017432
1684926247.15211,32.82263,34.993642,21.070149
1684926247.162,32.822629,34.993641,21.071981
1684926247.16216,32.822629,34.993641,21.073782
1684926247.16223,32.822629,34.993641,21.075548
1684926247.17054,32.822629,34.993641,21.07728
1684926247.17066,32.822629,34.993641,21.078968
1684926247.23041,32.822628,34.99364,21.080612
1684926247.2305,32.822628,34.99364,21.082189
1684926247.23061,32.822628,34.99364,21.083708
1684926247.23074,32.822628,34.99364,21.085166
1684926247.23986,32.822628,34.99364,21.086551
1684926247.24142,32.822627,34.993639,21.087852
1684926247.2415,32.822627,34.993639,21.089098
1684926247.24161,32.822627,34.993639,21.090286
1684926247.31568,32.822627,34.993639,21.091418
1684926247.31579,32.822627,34.993639,21.092521
1684926247.31585,32.822626,34.993639,21.093585
1684926247.42549,32.822626,34.993638,21.094617
1684926247.42557,32.822626,34.993638,21.09559
1684926247.42567,32.822626,34.993638,21.096509
1684926247.43999,32.822626,34.993638,21.097418
1684926247.44009,32.822625,34.993638,21.098351
1684926247.44019,32.822625,34.993637,21.099306
1684926247.44026,32.822625,34.993637,21.100266
1684926247.44038,32.822625,34.993637,21.101189
1684926247.44961,32.822625,34.993637,21.102085
1684926247.4497,32.822624,34.993637,21.10299
1684926247.44976,32.822624,34.993637,21.103916
1684926247.44989,32.822624,34.993636,21.104829
1684926247.46583,32.822624,34.993636,21.105731
1684926247.46596,32.822624,34.993636,21.106613
1684926247.46603,32.822623,34.993636,21.107471
1684926247.47611,32.822623,34.993636,21.108314
1684926247.47624,32.822623,34.993636,21.109147
1684926247.47629,32.822623,34.993635,21.109966
1684926247.47642,32.822623,34.993635,21.11078
1684926247.48247,32.822622,34.993635,21.111598
1684926247.53825,32.822622,34.993635,21.112423
1684926247.53837,32.822622,34.993635,21.113281
1684926247.53845,32.822622,34.993634,21.114176
1684926247.54944,32.822622,34.993634,21.115106
1684926247.54953,32.822622,34.993634,21.116065
1684926247.54963,32.822621,34.993634,21.117067
1684926247.54975,32.822621,34.993634,21.118089
1684926247.54986,32.822621,34.993634,21.11913
1684926247.62463,32.822621,34.993633,21.120174
1684926247.62475,32.822621,34.993633,21.12122
1684926247.62482,32.82262,34.993633,21.122263
1684926247.63586,32.82262,34.993633,21.123311
1684926247.63598,32.82262,34.993633,21.124369
1684926247.63604,32.82262,34.993633,21.125434
1684926247.64331,32.82262,34.993632,21.126516
1684926247.69673,32.822619,34.993632,21.127608
1684926247.69686,32.822619,34.993632,21.128701
1684926247.69692,32.822619,34.993632,21.129793
1684926247.69704,32.822619,34.993632,21.130897
1684926247.70709,32.822619,34.993632,21.132014
1684926247.70722,32.822619,34.993631,21.133126
1684926247.70733,32.822618,34.993631,21.134209
1684926247.71873,32.822618,34.993631,21.135266
1684926247.78445,32.822618,34.993631,21.136323
1684926247.78455,32.822618,34.993631,21.137397
1684926247.78462,32.822618,34.993631,21.138459
1684926247.78473,32.822617,34.99363,21.139504
1684926247.79219,32.822617,34.99363,21.140523
1684926247.7923,32.822617,34.99363,21.141506
1684926247.79243,32.822617,34.99363,21.142443
1684926247.7925,32.822617,34.99363,21.143344
1684926247.84368,32.822616,34.99363,21.144239
1684926247.84377,32.822616,34.993629,21.145134
1684926247.84389,32.822616,34.993629,21.146028
1684926247.84398,32.822616,34.993629,21.146904
1684926247.85176,32.822616,34.993629,21.147756
1684926247.85186,32.822616,34.993629,21.14861
1684926247.85191,32.822615,34.993629,21.149436
1684926247.92922,32.822615,34.993628,21.150214
1684926247.9294,32.822615,34.993628,21.150954
1684926247.92946,32.822615,34.993628,21.151686
1684926247.92958,32.822615,34.993628,21.152433
1684926247.9297,32.822614,34.993628,21.153179
1684926247.92978,32.822614,34.993628,21.153896
1684926247.9299,32.822614,34.993627,21.154587
1684926247.92997,32.822614,34.993627,21.155278
1684926248.01219,32.822614,34.993627,21.155971
1684926248.01234,32.822614,34.993627,21.156649
1684926248.01241,32.822613,34.993627,21.157305
1684926248.01249,32.822613,34.993627,21.157938
1684926248.01256,32.822613,34.993626,21.158553
1684926248.01266,32.822613,34.993626,21.159169
1684926248.01273,32.822613,34.993626,21.159791
1684926248.01885,32.822612,34.993626,21.160426
1684926248.08869,32.822612,34.993626,21.161078
1684926248.08883,32.822612,34.993626,21.16175
1684926248.08891,32.822612,34.993625,21.162453
1684926248.08904,32.822612,34.993625,21.163205
1684926248.08913,32.822612,34.993625,21.16399
1684926248.11285,32.822611,34.993625,21.164797
1684926248.11297,32.822611,34.993625,21.165623
1684926248.15952,32.822611,34.993625,21.166462
1684926248.15961,32.822611,34.993624,21.167318
1684926248.15972,32.82261,34.993624,21.293006
1684926248.1598,32.82261,34.993624,21.294046
1684926248.16938,32.822609,34.993624,21.295046
1684926248.16954,32.822609,34.993624,21.296004
1684926248.17002,32.822609,34.993624,21.296925
1684926248.17012,32.822609,34.993624,21.297829
1684926248.24885,32.822609,34.993623,21.298729
1684926248.24897,32.822609,34.993623,21.299597
1684926248.24904,32.822608,34.993623,21.300418
1684926248.2491,32.822608,34.993623,21.301225
1684926248.24916,32.822608,34.993623,21.302026
1684926248.25745,32.822608,34.993623,21.302809
1684926248.25752,32.822608,34.993623,21.303573
1684926248.25759,32.822608,34.993622,21.304321
1684926248.3087,32.822607,34.993622,21.305074
1684926248.30879,32.822607,34.993622,21.305849
1684926248.30885,32.822607,34.993622,21.306648
1684926248.30892,32.822607,34.993622,21.30746
1684926248.31869,32.822607,34.993622,21.308312
1684926248.31879,32.822607,34.993621,21.309194
1684926248.31891,32.822606,34.993621,21.310129
1684926248.38318,32.822606,34.993621,21.311125
1684926248.38327,32.822606,34.993621,21.312156
1684926248.38338,32.822606,34.993621,21.313195
1684926248.3835,32.822606,34.993621,21.314252
1684926248.39391,32.822606,34.993621,21.315351
1684926248.39404,32.822605,34.99362,21.316487
1684926248.3941,32.822605,34.99362,21.317651
1684926248.39422,32.822605,34.99362,21.318812
1684926248.47333,32.822605,34.99362,21.319956
1684926248.47346,32.822605,34.99362,21.321099
1684926248.47352,32.822605,34.99362,21.322233
1684926248.47358,32.822604,34.99362,21.323358
1684926248.47364,32.822604,34.993619,21.324467
1684926248.47382,32.822604,34.993619,21.325572
1684926248.48033,32.822604,34.993619,21.326689
1684926248.48047,32.822604,34.993619,21.327787
1684926248.55245,32.822604,34.993619,21.328837
1684926248.55256,32.822603,34.993619,21.329834
1684926248.55264,32.822603,34.993619,21.33078
1684926248.55276,32.822603,34.993619,21.331683
1684926248.56826,32.822603,34.993618,21.332554
1684926248.56837,32.822603,34.993618,21.333418
1684926248.56848,32.822603,34.993618,21.334289
1684926248.56859,32.822603,34.993618,21.335155
1684926248.62339,32.822602,34.993618,21.335983
1684926248.62352,32.822602,34.993618,21.336751
1684926248.62359,32.822602,34.993618,21.337453
1684926248.63487,32.822602,34.993618,21.338118
1684926248.66546,32.822602,34.993617,21.33877
1684926248.66558,32.822602,34.993617,21.339449
1684926248.66567,32.822602,34.993617,21.340112
1684926248.70671,32.822602,34.993617,21.340722
1684926248.70684,32.822601,34.993617,21.341287
1684926248.70692,32.822601,34.993617,21.341838
1684926248.70704,32.822601,34.993617,21.342387
1684926248.7071,32.822601,34.993617,21.342938
1684926248.70721,32.822601,34.993616,21.343463
1684926248.70727,32.822601,34.993616,21.34396
1684926248.70739,32.822601,34.993616,21.344426
1684926248.77076,32.8226,34.993616,21.344857
1684926248.77085,32.8226,34.993616,21.345275
1684926248.77096,32.8226,34.993616,21.345701
1684926248.77108,32.8226,34.993616,21.346128
1684926248.78022,32.8226,34.993616,21.346526
1684926248.78042,32.8226,34.993616,21.346905
1684926248.78049,32.8226,34.993615,21.347288
1684926248.78063,32.8226,34.993615,21.347682
1684926248.84993,32.8226,34.993615,21.348059
1684926248.85007,32.822599,34.993615,21.348414
1684926248.85014,32.822599,34.993615,21.34878
1684926248.85022,32.822599,34.993615,21.349163
1684926248.85975,32.822599,34.993615,21.349566
1684926248.85988,32.822599,34.993615,21.349967
1684926248.85994,32.822599,34.993615,21.350339
1684926248.93542,32.822599,34.993615,21.35068
1684926248.93668,32.822599,34.993614,21.351004
1684926248.93675,32.822598,34.993614,21.351343
1684926248.94898,32.822598,34.993614,21.351698
1684926248.94909,32.822598,34.993614,21.35207
1684926248.94915,32.822598,34.993614,21.352463
1684926248.94921,32.822598,34.993614,21.352896
1684926248.94935,32.822598,34.993614,21.353381
1684926249.01798,32.822598,34.993614,21.353903
1684926249.01806,32.822598,34.993614,21.354441
1684926249.01818,32.822598,34.993614,21.354987
1684926249.01828,32.822598,34.993613,21.355565
1684926249.01839,32.822597,34.993613,21.356172
1684926249.01851,32.822597,34.993613,21.3568
1684926249.01863,32.822597,34.993613,21.357414
1684926249.01872,32.822597,34.993613,21.358002
1684926249.07203,32.822597,34.993613,21.358575
1684926249.08309,32.822597,34.993613,21.359166
1684926249.0832,32.822597,34.993613,21.359776
1684926249.08327,32.822597,34.993613,21.360386
1684926249.08334,32.822597,34.993613,21.360999
1684926249.0834,32.822597,34.993613,21.361595
1684926249.09135,32.822596,34.993613,21.362169
1684926249.15318,32.822596,34.993612,21.362729
1684926249.15332,32.822596,34.993612,21.36328
1684926249.15338,32.822594,34.993612,21.429404
1684926249.15344,32.822593,34.993612,21.430013
1684926249.15351,32.822593,34.993612,21.430606
1684926249.15357,32.822593,34.993612,21.431169
1684926249.16129,32.822593,34.993612,21.431715
1684926249.1614,32.822593,34.993612,21.432219
1684926249.23938,32.822593,34.993612,21.432692
1684926249.23947,32.822593,34.993612,21.433149
1684926249.23954,32.822593,34.993612,21.433589
1684926249.23961,32.822593,34.993611,21.434011
1684926249.23967,32.822593,34.993611,21.434405
1684926249.23974,32.822593,34.993611,21.434767
1684926249.23981,32.822592,34.993611,21.435118
1684926249.2462,32.822592,34.993611,21.435479
1684926249.32209,32.822592,34.993611,21.435863
1684926249.32374,32.822592,34.993611,21.43626
1684926249.32382,32.822592,34.993611,21.436658
1684926249.32389,32.822592,34.993611,21.437057
1684926249.32397,32.822592,34.993611,21.437475
1684926249.32997,32.822592,34.993611,21.437906
1684926249.33009,32.822592,34.993611,21.438349
1684926249.39333,32.822592,34.993611,21.438792
1684926249.39341,32.822592,34.993611,21.439234
1684926249.39351,32.822592,34.99361,21.439661
1684926249.39363,32.822591,34.99361,21.440075
1684926249.40239,32.822591,34.99361,21.44047
1684926249.40244,32.822591,34.99361,21.440856
1684926249.40256,32.822591,34.99361,21.441262
1684926249.40267,32.822591,34.99361,21.441694
1684926249.45937,32.822591,34.99361,21.442154
1684926249.45947,32.822591,34.99361,21.442621
1684926249.45953,32.822591,34.99361,21.443078
1684926249.45961,32.822591,34.99361,21.443527
1684926249.47564,32.822591,34.99361,21.443972
1684926249.47574,32.822591,34.99361,21.444402
1684926249.47585,32.822591,34.99361,21.444804
1684926249.47597,32.822591,34.99361,21.445182
1684926249.54085,32.82259,34.99361,21.445542
1684926249.54103,32.82259,34.99361,21.445882
1684926249.54112,32.82259,34.993609,21.446217
1684926249.54118,32.82259,34.993609,21.446541
1684926249.54131,32.82259,34.993609,21.446871
1684926249.54968,32.82259,34.993609,21.447195
1684926249.54976,32.82259,34.993609,21.447508
1684926249.54987,32.82259,34.993609,21.447807
1684926249.61783,32.82259,34.993609,21.448105
1684926249.61795,32.82259,34.993609,21.448397
1684926249.61802,32.82259,34.993609,21.44867
1684926249.62688,32.82259,34.993609,21.448927
1684926249.62701,32.82259,34.993609,21.449178
1684926249.62707,32.82259,34.993609,21.449419
1684926249.62713,32.82259,34.993609,21.449664
1684926249.70382,32.822589,34.993609,21.449914
1684926249.70397,32.822589,34.993609,21.450165
1684926249.70404,32.822589,34.993609,21.450418
1684926249.71836,32.822589,34.993609,21.450657
1684926249.7185,32.822589,34.993609,21.450902
1684926249.71855,32.822589,34.993609,21.451141
1684926249.71867,32.822589,34.993609,21.451362
1684926249.71873,32.822589,34.993609,21.451568
1684926249.77921,32.822589,34.993609,21.451775
1684926249.77931,32.822589,34.993609,21.451984
1684926249.77942,32.822589,34.993608,21.4522
1684926249.77949,32.822589,34.993608,21.452425
1684926249.7796,32.822589,34.993608,21.452651
1684926249.77967,32.822589,34.993608,21.452879
1684926249.77979,32.822589,34.993608,21.453105
1684926249.78558,32.822589,34.993608,21.453327
1684926249.84327,32.822589,34.993608,21.453537
1684926249.84465,32.822589,34.993608,21.45373
1684926249.84474,32.822589,34.993608,21.453908
1684926249.85353,32.822588,34.993608,21.45409
1684926249.85362,32.822588,34.993608,21.454268
1684926249.85368,32.822588,34.993608,21.454446
1684926249.8538,32.822588,34.993608,21.454626
1684926249.91525,32.822588,34.993608,21.454811
1684926249.91536,32.822588,34.993608,21.454995
1684926249.91542,32.822588,34.993608,21.455182
1684926249.91553,32.822588,34.993608,21.455379
1684926249.91565,32.822588,34.993608,21.4556
1684926249.92966,32.822588,34.993608,21.45584
1684926249.92982,32.822588,34.993608,21.456079
1684926249.92989,32.822588,34.993608,21.456305
1684926250.00458,32.822588,34.993608,21.45653
1684926250.0047,32.822588,34.993608,21.456741
1684926250.00484,32.822588,34.993608,21.456952
1684926250.00492,32.822588,34.993608,21.457147
1684926250.01492,32.822588,34.993608,21.457324
1684926250.01505,32.822588,34.993608,21.457473
1684926250.01515,32.822588,34.993608,21.457606
1684926250.02154,32.822588,34.993608,21.457726
1684926250.08888,32.822588,34.993608,21.457841
1684926250.08931,32.822588,34.993608,21.457969
1684926250.08939,32.822588,34.993608,21.458086
1684926250.08946,32.822588,34.993608,21.458189
1684926250.08953,32.822587,34.993608,21.458281
1684926250.10351,32.822587,34.993608,21.458365
1684926250.10364,32.822587,34.993608,21.458443
1684926250.15994,32.822587,34.993608,21.458511
1684926250.16006,32.822587,34.993608,21.45857
1684926250.16013,32.822587,34.993605,21.545079
1684926250.17676,32.822587,34.993605,21.545245
1684926250.17692,32.822587,34.993605,21.545407
1684926250.17702,32.822587,34.993605,21.545565
1684926250.17712,32.822587,34.993605,21.545723
1684926250.17721,32.822587,34.993605,21.545872
1684926250.24345,32.822587,34.993605,21.546024
1684926250.24357,32.822587,34.993605,21.546168
1684926250.24379,32.822586,34.993605,21.546295
1684926250.24386,32.822586,34.993605,21.54641
1684926250.25417,32.822586,34.993605,21.546508
1684926250.25436,32.822586,34.993605,21.546597
1684926250.25448,32.822586,34.993605,21.546681
1684926250.26232,32.822586,34.993605,21.54676
1684926250.31042,32.822586,34.993605,21.546829
1684926250.31054,32.822586,34.993604,21.546882
1684926250.3106,32.822586,34.993604,21.546924
1684926250.31072,32.822586,34.993604,21.546952
1684926250.31078,32.822586,34.993604,21.546963
1684926250.3109,32.822586,34.993604,21.546963
1684926250.32251,32.822586,34.993604,21.546957
1684926250.39129,32.822586,34.993604,21.546945
1684926250.39139,32.822586,34.993604,21.546944
1684926250.3915,32.822586,34.993604,21.546961
1684926250.39162,32.822586,34.993604,21.547012
1684926250.39169,32.822586,34.993604,21.547093
1684926250.39175,32.822586,34.993604,21.547188
1684926250.39181,32.822586,34.993604,21.54729
1684926250.39189,32.822586,34.993604,21.547391
1684926250.46773,32.822586,34.993604,21.547492
1684926250.46787,32.822586,34.993604,21.547596
1684926250.46793,32.822586,34.993604,21.5477
1684926250.468,32.822586,34.993604,21.547795
1684926250.47799,32.822586,34.993604,21.547896
1684926250.47812,32.822586,34.993604,21.547987
1684926250.47818,32.822585,34.993604,21.548084
1684926250.48725,32.822585,34.993604,21.548182
1684926250.53542,32.822585,34.993604,21.548277
1684926250.53556,32.822585,34.993604,21.548365
1684926250.53561,32.822585,34.993604,21.548447
1684926250.53567,32.822585,34.993604,21.548506
1684926250.55139,32.822585,34.993604,21.548564
1684926250.55149,32.822585,34.993604,21.54862
1684926250.55155,32.822585,34.993604,21.548671
1684926250.5627,32.822585,34.993604,21.548705
1684926250.62431,32.822585,34.993604,21.548741
1684926250.62444,32.822585,34.993604,21.548772
1684926250.62452,32.822585,34.993604,21.548797
1684926250.63405,32.822585,34.993604,21.548816
1684926250.63416,32.822585,34.993604,21.548825
1684926250.63423,32.822585,34.993603,21.548823
1684926250.6343,32.822585,34.993603,21.548811
1684926250.69281,32.822585,34.993603,21.54878
1684926250.69298,32.822585,34.993603,21.548736
1684926250.69302,32.822585,34.993603,21.548677
1684926250.69314,32.822585,34.993603,21.54861
1684926250.69325,32.822585,34.993603,21.548543
1684926250.69336,32.822584,34.993603,21.548486
1684926250.69348,32.822584,34.993603,21.548448
1684926250.69933,32.822584,34.993603,21.548421
1684926250.76781,32.822584,34.993603,21.548425
1684926250.76794,32.822584,34.993603,21.548453
1684926250.768,32.822584,34.993603,21.548518
1684926250.76817,32.822584,34.993603,21.548612
1684926250.7758,32.822584,34.993603,21.548723
1684926250.77589,32.822584,34.993603,21.548857
1684926250.77604,32.822584,34.993603,21.549017
1684926250.77613,32.822584,34.993603,21.549203
1684926250.85139,32.822584,34.993603,21.549428
1684926250.85149,32.822584,34.993603,21.549691
1684926250.8516,32.822584,34.993603,21.55
1684926250.85167,32.822584,34.993603,21.550353
1684926250.85176,32.822584,34.993602,21.550744
1684926250.85186,32.822584,34.993602,21.551143
1684926250.85786,32.822583,34.993602,21.551568
1684926250.92698,32.822583,34.993602,21.552023
1684926250.9271,32.822583,34.993602,21.552507
1684926250.92718,32.822583,34.993602,21.553018
1684926250.92726,32.822583,34.993602,21.553533
1684926250.92732,32.822583,34.993602,21.554037
1684926250.92739,32.822583,34.993602,21.554551
1684926250.92746,32.822583,34.993602,21.555087
1684926250.93339,32.822583,34.993602,21.555635
1684926251.00945,32.822583,34.993602,21.556193
1684926251.00958,32.822583,34.993602,21.556742
1684926251.00964,32.822583,34.993602,21.557271
1684926251.00977,32.822583,34.993602,21.557785
1684926251.00989,32.822583,34.993602,21.558281
1684926251.01705,32.822582,34.993602,21.558759
1684926251.0172,32.822582,34.993601,21.559238
1684926251.01729,32.822582,34.993601,21.559724
1684926251.07639,32.822582,34.993601,21.56021
1684926251.07652,32.822582,34.993601,21.560694
1684926251.07659,32.822582,34.993601,21.561158
1684926251.07667,32.822582,34.993601,21.561621
1684926251.07672,32.822582,34.993601,21.562092
1684926251.07689,32.822582,34.993601,21.562577
1684926251.07697,32.822582,34.993601,21.563056
1684926251.15155,32.822582,34.993601,21.563526
1684926251.15168,32.822582,34.993601,21.563984
1684926251.15175,32.822582,34.993601,21.589139
1684926251.15187,32.822582,34.993601,21.589624
1684926251.1618,32.822582,34.993601,21.590109
1684926251.16191,32.822582,34.993601,21.590573
1684926251.16198,32.822582,34.993601,21.591019
1684926251.18558,32.822582,34.993601,21.591442
1684926251.23372,32.822582,34.993601,21.591835
1684926251.23381,32.822582,34.993601,21.592204
1684926251.23386,32.822582,34.993601,21.592537
1684926251.23399,32.822582,34.993601,21.59285
1684926251.2447,32.822582,34.993601,21.593149
1684926251.24485,32.822582,34.9936,21.593435
1684926251.24498,32.822582,34.9936,21.593699
1684926251.24513,32.822581,34.9936,21.593953
1684926251.31398,32.822581,34.9936,21.59418
1684926251.31413,32.822581,34.9936,21.594373
1684926251.3142,32.822581,34.9936,21.594549
1684926251.32391,32.822581,34.9936,21.594711
1684926251.32401,32.822581,34.9936,21.594858
1684926251.32408,32.822581,34.9936,21.594989
1684926251.32418,32.822581,34.9936,21.595102
1684926251.39907,32.822581,34.9936,21.595209
1684926251.39918,32.822581,34.9936,21.595339
1684926251.39924,32.822581,34.9936,21.595507
1684926251.39931,32.822581,34.9936,21.59571
1684926251.40932,32.822581,34.9936,21.595946
1684926251.40942,32.822581,34.993599,21.596215
1684926251.40948,32.82258,34.993599,21.596501
1684926251.4096,32.82258,34.993599,21.596803
1684926251.48076,32.82258,34.993599,21.597106
1684926251.48091,32.82258,34.993599,21.597403
1684926251.48099,32.82258,34.993599,21.597709
1684926251.48107,32.82258,34.993599,21.598007
1684926251.4909,32.82258,34.993599,21.598292
1684926251.49103,32.82258,34.993599,21.59857
1684926251.49125,32.82258,34.993599,21.598858
1684926251.49681,32.82258,34.993599,21.599155
1684926251.54509,32.82258,34.993599,21.599452
1684926251.54521,32.82258,34.993599,21.599733
1684926251.54535,32.82258,34.993599,21.599993
1684926251.55525,32.822579,34.993599,21.600246
1684926251.55535,32.822579,34.993598,21.600499
1684926251.55542,32.822579,34.993598,21.600754
1684926251.55552,32.822579,34.993598,21.600996
1684926251.56291,32.822579,34.993598,21.601222
1684926251.62009,32.822579,34.993598,21.601441
1684926251.6276,32.822579,34.993598,21.601647
1684926251.62769,32.822579,34.993598,21.60184
1684926251.62779,32.822579,34.993598,21.602021
1684926251.62791,32.822579,34.993598,21.602185
1684926251.62802,32.822579,34.993598,21.602337
1684926251.62814,32.822579,34.993598,21.602489
1684926251.70313,32.822578,34.993598,21.602668
1684926251.70326,32.822578,34.993598,21.602889
1684926251.70332,32.822578,34.993598,21.603136
1684926251.70343,32.822578,34.993597,21.603408
1684926251.71448,32.822578,34.993597,21.603697
1684926251.7146,32.822578,34.993597,21.604021
1684926251.71467,32.822578,34.993597,21.604385
1684926251.72112,32.822578,34.993597,21.604768
1684926251.7781,32.822578,34.993597,21.605153
1684926251.77818,32.822578,34.993597,21.60555
1684926251.77825,32.822578,34.993597,21.605964
1684926251.77831,32.822578,34.993597,21.606388
1684926251.77843,32.822578,34.993597,21.606816
1684926251.7785,32.822577,34.993597,21.607259
1684926251.77858,32.822577,34.993597,21.607729
1684926251.77866,32.822577,34.993597,21.608205
1684926251.84012,32.822577,34.993597,21.608683
1684926251.84021,32.822577,34.993596,21.609153
1684926251.84032,32.822577,34.993596,21.609598
1684926251.84039,32.822577,34.993596,21.610027
1684926251.85332,32.822577,34.993596,21.610454
1684926251.85341,32.822577,34.993596,21.610875
1684926251.85352,32.822577,34.993596,21.611285
1684926251.9208,32.822577,34.993596,21.611664
1684926251.92091,32.822577,34.993596,21.612004
1684926251.92099,32.822576,34.993596,21.612326
1684926251.92105,32.822576,34.993596,21.612636
1684926251.9295,32.822576,34.993596,21.612913
1684926251.92959,32.822576,34.993596,21.613159
1684926251.92969,32.822576,34.993596,21.613394
1684926251.92978,32.822576,34.993596,21.613644
1684926252.00261,32.822576,34.993595,21.613916
1684926252.00271,32.822576,34.993595,21.61421
1684926252.00283,32.822576,34.993595,21.614513
1684926252.01351,32.822576,34.993595,21.614833
1684926252.02427,32.822576,34.993595,21.615156
1684926252.02439,32.822576,34.993595,21.61547
1684926252.02445,32.822575,34.993595,21.615774
1684926252.02451,32.822575,34.993595,21.616071
1684926252.0779,32.822575,34.993595,21.616357
1684926252.07812,32.822575,34.993595,21.616663
1684926252.07821,32.822575,34.993595,21.616973
1684926252.0783,32.822575,34.993595,21.617297
1684926252.07839,32.822575,34.993595,21.617636
1684926252.08704,32.822575,34.993595,21.61797
1684926252.08719,32.822575,34.993594,21.61828
1684926252.15981,32.822575,34.993594,21.618564
1684926252.15991,32.822575,34.993594,21.618849
1684926252.16003,32.822575,34.993594,21.641217
1684926252.17105,32.822575,34.993594,21.641578
1684926252.17118,32.822575,34.993594,21.641941
1684926252.17126,32.822575,34.993594,21.642281
1684926252.17134,32.822575,34.993594,21.642617
1684926252.17699,32.822575,34.993594,21.642973
1684926252.24845,32.822574,34.993594,21.64334
1684926252.24856,32.822574,34.993594,21.643721
1684926252.24868,32.822574,34.993594,21.644108
1684926252.24875,32.822574,34.993594,21.644501
1684926252.24883,32.822574,34.993594,21.644911
1684926252.24892,32.822574,34.993593,21.645345
1684926252.24904,32.822574,34.993593,21.645805
1684926252.25568,32.822574,34.993593,21.646286
1684926252.31252,32.822574,34.993593,21.646768
1684926252.31266,32.822574,34.993593,21.647247
1684926252.31274,32.822574,34.993593,21.647739
1684926252.31281,32.822574,34.993593,21.648228
1684926252.3236,32.822573,34.993593,21.64871
1684926252.32371,32.822573,34.993593,21.649203
1684926252.32377,32.822573,34.993593,21.649704
1684926252.38605,32.822573,34.993593,21.650209
1684926252.3882,32.822573,34.993593,21.650708
1684926252.38829,32.822573,34.993593,21.651176
1684926252.39847,32.822573,34.993592,21.651623
1684926252.39854,32.822573,34.993592,21.652074
1684926252.39863,32.822573,34.993592,21.652515
1684926252.39872,32.822573,34.993592,21.652957
1684926252.39879,32.822573,34.993592,21.653408
1684926252.46497,32.822572,34.993592,21.653873
1684926252.46508,32.822572,34.993592,21.654364
1684926252.46516,32.822572,34.993592,21.65487
1684926252.46523,32.822572,34.993592,21.655377
1684926252.46536,32.822572,34.993592,21.655883
1684926252.47304,32.822572,34.993592,21.656392
1684926252.47316,32.822572,34.993592,21.656899
1684926252.47323,32.822572,34.993592,21.657424
1684926252.54951,32.822572,34.993591,21.657974
1684926252.54964,32.822572,34.993591,21.658546
1684926252.54971,32.822572,34.993591,21.659131
1684926252.56,32.822572,34.993591,21.659746
1684926252.5601,32.822571,34.993591,21.660383
1684926252.56022,32.822571,34.993591,21.661044
1684926252.56029,32.822571,34.993591,21.661737
1684926252.56036,32.822571,34.993591,21.66245
1684926252.62579,32.822571,34.993591,21.663168
1684926252.62589,32.822571,34.993591,21.663909
1684926252.626,32.822571,34.993591,21.664665
1684926252.62612,32.822571,34.993591,21.665418
1684926252.64044,32.822571,34.993591,21.666178
1684926252.64091,32.822571,34.99359,21.666922
1684926252.64099,32.822571,34.99359,21.66763
1684926252.69441,32.822571,34.99359,21.668296
1684926252.6945,32.822571,34.99359,21.668921
1684926252.69462,32.82257,34.99359,21.669513
1684926252.69471,32.82257,34.99359,21.670075
1684926252.71047,32.82257,34.99359,21.670597
1684926252.71059,32.82257,34.99359,21.671092
1684926252.71064,32.82257,34.99359,21.671565
1684926252.71083,32.82257,34.99359,21.672016
1684926252.7628,32.82257,34.99359,21.672439
1684926252.76294,32.82257,34.99359,21.672837
1684926252.76299,32.82257,34.99359,21.673218
1684926252.76311,32.82257,34.99359,21.673587
1684926252.77311,32.82257,34.99359,21.673955
1684926252.77332,32.82257,34.99359,21.674297
1684926252.78138,32.82257,34.993589,21.674612
1684926252.7815,32.82257,34.993589,21.674895
1684926252.857,32.82257,34.993589,21.675147
1684926252.85711,32.822569,34.993589,21.675375
1684926252.85717,32.822569,34.993589,21.675579
1684926252.85738,32.822569,34.993589,21.675766
1684926252.87083,32.822569,34.993589,21.675944
1684926252.87093,32.822569,34.993589,21.676128
1684926252.87107,32.822569,34.993589,21.676309
1684926252.92967,32.822569,34.993589,21.676485
1684926252.92977,32.822569,34.993589,21.676642
1684926252.92988,32.822569,34.993589,21.676791
1684926252.92999,32.822569,34.993589,21.676941
1684926252.93008,32.822569,34.993589,21.677097
1684926252.93015,32.822569,34.993589,21.677265
1684926252.93672,32.822569,34.993589,21.677452
1684926252.93688,32.822569,34.993589,21.677653
1684926253.01184,32.822569,34.993589,21.677857
1684926253.01196,32.822569,34.993589,21.678062
1684926253.01203,32.822568,34.993589,21.678258
1684926253.01211,32.822568,34.993588,21.678435
1684926253.02209,32.822568,34.993588,21.67861
1684926253.0222,32.822568,34.993588,21.678799
1684926253.03042,32.822568,34.993588,21.678988
1684926253.03051,32.822568,34.993588,21.679173
1684926253.07282,32.822568,34.993588,21.679344
1684926253.07294,32.822568,34.993588,21.679506
1684926253.07301,32.822568,34.993588,21.679666
1684926253.08319,32.822568,34.993588,21.679832
1684926253.08329,32.822568,34.993588,21.679986
1684926253.08337,32.822568,34.993588,21.680145
1684926253.0835,32.822568,34.993588,21.68032
1684926253.1546,32.822568,34.993588,21.680501
1684926253.15475,32.822568,34.993588,21.680703
1684926253.15482,32.822567,34.993587,21.65339
1684926253.15489,32.822567,34.993587,21.653529
1684926253.16421,32.822567,34.993587,21.653666
1684926253.16431,32.822567,34.993587,21.653793
1684926253.16442,32.822567,34.993587,21.653901
1684926253.16454,32.822567,34.993587,21.653996
1684926253.23336,32.822567,34.993587,21.654091
1684926253.23347,32.822567,34.993587,21.654205
1684926253.23359,32.822567,34.993587,21.654345
1684926253.24327,32.822567,34.993587,21.654512
1684926253.24728,32.822567,34.993587,21.654706
1684926253.24733,32.822567,34.993586,21.654928
1684926253.24745,32.822567,34.993586,21.655173
1684926253.2476,32.822567,34.993586,21.65543
1684926253.31341,32.822566,34.993586,21.655709
1684926253.31351,32.822566,34.993586,21.655995
1684926253.31363,32.822566,34.993586,21.656275
1684926253.32241,32.822566,34.993586,21.656542
1684926253.32248,32.822566,34.993586,21.656815
1684926253.32256,32.822566,34.993586,21.657109
1684926253.32263,32.822566,34.993586,21.65744
1684926253.39244,32.822566,34.993586,21.657787
1684926253.39258,32.822566,34.993586,21.658148
1684926253.39264,32.822566,34.993586,21.658516
1684926253.39276,32.822566,34.993586,21.658886
1684926253.39288,32.822566,34.993586,21.659251
1684926253.39295,32.822566,34.993586,21.659631
1684926253.40707,32.822566,34.993586,21.660011
1684926253.40719,32.822566,34.993586,21.660386
1684926253.47299,32.822566,34.993586,21.660768
1684926253.47307,32.822566,34.993586,21.661152
1684926253.47319,32.822566,34.993586,21.661544
1684926253.48423,32.822566,34.993586,21.661943
1684926253.48536,32.822566,34.993586,21.662342
1684926253.48543,32.822566,34.993586,21.662729
1684926253.48554,32.822566,34.993586,21.663105
1684926253.49181,32.822566,34.993586,21.663462
1684926253.54173,32.822565,34.993586,21.663793
1684926253.5432,32.822565,34.993586,21.664112
1684926253.5433,32.822565,34.993586,21.664423
1684926253.54336,32.822565,34.993586,21.664743
1684926253.54343,32.822565,34.993585,21.665056
1684926253.54356,32.822565,34.993585,21.66536
1684926253.55002,32.822565,34.993585,21.665648
1684926253.55009,32.822565,34.993585,21.665925
1684926253.62362,32.822565,34.993585,21.666189
1684926253.62373,32.822565,34.993585,21.666441
1684926253.62385,32.822565,34.993585,21.666667
1684926253.63507,32.822565,34.993585,21.666866
1684926253.63518,32.822565,34.993585,21.667052
1684926253.63525,32.822565,34.993585,21.667226
1684926253.63533,32.822565,34.993585,21.667399
1684926253.69965,32.822565,34.993585,21.667557
1684926253.69974,32.822565,34.993585,21.667709
1684926253.69985,32.822565,34.993585,21.66784
1684926253.69997,32.822565,34.993585,21.667947
1684926253.70789,32.822565,34.993585,21.668038
1684926253.708,32.822565,34.993585,21.668104
1684926253.70813,32.822565,34.993585,21.668146
1684926253.70819,32.822565,34.993585,21.668181
1684926253.77386,32.822565,34.993585,21.668222
1684926253.774,32.822565,34.993585,21.668259
1684926253.77407,32.822565,34.993585,21.668303
1684926253.78517,32.822565,34.993585,21.66835
1684926253.78529,32.822565,34.993585,21.668407
1684926253.78537,32.822565,34.993585,21.668466
1684926253.78544,32.822565,34.993585,21.668527
1684926253.79654,32.822565,34.993585,21.668583
1684926253.83859,32.822565,34.993585,21.668634
1684926253.83871,32.822565,34.993585,21.668688
1684926253.83883,32.822564,34.993585,21.668755
1684926253.83897,32.822564,34.993585,21.668833
1684926253.83905,32.822564,34.993585,21.66892
1684926253.83911,32.822564,34.993585,21.669019
1684926253.84535,32.822564,34.993585,21.669122
1684926253.9201,32.822564,34.993585,21.66923
1684926253.92022,32.822564,34.993585,21.669353
1684926253.92032,32.822564,34.993585,21.669482
1684926253.92044,32.822564,34.993585,21.669616
1684926253.92057,32.822564,34.993585,21.669747
1684926253.92063,32.822564,34.993585,21.66988
1684926253.93879,32.822564,34.993585,21.67002
1684926253.93892,32.822564,34.993585,21.670165
1684926254.00043,32.822564,34.993585,21.670309
1684926254.00058,32.822564,34.993585,21.670462
1684926254.00065,32.822564,34.993585,21.670627
1684926254.00072,32.822564,34.993585,21.670793
1684926254.0008,32.822564,34.993585,21.670951
1684926254.00934,32.822564,34.993585,21.671109
1684926254.00943,32.822564,34.993585,21.671257
1684926254.00949,32.822564,34.993585,21.671397
1684926254.08874,32.822564,34.993585,21.67153
1684926254.08884,32.822564,34.993585,21.671656
1684926254.08896,32.822564,34.993585,21.671775
1684926254.08908,32.822564,34.993585,21.671884
1684926254.09834,32.822564,34.993585,21.671991
1684926254.09848,32.822564,34.993585,21.672103
1684926254.09856,32.822564,34.993585,21.672225
1684926254.16279,32.822564,34.993585,21.672347
1684926254.16538,32.822564,34.993585,21.672475
1684926254.16548,32.822564,34.993584,21.647503
1684926254.16554,32.822564,34.993584,21.647594
1684926254.16565,32.822564,34.993584,21.647688
1684926254.16574,32.822564,34.993584,21.647793
1684926254.17026,32.822564,34.993584,21.647904
1684926254.17034,32.822564,34.993584,21.648016
1684926254.24386,32.822564,34.993584,21.648126
1684926254.25466,32.822564,34.993584,21.648236
1684926254.25477,32.822564,34.993584,21.648341
1684926254.25484,32.822564,34.993584,21.648443
1684926254.2549,32.822564,34.993584,21.648544
1684926254.25497,32.822564,34.993584,21.648645
1684926254.25504,32.822564,34.993584,21.648723
1684926254.26172,32.822564,34.993584,21.648784
1684926254.30365,32.822564,34.993584,21.648837
1684926254.30374,32.822564,34.993584,21.648895
1684926254.30384,32.822564,34.993584,21.648956
1684926254.30396,32.822564,34.993584,21.649038
1684926254.30407,32.822564,34.993584,21.649134
1684926254.31184,32.822564,34.993583,21.64925
1684926254.31193,32.822564,34.993583,21.649382
1684926254.38838,32.822564,34.993583,21.649537
1684926254.3885,32.822564,34.993583,21.649699
1684926254.38859,32.822563,34.993583,21.649872
1684926254.38867,32.822563,34.993583,21.650038
1684926254.39849,32.822563,34.993583,21.650211
1684926254.39859,32.822563,34.993583,21.650385
1684926254.39871,32.822563,34.993583,21.650572
1684926254.39879,32.822563,34.993583,21.650777
1684926254.46701,32.822563,34.993583,21.650999
1684926254.46713,32.822563,34.993583,21.651221
1684926254.46721,32.822563,34.993583,21.651433
1684926254.46727,32.822563,34.993583,21.651643
1684926254.47648,32.822563,34.993583,21.651837
1684926254.47655,32.822563,34.993583,21.652035
1684926254.47666,32.822563,34.993583,21.652241
1684926254.47678,32.822563,34.993583,21.652463
1684926254.54367,32.822563,34.993583,21.652698
1684926254.54379,32.822563,34.993583,21.652958
1684926254.54384,32.822563,34.993583,21.653238
1684926254.55499,32.822563,34.993583,21.653545
1684926254.55537,32.822563,34.993583,21.653876
1684926254.55541,32.822563,34.993583,21.654222
1684926254.55556,32.822563,34.993583,21.654562
1684926254.56665,32.822563,34.993583,21.6549
1684926254.63317,32.822563,34.993583,21.655217
1684926254.63331,32.822562,34.993583,21.655536
1684926254.63336,32.822562,34.993583,21.655846
1684926254.63343,32.822562,34.993583,21.656151
1684926254.63355,32.822562,34.993582,21.656467
1684926254.63991,32.822562,34.993582,21.656773
1684926254.64007,32.822562,34.993582,21.657059
1684926254.69515,32.822562,34.993582,21.657332
1684926254.69528,32.822562,34.993582,21.657608
1684926254.69535,32.822562,34.993582,21.657889
1684926254.7065,32.822562,34.993582,21.65817
1684926254.71586,32.822562,34.993582,21.658441
1684926254.71607,32.822562,34.993582,21.658693
1684926254.71617,32.822562,34.993582,21.658944
1684926254.71623,32.822562,34.993582,21.659206
1684926254.77039,32.822562,34.993582,21.659463
1684926254.77048,32.822562,34.993582,21.659721
1684926254.77062,32.822562,34.993582,21.659987
1684926254.77069,32.822562,34.993582,21.660249
1684926254.7708,32.822562,34.993582,21.660517
1684926254.77827,32.822562,34.993582,21.660793
1684926254.77839,32.822562,34.993582,21.661074
1684926254.77846,32.822561,34.993582,21.661358
1684926254.84818,32.822561,34.993582,21.661631
1684926254.84831,32.822561,34.993582,21.661899
1684926254.84837,32.822561,34.993582,21.662161
1684926254.85947,32.822561,34.993582,21.66242
1684926254.85959,32.822561,34.993582,21.66267
1684926254.85966,32.822561,34.993582,21.662905
1684926254.86752,32.822561,34.993582,21.663125
1684926254.93026,32.822561,34.993582,21.663327
1684926254.93037,32.822561,34.993582,21.663512
1684926254.93048,32.822561,34.993581,21.663666
1684926254.93059,32.822561,34.993581,21.66381
1684926254.9307,32.822561,34.993581,21.663955
1684926254.93081,32.822561,34.993581,21.664105
1684926254.93093,32.822561,34.993581,21.664261
1684926254.93099,32.822561,34.993581,21.664409
1684926254.99974,32.822561,34.993581,21.66455
1684926254.99987,32.822561,34.993581,21.664676
1684926254.99995,32.822561,34.993581,21.664809
1684926255.01029,32.822561,34.993581,21.66494
1684926255.01037,32.822561,34.993581,21.665051
1684926255.01048,32.822561,34.993581,21.66515
1684926255.01063,32.822561,34.993581,21.665221
1684926255.01072,32.82256,34.993581,21.665264
1684926255.0741,32.82256,34.993581,21.66529
1684926255.0742,32.82256,34.993581,21.665306
1684926255.07431,32.82256,34.993581,21.665301
1684926255.07442,32.82256,34.993581,21.665298
1684926255.08937,32.82256,34.993581,21.665297
1684926255.08946,32.82256,34.993581,21.665294
1684926255.08958,32.82256,34.993581,21.665288
1684926255.1517,32.82256,34.993581,21.665276
1684926255.15186,32.82256,34.993581,21.66526
1684926255.15194,32.822561,34.993578,21.697733
1684926255.15199,32.822561,34.993578,21.697757
1684926255.16171,32.822561,34.993578,21.697791
1684926255.16179,32.822561,34.993578,21.697824
1684926255.16191,32.822561,34.993578,21.697878
1684926255.16197,32.822561,34.993578,21.697943
1684926255.23708,32.822561,34.993578,21.698035
1684926255.23719,32.82256,34.993578,21.698148
1684926255.23724,32.82256,34.993578,21.698287
1684926255.23736,32.82256,34.993578,21.698449
1684926255.24513,32.82256,34.993578,21.69863
1684926255.24525,32.82256,34.993578,21.698832
1684926255.24531,32.82256,34.993578,21.699054
1684926255.24542,32.82256,34.993578,21.699293
1684926255.31292,32.82256,34.993578,21.699541
1684926255.31304,32.82256,34.993578,21.699801
1684926255.31311,32.82256,34.993578,21.700086
1684926255.31318,32.82256,34.993578,21.700383
1684926255.32037,32.82256,34.993578,21.700688
1684926255.32045,32.82256,34.993578,21.700975
1684926255.32052,32.82256,34.993578,21.701238
1684926255.39577,32.82256,34.993577,21.701474
1684926255.39588,32.82256,34.993577,21.701685
1684926255.39594,32.82256,34.993577,21.701881
1684926255.39601,32.82256,34.993577,21.702066
1684926255.39609,32.82256,34.993577,21.702253
1684926255.39616,32.82256,34.993577,21.702458
1684926255.39624,32.822559,34.993577,21.702682
1684926255.39639,32.822559,34.993577,21.702906
1684926255.48008,32.822559,34.993577,21.703126
1684926255.48019,32.822559,34.993577,21.703331
1684926255.48026,32.822559,34.993577,21.703513
1684926255.48034,32.822559,34.993577,21.703704
1684926255.4804,32.822559,34.993577,21.703883
1684926255.48048,32.822559,34.993577,21.704061
1684926255.48055,32.822559,34.993577,21.704234
1684926255.48061,32.822559,34.993577,21.704422
1684926255.54053,32.822559,34.993577,21.704638
1684926255.54212,32.822559,34.993577,21.704891
1684926255.5422,32.822559,34.993576,21.705163
1684926255.54985,32.822559,34.993576,21.705454
1684926255.54998,32.822559,34.993576,21.705766
1684926255.55013,32.822559,34.993576,21.706088
1684926255.55019,32.822559,34.993576,21.706417
1684926255.55034,32.822558,34.993576,21.706741
1684926255.61517,32.822558,34.993576,21.707071
1684926255.61534,32.822558,34.993576,21.707394
1684926255.61543,32.822558,34.993576,21.707717
1684926255.6155,32.822558,34.993576,21.708031
1684926255.61558,32.822558,34.993576,21.708349
1684926255.61565,32.822558,34.993576,21.70866
1684926255.62157,32.822558,34.993576,21.708956
1684926255.69967,32.822558,34.993576,21.709252
1684926255.69978,32.822558,34.993576,21.709547
1684926255.69993,32.822558,34.993576,21.709827
1684926255.70011,32.822558,34.993576,21.710066
1684926255.71045,32.822558,34.993575,21.710257
1684926255.71054,32.822558,34.993575,21.710406
1684926255.71065,32.822558,34.993575,21.710536
1684926255.71073,32.822558,34.993575,21.710646
1684926255.77916,32.822557,34.993575,21.710763
1684926255.77936,32.822557,34.993575,21.710888
1684926255.77946,32.822557,34.993575,21.71103
1684926255.77957,32.822557,34.993575,21.711179
1684926255.78944,32.822557,34.993575,21.711339
1684926255.78952,32.822557,34.993575,21.711523
1684926255.78963,32.822557,34.993575,21.711734
1684926255.78975,32.822557,34.993575,21.711967
1684926255.8365,32.822557,34.993575,21.712206
1684926255.8366,32.822557,34.993575,21.712431
1684926255.83671,32.822557,34.993575,21.712662
1684926255.84671,32.822557,34.993574,21.712903
1684926255.84681,32.822557,34.993574,21.713134
1684926255.84692,32.822557,34.993574,21.713367
1684926255.84704,32.822557,34.993574,21.713604
1684926255.92013,32.822556,34.993574,21.713834
1684926255.92026,32.822556,34.993574,21.714068
1684926255.92037,32.822556,34.993574,21.714276
1684926255.92048,32.822556,34.993574,21.714452
1684926255.92059,32.822556,34.993574,21.714596
1684926255.92071,32.822556,34.993574,21.714716
1684926255.92082,32.822556,34.993574,21.714815
1684926255.92093,32.822556,34.993574,21.714918
1684926256.00362,32.822556,34.993574,21.715025
1684926256.00371,32.822556,34.993574,21.715106
1684926256.00386,32.822556,34.993574,21.715175
1684926256.01466,32.822556,34.993574,21.715267
1684926256.01479,32.822556,34.993573,21.715386
1684926256.0149,32.822556,34.993573,21.715545
1684926256.01501,32.822556,34.993573,21.715726
1684926256.01512,32.822556,34.993573,21.715926
1684926256.08881,32.822555,34.993573,21.716144
1684926256.08891,32.822555,34.993573,21.716376
1684926256.08903,32.822555,34.993573,21.716624
1684926256.08909,32.822555,34.993573,21.71686
1684926256.08925,32.822555,34.993573,21.717077
1684926256.08934,32.822555,34.993573,21.717282
1684926256.10274,32.822555,34.993573,21.717474
1684926256.16909,32.822555,34.993573,21.717645
1684926256.16919,32.822555,34.993573,21.717803
1684926256.16925,32.822555,34.993572,21.757816
1684926256.18035,32.822555,34.993572,21.758038
1684926256.1805,32.822555,34.993572,21.758291
1684926256.18056,32.822555,34.993572,21.758574
1684926256.18064,32.822555,34.993572,21.758859
1684926256.1875,32.822555,34.993572,21.759129
1684926256.25154,32.822555,34.993572,21.759383
1684926256.25163,32.822555,34.993572,21.759627
1684926256.2517,32.822555,34.993572,21.759862
1684926256.25177,32.822555,34.993572,21.760095
1684926256.2624,32.822554,34.993572,21.760294
1684926256.26251,32.822554,34.993572,21.760459
1684926256.26257,32.822554,34.993572,21.760614
1684926256.28679,32.822554,34.993572,21.760769
1684926256.31139,32.822554,34.993571,21.760939
1684926256.3115,32.822554,34.993571,21.761107
1684926256.31157,32.822554,34.993571,21.761281
1684926256.31163,32.822554,34.993571,21.761456
1684926256.31174,32.822554,34.993571,21.76164
1684926256.31185,32.822554,34.993571,21.761819
1684926256.31841,32.822554,34.993571,21.761992
1684926256.38623,32.822554,34.993571,21.762165
1684926256.38644,32.822554,34.993571,21.762343
1684926256.38651,32.822554,34.993571,21.76253
1684926256.38657,32.822554,34.993571,21.762714
1684926256.38664,32.822553,34.993571,21.762879
1684926256.38671,32.822553,34.993571,21.763014
1684926256.39857,32.822553,34.993571,21.76315
1684926256.39869,32.822553,34.99357,21.763305
1684926256.46632,32.822553,34.99357,21.763491
1684926256.46644,32.822553,34.99357,21.763696
1684926256.46649,32.822553,34.99357,21.763886
1684926256.46661,32.822553,34.99357,21.764069
1684926256.47743,32.822553,34.99357,21.76426
1684926256.47751,32.822553,34.99357,21.764474
1684926256.47762,32.822553,34.99357,21.764731
1684926256.47773,32.822553,34.99357,21.765011
1684926256.54745,32.822553,34.99357,21.765296
1684926256.54759,32.822553,34.99357,21.76557
1684926256.54765,32.822552,34.99357,21.765823
1684926256.55865,32.822552,34.99357,21.766036
1684926256.55873,32.822552,34.99357,21.766211
1684926256.55884,32.822552,34.993569,21.766373
1684926256.55895,32.822552,34.993569,21.766521
1684926256.56455,32.822552,34.993569,21.766667
1684926256.62465,32.822552,34.993569,21.766797
1684926256.62475,32.822552,34.993569,21.766912
1684926256.62481,32.822552,34.993569,21.767033
1684926256.63594,32.822552,34.993569,21.76715
1684926256.63603,32.822552,34.993569,21.767266
1684926256.63608,32.822552,34.993569,21.767372
1684926256.65095,32.822552,34.993569,21.767448
1684926256.69279,32.822552,34.993569,21.767495
1684926256.69292,32.822551,34.993569,21.767529
1684926256.69299,32.822551,34.993569,21.767567
1684926256.69306,32.822551,34.993568,21.767604
1684926256.69313,32.822551,34.993568,21.767636
1684926256.70116,32.822551,34.993568,21.767662
1684926256.70126,32.822551,34.993568,21.767688
1684926256.70132,32.822551,34.993568,21.767735
1684926256.76789,32.822551,34.993568,21.767781
1684926256.76797,32.822551,34.993568,21.767821
1684926256.76809,32.822551,34.993568,21.76785
1684926256.76816,32.822551,34.993568,21.767865
1684926256.76822,32.822551,34.993568,21.76789
1684926256.76833,32.822551,34.993568,21.767925
1684926256.78617,32.82255,34.993568,21.767969
1684926256.78632,32.82255,34.993567,21.768016
1684926256.85193,32.82255,34.993567,21.76808
1684926256.85212,32.82255,34.993567,21.768144
1684926256.8522,32.82255,34.993567,21.768203
1684926256.86269,32.82255,34.993567,21.768274
1684926256.86289,32.82255,34.993567,21.768367
1684926256.86297,32.82255,34.993567,21.768508
1684926256.86303,32.82255,34.993567,21.7687
1684926256.93353,32.82255,34.993567,21.76891
1684926256.93364,32.82255,34.993567,21.769111
1684926256.93373,32.82255,34.993567,21.769307
1684926256.9338,32.822549,34.993566,21.769522
1684926256.94749,32.822549,34.993566,21.769784
1684926256.94765,32.822549,34.993566,21.770077
1684926256.94775,32.822549,34.993566,21.770364
1684926256.94781,32.822549,34.993566,21.770654
1684926257.00793,32.822549,34.993566,21.770996
1684926257.00803,32.822549,34.993566,21.771398
1684926257.0081,32.822549,34.993566,21.771819
1684926257.00817,32.822549,34.993566,21.772209
1684926257.01885,32.822549,34.993566,21.772571
1684926257.01899,32.822549,34.993565,21.772955
1684926257.01906,32.822548,34.993565,21.773382
1684926257.01914,32.822548,34.993565,21.7738
1684926257.07308,32.822548,34.993565,21.774194
1684926257.07329,32.822548,34.993565,21.774628
1684926257.0734,32.822548,34.993565,21.775094
1684926257.07349,32.822548,34.993565,21.775549
1684926257.08275,32.822548,34.993565,21.775908
1684926257.08286,32.822548,34.993565,21.776178
1684926257.08294,32.822548,34.993565,21.776419
1684926257.15434,32.822548,34.993564,21.776691
1684926257.15446,32.822548,34.993564,21.776994
1684926257.15452,32.822548,34.993563,21.86639
1684926257.15459,32.822548,34.993563,21.866856
1684926257.16455,32.822548,34.993563,21.867341
1684926257.16467,32.822548,34.993563,21.867801
1684926257.16475,32.822548,34.993563,21.86825
1684926257.17119,32.822548,34.993563,21.868697
1684926257.24138,32.822548,34.993563,21.869174
1684926257.24152,32.822548,34.993563,21.869676
1684926257.24159,32.822548,34.993562,21.87018
1684926257.24201,32.822548,34.993562,21.870657
1684926257.25128,32.822548,34.993562,21.871134
1684926257.25144,32.822547,34.993562,21.871651
1684926257.25154,32.822547,34.993562,21.872194
1684926257.25165,32.822547,34.993562,21.872739
1684926257.31508,32.822547,34.993562,21.873283
1684926257.31523,32.822547,34.993562,21.873849
1684926257.3153,32.822547,34.993561,21.874441
1684926257.32639,32.822547,34.993561,21.875079
1684926257.32652,32.822547,34.993561,21.875752
1684926257.32658,32.822547,34.993561,21.876428
1684926257.3361,32.822547,34.993561,21.877069
1684926257.39161,32.822547,34.993561,21.877691
1684926257.39195,32.822546,34.993561,21.878291
1684926257.39204,32.822546,34.993561,21.878894
1684926257.3921,32.822546,34.993561,21.879491
1684926257.40177,32.822546,34.99356,21.880062
1684926257.40186,32.822546,34.99356,21.880604
1684926257.40197,32.822546,34.99356,21.881167
1684926257.40208,32.822546,34.99356,21.881717
1684926257.47432,32.822546,34.99356,21.882229
1684926257.47444,32.822546,34.99356,21.882736
1684926257.4745,32.822546,34.99356,21.883255
1684926257.47462,32.822546,34.99356,21.883775
1684926257.4747,32.822545,34.993559,21.884279
1684926257.47481,32.822545,34.993559,21.884739
1684926257.47493,32.822545,34.993559,21.88519
1684926257.48106,32.822545,34.993559,21.885658
1684926257.53725,32.822545,34.993559,21.886114
1684926257.53738,32.822545,34.993559,21.886529
1684926257.53743,32.822545,34.993559,21.886898
1684926257.53755,32.822545,34.993559,21.887253
1684926257.54753,32.822545,34.993558,21.887619
1684926257.54763,32.822545,34.993558,21.888014
1684926257.5477,32.822544,34.993558,21.88841
1684926257.55783,32.822544,34.993558,21.888805
1684926257.62019,32.822544,34.993558,21.889186
1684926257.62029,32.822544,34.993558,21.889527
1684926257.62035,32.822544,34.993558,21.889871
1684926257.62046,32.822544,34.993558,21.890269
1684926257.62052,32.822544,34.993557,21.890715
1684926257.62851,32.822544,34.993557,21.891188
1684926257.62861,32.822544,34.993557,21.89164
1684926257.69877,32.822544,34.993557,21.892048
1684926257.6989,32.822544,34.993557,21.892476
1684926257.69894,32.822543,34.993557,21.89295
1684926257.69906,32.822543,34.993557,21.893435
1684926257.71396,32.822543,34.993556,21.893925
1684926257.71411,32.822543,34.993556,21.894409
1684926257.71418,32.822543,34.993556,21.894894
1684926257.71426,32.822543,34.993556,21.895369
1684926257.77276,32.822543,34.993556,21.895823
1684926257.77292,32.822543,34.993556,21.896292
1684926257.77299,32.822543,34.993556,21.896799
1684926257.77311,32.822543,34.993556,21.897302
1684926257.77319,32.822543,34.993555,21.897775
1684926257.77328,32.822542,34.993555,21.898215
1684926257.77335,32.822542,34.993555,21.898631
1684926257.77344,32.822542,34.993555,21.89904
1684926257.8419,32.822542,34.993555,21.899465
1684926257.84202,32.822542,34.993555,21.89992
1684926257.84209,32.822542,34.993555,21.900397
1684926257.84216,32.822542,34.993554,21.900863
1684926257.84223,32.822542,34.993554,21.901283
1684926257.84236,32.822542,34.993554,21.901675
1684926257.85509,32.822542,34.993554,21.902067
1684926257.92826,32.822542,34.993554,21.902453
1684926257.9284,32.822541,34.993554,21.902815
1684926257.92847,32.822541,34.993554,21.903134
1684926257.92856,32.822541,34.993553,21.903434
1684926257.92864,32.822541,34.993553,21.903723
1684926257.92872,32.822541,34.993553,21.904018
1684926257.92881,32.822541,34.993553,21.904322
1684926257.93566,32.822541,34.993553,21.904611
1684926258.00295,32.822541,34.993553,21.904877
1684926258.00308,32.822541,34.993553,21.905155
1684926258.00321,32.822541,34.993552,21.905456
1684926258.02479,32.822541,34.993552,21.90578
1684926258.02489,32.82254,34.993552,21.906117
1684926258.02496,32.82254,34.993552,21.906465
1684926258.02503,32.82254,34.993552,21.906821
1684926258.04306,32.82254,34.993552,21.907184
1684926258.08301,32.82254,34.993552,21.907546
1684926258.08312,32.82254,34.993552,21.907911
1684926258.1047,32.82254,34.993551,21.908273
1684926258.10492,32.82254,34.993551,21.908656
1684926258.10499,32.82254,34.993551,21.909051
1684926258.11756,32.82254,34.993551,21.909442
1684926258.11769,32.82254,34.993551,21.909844
1684926258.16697,32.82254,34.993551,21.910234
1684926258.16709,32.822539,34.993551,21.910627
1684926258.16717,32.822538,34.993552,21.938938
1684926258.17832,32.822538,34.993552,21.939383
1684926258.17842,32.822538,34.993551,21.939796
1684926258.17848,32.822538,34.993551,21.940191
1684926258.17856,32.822538,34.993551,21.940586
1684926258.18537,32.822538,34.993551,21.940978
1684926258.24301,32.822538,34.993551,21.941358
1684926258.24312,32.822538,34.993551,21.941726
1684926258.24319,32.822538,34.993551,21.942095
1684926258.24326,32.822538,34.99355,21.94248
1684926258.25309,32.822538,34.99355,21.942894
1684926258.25321,32.822538,34.99355,21.943309
1684926258.25326,32.822537,34.99355,21.943711
1684926258.25334,32.822537,34.99355,21.944105
1684926258.31341,32.822537,34.99355,21.944492
1684926258.31353,32.822537,34.99355,21.944905
1684926258.31359,32.822537,34.99355,21.94534
1684926258.32406,32.822537,34.993549,21.945747
1684926258.32417,32.822537,34.993549,21.94611
1684926258.32423,32.822537,34.993549,21.946436
1684926258.32435,32.822537,34.993549,21.946749
1684926258.38496,32.822537,34.993549,21.947044
1684926258.38505,32.822537,34.993549,21.947324
1684926258.38516,32.822537,34.993549,21.947605
1684926258.38538,32.822536,34.993548,21.94789
1684926258.38543,32.822536,34.993548,21.948172
1684926258.38555,32.822536,34.993548,21.948418
1684926258.39335,32.822536,34.993548,21.948625
1684926258.39343,32.822536,34.993548,21.948806
1684926258.46301,32.822536,34.993548,21.948948
1684926258.46308,32.822536,34.993548,21.949036
1684926258.46319,32.822536,34.993547,21.949101
1684926258.46331,32.822536,34.993547,21.949208
1684926258.46342,32.822536,34.993547,21.949403
1684926258.46988,32.822536,34.993547,21.949669
1684926258.46997,32.822535,34.993547,21.949987
1684926258.47004,32.822535,34.993547,21.950321
1684926258.5456,32.822535,34.993547,21.950623
1684926258.54571,32.822535,34.993546,21.950895
1684926258.54576,32.822535,34.993546,21.951177
1684926258.54587,32.822535,34.993546,21.95149
1684926258.54598,32.822535,34.993546,21.951831
1684926258.54609,32.822535,34.993546,21.952181
1684926258.5462,32.822535,34.993546,21.952509
1684926258.54632,32.822535,34.993546,21.952812
1684926258.62395,32.822535,34.993546,21.953137
1684926258.62405,32.822535,34.993545,21.953477
1684926258.62411,32.822535,34.993545,21.953822
1684926258.62417,32.822534,34.993545,21.954177
1684926258.62429,32.822534,34.993545,21.954522
1684926258.62437,32.822534,34.993545,21.954855
1684926258.63117,32.822534,34.993545,21.955221
1684926258.68904,32.822534,34.993545,21.95563
1684926258.68914,32.822534,34.993544,21.956062
1684926258.68922,32.822534,34.993544,21.956486
1684926258.68929,32.822534,34.993544,21.956882
1684926258.68936,32.822534,34.993544,21.957252
1684926258.68943,32.822534,34.993544,21.95764
1684926258.69641,32.822534,34.993544,21.958035
1684926258.6965,32.822534,34.993544,21.958419
1684926258.77232,32.822534,34.993543,21.958767
1684926258.77244,32.822533,34.993543,21.959059
1684926258.77256,32.822533,34.993543,21.959293
1684926258.78353,32.822533,34.993543,21.959467
1684926258.78367,32.822533,34.993543,21.959593
1684926258.78375,32.822533,34.993543,21.959706
1684926258.78383,32.822533,34.993543,21.9598
1684926258.78973,32.822533,34.993542,21.959852
1684926258.85482,32.822533,34.993542,21.959864
1684926258.85495,32.822533,34.993542,21.959833
1684926258.85501,32.822533,34.993542,21.959772
1684926258.85507,32.822533,34.993542,21.959688
1684926258.86946,32.822533,34.993542,21.959595
1684926258.86957,32.822533,34.993542,21.959492
1684926258.86964,32.822533,34.993541,21.959332
1684926258.92935,32.822533,34.993541,21.959107
1684926258.92945,32.822532,34.993541,21.958797
1684926258.92953,32.822532,34.993541,21.958439
1684926258.92966,32.822532,34.993541,21.958068
1684926258.92974,32.822532,34.993541,21.957699
1684926258.93803,32.822532,34.99354,21.957355
1684926258.9381,32.822532,34.99354,21.957047
1684926258.93821,32.822532,34.99354,21.956749
1684926259.01028,32.822532,34.99354,21.956458
1684926259.01039,32.822532,34.99354,21.956181
1684926259.01045,32.822532,34.99354,21.955985
1684926259.01052,32.822532,34.99354,21.955877
1684926259.01058,32.822532,34.993539,21.955831
1684926259.01066,32.822532,34.993539,21.955816
1684926259.01815,32.822532,34.993539,21.955839
1684926259.01832,32.822531,34.993539,21.955905
1684926259.0745,32.822531,34.993539,21.956008
1684926259.07462,32.822531,34.993539,21.956126
1684926259.07473,32.822531,34.993539,21.956239
1684926259.0842,32.822531,34.993538,21.956328
1684926259.08427,32.822531,34.993538,21.956399
1684926259.08438,32.822531,34.993538,21.956445
1684926259.08449,32.822531,34.993538,21.956502
1684926259.15215,32.822531,34.993538,21.956573
1684926259.15226,32.822531,34.993538,21.956636
1684926259.15234,32.82253,34.993542,21.920639
1684926259.15242,32.82253,34.993542,21.92062
1684926259.16298,32.82253,34.993542,21.920585
1684926259.16306,32.82253,34.993542,21.920518
1684926259.16317,32.82253,34.993541,21.920372
1684926259.16329,32.82253,34.993541,21.920109
1684926259.24155,32.82253,34.993541,21.919717
1684926259.24284,32.82253,34.993541,21.919234
1684926259.24294,32.822529,34.993541,21.918709
1684926259.24306,32.822529,34.993541,21.918152
1684926259.25181,32.822529,34.993541,21.917558
1684926259.25192,32.822529,34.99354,21.916919
1684926259.25198,32.822529,34.99354,21.91624
1684926259.25204,32.822529,34.99354,21.915571
1684926259.31186,32.822529,34.99354,21.914908
1684926259.31197,32.822529,34.99354,21.914224
1684926259.31208,32.822529,34.99354,21.913521
1684926259.32014,32.822529,34.99354,21.912797
1684926259.32037,32.822529,34.993539,21.912058
1684926259.32043,32.822529,34.993539,21.91127
1684926259.32053,32.822529,34.993539,21.910413
1684926259.4016,32.822529,34.993539,21.909549
1684926259.40174,32.822529,34.993539,21.908738
1684926259.40181,32.822529,34.993539,21.907997
1684926259.40192,32.822529,34.993539,21.907326
1684926259.40199,32.822528,34.993538,21.906752
1684926259.40211,32.822528,34.993538,21.906255
1684926259.40222,32.822528,34.993538,21.905805
1684926259.40231,32.822528,34.993538,21.905411
1684926259.4745,32.822528,34.993538,21.905137
1684926259.47461,32.822528,34.993538,21.905062
1684926259.47471,32.822528,34.993538,21.905235
1684926259.47482,32.822528,34.993538,21.905626
1684926259.47493,32.822528,34.993537,21.906165
1684926259.47504,32.822528,34.993537,21.906812
1684926259.47516,32.822528,34.993537,21.907563
1684926259.48104,32.822528,34.993537,21.90841
1684926259.53706,32.822528,34.993537,21.909366
1684926259.53718,32.822528,34.993537,21.910425
1684926259.53724,32.822528,34.993537,21.911537
1684926259.5373,32.822528,34.993536,21.912681
1684926259.55039,32.822527,34.993536,21.913871
1684926259.55048,32.822527,34.993536,21.915129
1684926259.55059,32.822527,34.993536,21.916429
1684926259.55071,32.822527,34.993536,21.917725
1684926259.61599,32.822527,34.993536,21.918999
1684926259.61611,32.822527,34.993536,21.920245
1684926259.61618,32.822527,34.993535,21.921443
1684926259.61625,32.822527,34.993535,21.922602
1684926259.61633,32.822527,34.993535,21.923673
1684926259.61641,32.822527,34.993535,21.924616
1684926259.61647,32.822527,34.993535,21.92546
1684926259.70371,32.822527,34.993535,21.926265
1684926259.70651,32.822527,34.993535,21.927058
1684926259.70766,32.822527,34.993534,21.92779
1684926259.70779,32.822527,34.993534,21.928446
1684926259.70786,32.822527,34.993534,21.92903
1684926259.70797,32.822527,34.993534,21.929564
1684926259.70804,32.822526,34.993534,21.930068
1684926259.70811,32.822526,34.993534,21.930503
1684926259.78332,32.822526,34.993534,21.930844
1684926259.78345,32.822526,34.993533,21.931089
1684926259.78352,32.822526,34.993533,21.931247
1684926259.78358,32.822526,34.993533,21.931309
1684926259.78365,32.822526,34.993533,21.931273
1684926259.78372,32.822526,34.993533,21.931161
1684926259.78379,32.822526,34.993533,21.930982
1684926259.79035,32.822526,34.993533,21.930719
1684926259.84372,32.822526,34.993533,21.930382
1684926259.84383,32.822526,34.993532,21.929996
1684926259.8439,32.822526,34.993532,21.929612
1684926259.84397,32.822526,34.993532,21.929266
1684926259.85405,32.822526,34.993532,21.928963
1684926259.85416,32.822526,34.993532,21.928708
1684926259.85424,32.822526,34.993532,21.928502
1684926259.92472,32.822526,34.993532,21.928336
1684926259.92483,32.822525,34.993531,21.928198
1684926259.9249,32.822525,34.993531,21.928121
1684926259.92503,32.822525,34.993531,21.928104
1684926259.93273,32.822525,34.993531,21.928108
1684926259.93284,32.822525,34.993531,21.92811
1684926259.93291,32.822525,34.993531,21.928086
1684926259.93299,32.822525,34.993531,21.928078
1684926260.00095,32.822525,34.99353,21.928115
1684926260.00104,32.822525,34.99353,21.928158
1684926260.00116,32.822525,34.99353,21.928188
1684926260.00128,32.822525,34.99353,21.928243
1684926260.00138,32.822525,34.99353,21.928396
1684926260.00953,32.822525,34.99353,21.928655
1684926260.00963,32.822525,34.99353,21.929033
1684926260.0097,32.822525,34.993529,21.929481
1684926260.08282,32.822525,34.993529,21.929937
1684926260.08291,32.822525,34.993529,21.930434
1684926260.08302,32.822525,34.993529,21.931
1684926260.08313,32.822525,34.993529,21.931649
1684926260.08972,32.822525,34.993529,21.932375
1684926260.08979,32.822524,34.993529,21.933147
1684926260.0899,32.822524,34.993528,21.933954
1684926260.17091,32.822524,34.993528,21.934806
1684926260.17105,32.822524,34.993528,21.935676
1684926260.17119,32.822523,34.993526,21.859296
1684926260.17123,32.822523,34.993526,21.860102
1684926260.1859,32.822523,34.993525,21.860947
1684926260.18603,32.822523,34.993525,21.861789
1684926260.1861,32.822523,34.993525,21.862619
1684926260.19187,32.822523,34.993525,21.863474
1684926260.23988,32.822523,34.993525,21.864399
1684926260.24002,32.822523,34.993525,21.865376
1684926260.2401,32.822523,34.993525,21.86637
1684926260.24017,32.822523,34.993524,21.867347
1684926260.24028,32.822523,34.993524,21.868305
1684926260.24801,32.822523,34.993524,21.869235
1684926260.24811,32.822523,34.993524,21.870135
1684926260.24826,32.822523,34.993524,21.871039
1684926260.30225,32.822523,34.993524,21.871968
1684926260.30238,32.822523,34.993524,21.872869
1684926260.30245,32.822523,34.993523,21.873672
1684926260.30251,32.822523,34.993523,21.874378
1684926260.3026,32.822523,34.993523,21.875039
1684926260.3129,32.822523,34.993523,21.87567
1684926260.313,32.822523,34.993523,21.876224
1684926260.3831,32.822523,34.993523,21.876678
1684926260.38323,32.822522,34.993523,21.877064
1684926260.38337,32.822522,34.993522,21.877382
1684926260.38344,32.822522,34.993522,21.877633
1684926260.39596,32.822522,34.993522,21.877872
1684926260.3961,32.822522,34.993522,21.878125
1684926260.39622,32.822522,34.993522,21.878367
1684926260.3963,32.822522,34.993522,21.878582
1684926260.46584,32.822522,34.993521,21.878782
1684926260.46595,32.822522,34.993521,21.878981
1684926260.46603,32.822522,34.993521,21.87918
1684926260.47658,32.822522,34.993521,21.879391
1684926260.47669,32.822522,34.993521,21.879608
1684926260.47677,32.822522,34.993521,21.879834
1684926260.47684,32.822522,34.993521,21.880019
1684926260.47692,32.822522,34.99352,21.880098
1684926260.55099,32.822522,34.99352,21.880075
1684926260.55108,32.822522,34.99352,21.879995
1684926260.5512,32.822522,34.99352,21.87989
1684926260.55131,32.822522,34.99352,21.879775
1684926260.55138,32.822522,34.99352,21.879646
1684926260.55146,32.822522,34.99352,21.879487
1684926260.56293,32.822521,34.993519,21.879298
1684926260.56302,32.822521,34.993519,21.879067
1684926260.62579,32.822521,34.993519,21.878798
1684926260.62588,32.822521,34.993519,21.878492
1684926260.62599,32.822521,34.993519,21.878135
1684926260.63686,32.822521,34.993519,21.877744
1684926260.63699,32.822521,34.993519,21.877346
1684926260.63704,32.822521,34.993518,21.87698
1684926260.63716,32.822521,34.993518,21.876682
1684926260.68623,32.822521,34.993518,21.876472
1684926260.68635,32.822521,34.993518,21.876308
1684926260.68641,32.822521,34.993518,21.876154
1684926260.68652,32.822521,34.993518,21.876014
1684926260.69437,32.822521,34.993517,21.87593
1684926260.69446,32.822521,34.993517,21.875927
1684926260.69458,32.822521,34.993517,21.876007
1684926260.69465,32.822521,34.993517,21.876162
1684926260.76966,32.822521,34.993517,21.87637
1684926260.76974,32.822521,34.993517,21.876622
1684926260.76985,32.822521,34.993517,21.876897
1684926260.76997,32.822521,34.993516,21.877217
1684926260.77863,32.822521,34.993516,21.877606
1684926260.77872,32.822521,34.993516,21.878039
1684926260.77879,32.822521,34.993516,21.87847
1684926260.77885,32.822521,34.993516,21.878923
1684926260.8486,32.82252,34.993516,21.879401
1684926260.84879,32.82252,34.993516,21.879922
1684926260.84907,32.82252,34.993515,21.880438
1684926260.86028,32.82252,34.993515,21.880927
1684926260.86038,32.82252,34.993515,21.881395
1684926260.86045,32.82252,34.993515,21.881863
1684926260.86052,32.82252,34.993515,21.882332
1684926260.93147,32.82252,34.993515,21.882779
1684926260.93157,32.82252,34.993514,21.883214
1684926260.93164,32.82252,34.993514,21.883628
1684926260.93171,32.82252,34.993514,21.883981
1684926260.93177,32.82252,34.993514,21.884227
1684926260.93184,32.82252,34.993514,21.884371
1684926260.94074,32.82252,34.993514,21.88447
1684926260.94086,32.82252,34.993514,21.884563
1684926261.00968,32.82252,34.993513,21.884657
1684926261.00978,32.82252,34.993513,21.884754
1684926261.00985,32.82252,34.993513,21.884887
1684926261.02076,32.82252,34.993513,21.885083
1684926261.02086,32.82252,34.993513,21.885305
1684926261.02092,32.82252,34.993513,21.885504
1684926261.02104,32.82252,34.993512,21.885669
1684926261.02696,32.82252,34.993512,21.885786
1684926261.07281,32.82252,34.993512,21.88584
1684926261.07294,32.82252,34.993512,21.885873
1684926261.07302,32.82252,34.993512,21.885953
1684926261.07309,32.82252,34.993512,21.886095
1684926261.07316,32.82252,34.993512,21.886254
1684926261.07322,32.82252,34.993511,21.886372
1684926261.08029,32.822519,34.993511,21.886444
1684926261.15285,32.822519,34.993511,21.886507
1684926261.15295,32.822519,34.993511,21.886572
1684926261.15304,32.822521,34.99351,21.818112
1684926261.15311,32.82252,34.99351,21.818024
1684926261.15317,32.82252,34.99351,21.817929
1684926261.15323,32.82252,34.99351,21.817852
1684926261.1533,32.82252,34.99351,21.817785
1684926261.15911,32.82252,34.99351,21.817713
1684926261.23193,32.82252,34.993509,21.817638
1684926261.232,32.82252,34.993509,21.817553
1684926261.23211,32.82252,34.993509,21.817449
1684926261.24313,32.82252,34.993509,21.817357
1684926261.24331,32.82252,34.993509,21.81731
1684926261.24342,32.82252,34.993509,21.817289
1684926261.24349,32.82252,34.993508,21.817244
1684926261.25796,32.82252,34.993508,21.817147
1684926261.31378,32.82252,34.993508,21.81699
1684926261.31391,32.82252,34.993508,21.816747
1684926261.31397,32.82252,34.993508,21.816433
1684926261.3252,32.82252,34.993508,21.816094
1684926261.32532,32.82252,34.993508,21.815766
1684926261.32539,32.82252,34.993507,21.815441
1684926261.33852,32.82252,34.993507,21.815135
1684926261.39474,32.82252,34.993507,21.814819
1684926261.39487,32.82252,34.993507,21.8145
1684926261.39494,32.82252,34.993507,21.814194
1684926261.395,32.82252,34.993507,21.813909
1684926261.39507,32.82252,34.993506,21.813651
1684926261.40397,32.82252,34.993506,21.813453
1684926261.40407,32.82252,34.993506,21.813317
1684926261.40418,32.82252,34.993506,21.813253
1684926261.47175,32.82252,34.993506,21.813266
1684926261.47187,32.82252,34.993506,21.813356
1684926261.47194,32.82252,34.993505,21.813483
1684926261.50252,32.82252,34.993505,21.813614
1684926261.50261,32.82252,34.993505,21.813735
1684926261.50273,32.82252,34.993505,21.813852
1684926261.50278,32.82252,34.993505,21.81401
1684926261.5029,32.82252,34.993505,21.814231
1684926261.53767,32.82252,34.993505,21.814526
1684926261.53781,32.82252,34.993504,21.814883
1684926261.53793,32.82252,34.993504,21.815292
1684926261.538,32.82252,34.993504,21.815747
1684926261.54793,32.82252,34.993504,21.816231
1684926261.54804,32.82252,34.993504,21.816728
1684926261.5481,32.822519,34.993504,21.817244
1684926261.55789,32.822519,34.993503,21.817755
1684926261.61889,32.822519,34.993503,21.818224
1684926261.61897,32.822519,34.993503,21.818632
1684926261.61908,32.822519,34.993503,21.818958
1684926261.62679,32.822519,34.993503,21.819201
1684926261.6269,32.822519,34.993503,21.819394
1684926261.62697,32.822519,34.993502,21.819577
1684926261.62704,32.822519,34.993502,21.819756
1684926261.70233,32.822519,34.993502,21.819924
1684926261.70246,32.822519,34.993502,21.820085
1684926261.70255,32.822519,34.993502,21.820256
1684926261.70267,32.822519,34.993502,21.820425
1684926261.71712,32.822519,34.993501,21.820576
1684926261.71725,32.822519,34.993501,21.820708
1684926261.71733,32.822519,34.993501,21.820829
1684926261.7174,32.822519,34.993501,21.820939
1684926261.78373,32.822519,34.993501,21.821044
1684926261.78387,32.822519,34.993501,21.82113
1684926261.78394,32.822519,34.993501,21.821177
1684926261.78401,32.822519,34.9935,21.821195
1684926261.78407,32.822519,34.9935,21.821207
1684926261.79214,32.822519,34.9935,21.821229
1684926261.79223,32.822519,34.9935,21.821268
1684926261.79235,32.822519,34.9935,21.821326
1684926261.8416,32.822519,34.9935,21.821396
1684926261.84172,32.822519,34.993499,21.821498
1684926261.85275,32.822519,34.993499,21.821632
1684926261.85288,32.822519,34.993499,21.821787
1684926261.85295,32.822519,34.993499,21.821959
1684926261.85302,32.822519,34.993499,21.82215
1684926261.8531,32.822519,34.993499,21.822333
1684926261.9285,32.822519,34.993499,21.822463
1684926261.9286,32.822519,34.993498,21.822507
1684926261.92866,32.822519,34.993498,21.822463
1684926261.92875,32.822519,34.993498,21.822355
1684926261.92881,32.822519,34.993498,21.822174
1684926261.92892,32.822519,34.993498,21.821904
1684926261.92903,32.822519,34.993498,21.821595
1684926261.92918,32.822519,34.993498,21.821271
1684926262.00057,32.822519,34.993497,21.820943
1684926262.00069,32.822519,34.993497,21.820563
1684926262.00081,32.822519,34.993497,21.820083
1684926262.00093,32.822519,34.993497,21.819548
1684926262.00832,32.822519,34.993497,21.81901
1684926262.0084,32.822519,34.993497,21.818477
1684926262.00853,32.822519,34.993497,21.817939
1684926262.00863,32.822519,34.993496,21.817397
1684926262.08373,32.822519,34.993496,21.816852
1684926262.08386,32.822519,34.993496,21.816303
1684926262.08395,32.822519,34.993496,21.815784
1684926262.09497,32.822519,34.993496,21.815286
1684926262.09512,32.822519,34.993496,21.814777
1684926262.09519,32.822519,34.993496,21.814249
1684926262.11304,32.822519,34.993496,21.813711
1684926262.15369,32.822519,34.993495,21.813199
1684926262.1538,32.822519,34.993495,21.812743
1684926262.15386,32.822518,34.993491,21.763139
1684926262.15393,32.822518,34.993491,21.762722
1684926262.16363,32.822518,34.993491,21.762317
1684926262.16374,32.822518,34.993491,21.761922
1684926262.1638,32.822518,34.993491,21.761558
1684926262.16387,32.822518,34.993491,21.761235
1684926262.24235,32.822518,34.993491,21.760962
1684926262.24249,32.822518,34.99349,21.760728
1684926262.24258,32.822518,34.99349,21.760521
1684926262.24263,32.822518,34.99349,21.760323
1684926262.24276,32.822518,34.99349,21.760117
1684926262.24282,32.822518,34.99349,21.75989
1684926262.24294,32.822518,34.99349,21.759613
1684926262.243,32.822518,34.99349,21.759315
1684926262.30313,32.822518,34.993489,21.759025
1684926262.30325,32.822518,34.993489,21.758774
1684926262.30331,32.822518,34.993489,21.758552
1684926262.30346,32.822518,34.993489,21.758339
1684926262.30354,32.822518,34.993489,21.758138
1684926262.31752,32.822518,34.993489,21.757996
1684926262.31767,32.822518,34.993489,21.757908
1684926262.38252,32.822518,34.993489,21.757811
1684926262.38266,32.822518,34.993488,21.757658
1684926262.38273,32.822518,34.993488,21.757455
1684926262.38285,32.822518,34.993488,21.757221
1684926262.39172,32.822518,34.993488,21.756949
1684926262.39183,32.822518,34.993488,21.75662
1684926262.39191,32.822518,34.993488,21.756249
1684926262.39199,32.822518,34.993488,21.755882
1684926262.46278,32.822518,34.993487,21.755523
1684926262.46288,32.822518,34.993487,21.755125
1684926262.46299,32.822518,34.993487,21.754657
1684926262.46311,32.822518,34.993487,21.754124
1684926262.47309,32.822518,34.993487,21.753563
1684926262.47317,32.822518,34.993487,21.753016
1684926262.4733,32.822518,34.993487,21.752505
1684926262.49052,32.822518,34.993486,21.752051
1684926262.54779,32.822518,34.993486,21.751688
1684926262.54792,32.822518,34.993486,21.751401
1684926262.54802,32.822518,34.993486,21.75116
1684926262.5571,32.822518,34.993486,21.750904
1684926262.55721,32.822518,34.993486,21.750597
1684926262.55729,32.822518,34.993486,21.750255
1684926262.55735,32.822518,34.993485,21.749909
1684926262.55746,32.822518,34.993485,21.749574
1684926262.62637,32.822518,34.993485,21.749243
1684926262.62647,32.822518,34.993485,21.748895
1684926262.62658,32.822518,34.993485,21.748528
1684926262.6267,32.822518,34.993485,21.748119
1684926262.63496,32.822518,34.993485,21.747675
1684926262.63505,32.822518,34.993485,21.747209
1684926262.63511,32.822518,34.993484,21.746762
1684926262.68912,32.822518,34.993484,21.746374
1684926262.68921,32.822518,34.993484,21.74602
1684926262.68929,32.822518,34.993484,21.745671
1684926262.6894,32.822518,34.993484,21.745329
1684926262.69865,32.822518,34.993484,21.745032
1684926262.69871,32.822518,34.993484,21.744765
1684926262.69882,32.822518,34.993483,21.744518
1684926262.69892,32.822518,34.993483,21.744277
1684926262.77248,32.822518,34.993483,21.744032
1684926262.77255,32.822518,34.993483,21.743763
1684926262.77266,32.822518,34.993483,21.743478
1684926262.77278,32.822518,34.993483,21.743168
1684926262.7811,32.822518,34.993483,21.742829
1684926262.78121,32.822518,34.993482,21.742437
1684926262.78126,32.822518,34.993482,21.741993
1684926262.78133,32.822518,34.993482,21.741513
1684926262.85278,32.822518,34.993482,21.740985
1684926262.85293,32.822518,34.993482,21.740458
1684926262.85299,32.822518,34.993482,21.739955
1684926262.85305,32.822518,34.993482,21.739459
1684926262.85334,32.822518,34.993481,21.738949
1684926262.86074,32.822518,34.993481,21.738428
1684926262.86085,32.822518,34.993481,21.737884
1684926262.9379,32.822518,34.993481,21.737362
1684926262.93801,32.822517,34.993481,21.736869
1684926262.93808,32.822517,34.993481,21.736351
1684926262.93814,32.822517,34.993481,21.735776
1684926262.9485,32.822517,34.99348,21.735159
1684926262.94861,32.822517,34.99348,21.734512
1684926262.94867,32.822517,34.99348,21.733861
1684926262.94874,32.822517,34.99348,21.733261
1684926263.00953,32.822517,34.99348,21.732714
1684926263.00963,32.822517,34.99348,21.732183
1684926263.0097,32.822517,34.99348,21.731638
1684926263.00976,32.822517,34.993479,21.731076
1684926263.01014,32.822517,34.993479,21.730512
1684926263.01027,32.822517,34.993479,21.729923
1684926263.01843,32.822517,34.993479,21.729295
1684926263.01852,32.822517,34.993479,21.728629
1684926263.07388,32.822517,34.993479,21.727949
1684926263.07401,32.822517,34.993479,21.727261
1684926263.07408,32.822517,34.993478,21.72657
1684926263.07416,32.822517,34.993478,21.725871
1684926263.08207,32.822517,34.993478,21.72517
1684926263.08216,32.822517,34.993478,21.724442
1684926263.08227,32.822517,34.993478,21.723677
1684926263.15102,32.822517,34.993478,21.722889
1684926263.15123,32.822517,34.993478,21.722111
1684926263.15137,32.822518,34.993478,21.769066
1684926263.15143,32.822518,34.993478,21.768305
1684926263.15158,32.822518,34.993477,21.767515
1684926263.16019,32.822518,34.993477,21.766684
1684926263.16029,32.822518,34.993477,21.765805
1684926263.16035,32.822518,34.993477,21.764909
1684926263.23448,32.822518,34.993477,21.764003
1684926263.23461,32.822518,34.993477,21.763082
1684926263.23472,32.822518,34.993476,21.762142
1684926263.23485,32.822518,34.993476,21.761178
1684926263.24373,32.822518,34.993476,21.760168
1684926263.24386,32.822518,34.993476,21.75913
1684926263.24393,32.822518,34.993476,21.758079
1684926263.24404,32.822518,34.993476,21.757037
1684926263.31671,32.822518,34.993475,21.756039
1684926263.31685,32.822518,34.993475,21.755144
1684926263.31694,32.822518,34.993475,21.754336
1684926263.31701,32.822518,34.993475,21.753601
1684926263.31709,32.822518,34.993475,21.752956
1684926263.31716,32.822518,34.993475,21.752442
1684926263.32475,32.822518,34.993474,21.752041
1684926263.39094,32.822518,34.993474,21.751746
1684926263.3911,32.822518,34.993474,21.751554
1684926263.39119,32.822518,34.993474,21.751458
1684926263.39126,32.822518,34.993474,21.751469
1684926263.40129,32.822518,34.993474,21.751612
1684926263.40139,32.822518,34.993473,21.751869
1684926263.40147,32.822518,34.993473,21.752219
1684926263.40936,32.822518,34.993473,21.752628
1684926263.47449,32.822518,34.993473,21.7531
1684926263.47458,32.822518,34.993473,21.753687
1684926263.47544,32.822518,34.993473,21.754383
1684926263.47553,32.822518,34.993472,21.755124
1684926263.47558,32.822518,34.993472,21.755843
1684926263.4757,32.822518,34.993472,21.756538
1684926263.4821,32.822518,34.993472,21.757242
1684926263.4822,32.822518,34.993472,21.757937
1684926263.54276,32.822518,34.993471,21.758575
1684926263.54301,32.822518,34.993471,21.759153
1684926263.54308,32.822518,34.993471,21.759678
1684926263.54317,32.822518,34.993471,21.760176
1684926263.54323,32.822518,34.993471,21.760667
1684926263.54984,32.822518,34.993471,21.761155
1684926263.54995,32.822518,34.99347,21.761623
1684926263.55002,32.822518,34.99347,21.762026
1684926263.61873,32.822518,34.99347,21.762354
1684926263.61886,32.822518,34.99347,21.762673
1684926263.61894,32.822518,34.99347,21.763049
1684926263.61902,32.822518,34.99347,21.763477
1684926263.62665,32.822518,34.993469,21.763899
1684926263.62686,32.822518,34.993469,21.764278
1684926263.62692,32.822518,34.993469,21.764631
1684926263.69838,32.822518,34.993469,21.764985
1684926263.6985,32.822518,34.993469,21.765306
1684926263.69857,32.822518,34.993468,21.765549
1684926263.69864,32.822518,34.993468,21.765721
1684926263.69876,32.822518,34.993468,21.765832
1684926263.70745,32.822519,34.993468,21.76592
1684926263.7083,32.822519,34.993468,21.765961
1684926263.7084,32.822519,34.993468,21.765933
1684926263.77871,32.822519,34.993467,21.765852
1684926263.77881,32.822519,34.993467,21.765752
1684926263.77893,32.822519,34.993467,21.76564
1684926263.78892,32.822519,34.993467,21.765494
1684926263.78907,32.822519,34.993467,21.765304
1684926263.78915,32.822519,34.993467,21.765096
1684926263.78922,32.822519,34.993466,21.764856
1684926263.78934,32.822519,34.993466,21.764572
1684926263.84825,32.822519,34.993466,21.76424
1684926263.84838,32.822519,34.993466,21.763861
1684926263.84847,32.822519,34.993466,21.763435
1684926263.86646,32.822519,34.993465,21.762987
1684926263.86656,32.822519,34.993465,21.762517
1684926263.86668,32.822519,34.993465,21.762011
1684926263.86674,32.822519,34.993465,21.761475
1684926263.92076,32.822519,34.993465,21.760904
1684926263.92086,32.822519,34.993464,21.760306
1684926263.92092,32.822519,34.993464,21.759682
1684926263.92104,32.822519,34.993464,21.759034
1684926263.92112,32.822519,34.993464,21.758377
1684926263.92126,32.822519,34.993464,21.757724
1684926263.92135,32.822519,34.993464,21.757089
1684926263.92146,32.822519,34.993463,21.756458
1684926264.01055,32.822519,34.993463,21.755816
1684926264.01069,32.822519,34.993463,21.755182
1684926264.01075,32.822519,34.993463,21.754586
1684926264.01082,32.822519,34.993463,21.754033
1684926264.01089,32.822519,34.993462,21.753544
1684926264.011,32.822519,34.993462,21.753123
1684926264.01813,32.822519,34.993462,21.752758
1684926264.01824,32.822519,34.993462,21.752448
1684926264.08231,32.822519,34.993461,21.752172
1684926264.08243,32.822519,34.993461,21.751902
1684926264.08249,32.82252,34.993461,21.751633
1684926264.09356,32.82252,34.993461,21.751369
1684926264.09374,32.82252,34.993461,21.751119
1684926264.09383,32.82252,34.99346,21.750891
1684926264.10542,32.82252,34.99346,21.750691
1684926264.16182,32.82252,34.99346,21.750525
1684926264.16196,32.82252,34.99346,21.750394
1684926264.16205,32.82252,34.993462,21.683926
1684926264.16212,32.82252,34.993462,21.683746
1684926264.16219,32.82252,34.993462,21.683576
1684926264.1757,32.822521,34.993462,21.683425
1684926264.17588,32.822521,34.993462,21.683298
1684926264.18153,32.822521,34.993461,21.683184
1684926264.24535,32.822521,34.993461,21.683064
1684926264.24545,32.822521,34.993461,21.682931
1684926264.24567,32.822521,34.993461,21.682773
1684926264.24574,32.822521,34.99346,21.68261
1684926264.24581,32.822521,34.99346,21.682454
1684926264.25417,32.822521,34.99346,21.682306
1684926264.25427,32.822521,34.99346,21.682181
1684926264.25433,32.822521,34.99346,21.682068
1684926264.30377,32.822521,34.993459,21.681949
1684926264.30389,32.822521,34.993459,21.681804
1684926264.30395,32.822521,34.993459,21.681635
1684926264.30401,32.822521,34.993459,21.681464
1684926264.31266,32.822521,34.993458,21.681324
1684926264.31278,32.822521,34.993458,21.68121
1684926264.31334,32.822521,34.993458,21.681109
1684926264.38664,32.822522,34.993458,21.681008
1684926264.38676,32.822522,34.993457,21.680918
1684926264.38683,32.822522,34.993457,21.68086
1684926264.38693,32.822522,34.993457,21.680819
1684926264.3969,32.822522,34.993457,21.680772
1684926264.39702,32.822522,34.993456,21.680719
1684926264.39711,32.822522,34.993456,21.680686
1684926264.39719,32.822522,34.993456,21.680663
1684926264.46865,32.822522,34.993456,21.680649
1684926264.46876,32.822522,34.993455,21.680634
1684926264.46888,32.822522,34.993455,21.680614
1684926264.46894,32.822522,34.993455,21.680591
1684926264.47811,32.822522,34.993455,21.680544
1684926264.4782,32.822522,34.993454,21.680433
1684926264.47826,32.822522,34.993454,21.680283
1684926264.47832,32.822522,34.993454,21.680057
1684926264.54209,32.822523,34.993454,21.679731
1684926264.54218,32.822523,34.993453,21.679362
1684926264.54224,32.822523,34.993453,21.678963
1684926264.54231,32.822523,34.993453,21.678538
1684926264.55342,32.822523,34.993453,21.678095
1684926264.55353,32.822523,34.993452,21.677664
1684926264.55364,32.822523,34.993452,21.6773
1684926264.56469,32.822523,34.993452,21.677065
1684926264.63164,32.822523,34.993452,21.676914
1684926264.63337,32.822523,34.993451,21.676753
1684926264.63344,32.822523,34.993451,21.676512
1684926264.63355,32.822523,34.993451,21.676192
1684926264.64062,32.822523,34.993451,21.675837
1684926264.6407,32.822523,34.99345,21.675534
1684926264.64078,32.822524,34.99345,21.675279
1684926264.69659,32.822524,34.99345,21.675041
1684926264.69667,32.822524,34.99345,21.67479
1684926264.69679,32.822524,34.993449,21.674463
1684926264.69691,32.822524,34.993449,21.674053
1684926264.69697,32.822524,34.993449,21.673579
1684926264.7064,32.822524,34.993449,21.67306
1684926264.70655,32.822524,34.993448,21.672502
1684926264.70665,32.822524,34.993448,21.671952
1684926264.76812,32.822524,34.993448,21.671385
1684926264.76821,32.822524,34.993448,21.670807
1684926264.76827,32.822524,34.993447,21.67026
1684926264.76834,32.822525,34.993447,21.669767
1684926264.76845,32.822525,34.993447,21.66931
1684926264.76855,32.822525,34.993447,21.668905
1684926264.77538,32.822525,34.993446,21.668613
1684926264.77553,32.822525,34.993446,21.668454
1684926264.85155,32.822525,34.993446,21.668383
1684926264.85167,32.822525,34.993446,21.66836
1684926264.85173,32.822525,34.993445,21.668375
1684926264.85184,32.822525,34.993445,21.66844
1684926264.8519,32.822525,34.993445,21.668565
1684926264.85202,32.822525,34.993445,21.668641
1684926264.85827,32.822525,34.993444,21.668613
1684926264.93632,32.822526,34.993444,21.668517
1684926264.9364,32.822526,34.993444,21.668354
1684926264.93648,32.822526,34.993443,21.668153
1684926264.93659,32.822526,34.993443,21.667971
1684926264.93671,32.822526,34.993443,21.667839
1684926264.93689,32.822526,34.993443,21.667721
1684926264.95441,32.822526,34.993442,21.667627
1684926264.95452,32.822526,34.993442,21.66757
1684926265.0098,32.822526,34.993442,21.667558
1684926265.00988,32.822526,34.993442,21.667604
1684926265.01,32.822526,34.993441,21.667663
1684926265.01011,32.822526,34.993441,21.667712
1684926265.01023,32.822527,34.993441,21.667778
1684926265.01793,32.822527,34.993441,21.66786
1684926265.01808,32.822527,34.99344,21.667895
1684926265.01817,32.822527,34.99344,21.667853
1684926265.07406,32.822527,34.99344,21.667769
1684926265.07415,32.822527,34.993439,21.667651
1684926265.07421,32.822527,34.993439,21.667523
1684926265.07434,32.822527,34.993439,21.66742
1684926265.07441,32.822527,34.993439,21.667364
1684926265.08199,32.822528,34.993438,21.667355
1684926265.08211,32.822528,34.993438,21.667357
1684926265.15536,32.822528,34.993438,21.667323
1684926265.15547,32.822528,34.993437,21.667268
1684926265.15558,32.822527,34.993437,21.646168
1684926265.15569,32.822527,34.993437,21.646075
1684926265.16457,32.822527,34.993437,21.645958
1684926265.16471,32.822527,34.993436,21.645825
1684926265.16477,32.822528,34.993436,21.6457
1684926265.16495,32.822528,34.993436,21.645562
1684926265.2343,32.822528,34.993435,21.645399
1684926265.23441,32.822528,34.993435,21.645235
1684926265.23447,32.822528,34.993435,21.645123
1684926265.23453,32.822528,34.993435,21.645028
1684926265.23465,32.822528,34.993434,21.644902
1684926265.24174,32.822528,34.993434,21.644749
1684926265.24184,32.822528,34.993434,21.64457
1684926265.24192,32.822529,34.993433,21.644366
1684926265.31311,32.822529,34.993433,21.644148
1684926265.31319,32.822529,34.993433,21.643956
1684926265.31328,32.822529,34.993433,21.643803
1684926265.31334,32.822529,34.993432,21.64373
1684926265.3134,32.822529,34.993432,21.643696
1684926265.31348,32.822529,34.993432,21.643683
1684926265.32023,32.822529,34.993431,21.643667
1684926265.40069,32.82253,34.993431,21.643667
1684926265.4008,32.82253,34.993431,21.643647
1684926265.40091,32.82253,34.99343,21.643574
1684926265.40102,32.82253,34.99343,21.643427
1684926265.40114,32.82253,34.99343,21.643162
1684926265.41045,32.82253,34.99343,21.642795
1684926265.41054,32.82253,34.993429,21.642371
1684926265.41062,32.82253,34.993429,21.641924
1684926265.47092,32.822531,34.993429,21.641504
1684926265.471,32.822531,34.993428,21.641132
1684926265.47115,32.822531,34.993428,21.640793
1684926265.47122,32.822531,34.993428,21.640502
1684926265.47128,32.822531,34.993428,21.64027
1684926265.47882,32.822531,34.993427,21.640114
1684926265.47893,32.822531,34.993427,21.640083
1684926265.47899,32.822531,34.993427,21.640179
1684926265.53873,32.822532,34.993426,21.640376
1684926265.53884,32.822532,34.993426,21.640713
1684926265.53889,32.822532,34.993426,21.641189
1684926265.53901,32.822532,34.993425,21.641766
1684926265.53915,32.822532,34.993425,21.642443
1684926265.5461,32.822532,34.993425,21.6432
1684926265.54623,32.822532,34.993425,21.644061
1684926265.54631,32.822532,34.993424,21.64502
1684926265.62575,32.822533,34.993424,21.646041
1684926265.62586,32.822533,34.993424,21.64708
1684926265.62597,32.822533,34.993423,21.648099
1684926265.62608,32.822533,34.993423,21.64906
1684926265.63452,32.822533,34.993423,21.649962
1684926265.63463,32.822533,34.993422,21.65082
1684926265.63469,32.822533,34.993422,21.651618
1684926265.69501,32.822534,34.993422,21.652324
1684926265.69513,32.822534,34.993422,21.652922
1684926265.69524,32.822534,34.993421,21.653451
1684926265.69531,32.822534,34.993421,21.653948
1684926265.70607,32.822534,34.993421,21.654385
1684926265.70618,32.822534,34.99342,21.65473
1684926265.70624,32.822534,34.99342,21.655009
1684926265.70631,32.822535,34.99342,21.655267
1684926265.77598,32.822535,34.993419,21.655523
1684926265.77608,32.822535,34.993419,21.655753
1684926265.77615,32.822535,34.993419,21.655935
1684926265.77625,32.822535,34.993419,21.656057
1684926265.77637,32.822535,34.993418,21.656116
1684926265.78574,32.822535,34.993418,21.656104
1684926265.78584,32.822535,34.993418,21.656017
1684926265.78591,32.822536,34.993417,21.655882
1684926265.83893,32.822536,34.993417,21.655726
1684926265.83904,32.822536,34.993417,21.655519
1684926265.83912,32.822536,34.993416,21.655243
1684926265.83918,32.822536,34.993416,21.654928
1684926265.83925,32.822536,34.993416,21.654629
1684926265.83932,32.822536,34.993416,21.654355
1684926265.83939,32.822537,34.993415,21.654093
1684926265.92698,32.822537,34.993415,21.65384
1684926265.92709,32.822537,34.993415,21.65362
1684926265.92715,32.822537,34.993414,21.653425
1684926265.92727,32.822537,34.993414,21.653231
1684926265.92733,32.822537,34.993414,21.653033
1684926265.92739,32.822537,34.993414,21.652848
1684926265.92746,32.822538,34.993413,21.652682
1684926265.92758,32.822538,34.993413,21.652538
1684926266.00488,32.822538,34.993413,21.652405
1684926266.00496,32.822538,34.993412,21.652285
1684926266.00507,32.822538,34.993412,21.652192
1684926266.00518,32.822538,34.993412,21.652119
1684926266.00529,32.822539,34.993411,21.652061
1684926266.0054,32.822539,34.993411,21.652014
1684926266.00552,32.822539,34.993411,21.651957
1684926266.01072,32.822539,34.993411,21.65188
1684926266.08082,32.822539,34.99341,21.651788
1684926266.08094,32.822539,34.99341,21.651677
1684926266.081,32.822539,34.99341,21.651529
1684926266.08106,32.82254,34.993409,21.651375
1684926266.09224,32.82254,34.993409,21.651234
1684926266.09234,32.82254,34.993409,21.651106
1684926266.09242,32.82254,34.993409,21.651015
1684926266.16033,32.82254,34.993408,21.650959
1684926266.16045,32.82254,34.993408,21.650927
1684926266.16052,32.822541,34.993405,21.610875
1684926266.16059,32.822541,34.993404,21.610784
1684926266.16065,32.822541,34.993404,21.610701
1684926266.16072,32.822541,34.993404,21.610661
1684926266.16777,32.822541,34.993404,21.610651
1684926266.16789,32.822541,34.993403,21.610638
1684926266.24066,32.822541,34.993403,21.610627
1684926266.24079,32.822542,34.993403,21.610602
1684926266.24086,32.822542,34.993402,21.610555
1684926266.24093,32.822542,34.993402,21.610486
1684926266.25129,32.822542,34.993402,21.610419
1684926266.2514,32.822542,34.993401,21.610376
1684926266.25146,32.822542,34.993401,21.610329
1684926266.25152,32.822542,34.993401,21.610249
1684926266.30841,32.822543,34.993401,21.610104
1684926266.30857,32.822543,34.9934,21.609904
1684926266.30865,32.822543,34.9934,21.609648
1684926266.30874,32.822543,34.9934,21.609317
1684926266.30882,32.822543,34.993399,21.608887
1684926266.32315,32.822543,34.993399,21.608366
1684926266.32336,32.822543,34.993399,21.607784
1684926266.38601,32.822544,34.993399,21.607189
1684926266.38613,32.822544,34.993398,21.606568
1684926266.38618,32.822544,34.993398,21.605963
1684926266.3863,32.822544,34.993398,21.605396
1684926266.38642,32.822544,34.993397,21.604874
1684926266.38653,32.822544,34.993397,21.604389
1684926266.39386,32.822544,34.993397,21.603902
1684926266.39395,32.822545,34.993397,21.603381
1684926266.46744,32.822545,34.993396,21.602823
1684926266.4676,32.822545,34.993396,21.602236
1684926266.46766,32.822545,34.993396,21.601598
1684926266.46773,32.822545,34.993395,21.600936
1684926266.46788,32.822545,34.993395,21.600267
1684926266.46797,32.822545,34.993395,21.599566
1684926266.47549,32.822546,34.993395,21.59881
1684926266.47561,32.822546,34.993394,21.598017
1684926266.5461,32.822546,34.993394,21.597202
1684926266.54627,32.822546,34.993394,21.596386
1684926266.54635,32.822546,34.993394,21.595587
1684926266.56749,32.822546,34.993393,21.594787
1684926266.56769,32.822546,34.993393,21.593983
1684926266.56781,32.822547,34.993393,21.59314
1684926266.56789,32.822547,34.993392,21.592269
1684926266.56798,32.822547,34.993392,21.591402
1684926266.62918,32.822547,34.993392,21.59056
1684926266.6293,32.822547,34.993392,21.589745
1684926266.62935,32.822547,34.993391,21.58892
1684926266.62952,32.822547,34.993391,21.588061
1684926266.64471,32.822548,34.993391,21.587164
1684926266.64491,32.822548,34.99339,21.58624
1684926266.64498,32.822548,34.99339,21.585322
1684926266.693,32.822548,34.99339,21.584403
1684926266.69312,32.822548,34.99339,21.583504
1684926266.69319,32.822548,34.993389,21.582573
1684926266.69326,32.822548,34.993389,21.581636
1684926266.70172,32.822549,34.993389,21.580739
1684926266.70574,32.822549,34.993388,21.579916
1684926266.7134,32.822549,34.993388,21.579179
1684926266.71349,32.822549,34.993388,21.578546
1684926266.76958,32.822549,34.993388,21.578014
1684926266.76968,32.822549,34.993387,21.577582
1684926266.76979,32.822549,34.993387,21.577253
1684926266.7699,32.82255,34.993387,21.577035
1684926266.77002,32.82255,34.993386,21.576919
1684926266.77871,32.82255,34.993386,21.576913
1684926266.77882,32.82255,34.993386,21.576981
1684926266.77889,32.82255,34.993386,21.57709
1684926266.85609,32.82255,34.993385,21.577237
1684926266.8562,32.82255,34.993385,21.577397
1684926266.85628,32.82255,34.993385,21.57746
1684926266.86739,32.822551,34.993385,21.577391
1684926266.8679,32.822551,34.993384,21.577243
1684926266.86799,32.822551,34.993384,21.577108
1684926266.86813,32.822551,34.993384,21.577072
1684926266.9286,32.822551,34.993383,21.577067
1684926266.92872,32.822551,34.993383,21.57701
1684926266.9288,32.822551,34.993383,21.576901
1684926266.9389,32.822552,34.993383,21.576774
1684926266.939,32.822552,34.993382,21.576645
1684926266.93905,32.822552,34.993382,21.576485
1684926266.93918,32.822552,34.993382,21.576314
1684926266.93924,32.822552,34.993382,21.576115
1684926267.0075,32.822552,34.993381,21.57587
1684926267.00759,32.822552,34.993381,21.575567
1684926267.0077,32.822553,34.993381,21.575203
1684926267.00782,32.822553,34.99338,21.574788
1684926267.00789,32.822553,34.99338,21.574347
1684926267.00796,32.822553,34.99338,21.573863
1684926267.01587,32.822553,34.99338,21.573299
1684926267.01596,32.822553,34.993379,21.572679
1684926267.07493,32.822553,34.993379,21.572077
1684926267.07503,32.822554,34.993379,21.571553
1684926267.07514,32.822554,34.993378,21.571172
1684926267.07526,32.822554,34.993378,21.570938
1684926267.07537,32.822554,34.993378,21.570869
1684926267.08418,32.822554,34.993378,21.570928
1684926267.08428,32.822554,34.993377,21.571064
1684926267.15525,32.822554,34.993377,21.571144
1684926267.1554,32.822555,34.993377,21.571112
1684926267.15548,32.822557,34.993376,21.622866
1684926267.15561,32.822557,34.993375,21.622738
1684926267.16499,32.822557,34.993375,21.622554
1684926267.16515,32.822557,34.993375,21.622339
1684926267.16524,32.822557,34.993374,21.6221
1684926267.1653,32.822557,34.993374,21.621816
1684926267.23604,32.822558,34.993374,21.621502
1684926267.23611,32.822558,34.993374,21.621179
1684926267.23622,32.822558,34.993373,21.620861
1684926267.23634,32.822558,34.993373,21.620584
1684926267.23645,32.822558,34.993373,21.620362
1684926267.23656,32.822558,34.993372,21.620151
1684926267.23667,32.822558,34.993372,21.61992
1684926267.23679,32.822559,34.993372,21.619644
1684926267.31388,32.822559,34.993372,21.619342
1684926267.314,32.822559,34.993371,21.618984
1684926267.31406,32.822559,34.993371,21.61854
1684926267.325,32.822559,34.993371,21.61797
1684926267.32507,32.822559,34.99337,21.617269
1684926267.32518,32.822559,34.99337,21.616487
1684926267.32529,32.82256,34.99337,21.615643
1684926267.39132,32.82256,34.99337,21.614701
1684926267.39143,32.82256,34.993369,21.613653
1684926267.39154,32.82256,34.993369,21.612533
1684926267.39165,32.82256,34.993369,21.611374
1684926267.39177,32.82256,34.993368,21.610175
1684926267.39189,32.822561,34.993368,21.608921
1684926267.39986,32.822561,34.993368,21.607626
1684926267.39997,32.822561,34.993368,21.606304
1684926267.48094,32.822561,34.993367,21.604973
1684926267.48105,32.822561,34.993367,21.603632
1684926267.48111,32.822561,34.993367,21.602278
1684926267.48123,32.822561,34.993366,21.600969
1684926267.48134,32.822562,34.993366,21.599727
1684926267.48146,32.822562,34.993366,21.598547
1684926267.48157,32.822562,34.993365,21.597409
1684926267.48164,32.822562,34.993365,21.596315
1684926267.54566,32.822562,34.993365,21.595242
1684926267.54577,32.822562,34.993364,21.594138
1684926267.54589,32.822563,34.993364,21.593029
1684926267.56575,32.822563,34.993364,21.591953
1684926267.56585,32.822563,34.993363,21.590861
1684926267.56596,32.822563,34.993363,21.589674
1684926267.56604,32.822563,34.993363,21.588384
1684926267.56615,32.822563,34.993363,21.58717
1684926267.61393,32.822564,34.993362,21.58617
1684926267.61407,32.822564,34.993362,21.585409
1684926267.61415,32.822564,34.993362,21.584849
1684926267.61421,32.822564,34.993361,21.584402
1684926267.61427,32.822564,34.993361,21.584006
1684926267.61434,32.822564,34.993361,21.583654
1684926267.62012,32.822565,34.99336,21.583424
1684926267.69988,32.822565,34.99336,21.583406
1684926267.69999,32.822565,34.99336,21.583568
1684926267.7001,32.822565,34.993359,21.583791
1684926267.70018,32.822565,34.993359,21.584008
1684926267.70024,32.822566,34.993358,21.584242
1684926267.70032,32.822566,34.993358,21.584553
1684926267.70817,32.822566,34.993358,21.584947
1684926267.70828,32.822566,34.993357,21.58536
1684926267.77927,32.822566,34.993357,21.585764
1684926267.77936,32.822566,34.993357,21.586129
1684926267.77943,32.822567,34.993356,21.586424
1684926267.77949,32.822567,34.993356,21.58661
1684926267.77955,32.822567,34.993356,21.586692
1684926267.77961,32.822567,34.993355,21.58672
1684926267.77968,32.822567,34.993355,21.586713
1684926267.78576,32.822568,34.993355,21.58667
1684926267.84141,32.822568,34.993354,21.586596
1684926267.84157,32.822568,34.993354,21.586491
1684926267.84165,32.822568,34.993353,21.586332
1684926267.85258,32.822568,34.993353,21.586087
1684926267.85269,32.822568,34.993353,21.585756
1684926267.85275,32.822569,34.993352,21.585321
1684926267.85291,32.822569,34.993352,21.584777
1684926267.92082,32.822569,34.993352,21.584136
1684926267.92104,32.822569,34.993351,21.583419
1684926267.92113,32.822569,34.993351,21.582645
1684926267.92121,32.82257,34.993351,21.581829
1684926267.9213,32.82257,34.99335,21.580974
1684926267.92152,32.82257,34.99335,21.580107
1684926267.9216,32.82257,34.993349,21.579224
1684926267.92752,32.82257,34.993349,21.578331
1684926268.00391,32.822571,34.993349,21.577417
1684926268.00403,32.822571,34.993348,21.576478
1684926268.00537,32.822571,34.993348,21.575493
1684926268.00544,32.822571,34.993348,21.574458
1684926268.00551,32.822571,34.993347,21.573393
1684926268.00559,32.822571,34.993347,21.572324
1684926268.0117,32.822572,34.993347,21.5713
1684926268.01182,32.822572,34.993346,21.570331
1684926268.08115,32.822572,34.993346,21.569402
1684926268.08126,32.822572,34.993345,21.568497
1684926268.09235,32.822572,34.993345,21.567598
1684926268.09246,32.822573,34.993345,21.566677
1684926268.09253,32.822573,34.993344,21.565734
1684926268.0926,32.822573,34.993344,21.564756
1684926268.10024,32.822573,34.993344,21.563754
1684926268.16393,32.822573,34.993343,21.562745
1684926268.16402,32.822574,34.993343,21.561746
1684926268.16414,32.822573,34.993347,21.641277
1684926268.16421,32.822573,34.993347,21.640458
1684926268.17428,32.822574,34.993346,21.639665
1684926268.17436,32.822574,34.993346,21.638867
1684926268.17447,32.822574,34.993346,21.638046
1684926268.17459,32.822574,34.993345,21.637204
1684926268.24884,32.822574,34.993345,21.636341
1684926268.24896,32.822575,34.993344,21.635436
1684926268.24903,32.822575,34.993344,21.634465
1684926268.2491,32.822575,34.993344,21.633444
1684926268.24918,32.822575,34.993343,21.632409
1684926268.24925,32.822575,34.993343,21.631389
1684926268.24934,32.822575,34.993343,21.630379
1684926268.2494,32.822576,34.993342,21.629372
1684926268.30368,32.822576,34.993342,21.62837
1684926268.3038,32.822576,34.993342,21.627356
1684926268.30387,32.822576,34.993341,21.626339
1684926268.31455,32.822576,34.993341,21.625314
1684926268.31465,32.822577,34.993341,21.624303
1684926268.3147,32.822577,34.99334,21.623324
1684926268.31485,32.822577,34.99334,21.622369
1684926268.3942,32.822577,34.99334,21.621459
1684926268.39437,32.822577,34.993339,21.620612
1684926268.39445,32.822578,34.993339,21.61983
1684926268.39453,32.822578,34.993338,21.619092
1684926268.40359,32.822578,34.993338,21.618366
1684926268.40367,32.822578,34.993338,21.617608
1684926268.40373,32.822578,34.993337,21.616812
1684926268.40388,32.822578,34.993337,21.615987
1684926268.46769,32.822579,34.993337,21.615135
1684926268.48243,32.822579,34.993336,21.614258
1684926268.48254,32.822579,34.993336,21.613338
1684926268.48262,32.822579,34.993336,21.612363
1684926268.4933,32.822579,34.993335,21.61137
1684926268.49341,32.82258,34.993335,21.610408
1684926268.49354,32.82258,34.993335,21.609469
1684926268.49362,32.82258,34.993334,21.608545
1684926268.54758,32.82258,34.993334,21.607613
1684926268.54769,32.82258,34.993333,21.606672
1684926268.54776,32.822581,34.993333,21.605725
1684926268.54782,32.822581,34.993333,21.604759
1684926268.54788,32.822581,34.993332,21.603757
1684926268.54796,32.822581,34.993332,21.602716
1684926268.56493,32.822581,34.993332,21.601641
1684926268.56502,32.822582,34.993331,21.60054
1684926268.63592,32.822582,34.993331,21.599445
1684926268.63603,32.822582,34.993331,21.59837
1684926268.63609,32.822582,34.99333,21.59731
1684926268.6362,32.822582,34.99333,21.59625
1684926268.63632,32.822583,34.99333,21.595186
1684926268.63643,32.822583,34.993329,21.594127
1684926268.63655,32.822583,34.993329,21.593069
1684926268.68781,32.822583,34.993328,21.592029
1684926268.68791,32.822583,34.993328,21.591
1684926268.68797,32.822584,34.993328,21.589994
1684926268.68808,32.822584,34.993327,21.589028
1684926268.69859,32.822584,34.993327,21.588094
1684926268.70056,32.822584,34.993327,21.587208
1684926268.70065,32.822584,34.993326,21.586378
1684926268.70073,32.822585,34.993326,21.585604
1684926268.76766,32.822585,34.993326,21.58488
1684926268.76778,32.822585,34.993325,21.584169
1684926268.76784,32.822585,34.993325,21.583443
1684926268.76795,32.822585,34.993324,21.582714
1684926268.76807,32.822586,34.993324,21.581993
1684926268.76813,32.822586,34.993324,21.581285
1684926268.77483,32.822586,34.993323,21.580635
1684926268.77495,32.822586,34.993323,21.580045
1684926268.85177,32.822586,34.993323,21.579507
1684926268.85191,32.822587,34.993322,21.579036
1684926268.85198,32.822587,34.993322,21.578637
1684926268.85204,32.822587,34.993321,21.578305
1684926268.8521,32.822587,34.993321,21.578015
1684926268.85216,32.822588,34.993321,21.577716
1684926268.85783,32.822588,34.99332,21.577401
1684926268.92493,32.822588,34.99332,21.577087
1684926268.92532,32.822588,34.99332,21.576789
1684926268.92538,32.822588,34.993319,21.576514
1684926268.93556,32.822589,34.993319,21.57625
1684926268.93568,32.822589,34.993318,21.576001
1684926268.93577,32.822589,34.993318,21.575773
1684926268.93585,32.822589,34.993318,21.5756
1684926268.93594,32.822589,34.993317,21.575468
1684926269.00809,32.82259,34.993317,21.575365
1684926269.00818,32.82259,34.993316,21.575275
1684926269.00824,32.82259,34.993316,21.575169
1684926269.00835,32.82259,34.993316,21.57506
1684926269.01942,32.822591,34.993315,21.574974
1684926269.01957,32.822591,34.993315,21.574903
1684926269.01965,32.822591,34.993314,21.574844
1684926269.02543,32.822591,34.993314,21.574767
1684926269.08875,32.822591,34.993314,21.574647
1684926269.08885,32.822592,34.993313,21.574493
1684926269.08896,32.822592,34.993313,21.574316
1684926269.10167,32.822592,34.993313,21.574116
1684926269.10179,32.822592,34.993312,21.573901
1684926269.10186,32.822592,34.993312,21.57366
1684926269.10192,32.822593,34.993311,21.573414
1684926269.15881,32.822593,34.993311,21.573172
1684926269.15898,32.822593,34.993311,21.572944
1684926269.17,32.822595,34.993308,21.673613
1684926269.1701,32.822596,34.993308,21.673463
1684926269.17016,32.822596,34.993307,21.673275
1684926269.17089,32.822596,34.993307,21.673036
1684926269.17866,32.822596,34.993306,21.672737
1684926269.17884,32.822596,34.993306,21.672406
1684926269.23443,32.822597,34.993306,21.672047
1684926269.23454,32.822597,34.993305,21.671685
1684926269.23467,32.822597,34.993305,21.671355
1684926269.23475,32.822597,34.993305,21.671051
1684926269.23481,32.822598,34.993304,21.670774
1684926269.24241,32.822598,34.993304,21.67055
1684926269.24253,32.822598,34.993303,21.670363
1684926269.24259,32.822598,34.993303,21.670206
1684926269.3055,32.822598,34.993303,21.670062
1684926269.30566,32.822599,34.993302,21.66992
1684926269.30578,32.822599,34.993302,21.669784
1684926269.31459,32.822599,34.993301,21.66964
1684926269.3147,32.822599,34.993301,21.669526
1684926269.31481,32.8226,34.993301,21.669496
1684926269.31493,32.8226,34.9933,21.669579
1684926269.40161,32.8226,34.9933,21.669776
1684926269.40169,32.8226,34.993299,21.670062
1684926269.4018,32.8226,34.993299,21.670434
1684926269.40191,32.822601,34.993299,21.670889
1684926269.40204,32.822601,34.993298,21.671423
1684926269.40213,32.822601,34.993298,21.672003
1684926269.40225,32.822601,34.993297,21.672609
1684926269.40893,32.822601,34.993297,21.673234
1684926269.47295,32.822602,34.993297,21.673866
1684926269.47307,32.822602,34.993296,21.674499
1684926269.47315,32.822602,34.993296,21.675114
1684926269.4837,32.822602,34.993296,21.675681
1684926269.48388,32.822603,34.993295,21.676174
1684926269.48396,32.822603,34.993295,21.676615
1684926269.48402,32.822603,34.993294,21.677008
1684926269.48409,32.822603,34.993294,21.677351
1684926269.53466,32.822603,34.993294,21.677657
1684926269.5348,32.822604,34.993293,21.677919
1684926269.53486,32.822604,34.993293,21.678153
1684926269.53493,32.822604,34.993293,21.678378
1684926269.53499,32.822604,34.993292,21.678577
1684926269.53506,32.822604,34.993292,21.678749
1684926269.54173,32.822605,34.993292,21.678888
1684926269.54183,32.822605,34.993291,21.678984
1684926269.62305,32.822605,34.993291,21.679029
1684926269.62315,32.822605,34.99329,21.679036
1684926269.62322,32.822605,34.99329,21.679015
1684926269.62329,32.822606,34.99329,21.678983
1684926269.63774,32.822606,34.993289,21.678952
1684926269.63787,32.822606,34.993289,21.678924
1684926269.63793,32.822606,34.993289,21.678932
1684926269.69528,32.822606,34.993288,21.678986
1684926269.6954,32.822607,34.993288,21.679075
1684926269.69546,32.822607,34.993288,21.679185
1684926269.69553,32.822607,34.993287,21.679298
1684926269.70589,32.822607,34.993287,21.679406
1684926269.70605,32.822607,34.993286,21.679511
1684926269.70614,32.822608,34.993286,21.679608
1684926269.7062,32.822608,34.993286,21.679676
1684926269.77851,32.822608,34.993285,21.679709
1684926269.77863,32.822608,34.993285,21.679722
1684926269.77869,32.822608,34.993285,21.679718
1684926269.77882,32.822608,34.993284,21.67972
1684926269.78884,32.822609,34.993284,21.67974
1684926269.78897,32.822609,34.993284,21.679779
1684926269.78906,32.822609,34.993283,21.679846
1684926269.79796,32.822609,34.993283,21.679937
1684926269.83944,32.822609,34.993283,21.680044
1684926269.83957,32.82261,34.993282,21.680152
1684926269.83963,32.82261,34.993282,21.680232
1684926269.83969,32.82261,34.993282,21.680256
1684926269.84958,32.82261,34.993281,21.6802
1684926269.8497,32.82261,34.993281,21.680045
1684926269.84977,32.822611,34.993281,21.6798
1684926269.92929,32.822611,34.99328,21.679475
1684926269.92941,32.822611,34.99328,21.679085
1684926269.92948,32.822611,34.99328,21.678644
1684926269.92954,32.822611,34.993279,21.678167
1684926269.9296,32.822611,34.993279,21.677661
1684926269.92966,32.822612,34.993279,21.677122
1684926269.92978,32.822612,34.993278,21.676556
1684926269.93572,32.822612,34.993278,21.675963
1684926270.00882,32.822612,34.993278,21.675346
1684926270.00895,32.822612,34.993277,21.674712
1684926270.0091,32.822613,34.993277,21.674056
1684926270.01901,32.822613,34.993277,21.673378
1684926270.01911,32.822613,34.993276,21.672695
1684926270.0192,32.822613,34.993276,21.672021
1684926270.02781,32.822613,34.993276,21.671362
1684926270.02797,32.822613,34.993275,21.670742
1684926270.07937,32.822614,34.993275,21.670152
1684926270.07948,32.822614,34.993275,21.66958
1684926270.07958,32.822614,34.993274,21.669038
1684926270.07969,32.822614,34.993274,21.668515
1684926270.0798,32.822614,34.993274,21.668011
1684926270.07992,32.822615,34.993273,21.66754
1684926270.08586,32.822615,34.993273,21.667104
1684926270.16851,32.822615,34.993273,21.6667
1684926270.16866,32.822615,34.993272,21.666333
1684926270.16874,32.822619,34.993271,21.756189
1684926270.1688,32.822619,34.993271,21.755926
1684926270.1787,32.822619,34.99327,21.755667
1684926270.17879,32.822619,34.99327,21.755419
1684926270.17886,32.82262,34.99327,21.7552
1684926270.18568,32.82262,34.99327,21.755034
1684926270.2383,32.82262,34.993269,21.754927
1684926270.23841,32.82262,34.993269,21.754858
1684926270.23848,32.82262,34.993269,21.754837
1684926270.23854,32.822621,34.993268,21.754864
1684926270.25954,32.822621,34.993268,21.754927
1684926270.25963,32.822621,34.993268,21.755003
1684926270.25973,32.822621,34.993267,21.755062
1684926270.25986,32.822621,34.993267,21.755101
1684926270.31092,32.822622,34.993267,21.755115
1684926270.31106,32.822622,34.993266,21.755104
1684926270.31115,32.822622,34.993266,21.755076
1684926270.32058,32.822622,34.993266,21.755022
1684926270.32069,32.822622,34.993265,21.754949
1684926270.32076,32.822622,34.993265,21.754864
1684926270.32082,32.822623,34.993265,21.75478
1684926270.39819,32.822623,34.993264,21.754703
1684926270.39826,32.822623,34.993264,21.75463
1684926270.39838,32.822623,34.993264,21.754566
1684926270.39849,32.822623,34.993264,21.75451
1684926270.3986,32.822624,34.993263,21.754474
1684926270.39874,32.822624,34.993263,21.754452
1684926270.39882,32.822624,34.993263,21.754436
1684926270.40439,32.822624,34.993262,21.754417
1684926270.47291,32.822624,34.993262,21.754389
1684926270.47304,32.822624,34.993262,21.754358
1684926270.47311,32.822625,34.993261,21.754319
1684926270.47319,32.822625,34.993261,21.754251
1684926270.48452,32.822625,34.993261,21.75413
1684926270.48481,32.822625,34.99326,21.753973
1684926270.48489,32.822625,34.99326,21.753791
1684926270.48495,32.822625,34.99326,21.753592
1684926270.54558,32.822626,34.99326,21.753368
1684926270.5457,32.822626,34.993259,21.753119
1684926270.54578,32.822626,34.993259,21.752854
1684926270.55868,32.822626,34.993259,21.752587
1684926270.55879,32.822626,34.993258,21.752322
1684926270.55884,32.822627,34.993258,21.752074
1684926270.55896,32.822627,34.993258,21.751854
1684926270.55927,32.822627,34.993258,21.751672
1684926270.63223,32.822627,34.993257,21.751527
1684926270.63239,32.822627,34.993257,21.751427
1684926270.63246,32.822627,34.993257,21.751355
1684926270.63253,32.822628,34.993256,21.751312
1684926270.64179,32.822628,34.993256,21.751289
1684926270.64188,32.822628,34.993256,21.751269
1684926270.64199,32.822628,34.993255,21.751229
1684926270.6886,32.822628,34.993255,21.75116
1684926270.68872,32.822628,34.993255,21.751043
1684926270.68879,32.822629,34.993255,21.750884
1684926270.6889,32.822629,34.993254,21.750703
1684926270.69853,32.822629,34.993254,21.750512
1684926270.69865,32.822629,34.993254,21.750317
1684926270.69876,32.822629,34.993253,21.750128
1684926270.69884,32.822629,34.993253,21.749941
1684926270.76946,32.82263,34.993253,21.749777
1684926270.76963,32.82263,34.993253,21.749633
1684926270.76972,32.82263,34.993252,21.749515
1684926270.76983,32.82263,34.993252,21.749438
1684926270.7779,32.82263,34.993252,21.749388
1684926270.77803,32.82263,34.993252,21.749338
1684926270.77811,32.822631,34.993251,21.74929
1684926270.77818,32.822631,34.993251,21.749266
1684926270.84707,32.822631,34.993251,21.749262
1684926270.84717,32.822631,34.99325,21.749277
1684926270.84729,32.822631,34.99325,21.749307
1684926270.84735,32.822631,34.99325,21.749334
1684926270.85766,32.822632,34.99325,21.749357
1684926270.85782,32.822632,34.993249,21.749375
1684926270.85791,32.822632,34.993249,21.749384
1684926270.93574,32.822632,34.993249,21.749393
1684926270.93585,32.822632,34.993248,21.749402
1684926270.93591,32.822632,34.993248,21.749407
1684926270.95189,32.822633,34.993248,21.749413
1684926270.95207,32.822633,34.993248,21.749418
1684926270.95215,32.822633,34.993247,21.749418
1684926270.95223,32.822633,34.993247,21.749424
1684926270.95231,32.822633,34.993247,21.749449
1684926271.01135,32.822633,34.993247,21.749485
1684926271.01146,32.822634,34.993246,21.749529
1684926271.01156,32.822634,34.993246,21.749575
1684926271.01162,32.822634,34.993246,21.749613
1684926271.01174,32.822634,34.993246,21.749639
1684926271.0191,32.822634,34.993245,21.749629
1684926271.01922,32.822634,34.993245,21.749567
1684926271.0193,32.822634,34.993245,21.749442
1684926271.07412,32.822635,34.993245,21.749242
1684926271.07423,32.822635,34.993244,21.748972
1684926271.07429,32.822635,34.993244,21.74866
1684926271.07435,32.822635,34.993244,21.748329
1684926271.08393,32.822635,34.993243,21.747984
1684926271.084,32.822635,34.993243,21.747639
1684926271.08412,32.822636,34.993243,21.747313
1684926271.15259,32.822636,34.993243,21.747017
1684926271.15271,32.822636,34.993242,21.746749
1684926271.15277,32.822637,34.993239,21.890773
1684926271.15284,32.822637,34.993239,21.890718
1684926271.16149,32.822637,34.993238,21.890675
1684926271.16158,32.822637,34.993238,21.890639
1684926271.16169,32.822637,34.993238,21.890616
1684926271.1618,32.822638,34.993238,21.89061
1684926271.23216,32.822638,34.993237,21.890609
1684926271.23226,32.822638,34.993237,21.890621
1684926271.23237,32.822638,34.993237,21.890651
1684926271.24234,32.822638,34.993237,21.890694
1684926271.24243,32.822638,34.993236,21.890742
1684926271.24258,32.822638,34.993236,21.890802
1684926271.25647,32.822639,34.993236,21.890869
1684926271.25659,32.822639,34.993236,21.890965
1684926271.31293,32.822639,34.993235,21.891094
1684926271.3131,32.822639,34.993235,21.891241
1684926271.31318,32.822639,34.993235,21.891406
1684926271.31333,32.822639,34.993235,21.891579
1684926271.3233,32.82264,34.993234,21.891747
1684926271.32343,32.82264,34.993234,21.891909
1684926271.32349,32.82264,34.993234,21.892071
1684926271.39376,32.82264,34.993234,21.892214
1684926271.39388,32.82264,34.993233,21.892332
1684926271.39396,32.82264,34.993233,21.892428
1684926271.39403,32.82264,34.993233,21.892511
1684926271.3941,32.822641,34.993233,21.892582
1684926271.40175,32.822641,34.993232,21.892622
1684926271.40191,32.822641,34.993232,21.892622
1684926271.40206,32.822641,34.993232,21.892588
1684926271.47576,32.822641,34.993232,21.892535
1684926271.47584,32.822641,34.993231,21.892479
1684926271.47596,32.822641,34.993231,21.89242
1684926271.47603,32.822642,34.993231,21.892349
1684926271.48472,32.822642,34.993231,21.892264
1684926271.4848,32.822642,34.99323,21.89217
1684926271.48491,32.822642,34.99323,21.892068
1684926271.48503,32.822642,34.99323,21.891953
1684926271.53973,32.822642,34.99323,21.891831
1684926271.53987,32.822642,34.99323,21.891696
1684926271.53994,32.822643,34.993229,21.891564
1684926271.54001,32.822643,34.993229,21.891439
1684926271.55113,32.822643,34.993229,21.891305
1684926271.55338,32.822643,34.993229,21.891155
1684926271.55346,32.822643,34.993228,21.891004
1684926271.55825,32.822643,34.993228,21.890857
1684926271.62163,32.822643,34.993228,21.890718
1684926271.62177,32.822644,34.993228,21.890576
1684926271.62188,32.822644,34.993227,21.890417
1684926271.62196,32.822644,34.993227,21.89024
1684926271.63064,32.822644,34.993227,21.890059
1684926271.63342,32.822644,34.993227,21.889887
1684926271.63352,32.822644,34.993226,21.88974
1684926271.69923,32.822644,34.993226,21.889626
1684926271.69932,32.822645,34.993226,21.889541
1684926271.69938,32.822645,34.993226,21.889476
1684926271.69949,32.822645,34.993226,21.889423
1684926271.69961,32.822645,34.993225,21.889369
1684926271.69972,32.822645,34.993225,21.889305
1684926271.71325,32.822645,34.993225,21.889243
1684926271.71341,32.822645,34.993225,21.889189
1684926271.78413,32.822646,34.993224,21.889131
1684926271.78424,32.822646,34.993224,21.889075
1684926271.78429,32.822646,34.993224,21.889032
1684926271.78441,32.822646,34.993224,21.889
1684926271.794,32.822646,34.993223,21.889003
1684926271.79411,32.822646,34.993223,21.889043
1684926271.79418,32.822646,34.993223,21.889123
1684926271.79424,32.822647,34.993223,21.88925
1684926271.8606,32.822647,34.993223,21.889405
1684926271.86076,32.822647,34.993222,21.889588
1684926271.86085,32.822647,34.993222,21.889831
1684926271.86095,32.822647,34.993222,21.89013
1684926271.87038,32.822647,34.993222,21.890456
1684926271.87048,32.822647,34.993221,21.890802
1684926271.87053,32.822648,34.993221,21.891165
1684926271.91955,32.822648,34.993221,21.891544
1684926271.91969,32.822648,34.993221,21.891937
1684926271.91975,32.822648,34.99322,21.892335
1684926271.93014,32.822648,34.99322,21.89272
1684926271.93026,32.822648,34.99322,21.893091
1684926271.93033,32.822648,34.99322,21.893444
1684926271.93038,32.822648,34.99322,21.893782
1684926271.93052,32.822649,34.993219,21.894097
1684926272.00525,32.822649,34.993219,21.894402
1684926272.00536,32.822649,34.993219,21.894695
1684926272.00543,32.822649,34.993219,21.894974
1684926272.00549,32.822649,34.993218,21.895228
1684926272.00556,32.822649,34.993218,21.895454
1684926272.00563,32.822649,34.993218,21.895669
1684926272.012,32.82265,34.993218,21.895871
1684926272.01208,32.82265,34.993217,21.896056
1684926272.08007,32.82265,34.993217,21.89622
1684926272.08019,32.82265,34.993217,21.896369
1684926272.0803,32.82265,34.993217,21.896493
1684926272.08037,32.82265,34.993217,21.896584
1684926272.08048,32.82265,34.993216,21.896622
1684926272.08054,32.822651,34.993216,21.896612
1684926272.08066,32.822651,34.993216,21.896544
1684926272.15932,32.822651,34.993216,21.896392
1684926272.15946,32.822651,34.993215,21.896156
1684926272.15951,32.822652,34.993212,21.986773
1684926272.15962,32.822653,34.993212,21.986488
1684926272.15974,32.822653,34.993212,21.98615
1684926272.1686,32.822653,34.993211,21.985786
1684926272.1687,32.822653,34.993211,21.985413
1684926272.16881,32.822653,34.993211,21.985061
1684926272.24056,32.822653,34.993211,21.984741
1684926272.24066,32.822653,34.99321,21.984457
1684926272.24077,32.822654,34.99321,21.984207
1684926272.25468,32.822654,34.99321,21.983997
1684926272.25479,32.822654,34.99321,21.98382
1684926272.25486,32.822654,34.993209,21.983678
1684926272.25492,32.822654,34.993209,21.98357
1684926272.25499,32.822654,34.993209,21.983496
1684926272.31304,32.822654,34.993209,21.983451
1684926272.31318,32.822655,34.993209,21.983426
1684926272.31323,32.822655,34.993208,21.983422
1684926272.31338,32.822655,34.993208,21.983447
1684926272.32217,32.822655,34.993208,21.983495
1684926272.32229,32.822655,34.993208,21.983558
1684926272.32234,32.822655,34.993207,21.983627
1684926272.38087,32.822655,34.993207,21.983688
1684926272.38098,32.822656,34.993207,21.98375
1684926272.38104,32.822656,34.993207,21.983814
1684926272.3811,32.822656,34.993206,21.983871
1684926272.38117,32.822656,34.993206,21.983905
1684926272.38123,32.822656,34.993206,21.983909
1684926272.38131,32.822656,34.993206,21.983867
1684926272.38722,32.822656,34.993205,21.983791
1684926272.47317,32.822657,34.993205,21.983701
1684926272.4733,32.822657,34.993205,21.983601
1684926272.47345,32.822657,34.993205,21.983487
1684926272.47351,32.822657,34.993205,21.983368
1684926272.47363,32.822657,34.993204,21.983228
1684926272.48156,32.822657,34.993204,21.983081
1684926272.48169,32.822657,34.993204,21.982946
1684926272.4818,32.822658,34.993204,21.982818
1684926272.54521,32.822658,34.993203,21.98269
1684926272.54539,32.822658,34.993203,21.982557
1684926272.54592,32.822658,34.993203,21.982414
1684926272.54597,32.822658,34.993203,21.982275
1684926272.54637,32.822658,34.993202,21.98216
1684926272.54644,32.822658,34.993202,21.982071
1684926272.55305,32.822659,34.993202,21.982009
1684926272.55316,32.822659,34.993202,21.981975
1684926272.63357,32.822659,34.993201,21.98196
1684926272.63367,32.822659,34.993201,21.98197
1684926272.63373,32.822659,34.993201,21.982013
1684926272.64326,32.822659,34.993201,21.982088
1684926272.64333,32.822659,34.9932,21.982204
1684926272.64344,32.82266,34.9932,21.982363
1684926272.64356,32.82266,34.9932,21.982544
1684926272.69278,32.82266,34.9932,21.982732
1684926272.69289,32.82266,34.993199,21.982933
1684926272.693,32.82266,34.993199,21.983149
1684926272.69312,32.82266,34.993199,21.983379
1684926272.7021,32.82266,34.993199,21.98362
1684926272.7022,32.822661,34.993198,21.983859
1684926272.70227,32.822661,34.993198,21.984101
1684926272.70234,32.822661,34.993198,21.984345
1684926272.7753,32.822661,34.993198,21.984609
1684926272.77542,32.822661,34.993197,21.984891
1684926272.78618,32.822661,34.993197,21.985189
1684926272.78634,32.822662,34.993197,21.985516
1684926272.78642,32.822662,34.993197,21.985862
1684926272.78649,32.822662,34.993196,21.986198
1684926272.78666,32.822662,34.993196,21.986523
1684926272.78675,32.822662,34.993196,21.986834
1684926272.85468,32.822662,34.993196,21.987134
1684926272.85481,32.822662,34.993195,21.987421
1684926272.85487,32.822663,34.993195,21.987688
1684926272.85499,32.822663,34.993195,21.987928
1684926272.86479,32.822663,34.993195,21.988152
1684926272.86489,32.822663,34.993194,21.988369
1684926272.86498,32.822663,34.993194,21.988579
1684926272.92867,32.822663,34.993194,21.988773
1684926272.9288,32.822663,34.993194,21.988946
1684926272.92894,32.822664,34.993193,21.989092
1684926272.93998,32.822664,34.993193,21.98921
1684926272.94008,32.822664,34.993193,21.989306
1684926272.94014,32.822664,34.993193,21.989384
1684926272.94021,32.822664,34.993192,21.989466
1684926272.94675,32.822664,34.993192,21.989559
1684926273.01673,32.822665,34.993192,21.989652
1684926273.01683,32.822665,34.993192,21.98974
1684926273.0169,32.822665,34.993191,21.989831
1684926273.01706,32.822665,34.993191,21.989927
1684926273.02708,32.822665,34.993191,21.990037
1684926273.0272,32.822665,34.993191,21.990168
1684926273.02726,32.822665,34.99319,21.990324
1684926273.02734,32.822666,34.99319,21.990503
1684926273.07661,32.822666,34.99319,21.990709
1684926273.07675,32.822666,34.99319,21.990939
1684926273.07687,32.822666,34.993189,21.991202
1684926273.07694,32.822666,34.993189,21.991499
1684926273.07701,32.822666,34.993189,21.99181
1684926273.08511,32.822667,34.993189,21.992126
1684926273.08525,32.822667,34.993188,21.992452
1684926273.1561,32.822667,34.993188,21.99279
1684926273.15744,32.822667,34.993188,21.993132
1684926273.15761,32.822669,34.993186,21.945622
1684926273.15768,32.822669,34.993186,21.94586
1684926273.15781,32.822669,34.993185,21.946091
1684926273.15787,32.822669,34.993185,21.946324
1684926273.15799,32.822669,34.993185,21.946547
1684926273.15812,32.822669,34.993185,21.946762
1684926273.23172,32.822669,34.993184,21.946984
1684926273.23185,32.82267,34.993184,21.947206
1684926273.23197,32.82267,34.993184,21.947424
1684926273.23205,32.82267,34.993184,21.947643
1684926273.23998,32.82267,34.993183,21.947865
1684926273.24009,32.82267,34.993183,21.948097
1684926273.24015,32.82267,34.993183,21.94835
1684926273.2403,32.822671,34.993183,21.948621
1684926273.31768,32.822671,34.993182,21.948916
1684926273.31841,32.822671,34.993182,21.949231
1684926273.3185,32.822671,34.993182,21.949533
1684926273.31861,32.822671,34.993181,21.949822
1684926273.31873,32.822671,34.993181,21.950111
1684926273.31885,32.822671,34.993181,21.950391
1684926273.31896,32.822672,34.993181,21.95066
1684926273.39275,32.822672,34.99318,21.950916
1684926273.3929,32.822672,34.99318,21.951148
1684926273.39298,32.822672,34.99318,21.951366
1684926273.39303,32.822672,34.99318,21.951556
1684926273.39317,32.822672,34.993179,21.951738
1684926273.40116,32.822672,34.993179,21.951931
1684926273.40129,32.822673,34.993179,21.952126
1684926273.40135,32.822673,34.993179,21.952328
1684926273.47485,32.822673,34.993178,21.952534
1684926273.47497,32.822673,34.993178,21.952737
1684926273.47504,32.822673,34.993178,21.952946
1684926273.4751,32.822673,34.993178,21.953167
1684926273.47516,32.822673,34.993177,21.953396
1684926273.47523,32.822674,34.993177,21.95362
1684926273.48163,32.822674,34.993177,21.953833
1684926273.48173,32.822674,34.993177,21.954038
1684926273.53775,32.822674,34.993176,21.954232
1684926273.53787,32.822674,34.993176,21.954414
1684926273.53794,32.822674,34.993176,21.954573
1684926273.5489,32.822675,34.993176,21.95471
1684926273.549,32.822675,34.993175,21.95484
1684926273.54906,32.822675,34.993175,21.954952
1684926273.54913,32.822675,34.993175,21.955043
1684926273.55636,32.822675,34.993175,21.955119
1684926273.61821,32.822675,34.993174,21.955181
1684926273.61834,32.822675,34.993174,21.955217
1684926273.61843,32.822676,34.993174,21.955235
1684926273.61855,32.822676,34.993174,21.955242
1684926273.61862,32.822676,34.993174,21.955236
1684926273.61869,32.822676,34.993173,21.95523
1684926273.61881,32.822676,34.993173,21.955226
1684926273.7057,32.822676,34.993173,21.95521
1684926273.70583,32.822676,34.993173,21.955184
1684926273.70588,32.822677,34.993172,21.95514
1684926273.71705,32.822677,34.993172,21.955083
1684926273.71718,32.822677,34.993172,21.955028
1684926273.71726,32.822677,34.993172,21.954985
1684926273.71734,32.822677,34.993171,21.95496
1684926273.72893,32.822677,34.993171,21.95496
1684926273.77458,32.822677,34.993171,21.954984
1684926273.7747,32.822678,34.993171,21.955022
1684926273.77476,32.822678,34.99317,21.955082
1684926273.77487,32.822678,34.99317,21.955154
1684926273.77498,32.822678,34.99317,21.955229
1684926273.7751,32.822678,34.99317,21.955308
1684926273.78184,32.822678,34.993169,21.955381
1684926273.78194,32.822679,34.993169,21.955451
1684926273.84912,32.822679,34.993169,21.955525
1684926273.84926,32.822679,34.993169,21.955613
1684926273.84932,32.822679,34.993168,21.955709
1684926273.84943,32.822679,34.993168,21.955826
1684926273.84958,32.822679,34.993168,21.95596
1684926273.86185,32.822679,34.993168,21.956109
1684926273.86195,32.82268,34.993167,21.95627
1684926273.92435,32.82268,34.993167,21.956421
1684926273.92445,32.82268,34.993167,21.956595
1684926273.92456,32.82268,34.993167,21.956801
1684926273.92467,32.82268,34.993166,21.95703
1684926273.9248,32.82268,34.993166,21.957267
1684926273.93302,32.82268,34.993166,21.957498
1684926273.93311,32.822681,34.993166,21.957704
1684926273.93318,32.822681,34.993165,21.957881
1684926273.99954,32.822681,34.993165,21.958015
1684926273.99966,32.822681,34.993165,21.958091
1684926273.99974,32.822681,34.993165,21.958118
1684926273.99981,32.822681,34.993164,21.95809
1684926273.9999,32.822681,34.993164,21.957975
1684926274.00955,32.822682,34.993164,21.957797
1684926274.00965,32.822682,34.993164,21.957584
1684926274.00971,32.822682,34.993163,21.95733
1684926274.07937,32.822682,34.993163,21.957045
1684926274.07948,32.822682,34.993163,21.95675
1684926274.07964,32.822682,34.993163,21.956439
1684926274.07972,32.822682,34.993162,21.956115
1684926274.08752,32.822683,34.993162,21.955788
1684926274.0876,32.822683,34.993162,21.955473
1684926274.08772,32.822683,34.993162,21.955182
1684926274.16355,32.822683,34.993161,21.954909
1684926274.16364,32.822683,34.993161,21.95465
1684926274.16375,32.822684,34.99316,21.854798
1684926274.1747,32.822685,34.99316,21.854444
1684926274.17485,32.822685,34.99316,21.854114
1684926274.17496,32.822685,34.993159,21.85381
1684926274.17504,32.822685,34.993159,21.853526
1684926274.17511,32.822685,34.993159,21.853261
1684926274.24771,32.822685,34.993159,21.852995
1684926274.24784,32.822686,34.993158,21.852712
1684926274.24795,32.822686,34.993158,21.85243
1684926274.2481,32.822686,34.993158,21.852155
1684926274.24818,32.822686,34.993158,21.851894
1684926274.24824,32.822686,34.993157,21.851651
1684926274.24831,32.822686,34.993157,21.851433
1684926274.25544,32.822686,34.993157,21.851237
1684926274.31407,32.822687,34.993157,21.851065
1684926274.31421,32.822687,34.993156,21.850926
1684926274.31429,32.822687,34.993156,21.850805
1684926274.32534,32.822687,34.993156,21.850691
1684926274.32545,32.822687,34.993156,21.850573
1684926274.32551,32.822687,34.993155,21.850427
1684926274.32558,32.822688,34.993155,21.850264
1684926274.392,32.822688,34.993155,21.850078
1684926274.39213,32.822688,34.993155,21.849872
1684926274.39228,32.822688,34.993154,21.849652
1684926274.40165,32.822688,34.993154,21.849413
1684926274.40175,32.822688,34.993154,21.849153
1684926274.40182,32.822688,34.993154,21.848872
1684926274.40189,32.822689,34.993153,21.848569
1684926274.40195,32.822689,34.993153,21.848243
1684926274.46203,32.822689,34.993153,21.847893
1684926274.46218,32.822689,34.993153,21.84752
1684926274.46227,32.822689,34.993152,21.847118
1684926274.47347,32.822689,34.993152,21.846689
1684926274.47354,32.822689,34.993152,21.846243
1684926274.47369,32.82269,34.993152,21.845785
1684926274.48679,32.82269,34.993151,21.845313
1684926274.48691,32.82269,34.993151,21.844827
1684926274.54679,32.82269,34.993151,21.844328
1684926274.54693,32.82269,34.993151,21.843818
1684926274.54698,32.82269,34.99315,21.843306
1684926274.54705,32.822691,34.99315,21.842787
1684926274.54717,32.822691,34.99315,21.842261
1684926274.54727,32.822691,34.99315,21.841724
1684926274.55448,32.822691,34.993149,21.84117
1684926274.55459,32.822691,34.993149,21.840619
1684926274.62446,32.822691,34.993149,21.84009
1684926274.62473,32.822691,34.993148,21.839582
1684926274.62481,32.822692,34.993148,21.839097
1684926274.62489,32.822692,34.993148,21.83863
1684926274.62496,32.822692,34.993148,21.838167
1684926274.62504,32.822692,34.993147,21.837698
1684926274.63123,32.822692,34.993147,21.837206
1684926274.68833,32.822692,34.993147,21.83669
1684926274.68845,32.822692,34.993147,21.836146
1684926274.68852,32.822693,34.993146,21.835579
1684926274.68864,32.822693,34.993146,21.834991
1684926274.69836,32.822693,34.993146,21.8344
1684926274.69848,32.822693,34.993146,21.833834
1684926274.69857,32.822693,34.993145,21.833312
1684926274.69865,32.822693,34.993145,21.832823
1684926274.77188,32.822694,34.993145,21.832342
1684926274.772,32.822694,34.993145,21.831866
1684926274.77205,32.822694,34.993144,21.831412
1684926274.77217,32.822694,34.993144,21.830967
1684926274.77228,32.822694,34.993144,21.830518
1684926274.77234,32.822694,34.993144,21.830059
1684926274.77249,32.822694,34.993143,21.829597
1684926274.77824,32.822695,34.993143,21.829149
1684926274.85093,32.822695,34.993143,21.828729
1684926274.85104,32.822695,34.993143,21.82831
1684926274.85109,32.822695,34.993142,21.827887
1684926274.85121,32.822695,34.993142,21.827463
1684926274.86026,32.822695,34.993142,21.827036
1684926274.86036,32.822696,34.993142,21.826604
1684926274.86044,32.822696,34.993142,21.826173
1684926274.92933,32.822696,34.993141,21.825739
1684926274.92947,32.822696,34.993141,21.82531
1684926274.92956,32.822696,34.993141,21.824899
1684926274.92963,32.822696,34.993141,21.824519
1684926274.9397,32.822696,34.99314,21.824177
1684926274.93981,32.822697,34.99314,21.823869
1684926274.93988,32.822697,34.99314,21.82357
1684926274.94674,32.822697,34.99314,21.823287
1684926275.00646,32.822697,34.993139,21.823032
1684926275.00656,32.822697,34.993139,21.822778
1684926275.00667,32.822697,34.993139,21.822489
1684926275.00678,32.822698,34.993139,21.822156
1684926275.0069,32.822698,34.993138,21.821796
1684926275.00708,32.822698,34.993138,21.821424
1684926275.01337,32.822698,34.993138,21.821051
1684926275.01348,32.822698,34.993138,21.820664
1684926275.07388,32.822698,34.993137,21.820267
1684926275.074,32.822699,34.993137,21.81987
1684926275.07408,32.822699,34.993137,21.819453
1684926275.08509,32.822699,34.993137,21.819024
1684926275.0852,32.822699,34.993136,21.818598
1684926275.08528,32.822699,34.993136,21.818174
1684926275.08538,32.822699,34.993136,21.817742
1684926275.15376,32.8227,34.993136,21.81731
1684926275.15394,32.8227,34.993135,21.816886
1684926275.15404,32.822699,34.993132,21.748775
1684926275.15413,32.822699,34.993132,21.748244
1684926275.1634,32.822699,34.993132,21.747703
1684926275.16352,32.822699,34.993132,21.747166
1684926275.16359,32.822699,34.993131,21.746639
1684926275.16366,32.8227,34.993131,21.746109
1684926275.23258,32.8227,34.993131,21.745568
1684926275.23266,32.8227,34.993131,21.745018
1684926275.23278,32.8227,34.99313,21.74446
1684926275.24384,32.8227,34.99313,21.743905
1684926275.24396,32.8227,34.99313,21.743355
1684926275.24403,32.822701,34.99313,21.742813
1684926275.24408,32.822701,34.993129,21.742287
1684926275.25481,32.822701,34.993129,21.741778
1684926275.31926,32.822701,34.993129,21.741283
1684926275.31936,32.822701,34.993129,21.7408
1684926275.31944,32.822701,34.993128,21.740338
1684926275.31955,32.822701,34.993128,21.739891
1684926275.31961,32.822702,34.993128,21.739453
1684926275.31973,32.822702,34.993128,21.739008
1684926275.32623,32.822702,34.993127,21.738564
1684926275.39196,32.822702,34.993127,21.738144
1684926275.39206,32.822702,34.993127,21.737748
1684926275.39213,32.822702,34.993127,21.737368
1684926275.40272,32.822703,34.993126,21.737017
1684926275.4028,32.822703,34.993126,21.736698
1684926275.40292,32.822703,34.993126,21.7364
1684926275.40298,32.822703,34.993126,21.736105
1684926275.40309,32.822703,34.993125,21.735798
1684926275.47305,32.822703,34.993125,21.735485
1684926275.47318,32.822704,34.993125,21.735187
1684926275.47326,32.822704,34.993125,21.734899
1684926275.47332,32.822704,34.993124,21.734617
1684926275.48679,32.822704,34.993124,21.734331
1684926275.4869,32.822704,34.993124,21.734024
1684926275.48701,32.822704,34.993124,21.733691
1684926275.48714,32.822704,34.993123,21.733359
1684926275.53538,32.822705,34.993123,21.733025
1684926275.53553,32.822705,34.993123,21.732672
1684926275.53571,32.822705,34.993123,21.732302
1684926275.54409,32.822705,34.993122,21.731924
1684926275.54417,32.822705,34.993122,21.73155
1684926275.54429,32.822705,34.993122,21.731184
1684926275.5444,32.822706,34.993122,21.730811
1684926275.54452,32.822706,34.993122,21.730427
1684926275.62033,32.822706,34.993121,21.730042
1684926275.62048,32.822706,34.993121,21.72964
1684926275.62056,32.822706,34.993121,21.72921
1684926275.62063,32.822706,34.993121,21.728772
1684926275.62861,32.822707,34.99312,21.728317
1684926275.6287,32.822707,34.99312,21.727847
1684926275.62878,32.822707,34.99312,21.727365
1684926275.6881,32.822707,34.99312,21.726873
1684926275.6882,32.822707,34.993119,21.726379
1684926275.68827,32.822707,34.993119,21.725875
1684926275.69936,32.822707,34.993119,21.725343
1684926275.69946,32.822708,34.993119,21.724805
1684926275.69957,32.822708,34.993118,21.724289
1684926275.69973,32.822708,34.993118,21.723776
1684926275.70557,32.822708,34.993118,21.72325
1684926275.7799,32.822708,34.993118,21.722732
1684926275.78002,32.822708,34.993117,21.722236
1684926275.78007,32.822709,34.993117,21.721755
1684926275.78013,32.822709,34.993117,21.721273
1684926275.7802,32.822709,34.993117,21.720788
1684926275.79009,32.822709,34.993116,21.720315
1684926275.7902,32.822709,34.993116,21.719874
1684926275.79027,32.822709,34.993116,21.719455
1684926275.84414,32.82271,34.993116,21.71906
1684926275.84426,32.82271,34.993115,21.718698
1684926275.84432,32.82271,34.993115,21.718371
1684926275.8536,32.82271,34.993115,21.718073
1684926275.8537,32.82271,34.993115,21.717797
1684926275.85382,32.82271,34.993114,21.717526
1684926275.8539,32.82271,34.993114,21.71726
1684926275.91972,32.822711,34.993114,21.716997
1684926275.91985,32.822711,34.993114,21.716737
1684926275.91992,32.822711,34.993113,21.716471
1684926275.91999,32.822711,34.993113,21.716213
1684926275.92005,32.822711,34.993113,21.715959
1684926275.92915,32.822711,34.993113,21.71571
1684926275.92924,32.822712,34.993112,21.715475
1684926275.92932,32.822712,34.993112,21.715256
1684926276.00208,32.822712,34.993112,21.71505
1684926276.00219,32.822712,34.993112,21.714857
1684926276.00226,32.822712,34.993111,21.714671
1684926276.00233,32.822712,34.993111,21.714497
1684926276.01281,32.822713,34.993111,21.71434
1684926276.01291,32.822713,34.993111,21.714187
1684926276.01298,32.822713,34.993111,21.714022
1684926276.0131,32.822713,34.99311,21.713839
1684926276.08109,32.822713,34.99311,21.713636
1684926276.08121,32.822713,34.99311,21.713421
1684926276.0813,32.822713,34.99311,21.713206
1684926276.08137,32.822714,34.993109,21.712984
1684926276.08145,32.822714,34.993109,21.71273
1684926276.08876,32.822714,34.993109,21.712439
1684926276.08887,32.822714,34.993109,21.712109
1684926276.16252,32.822714,34.993108,21.711758
1684926276.16269,32.822714,34.993108,21.711405
1684926276.16278,32.822717,34.993106,21.698987
1684926276.16288,32.822717,34.993106,21.698621
1684926276.16297,32.822717,34.993106,21.698274
1684926276.16304,32.822717,34.993106,21.697932
1684926276.16963,32.822717,34.993105,21.697603
1684926276.16974,32.822717,34.993105,21.697287
1684926276.24206,32.822718,34.993105,21.696976
1684926276.24217,32.822718,34.993105,21.696675
1684926276.24224,32.822718,34.993104,21.696377
1684926276.2423,32.822718,34.993104,21.696064
1684926276.25101,32.822718,34.993104,21.695738
1684926276.25114,32.822718,34.993104,21.695405
1684926276.25121,32.822719,34.993103,21.695059
1684926276.25132,32.822719,34.993103,21.694692
1684926276.30451,32.822719,34.993103,21.694312
1684926276.30467,32.822719,34.993103,21.693913
1684926276.30475,32.822719,34.993102,21.693505
1684926276.30481,32.822719,34.993102,21.693088
1684926276.30488,32.822719,34.993102,21.692671
1684926276.31187,32.82272,34.993102,21.692244
1684926276.31194,32.82272,34.993101,21.691821
1684926276.38614,32.82272,34.993101,21.691413
1684926276.38629,32.82272,34.993101,21.691033
1684926276.38636,32.82272,34.993101,21.690692
1684926276.38644,32.82272,34.9931,21.690388
1684926276.3865,32.822721,34.9931,21.690112
1684926276.38657,32.822721,34.9931,21.689848
1684926276.39316,32.822721,34.9931,21.689586
1684926276.39325,32.822721,34.993099,21.689321
1684926276.46703,32.822721,34.993099,21.689036
1684926276.46716,32.822721,34.993099,21.688735
1684926276.46723,32.822721,34.993099,21.688408
1684926276.46735,32.822722,34.993098,21.688049
1684926276.46746,32.822722,34.993098,21.687659
1684926276.47577,32.822722,34.993098,21.687229
1684926276.47583,32.822722,34.993098,21.686761
1684926276.47596,32.822722,34.993097,21.686261
1684926276.54752,32.822722,34.993097,21.685736
1684926276.54762,32.822723,34.993097,21.685179
1684926276.54769,32.822723,34.993097,21.684587
1684926276.55786,32.822723,34.993096,21.683965
1684926276.55793,32.822723,34.993096,21.683315
1684926276.55805,32.822723,34.993096,21.68265
1684926276.55811,32.822723,34.993096,21.681977
1684926276.55818,32.822723,34.993095,21.681291
1684926276.63228,32.822724,34.993095,21.680608
1684926276.63239,32.822724,34.993095,21.679938
1684926276.63245,32.822724,34.993095,21.67927
1684926276.63257,32.822724,34.993094,21.678596
1684926276.64222,32.822724,34.993094,21.67793
1684926276.64231,32.822724,34.993094,21.677288
1684926276.64242,32.822725,34.993094,21.676673
1684926276.68836,32.822725,34.993093,21.67607
1684926276.68846,32.822725,34.993093,21.675492
1684926276.68857,32.822725,34.993093,21.674948
1684926276.68868,32.822725,34.993093,21.67442
1684926276.69859,32.822725,34.993092,21.673909
1684926276.69866,32.822725,34.993092,21.673432
1684926276.69877,32.822726,34.993092,21.673004
1684926276.71605,32.822726,34.993092,21.672605
1684926276.77048,32.822726,34.993091,21.672218
1684926276.77058,32.822726,34.993091,21.671842
1684926276.77064,32.822726,34.993091,21.671477
1684926276.78614,32.822726,34.993091,21.671099
1684926276.78627,32.822727,34.993091,21.670699
1684926276.78633,32.822727,34.99309,21.670294
1684926276.78639,32.822727,34.99309,21.669895
1684926276.78646,32.822727,34.99309,21.669498
1684926276.85614,32.822727,34.99309,21.669099
1684926276.85624,32.822727,34.993089,21.668705
1684926276.85635,32.822727,34.993089,21.668317
1684926276.85642,32.822728,34.993089,21.667925
1684926276.85648,32.822728,34.993089,21.667521
1684926276.87082,32.822728,34.993088,21.667117
1684926276.87101,32.822728,34.993088,21.666703
1684926276.9311,32.822728,34.993088,21.666284
1684926276.93129,32.822728,34.993088,21.665851
1684926276.93134,32.822729,34.993087,21.66541
1684926276.93147,32.822729,34.993087,21.664973
1684926276.94,32.822729,34.993087,21.664525
1684926276.94016,32.822729,34.993087,21.664066
1684926276.94043,32.822729,34.993086,21.663595
1684926276.94052,32.822729,34.993086,21.663128
1684926277.00581,32.82273,34.993086,21.662656
1684926277.00599,32.82273,34.993086,21.662166
1684926277.00606,32.82273,34.993085,21.661642
1684926277.00613,32.82273,34.993085,21.661098
1684926277.00619,32.82273,34.993085,21.660546
1684926277.00634,32.82273,34.993085,21.659991
1684926277.00643,32.82273,34.993084,21.659442
1684926277.00654,32.822731,34.993084,21.658903
1684926277.07256,32.822731,34.993084,21.658382
1684926277.07265,32.822731,34.993084,21.657888
1684926277.07281,32.822731,34.993084,21.657406
1684926277.0729,32.822731,34.993083,21.656927
1684926277.0825,32.822731,34.993083,21.656459
1684926277.08263,32.822732,34.993083,21.655993
1684926277.0827,32.822732,34.993083,21.65551
1684926277.16096,32.822732,34.993082,21.655011
1684926277.16106,32.822732,34.993082,21.654498
1684926277.16122,32.822733,34.993081,21.520994
1684926277.17637,32.822733,34.993081,21.520285
1684926277.17847,32.822733,34.99308,21.519573
1684926277.17857,32.822734,34.99308,21.518856
1684926277.17863,32.822734,34.99308,21.518128
1684926277.18322,32.822734,34.99308,21.517392
1684926277.23558,32.822734,34.993079,21.516629
1684926277.23571,32.822734,34.993079,21.51585
1684926277.23578,32.822734,34.993079,21.515074
1684926277.24552,32.822735,34.993079,21.514283
1684926277.24561,32.822735,34.993079,21.513462
1684926277.24567,32.822735,34.993078,21.512617
1684926277.24573,32.822735,34.993078,21.511758
1684926277.24587,32.822735,34.993078,21.51089
1684926277.31266,32.822735,34.993078,21.510024
1684926277.31277,32.822736,34.993077,21.509155
1684926277.31283,32.822736,34.993077,21.508286
1684926277.31294,32.822736,34.993077,21.507411
1684926277.31306,32.822736,34.993077,21.506526
1684926277.32131,32.822736,34.993076,21.505643
1684926277.32154,32.822736,34.993076,21.504793
1684926277.40482,32.822737,34.993076,21.503977
1684926277.40495,32.822737,34.993076,21.503196
1684926277.40502,32.822737,34.993075,21.502454
1684926277.40509,32.822737,34.993075,21.50175
1684926277.40516,32.822737,34.993075,21.50107
1684926277.40523,32.822737,34.993075,21.500409
1684926277.40531,32.822738,34.993075,21.499766
1684926277.41071,32.822738,34.993074,21.499128
1684926277.47253,32.822738,34.993074,21.49849
1684926277.47284,32.822738,34.993074,21.497844
1684926277.47298,32.822738,34.993074,21.497181
1684926277.48282,32.822738,34.993073,21.496516
1684926277.48291,32.822738,34.993073,21.495859
1684926277.48302,32.822739,34.993073,21.495219
1684926277.48313,32.822739,34.993073,21.494594
1684926277.48325,32.822739,34.993072,21.493977
1684926277.53734,32.822739,34.993072,21.493361
1684926277.53744,32.822739,34.993072,21.492742
1684926277.53755,32.822739,34.993072,21.492123
1684926277.53766,32.82274,34.993071,21.491509
1684926277.53778,32.82274,34.993071,21.490891
1684926277.54461,32.82274,34.993071,21.490263
1684926277.54473,32.82274,34.993071,21.489622
1684926277.54493,32.82274,34.993071,21.488975
1684926277.61794,32.82274,34.99307,21.488325
1684926277.61805,32.822741,34.99307,21.487684
1684926277.61811,32.822741,34.99307,21.487048
1684926277.61822,32.822741,34.99307,21.486422
1684926277.62511,32.822741,34.993069,21.485808
1684926277.6252,32.822741,34.993069,21.485195
1684926277.6253,32.822741,34.993069,21.484572
1684926277.70012,32.822742,34.993069,21.483944
1684926277.7002,32.822742,34.993069,21.4833
1684926277.70032,32.822742,34.993068,21.482643
1684926277.70039,32.822742,34.993068,21.481976
1684926277.70045,32.822742,34.993068,21.481292
1684926277.70052,32.822742,34.993068,21.480579
1684926277.70766,32.822743,34.993067,21.479841
1684926277.70776,32.822743,34.993067,21.479086
1684926277.76893,32.822743,34.993067,21.478315
1684926277.76901,32.822743,34.993067,21.477538
1684926277.76912,32.822743,34.993066,21.476746
1684926277.78022,32.822743,34.993066,21.475946
1684926277.78036,32.822743,34.993066,21.47516
1684926277.78042,32.822744,34.993066,21.474392
1684926277.78064,32.822744,34.993066,21.473651
1684926277.79273,32.822744,34.993065,21.472939
1684926277.83915,32.822744,34.993065,21.472255
1684926277.83926,32.822744,34.993065,21.471593
1684926277.83933,32.822744,34.993065,21.47094
1684926277.83941,32.822745,34.993064,21.470293
1684926277.84717,32.822745,34.993064,21.469673
1684926277.8473,32.822745,34.993064,21.469076
1684926277.84737,32.822745,34.993064,21.468487
1684926277.92216,32.822745,34.993064,21.467914
1684926277.92228,32.822745,34.993063,21.467367
1684926277.92238,32.822746,34.993063,21.466851
1684926277.92244,32.822746,34.993063,21.466362
1684926277.9225,32.822746,34.993063,21.465874
1684926277.92256,32.822746,34.993063,21.465378
1684926277.92262,32.822746,34.993062,21.464865
1684926277.92268,32.822746,34.993062,21.464323
1684926278.00977,32.822746,34.993062,21.463736
1684926278.0099,32.822747,34.993062,21.463117
1684926278.00996,32.822747,34.993061,21.462478
1684926278.01002,32.822747,34.993061,21.461827
1684926278.01016,32.822747,34.993061,21.461177
1684926278.01692,32.822747,34.993061,21.460541
1684926278.01703,32.822747,34.993061,21.459913
1684926278.01711,32.822748,34.99306,21.459299
1684926278.08862,32.822748,34.99306,21.458715
1684926278.08873,32.822748,34.99306,21.458162
1684926278.08879,32.822748,34.99306,21.457619
1684926278.08885,32.822748,34.99306,21.457066
1684926278.08892,32.822748,34.993059,21.456494
1684926278.09753,32.822748,34.993059,21.455909
1684926278.09762,32.822749,34.993059,21.455324
1684926278.16958,32.822749,34.993059,21.454725
1684926278.16972,32.822749,34.993058,21.454123
1684926278.1698,32.822748,34.993056,21.260149
1684926278.16988,32.822749,34.993056,21.259283
1684926278.17987,32.822749,34.993055,21.258411
1684926278.18007,32.822749,34.993055,21.25753
1684926278.18019,32.822749,34.993055,21.256637
1684926278.18638,32.822749,34.993055,21.255734
1684926278.25146,32.822749,34.993055,21.25482
1684926278.25175,32.822749,34.993054,21.253873
1684926278.25184,32.82275,34.993054,21.252904
1684926278.2519,32.82275,34.993054,21.251925
1684926278.25197,32.82275,34.993054,21.250949
1684926278.26146,32.82275,34.993053,21.249994
1684926278.26157,32.82275,34.993053,21.249047
1684926278.26163,32.82275,34.993053,21.248108
1684926278.30829,32.822751,34.993053,21.247171
1684926278.30843,32.822751,34.993053,21.246233
1684926278.3085,32.822751,34.993052,21.245302
1684926278.30862,32.822751,34.993052,21.244391
1684926278.30869,32.822751,34.993052,21.243497
1684926278.32083,32.822751,34.993052,21.242619
1684926278.32096,32.822751,34.993052,21.241765
1684926278.38513,32.822752,34.993051,21.24094
1684926278.38522,32.822752,34.993051,21.240145
1684926278.3853,32.822752,34.993051,21.23939
1684926278.38536,32.822752,34.993051,21.23866
1684926278.39459,32.822752,34.993051,21.237935
1684926278.3947,32.822752,34.99305,21.237222
1684926278.39476,32.822752,34.99305,21.236509
1684926278.39483,32.822753,34.99305,21.235785
1684926278.46187,32.822753,34.99305,21.235058
1684926278.46202,32.822753,34.99305,21.234328
1684926278.46209,32.822753,34.993049,21.233591
1684926278.46215,32.822753,34.993049,21.232851
1684926278.46222,32.822753,34.993049,21.232109
1684926278.46228,32.822753,34.993049,21.231363
1684926278.47135,32.822754,34.993049,21.230615
1684926278.47147,32.822754,34.993048,21.229862
1684926278.55238,32.822754,34.993048,21.229102
1684926278.55249,32.822754,34.993048,21.228336
1684926278.55256,32.822754,34.993048,21.227559
1684926278.55262,32.822754,34.993048,21.226769
1684926278.55268,32.822754,34.993048,21.225973
1684926278.55275,32.822755,34.993047,21.225169
1684926278.55281,32.822755,34.993047,21.224364
1684926278.55294,32.822755,34.993047,21.223556
