time_stamp,data_value
1684926118.597894,37.700001
1684926118.617881,37.766666
1684926118.637877,37.833332
1684926118.658295,37.766666
1684926118.678297,37.766666
1684926118.698317,37.833332
1684926118.699481,37.833332
1684926118.718293,37.833332
1684926118.738400,37.766666
1684926118.758546,37.766666
1684926118.778626,37.833332
1684926118.797724,37.766666
1684926118.817865,37.833332
1684926118.838033,37.833332
1684926118.858149,37.766666
1684926118.878353,37.766666
1684926118.898411,37.833332
1684926118.899519,37.833332
1684926118.917607,37.966667
1684926118.937577,37.766666
1684926118.957652,37.833332
1684926118.977596,37.766666
1684926118.997488,37.766666
1684926119.017462,37.966667
1684926119.037463,37.966667
1684926119.057426,37.766666
1684926119.077425,37.766666
1684926119.097399,37.966667
1684926119.098578,37.966667
1684926119.117355,37.900002
1684926119.137352,37.966667
1684926119.157453,37.966667
1684926119.177523,37.900002
1684926119.197507,37.900002
1684926119.217295,37.833332
1684926119.237251,37.833332
1684926119.257230,37.766666
1684926119.277583,37.833332
1684926119.298315,37.766666
1684926119.298348,37.766666
1684926119.317158,37.900002
1684926119.337172,37.833332
1684926119.357134,37.966667
1684926119.357235,37.966667
1684926119.377647,37.900002
1684926119.397076,37.766666
1684926119.417161,37.966667
1684926119.437052,37.766666
1684926119.457039,37.966667
1684926119.477672,37.833332
1684926119.497039,37.766666
1684926119.498184,37.766666
1684926119.517127,37.766666
1684926119.536931,37.833332
1684926119.556934,37.833332
1684926119.577707,37.766666
1684926119.596876,37.833332
1684926119.616856,37.766666
1684926119.636914,37.766666
1684926119.657119,37.833332
1684926119.677106,37.833332
1684926119.697129,37.766666
1684926119.698266,37.766666
1684926119.717354,37.766666
1684926119.737401,37.833332
1684926119.757390,37.766666
1684926119.777630,37.833332
1684926119.797402,37.833332
1684926119.817412,37.766666
1684926119.837419,37.766666
1684926119.857502,37.833332
1684926119.877514,37.833332
1684926119.897451,37.766666
1684926119.898603,37.766666
1684926119.917555,37.833332
1684926119.937581,37.766666
1684926119.956589,37.766666
1684926119.976505,37.966667
1684926119.996535,37.966667
1684926120.016430,37.766666
1684926120.036437,37.900002
1684926120.056468,37.966667
1684926120.076380,37.766666
1684926120.096693,37.766666
1684926120.097829,37.966667
1684926120.116719,37.833332
1684926120.136676,37.766666
1684926120.156674,37.766666
1684926120.176713,37.833332
1684926120.196678,37.833332
1684926120.217087,37.766666
1684926120.237222,37.833332
1684926120.256286,37.900002
1684926120.276418,37.766666
1684926120.296582,37.833332
1684926120.297626,37.833332
1684926120.316686,37.833332
1684926120.336745,37.766666
1684926120.356864,37.766666
1684926120.376993,37.833332
1684926120.377074,37.833332
1684926120.396052,37.766666
1684926120.416077,37.833332
1684926120.436043,37.833332
1684926120.455979,37.766666
1684926120.475976,37.766666
1684926120.495936,37.833332
1684926120.497075,37.833332
1684926120.516018,37.833332
1684926120.535913,37.766666
1684926120.555892,37.833332
1684926120.575852,37.766666
1684926120.595921,37.766666
1684926120.615828,37.833332
1684926120.635922,37.833332
1684926120.655884,37.766666
1684926120.675788,37.766666
1684926120.695752,37.833332
1684926120.696884,37.833332
1684926120.715760,37.766666
1684926120.735703,37.833332
1684926120.755682,37.833332
1684926120.776203,37.633335
1684926120.796230,37.766666
1684926120.815626,37.833332
1684926120.835590,37.833332
1684926120.855562,37.766666
1684926120.875544,37.833332
1684926120.895525,37.766666
1684926120.896646,37.766666
1684926120.915510,37.766666
1684926120.935482,37.833332
1684926120.955716,37.833332
1684926120.975793,37.766666
1684926120.995811,37.766666
1684926121.015836,37.833332
1684926121.035816,37.766666
1684926121.055821,37.833332
1684926121.075812,37.833332
1684926121.095883,37.900002
1684926121.097062,37.900002
1684926121.115865,37.766666
1684926121.135869,37.833332
1684926121.155860,37.833332
1684926121.175862,37.766666
1684926121.195892,37.833332
1684926121.215194,37.766666
1684926121.235215,37.766666
1684926121.255344,37.833332
1684926121.275591,37.833332
1684926121.295643,37.766666
1684926121.296773,37.766666
1684926121.315621,37.766666
1684926121.335594,37.833332
1684926121.355618,37.766666
1684926121.375634,37.833332
1684926121.395625,37.700001
1684926121.415615,37.766666
1684926121.435641,37.766666
1684926121.455650,37.833332
1684926121.475821,37.833332
1684926121.495853,37.766666
1684926121.496972,37.766666
1684926121.515841,37.833332
1684926121.535802,37.766666
1684926121.555812,37.766666
1684926121.575826,37.833332
1684926121.595809,37.700001
1684926121.615828,37.633335
1684926121.635828,37.633335
1684926121.655828,37.833332
1684926121.674848,37.633335
1684926121.694825,37.700001
1684926121.695970,37.700001
1684926121.714824,37.833332
1684926121.734825,37.633335
1684926121.754831,37.633335
1684926121.774863,37.700001
1684926121.794856,37.700001
1684926121.798676,37.700001
1684926121.814831,37.633335
1684926121.818665,37.633335
1684926121.834857,37.700001
1684926121.854834,37.633335
1684926121.859541,37.633335
1684926121.874861,37.633335
1684926121.878613,37.633335
1684926121.894872,37.700001
1684926121.898671,37.700001
1684926121.914923,37.700001
1684926121.934832,37.633335
1684926121.938668,37.633335
1684926121.954854,37.633335
1684926121.974926,37.566666
1684926121.978527,37.566666
1684926121.978837,37.566666
1684926121.994877,37.500000
1684926122.014856,37.466667
1684926122.034857,37.466667
1684926122.054878,37.400002
1684926122.074948,37.400002
1684926122.094876,37.466667
1684926122.114908,37.466667
1684926122.134904,37.266666
1684926122.154859,37.333332
1684926122.175019,37.266666
1684926122.178731,37.266666
1684926122.194991,37.266666
1684926122.215150,37.333332
1684926122.234238,37.200001
1684926122.254337,37.133335
1684926122.274400,37.133335
1684926122.294564,37.200001
1684926122.314670,37.133335
1684926122.334779,37.200001
1684926122.354945,37.200001
1684926122.375110,37.133335
1684926122.378108,37.133335
1684926122.394094,37.133335
1684926122.414252,37.066666
1684926122.434433,37.066666
1684926122.454556,36.900002
1684926122.474611,37.066666
1684926122.494818,37.000000
1684926122.515012,36.900002
1684926122.534909,37.066666
1684926122.554970,36.966667
1684926122.574953,37.000000
1684926122.577870,37.000000
1684926122.594936,36.900002
1684926122.614955,36.966667
1684926122.634939,36.900002
1684926122.654959,36.833332
1684926122.674936,36.833332
1684926122.695106,36.900002
1684926122.714934,36.766666
1684926122.734959,36.966667
1684926122.754962,36.966667
1684926122.775966,36.766666
1684926122.777664,36.766666
1684926122.795018,36.833332
1684926122.814954,36.766666
1684926122.835006,36.633335
1684926122.854936,36.700001
1684926122.874981,36.700001
1684926122.894979,36.633335
1684926122.914966,36.766666
1684926122.934961,36.833332
1684926122.953968,36.633335
1684926122.974993,36.833332
1684926122.977461,36.833332
1684926122.994962,36.700001
1684926123.015013,36.633335
1684926123.033984,36.633335
1684926123.054082,36.700001
1684926123.075000,36.700001
1684926123.094980,36.500000
1684926123.115064,36.700001
1684926123.134999,36.633335
1684926123.154479,36.633335
1684926123.175001,36.833332
1684926123.177591,36.833332
1684926123.194998,36.833332
1684926123.215026,36.633335
1684926123.234043,36.766666
1684926123.254026,36.700001
1684926123.275024,36.766666
1684926123.295021,36.833332
1684926123.315048,36.700001
1684926123.334090,36.633335
1684926123.353986,36.633335
1684926123.375026,36.833332
1684926123.377417,36.833332
1684926123.395018,36.833332
1684926123.415038,36.766666
1684926123.434034,36.833332
1684926123.455027,36.900002
1684926123.474012,36.766666
1684926123.495036,36.833332
1684926123.514077,36.966667
1684926123.534034,36.766666
1684926123.554061,36.900002
1684926123.574021,36.833332
1684926123.576918,36.833332
1684926123.595042,36.900002
1684926123.615024,36.966667
1684926123.634042,36.966667
1684926123.654036,36.900002
1684926123.674122,36.900002
1684926123.694222,36.966667
1684926123.714370,36.966667
1684926123.734514,36.900002
1684926123.754796,36.966667
1684926123.774967,36.766666
1684926123.776637,36.766666
1684926123.794990,36.900002
1684926123.814143,36.966667
1684926123.834244,36.966667
1684926123.854392,36.900002
1684926123.874513,36.900002
1684926123.894614,36.966667
1684926123.914814,36.900002
1684926123.934916,36.966667
1684926123.955136,36.833332
1684926123.975084,36.633335
1684926123.976476,36.633335
1684926123.995121,36.900002
1684926124.015111,36.966667
1684926124.035198,36.966667
1684926124.055150,36.900002
1684926124.075101,36.966667
1684926124.095082,36.900002
1684926124.115124,36.900002
1684926124.135292,36.833332
1684926124.155002,36.966667
1684926124.175165,36.900002
1684926124.176282,36.900002
1684926124.195125,36.900002
1684926124.215531,36.833332
1684926124.235129,36.900002
1684926124.255206,36.966667
1684926124.275127,36.966667
1684926124.295145,36.633335
1684926124.315103,36.766666
1684926124.335124,36.833332
1684926124.355185,36.700001
1684926124.375199,36.766666
1684926124.376332,36.766666
1684926124.395174,36.833332
1684926124.415151,36.766666
1684926124.435133,36.766666
1684926124.455197,36.833332
1684926124.475174,36.833332
1684926124.495153,36.766666
1684926124.515169,36.766666
1684926124.535175,36.833332
1684926124.555134,36.766666
1684926124.575176,36.700001
1684926124.576290,36.700001
1684926124.595159,36.700001
1684926124.614150,36.633335
1684926124.634159,36.500000
1684926124.654140,36.700001
1684926124.674145,36.566666
1684926124.694200,36.500000
1684926124.714211,36.566666
1684926124.719675,36.566666
1684926124.734184,36.500000
1684926124.754182,36.500000
1684926124.759749,36.500000
1684926124.759749,36.500000
1684926124.774167,36.566666
1684926124.794248,36.566666
1684926124.797940,36.566666
1684926124.799592,36.566666
1684926124.814185,36.400002
1684926124.834181,36.400002
1684926124.854210,36.466667
1684926124.874206,36.400002
1684926124.894185,36.466667
1684926124.914212,36.466667
1684926124.934183,36.400002
1684926124.954181,36.400002
1684926124.974212,36.333332
1684926124.994183,36.333332
1684926124.999366,36.333332
1684926125.014187,36.266666
1684926125.034181,36.333332
1684926125.054200,36.266666
1684926125.074195,36.133335
1684926125.094178,36.200001
1684926125.114200,36.200001
1684926125.134302,36.133335
1684926125.153788,36.266666
1684926125.174295,36.333332
1684926125.194209,36.133335
1684926125.199140,36.133335
1684926125.214213,36.200001
1684926125.234216,36.200001
1684926125.254273,35.900002
1684926125.271170,36.133335
1684926125.294243,36.066666
1684926125.314233,36.066666
1684926125.334273,35.900002
1684926125.354230,36.066666
1684926125.371192,36.133335
1684926125.394232,35.900002
1684926125.399213,35.900002
1684926125.414360,35.966667
1684926125.434464,35.966667
1684926125.454650,35.900002
1684926125.474674,35.900002
1684926125.494792,35.966667
1684926125.514920,35.766666
1684926125.534032,35.966667
1684926125.554189,35.833332
1684926125.574285,35.900002
1684926125.594417,35.766666
1684926125.598737,35.766666
1684926125.614465,35.833332
1684926125.634589,35.833332
1684926125.654746,35.633335
1684926125.674817,35.833332
1684926125.695008,35.633335
1684926125.715088,35.633335
1684926125.735198,35.566666
1684926125.755276,35.700001
1684926125.775323,35.633335
1684926125.795291,35.633335
1684926125.798568,35.633335
1684926125.815303,35.700001
1684926125.835305,35.633335
1684926125.855302,35.566666
1684926125.875314,35.700001
1684926125.895321,35.500000
1684926125.915300,35.500000
1684926125.925261,35.500000
1684926125.935408,35.466667
1684926125.955341,35.466667
1684926125.965514,35.466667
1684926125.975324,35.400002
1684926125.995366,35.466667
1684926126.005815,35.466667
1684926126.015335,35.400002
1684926126.035279,35.400002
1684926126.054288,35.466667
1684926126.075302,35.466667
1684926126.094291,35.400002
1684926126.114612,35.400002
1684926126.134448,35.466667
1684926126.154290,35.400002
1684926126.174295,35.466667
1684926126.194304,35.466667
1684926126.204347,35.466667
1684926126.214317,35.400002
1684926126.234326,35.400002
1684926126.254307,35.333332
1684926126.274329,35.466667
1684926126.294350,35.266666
1684926126.314369,35.333332
1684926126.334243,35.266666
1684926126.354266,35.133335
1684926126.374227,35.333332
1684926126.394234,35.200001
1684926126.404229,35.200001
1684926126.414209,35.133335
1684926126.434388,35.133335
1684926126.454308,35.200001
1684926126.474289,35.133335
1684926126.494304,35.200001
1684926126.514316,35.200001
1684926126.534365,35.133335
1684926126.554350,35.133335
1684926126.574399,35.200001
1684926126.594366,35.066666
1684926126.602490,35.066666
1684926126.614224,35.133335
1684926126.634171,35.066666
1684926126.654163,35.000000
1684926126.674183,35.000000
1684926126.694177,35.066666
1684926126.714180,35.066666
1684926126.734208,35.000000
1684926126.754261,35.000000
1684926126.774350,35.066666
1684926126.794491,35.000000
1684926126.802526,35.000000
1684926126.814647,35.066666
1684926126.834768,34.966667
1684926126.854813,35.000000
1684926126.874016,35.000000
1684926126.895043,35.066666
1684926126.914172,35.066666
1684926126.934320,35.000000
1684926126.954418,35.066666
1684926126.974567,34.900002
1684926126.994710,35.000000
1684926127.001756,35.000000
1684926127.014860,35.066666
1684926127.034975,34.966667
1684926127.055252,35.000000
1684926127.075200,34.900002
1684926127.095217,35.066666
1684926127.115486,35.000000
1684926127.135295,34.966667
1684926127.155320,35.066666
1684926127.175349,35.000000
1684926127.195233,35.000000
1684926127.205125,35.000000
1684926127.215075,35.066666
1684926127.235099,35.066666
1684926127.255095,35.000000
1684926127.275077,35.066666
1684926127.295075,35.000000
1684926127.315097,35.000000
1684926127.335077,35.066666
1684926127.355220,35.066666
1684926127.375141,35.000000
1684926127.395226,35.000000
1684926127.401160,35.000000
1684926127.415230,35.066666
1684926127.434304,35.000000
1684926127.454348,35.200001
1684926127.454411,35.200001
1684926127.474086,35.200001
1684926127.495085,35.133335
1684926127.515038,35.000000
1684926127.535035,35.066666
1684926127.555017,35.200001
1684926127.575022,35.133335
1684926127.595018,35.066666
1684926127.600978,35.066666
1684926127.600977,35.066666
1684926127.615088,35.133335
1684926127.635119,35.133335
1684926127.635201,35.133335
1684926127.654177,35.200001
1684926127.674155,35.200001
1684926127.695181,35.133335
1684926127.714227,35.266666
1684926127.734241,35.200001
1684926127.755000,35.133335
1684926127.774997,35.200001
1684926127.794973,35.200001
1684926127.800936,35.200001
1684926127.814983,35.266666
1684926127.835059,35.266666
1684926127.855082,35.333332
1684926127.874988,35.333332
1684926127.895007,35.266666
1684926127.915005,35.466667
1684926127.935065,35.266666
1684926127.954292,35.266666
1684926127.974272,35.466667
1684926127.995394,35.333332
1684926128.001434,35.333332
1684926128.014453,35.400002
1684926128.034566,35.400002
1684926128.054719,35.333332
1684926128.072769,35.400002
1684926128.092961,35.466667
1684926128.112160,35.466667
1684926128.132149,35.400002
1684926128.141134,35.400002
1684926128.152266,35.500000
1684926128.161217,35.500000
1684926128.172329,35.466667
1684926128.192410,35.466667
1684926128.201482,35.466667
1684926128.212814,35.400002
1684926128.231989,35.466667
1684926128.240991,35.466667
1684926128.252045,35.400002
1684926128.272099,35.500000
1684926128.281082,35.500000
1684926128.292099,35.566666
1684926128.300141,35.566666
1684926128.312110,35.566666
1684926128.320771,35.566666
1684926128.331888,35.500000
1684926128.351875,35.500000
1684926128.360882,35.500000
1684926128.372894,35.700001
1684926128.392883,35.633335
1684926128.400853,35.633335
1684926128.412883,35.700001
1684926128.431843,35.700001
1684926128.451902,35.766666
1684926128.472902,35.766666
1684926128.492882,35.833332
1684926128.511895,35.966667
1684926128.531931,35.900002
1684926128.551960,35.966667
1684926128.572010,35.900002
1684926128.593040,36.000000
1684926128.599738,36.000000
1684926128.612897,36.066666
1684926128.632805,36.066666
1684926128.652806,36.133335
1684926128.672832,36.133335
1684926128.692908,36.200001
1684926128.711812,36.266666
1684926128.731811,36.333332
1684926128.752875,36.333332
1684926128.753296,36.333332
1684926128.772854,36.400002
1684926128.792882,36.400002
1684926128.799585,36.400002
1684926128.811908,36.466667
1684926128.811964,36.466667
1684926128.831934,36.466667
1684926128.831932,36.466667
1684926128.852996,36.400002
1684926128.872053,36.566666
1684926128.892010,36.400002
1684926128.912763,36.500000
1684926128.932832,36.566666
1684926128.939392,36.566666
1684926128.951863,36.566666
1684926128.972781,36.633335
1684926128.979395,36.633335
1684926128.991755,36.633335
1684926129.011745,36.700001
1684926129.019290,36.700001
1684926129.031729,36.500000
1684926129.052769,36.700001
1684926129.071790,36.566666
1684926129.091808,36.633335
1684926129.111873,36.633335
1684926129.131917,36.566666
1684926129.151927,36.700001
1684926129.171930,36.633335
1684926129.192763,36.700001
1684926129.211720,36.633335
1684926129.219122,36.633335
1684926129.231710,36.500000
1684926129.251708,36.700001
1684926129.271691,36.700001
1684926129.279050,36.700001
1684926129.292718,36.500000
1684926129.299001,36.500000
1684926129.311678,36.500000
1684926129.325627,36.500000
1684926129.331692,36.566666
1684926129.345776,36.566666
1684926129.351740,36.633335
1684926129.371780,36.700001
1684926129.385835,36.700001
1684926129.392849,36.566666
1684926129.411824,36.633335
1684926129.425875,36.633335
1684926129.431854,36.500000
1684926129.451924,36.566666
1684926129.458863,36.566666
1684926129.471762,36.566666
1684926129.478817,36.566666
1684926129.492728,36.500000
1684926129.511655,36.466667
1684926129.518773,36.466667
1684926129.531658,36.400002
1684926129.550614,36.400002
1684926129.558758,36.400002
1684926129.570611,36.566666
1684926129.590716,36.566666
1684926129.610745,36.400002
1684926129.630635,36.400002
1684926129.650681,36.466667
1684926129.670715,36.266666
1684926129.690862,36.466667
1684926129.710766,36.333332
1684926129.730846,36.266666
1684926129.750589,36.266666
1684926129.758615,36.266666
1684926129.770573,36.333332
1684926129.790579,36.466667
1684926129.810575,36.266666
1684926129.830559,36.333332
1684926129.850580,36.266666
1684926129.870558,36.266666
1684926129.890601,36.333332
1684926129.910689,36.333332
1684926129.930640,36.266666
1684926129.950757,36.266666
1684926129.958784,36.266666
1684926129.970710,36.200001
1684926129.990720,36.133335
1684926130.010738,36.200001
1684926130.030792,36.333332
1684926130.050641,36.266666
1684926130.070515,36.266666
1684926130.090514,36.466667
1684926130.110548,36.333332
1684926130.130628,36.400002
1684926130.150852,36.333332
1684926130.158832,36.333332
1684926130.170916,36.133335
1684926130.190023,36.266666
1684926130.211150,36.333332
1684926130.230335,36.466667
1684926130.250392,36.400002
1684926130.270503,36.400002
1684926130.290659,36.466667
1684926130.310762,36.400002
1684926130.330803,36.333332
1684926130.351133,36.466667
1684926130.357926,36.466667
1684926130.371074,36.266666
1684926130.391144,36.266666
1684926130.411274,36.466667
1684926130.430473,36.466667
1684926130.450560,36.400002
1684926130.470484,36.466667
1684926130.491517,36.400002
1684926130.511550,36.500000
1684926130.530616,36.466667
1684926130.550617,36.566666
1684926130.557722,36.566666
1684926130.569504,36.500000
1684926130.589482,36.500000
1684926130.609459,36.566666
1684926130.630423,36.500000
1684926130.642452,36.500000
1684926130.650526,36.566666
1684926130.662424,36.566666
1684926130.670440,36.566666
1684926130.690666,36.500000
1684926130.702487,36.500000
1684926130.710412,36.500000
1684926130.722372,36.500000
1684926130.730399,36.566666
1684926130.750416,36.566666
1684926130.762534,36.566666
1684926130.769358,36.500000
1684926130.789292,36.566666
1684926130.801484,36.566666
1684926130.809262,36.500000
1684926130.829414,36.400002
1684926130.849198,36.566666
1684926130.869197,36.566666
1684926130.889180,36.500000
1684926130.909163,36.500000
1684926130.929138,36.566666
1684926130.949114,36.500000
1684926130.969162,36.566666
1684926130.981407,36.566666
1684926130.989100,36.566666
1684926131.009054,36.500000
1684926131.021238,36.500000
1684926131.029232,36.400002
1684926131.049017,36.466667
1684926131.061427,36.466667
1684926131.068995,36.566666
1684926131.088969,36.400002
1684926131.101492,36.400002
1684926131.109060,36.566666
1684926131.128937,36.400002
1684926131.149014,36.400002
1684926131.168911,36.466667
1684926131.188859,36.466667
1684926131.208865,36.400002
1684926131.228997,36.400002
1684926131.248949,36.333332
1684926131.268783,36.266666
1684926131.288772,36.333332
1684926131.301353,36.333332
1684926131.308763,36.333332
1684926131.328762,36.266666
1684926131.348710,36.266666
1684926131.368696,36.333332
1684926131.388662,36.333332
1684926131.408739,36.266666
1684926131.428602,36.333332
1684926131.448603,36.266666
1684926131.468580,36.266666
1684926131.488642,36.200001
1684926131.501282,36.200001
1684926131.508761,36.200001
1684926131.528518,36.266666
1684926131.548495,36.266666
1684926131.568469,36.200001
1684926131.588457,36.266666
1684926131.608499,36.200001
1684926131.628522,36.200001
1684926131.648464,36.133335
1684926131.668699,36.000000
1684926131.688763,36.066666
1684926131.700413,36.066666
1684926131.708909,36.066666
1684926131.728543,35.900002
1684926131.749105,35.966667
1684926131.769255,35.900002
1684926131.788553,35.900002
1684926131.808375,35.966667
1684926131.828577,35.966667
1684926131.848689,35.900002
1684926131.868752,35.766666
1684926131.888929,35.833332
1684926131.901061,35.833332
1684926131.909039,35.766666
1684926131.928204,35.833332
1684926131.948106,35.833332
1684926131.968058,35.633335
1684926131.988054,35.633335
1684926132.008033,35.700001
1684926132.028010,35.700001
1684926132.047992,35.633335
1684926132.067966,35.700001
1684926132.087965,35.633335
1684926132.101249,35.633335
1684926132.108054,35.500000
1684926132.127898,35.566666
1684926132.147924,35.566666
1684926132.161157,35.566666
1684926132.167882,35.500000
1684926132.187849,35.500000
1684926132.201176,35.500000
1684926132.207870,35.566666
1684926132.227891,35.500000
1684926132.240285,35.500000
1684926132.247781,35.566666
1684926132.267769,35.466667
1684926132.287731,35.500000
1684926132.307705,35.500000
1684926132.327697,35.566666
1684926132.347660,35.466667
1684926132.367658,35.400002
1684926132.387646,35.466667
1684926132.407621,35.400002
1684926132.427604,35.400002
1684926132.440110,35.400002
1684926132.447561,35.466667
1684926132.467557,35.466667
1684926132.487516,35.400002
1684926132.507558,35.400002
1684926132.527510,35.466667
1684926132.547516,35.400002
1684926132.567475,35.466667
1684926132.587533,35.466667
1684926132.607535,35.400002
1684926132.627540,35.400002
1684926132.640081,35.400002
1684926132.647539,35.466667
1684926132.667639,35.466667
1684926132.687567,35.400002
1684926132.707576,35.466667
1684926132.727558,35.400002
1684926132.747517,35.400002
1684926132.767463,35.466667
1684926132.787544,35.466667
1684926132.807578,35.400002
1684926132.827539,35.266666
1684926132.840206,35.266666
1684926132.847603,35.333332
1684926132.867611,35.266666
1684926132.887609,35.333332
1684926132.907616,35.333332
1684926132.927526,35.266666
1684926132.947535,35.266666
1684926132.967564,35.466667
1684926132.987522,35.333332
1684926133.007799,35.400002
1684926133.027530,35.466667
1684926133.040003,35.466667
1684926133.047666,35.266666
1684926133.067813,35.266666
1684926133.087584,35.333332
1684926133.107747,35.333332
1684926133.127528,35.266666
1684926133.147564,35.266666
1684926133.167666,35.466667
1684926133.187546,35.266666
1684926133.207566,35.466667
1684926133.227565,35.333332
1684926133.238896,35.333332
1684926133.247577,35.266666
1684926133.267567,35.266666
1684926133.287555,35.333332
1684926133.307596,35.333332
1684926133.327596,35.266666
1684926133.347609,35.333332
1684926133.367571,35.266666
1684926133.387569,35.266666
1684926133.407555,35.333332
1684926133.427531,35.333332
1684926133.439534,35.333332
1684926133.439994,35.333332
1684926133.446629,35.266666
1684926133.467587,35.133335
1684926133.487632,35.333332
1684926133.506707,35.133335
1684926133.526548,35.200001
1684926133.547664,35.200001
1684926133.566571,35.133335
1684926133.586593,35.266666
1684926133.606592,35.200001
1684926133.626669,35.200001
1684926133.638422,35.200001
1684926133.646607,35.266666
1684926133.666568,35.333332
1684926133.686573,35.133335
1684926133.706623,35.266666
1684926133.727080,35.200001
1684926133.746563,35.200001
1684926133.766638,35.133335
1684926133.786938,35.133335
1684926133.806147,35.200001
1684926133.826849,35.133335
1684926133.838206,35.133335
1684926133.846634,35.200001
1684926133.866953,35.200001
1684926133.887033,35.133335
1684926133.906068,35.133335
1684926133.926847,35.200001
1684926133.946042,35.200001
1684926133.966039,35.133335
1684926133.986092,35.066666
1684926134.006098,35.133335
1684926134.025989,35.133335
1684926134.038599,35.133335
1684926134.046228,35.200001
1684926134.066164,35.200001
1684926134.086268,35.133335
1684926134.106446,35.133335
1684926134.126548,35.066666
1684926134.146581,35.000000
1684926134.166584,35.066666
1684926134.186541,35.066666
1684926134.206581,35.000000
1684926134.226688,35.000000
1684926134.237830,35.000000
1684926134.246645,35.066666
1684926134.266586,35.066666
1684926134.286679,35.000000
1684926134.306817,35.066666
1684926134.326643,35.000000
1684926134.346741,35.000000
1684926134.366703,35.066666
1684926134.386594,35.066666
1684926134.405615,35.000000
1684926134.425582,35.000000
1684926134.437601,35.000000
1684926134.446620,35.066666
1684926134.466719,35.000000
1684926134.486888,35.066666
1684926134.506686,35.066666
1684926134.506928,35.066666
1684926134.526642,35.000000
1684926134.545676,35.000000
1684926134.566745,35.066666
1684926134.586748,35.066666
1684926134.606627,35.000000
1684926134.626639,35.066666
1684926134.637449,35.066666
1684926134.646668,34.900002
1684926134.666657,35.000000
1684926134.686654,35.066666
1684926134.705662,35.066666
1684926134.726659,35.000000
1684926134.745597,34.900002
1684926134.765594,35.066666
1684926134.786596,35.000000
1684926134.805585,35.066666
1684926134.825763,34.966667
1684926134.837908,34.966667
1684926134.845991,35.000000
1684926134.866056,35.000000
1684926134.886057,35.066666
1684926134.905774,35.066666
1684926134.925615,35.000000
1684926134.945889,35.066666
1684926134.965889,35.000000
1684926134.985728,35.000000
1684926135.005669,35.066666
1684926135.025929,35.066666
1684926135.036980,35.066666
1684926135.045897,35.000000
1684926135.065877,35.000000
1684926135.086525,35.066666
1684926135.105534,35.000000
1684926135.125524,35.066666
1684926135.145552,35.066666
1684926135.165623,35.000000
1684926135.186567,35.000000
1684926135.205560,35.066666
1684926135.225561,35.066666
1684926135.236811,35.066666
1684926135.245715,35.133335
1684926135.265645,35.200001
1684926135.286744,35.000000
1684926135.305619,35.133335
1684926135.305623,35.133335
1684926135.325687,35.200001
1684926135.345623,35.200001
1684926135.365683,35.000000
1684926135.386731,35.133335
1684926135.405589,35.200001
1684926135.425690,35.133335
1684926135.436581,35.133335
1684926135.445698,35.200001
1684926135.465709,35.200001
1684926135.486683,35.133335
1684926135.505626,35.133335
1684926135.525689,35.066666
1684926135.545645,35.200001
1684926135.565691,35.133335
1684926135.586632,35.200001
1684926135.605634,35.133335
1684926135.625566,35.133335
1684926135.636699,35.133335
1684926135.645684,35.200001
1684926135.665754,35.200001
1684926135.686729,35.000000
1684926135.705762,35.133335
1684926135.726089,35.200001
1684926135.746109,35.133335
1684926135.766033,35.200001
1684926135.786217,35.200001
1684926135.805284,35.000000
1684926135.825698,35.000000
1684926135.836402,35.000000
1684926135.845658,35.066666
1684926135.865761,35.066666
1684926135.885692,35.000000
1684926135.905654,35.200001
1684926135.925743,35.133335
1684926135.945624,35.133335
1684926135.965639,35.200001
1684926135.986699,35.066666
1684926136.005723,35.000000
1684926136.025681,35.133335
1684926136.036450,35.133335
1684926136.045656,35.200001
1684926136.065728,35.133335
1684926136.086716,35.200001
1684926136.106708,35.200001
1684926136.126742,35.133335
1684926136.146730,35.133335
1684926136.164701,35.200001
1684926136.186808,35.200001
1684926136.204779,35.133335
1684926136.224770,35.200001
1684926136.236472,35.200001
1684926136.244660,35.133335
1684926136.263786,35.133335
1684926136.286739,35.066666
1684926136.305497,35.066666
1684926136.307295,35.066666
1684926136.323704,35.000000
1684926136.343706,35.133335
1684926136.363753,35.200001
1684926136.386708,35.133335
1684926136.403708,35.200001
1684926136.423771,35.200001
1684926136.436495,35.200001
1684926136.443754,35.133335
1684926136.463734,35.133335
1684926136.484783,35.066666
1684926136.503750,35.200001
1684926136.523720,35.000000
1684926136.543712,35.200001
1684926136.563719,35.133335
1684926136.584707,35.133335
1684926136.603693,35.200001
1684926136.623711,35.200001
1684926136.635497,35.200001
1684926136.643743,35.000000
1684926136.663725,35.133335
1684926136.663798,35.133335
1684926136.684728,35.200001
1684926136.703736,35.133335
1684926136.723749,35.200001
1684926136.743769,35.200001
1684926136.763716,35.133335
1684926136.784738,35.266666
1684926136.803652,35.200001
1684926136.823762,35.200001
1684926136.835674,35.200001
1684926136.843698,35.133335
1684926136.863735,35.200001
1684926136.883713,35.266666
1684926136.903711,35.133335
1684926136.923836,35.200001
1684926136.943736,35.200001
1684926136.963720,35.133335
1684926136.983714,35.133335
1684926137.003755,35.200001
1684926137.023738,35.133335
1684926137.036634,35.133335
1684926137.043739,35.333332
1684926137.063717,35.333332
1684926137.082758,35.133335
1684926137.103719,35.133335
1684926137.122846,35.200001
1684926137.142754,35.200001
1684926137.162779,35.133335
1684926137.162778,35.133335
1684926137.182666,35.200001
1684926137.203322,35.133335
1684926137.223538,35.133335
1684926137.236370,35.133335
1684926137.243321,35.200001
1684926137.263431,35.200001
1684926137.283531,35.266666
1684926137.302672,35.133335
1684926137.322762,35.200001
1684926137.342866,35.133335
1684926137.362967,35.200001
1684926137.383147,35.200001
1684926137.403418,35.133335
1684926137.423392,35.133335
1684926137.436593,35.133335
1684926137.443514,35.200001
1684926137.463655,35.333332
1684926137.483760,35.266666
1684926137.502769,35.333332
1684926137.522768,35.266666
1684926137.542753,35.266666
1684926137.562729,35.333332
1684926137.582735,35.333332
1684926137.602684,35.266666
1684926137.622740,35.133335
1684926137.634647,35.133335
1684926137.642730,35.333332
1684926137.662727,35.266666
1684926137.682794,35.333332
1684926137.682881,35.333332
1684926137.702782,35.333332
1684926137.722724,35.266666
1684926137.742785,35.266666
1684926137.762722,35.333332
1684926137.782746,35.333332
1684926137.802796,35.266666
1684926137.822785,35.333332
1684926137.836646,35.333332
1684926137.842772,35.266666
1684926137.842773,35.266666
1684926137.863269,35.266666
1684926137.882800,35.466667
1684926137.902228,35.466667
1684926137.922792,35.266666
1684926137.942764,35.400002
1684926137.962721,35.466667
1684926137.982751,35.400002
1684926138.002312,35.466667
1684926138.022752,35.333332
1684926138.034682,35.333332
1684926138.042739,35.266666
1684926138.062755,35.400002
1684926138.081751,35.466667
1684926138.102282,35.466667
1684926138.121737,35.400002
1684926138.141655,35.466667
1684926138.161630,35.400002
1684926138.181605,35.400002
1684926138.202523,35.466667
1684926138.221565,35.466667
1684926138.234656,35.466667
1684926138.241576,35.400002
1684926138.261536,35.400002
1684926138.281549,35.466667
1684926138.301606,35.400002
1684926138.321569,35.466667
1684926138.341602,35.466667
1684926138.361573,35.400002
1684926138.381598,35.400002
1684926138.401617,35.466667
1684926138.421605,35.566666
1684926138.433682,35.566666
1684926138.441706,35.400002
1684926138.461635,35.466667
1684926138.481626,35.400002
1684926138.501646,35.400002
1684926138.521782,35.466667
1684926138.541660,35.466667
1684926138.561656,35.400002
1684926138.581659,35.400002
1684926138.601658,35.466667
1684926138.622143,35.400002
1684926138.633726,35.400002
1684926138.641687,35.466667
1684926138.662037,35.466667
1684926138.682057,35.400002
1684926138.702032,35.266666
1684926138.721890,35.466667
1684926138.741039,35.466667
1684926138.762015,35.400002
1684926138.780990,35.466667
1684926138.802062,35.266666
1684926138.821932,35.266666
1684926138.833115,35.266666
1684926138.841141,35.333332
1684926138.861126,35.333332
1684926138.881165,35.266666
1684926138.901304,35.266666
1684926138.921122,35.333332
1684926138.941212,35.266666
1684926138.961303,35.333332
1684926138.982434,35.333332
1684926139.001551,35.266666
1684926139.021647,35.266666
1684926139.032949,35.266666
1684926139.040744,35.200001
1684926139.060724,35.333332
1684926139.080690,35.266666
1684926139.100672,35.333332
1684926139.120654,35.266666
1684926139.140676,35.266666
1684926139.160621,35.200001
1684926139.180757,35.200001
1684926139.200574,35.133335
1684926139.220557,35.133335
1684926139.234136,35.133335
1684926139.240635,35.200001
1684926139.260597,35.133335
1684926139.280475,35.200001
1684926139.300483,35.333332
1684926139.320489,35.133335
1684926139.340426,35.133335
1684926139.360415,35.200001
1684926139.380386,35.200001
1684926139.400515,35.133335
1684926139.420334,35.200001
1684926139.433347,35.200001
1684926139.440345,35.133335
1684926139.460407,35.133335
1684926139.480321,35.200001
1684926139.500251,35.200001
1684926139.520298,35.133335
1684926139.540207,35.133335
1684926139.560177,35.200001
1684926139.580206,35.133335
1684926139.600351,35.200001
1684926139.620239,35.200001
1684926139.633487,35.200001
1684926139.640464,35.133335
1684926139.660093,35.133335
1684926139.680070,35.200001
1684926139.700055,35.200001
1684926139.720045,35.133335
1684926139.740117,35.200001
1684926139.760032,35.133335
1684926139.779969,35.133335
1684926139.799952,35.200001
1684926139.819921,35.200001
1684926139.833528,35.200001
1684926139.839899,35.133335
1684926139.859893,35.133335
1684926139.879878,35.200001
1684926139.899839,35.133335
1684926139.919878,35.200001
1684926139.939806,35.200001
1684926139.959762,35.133335
1684926139.979766,35.133335
1684926139.999763,35.333332
1684926140.019725,35.333332
1684926140.032578,35.333332
1684926140.039730,35.266666
1684926140.059678,35.333332
1684926140.079711,35.133335
1684926140.099646,35.133335
1684926140.119723,35.200001
1684926140.139759,35.200001
1684926140.159703,35.133335
1684926140.179720,35.266666
1684926140.200036,35.333332
1684926140.219777,35.133335
1684926140.231584,35.133335
1684926140.239835,35.333332
1684926140.259893,35.333332
1684926140.279962,35.133335
1684926140.299888,35.266666
1684926140.319787,35.200001
1684926140.339955,35.200001
1684926140.359770,35.266666
1684926140.379857,35.200001
1684926140.399835,35.266666
1684926140.419564,35.266666
1684926140.431371,35.266666
1684926140.440745,35.333332
1684926140.459843,35.333332
1684926140.479895,35.266666
1684926140.499829,35.266666
1684926140.519589,35.333332
1684926140.539170,35.133335
1684926140.559794,35.333332
1684926140.579814,35.200001
1684926140.599128,35.266666
1684926140.619734,35.266666
1684926140.631225,35.266666
1684926140.639661,35.333332
1684926140.659650,35.466667
1684926140.659648,35.466667
1684926140.679637,35.400002
1684926140.679752,35.400002
1684926140.699660,35.333332
1684926140.719669,35.266666
1684926140.739842,35.400002
1684926140.758947,35.333332
1684926140.779658,35.333332
1684926140.799190,35.266666
1684926140.819597,35.133335
1684926140.830956,35.133335
1684926140.839050,35.333332
1684926140.859775,35.133335
1684926140.878824,35.200001
1684926140.898834,35.200001
1684926140.918841,35.133335
1684926140.939009,35.266666
1684926140.959098,35.200001
1684926140.979140,35.200001
1684926140.999027,35.133335
1684926141.019024,35.200001
1684926141.030803,35.200001
1684926141.039034,35.133335
1684926141.059029,35.133335
1684926141.079077,35.200001
1684926141.099052,35.200001
1684926141.119055,35.133335
1684926141.139043,35.133335
1684926141.159027,35.200001
1684926141.179055,35.000000
1684926141.199058,35.200001
1684926141.219057,35.200001
1684926141.230557,35.200001
1684926141.239028,35.133335
1684926141.259026,35.133335
1684926141.279032,35.200001
1684926141.299049,35.200001
1684926141.319082,35.133335
1684926141.339037,35.200001
1684926141.359065,35.133335
1684926141.379066,35.133335
1684926141.399157,35.200001
1684926141.419126,35.200001
1684926141.430442,35.200001
1684926141.439072,35.133335
1684926141.459123,35.133335
1684926141.479126,35.200001
1684926141.498286,35.000000
1684926141.518317,35.066666
1684926141.539073,35.200001
1684926141.559072,35.133335
1684926141.578116,35.133335
1684926141.598414,35.200001
1684926141.618349,35.066666
1684926141.630142,35.066666
1684926141.638199,35.133335
1684926141.658066,35.066666
1684926141.678125,35.000000
1684926141.698359,35.000000
1684926141.698418,35.000000
1684926141.718333,35.066666
1684926141.738091,35.066666
1684926141.758062,35.000000
1684926141.779083,35.000000
1684926141.798454,35.066666
1684926141.819478,35.000000
1684926141.830035,35.000000
1684926141.839118,35.066666
1684926141.858046,35.066666
1684926141.879114,35.000000
1684926141.898415,34.900002
1684926141.918401,34.966667
1684926141.938112,34.966667
1684926141.958114,34.900002
1684926141.979107,34.966667
1684926141.998419,34.900002
1684926142.018502,34.900002
1684926142.030095,34.900002
1684926142.038129,34.966667
1684926142.058107,34.966667
1684926142.078129,34.900002
1684926142.098451,34.900002
1684926142.118443,34.833332
1684926142.138091,34.766666
1684926142.158129,34.833332
1684926142.178205,34.833332
1684926142.198484,34.766666
1684926142.218497,34.766666
1684926142.229504,34.766666
1684926142.238204,34.833332
1684926142.258199,34.700001
1684926142.278268,34.633335
1684926142.297488,34.700001
1684926142.317484,34.633335
1684926142.337637,34.633335
1684926142.357718,34.700001
1684926142.378838,34.700001
1684926142.397951,34.500000
1684926142.418556,34.500000
1684926142.429538,34.500000
1684926142.438176,34.566666
1684926142.457396,34.500000
1684926142.477638,34.566666
1684926142.497529,34.566666
1684926142.517614,34.500000
1684926142.521194,34.500000
1684926142.537762,34.400002
1684926142.557866,34.466667
1684926142.561229,34.466667
1684926142.578019,34.466667
1684926142.597135,34.266666
1684926142.601127,34.266666
1684926142.617206,34.333332
1684926142.637131,34.400002
1684926142.657054,34.266666
1684926142.677081,34.333332
1684926142.697197,34.333332
1684926142.717124,34.266666
1684926142.737140,34.266666
1684926142.757121,34.333332
1684926142.777166,34.266666
1684926142.797164,34.333332
1684926142.800919,34.333332
1684926142.817196,34.200001
1684926142.837173,34.133335
1684926142.857146,34.133335
1684926142.877187,34.200001
1684926142.897243,34.200001
1684926142.917287,34.000000
1684926142.937254,34.066666
1684926142.957180,34.000000
1684926142.977216,33.900002
1684926142.997189,33.966667
1684926143.000701,33.966667
1684926143.017144,33.966667
1684926143.037215,33.900002
1684926143.057418,33.900002
1684926143.077166,33.833332
1684926143.097129,33.900002
1684926143.117234,33.966667
1684926143.137212,33.833332
1684926143.157297,33.766666
1684926143.178236,33.766666
1684926143.197567,33.833332
1684926143.200516,33.833332
1684926143.218717,33.833332
1684926143.238213,33.766666
1684926143.258167,33.833332
1684926143.278234,33.766666
1684926143.298733,33.633335
1684926143.318752,33.700001
1684926143.338298,33.700001
1684926143.358155,33.633335
1684926143.378217,33.633335
1684926143.397731,33.700001
1684926143.400337,33.700001
1684926143.417734,33.633335
1684926143.437131,33.700001
1684926143.457141,33.700001
1684926143.477182,33.633335
1684926143.497775,33.633335
1684926143.517761,33.566666
1684926143.537233,33.566666
1684926143.557194,33.500000
1684926143.578239,33.566666
1684926143.597839,33.500000
1684926143.600083,33.500000
1684926143.617796,33.500000
1684926143.637203,33.566666
1684926143.657136,33.566666
1684926143.677216,33.500000
1684926143.697804,33.500000
1684926143.717800,33.566666
1684926143.737179,33.500000
1684926143.757152,33.566666
1684926143.778206,33.566666
1684926143.797263,33.500000
1684926143.799950,33.500000
1684926143.817259,33.400002
1684926143.838236,33.466667
1684926143.845182,33.466667
1684926143.857177,33.466667
1684926143.865188,33.466667
1684926143.878159,33.400002
1684926143.896113,33.566666
1684926143.905091,33.566666
1684926143.916220,33.400002
1684926143.936200,33.500000
1684926143.945098,33.500000
1684926143.956222,33.466667
1684926143.976182,33.466667
1684926143.996199,33.400002
1684926144.005210,33.400002
1684926144.016223,33.400002
1684926144.036193,33.466667
1684926144.044192,33.466667
1684926144.056285,33.400002
1684926144.076215,33.466667
1684926144.085090,33.466667
1684926144.096190,33.466667
1684926144.116255,33.400002
1684926144.136200,33.400002
1684926144.156192,33.466667
1684926144.176224,33.466667
1684926144.196209,33.400002
1684926144.216170,33.466667
1684926144.236178,33.400002
1684926144.256126,33.400002
1684926144.276144,33.333332
1684926144.285171,33.333332
1684926144.295325,33.333332
1684926144.315271,33.266666
1684926144.336233,33.266666
1684926144.356155,33.466667
1684926144.376210,33.266666
1684926144.395182,33.333332
1684926144.415200,33.333332
1684926144.435261,33.266666
1684926144.455193,33.266666
1684926144.475165,33.200001
1684926144.484165,33.200001
1684926144.495228,33.200001
1684926144.515187,33.133335
1684926144.535217,33.200001
1684926144.555192,33.133335
1684926144.575191,33.133335
1684926144.595210,33.200001
1684926144.615212,33.066666
1684926144.635273,33.000000
1684926144.655211,33.000000
1684926144.675258,33.066666
1684926144.683149,33.066666
1684926144.695241,33.000000
1684926144.715243,33.066666
1684926144.735236,33.066666
1684926144.755197,32.900002
1684926144.775223,32.900002
1684926144.795214,32.966667
1684926144.815243,32.833332
1684926144.835259,32.900002
1684926144.855304,32.833332
1684926144.875192,32.766666
1684926144.883198,32.766666
1684926144.895262,32.766666
1684926144.915252,32.700001
1684926144.935429,32.833332
1684926144.955222,32.633335
1684926144.975229,32.633335
1684926144.995177,32.700001
1684926145.015194,32.633335
1684926145.035197,32.700001
1684926145.055297,32.700001
1684926145.075246,32.633335
1684926145.083216,32.633335
1684926145.095261,32.500000
1684926145.115258,32.566666
1684926145.135366,32.566666
1684926145.155510,32.500000
1684926145.175585,32.566666
1684926145.194679,32.400002
1684926145.214836,32.500000
1684926145.234899,32.466667
1684926145.255028,32.466667
1684926145.275142,32.400002
1684926145.283201,32.400002
1684926145.295290,32.400002
1684926145.314458,32.466667
1684926145.335260,32.400002
1684926145.355248,32.466667
1684926145.363193,32.466667
1684926145.376250,32.466667
1684926145.395288,32.400002
1684926145.403231,32.400002
1684926145.415240,32.400002
1684926145.423158,32.400002
1684926145.435270,32.466667
1684926145.443178,32.466667
1684926145.455299,32.333332
1684926145.476348,32.266666
1684926145.483158,32.266666
1684926145.495456,32.333332
1684926145.514389,32.266666
1684926145.522197,32.266666
1684926145.535408,32.266666
1684926145.555301,32.333332
1684926145.575314,32.333332
1684926145.594254,32.266666
1684926145.614254,32.266666
1684926145.634368,32.333332
1684926145.654342,32.266666
1684926145.675224,32.333332
1684926145.694254,32.200001
1684926145.714231,32.133335
1684926145.722014,32.133335
1684926145.722115,32.133335
1684926145.734339,32.133335
1684926145.754314,32.200001
1684926145.775235,32.066666
1684926145.794277,32.133335
1684926145.814300,32.200001
1684926145.834215,32.000000
1684926145.854299,32.133335
1684926145.854300,32.133335
1684926145.875281,32.066666
1684926145.894624,32.066666
1684926145.914262,32.000000
1684926145.921774,32.000000
1684926145.934250,31.900000
1684926145.954327,31.966667
1684926145.974281,31.900000
1684926145.994296,31.966667
1684926146.014239,31.966667
1684926146.034226,31.900000
1684926146.054299,31.766666
1684926146.074238,31.966667
1684926146.094296,31.966667
1684926146.114265,31.900000
1684926146.121608,31.900000
1684926146.134292,31.966667
1684926146.134381,31.966667
1684926146.154380,31.900000
1684926146.174327,31.766666
1684926146.194252,31.833334
1684926146.214276,31.966667
1684926146.234300,31.766666
1684926146.254362,31.766666
1684926146.274255,31.833334
1684926146.294288,31.766666
1684926146.314310,31.833334
1684926146.321443,31.833334
1684926146.321448,31.833334
1684926146.334342,31.700001
1684926146.354349,31.766666
1684926146.374282,31.766666
1684926146.394295,31.700001
1684926146.413261,31.700001
1684926146.434267,31.633333
1684926146.454363,31.700001
1684926146.474303,31.633333
1684926146.493472,31.633333
1684926146.513657,31.700001
1684926146.521579,31.700001
1684926146.533664,31.566668
1684926146.553810,31.633333
1684926146.573914,31.633333
1684926146.594016,31.700001
1684926146.614159,31.633333
1684926146.634264,31.700001
1684926146.654349,31.700001
1684926146.674515,31.633333
1684926146.695349,31.500000
1684926146.715354,31.566668
1684926146.720993,31.566668
1684926146.735348,31.566668
1684926146.754327,31.500000
1684926146.775527,31.566668
1684926146.794315,31.500000
1684926146.814317,31.500000
1684926146.834310,31.466667
1684926146.854313,31.566668
1684926146.874287,31.500000
1684926146.894332,31.500000
1684926146.914292,31.566668
1684926146.920748,31.566668
1684926146.934356,31.500000
1684926146.954267,31.466667
1684926146.974349,31.466667
1684926146.994296,31.400000
1684926147.014304,31.400000
1684926147.034307,31.466667
1684926147.054352,31.466667
1684926147.074379,31.400000
1684926147.094373,31.466667
1684926147.114353,31.400000
1684926147.120544,31.400000
1684926147.134351,31.400000
1684926147.154352,31.466667
1684926147.174437,31.466667
1684926147.175407,31.466667
1684926147.185378,31.466667
1684926147.194371,31.266666
1684926147.214354,31.266666
1684926147.225300,31.266666
1684926147.234295,31.333334
1684926147.252273,31.266666
1684926147.265275,31.266666
1684926147.272202,31.333334
1684926147.292197,31.200001
1684926147.312167,31.133333
1684926147.332170,31.266666
1684926147.352133,31.333334
1684926147.372787,31.333334
1684926147.392196,31.133333
1684926147.412046,31.200001
1684926147.432057,31.133333
1684926147.452002,31.133333
1684926147.464390,31.133333
1684926147.472180,31.200001
1684926147.492197,31.200001
1684926147.512028,31.133333
1684926147.532003,31.000000
1684926147.551962,31.200001
1684926147.571897,31.133333
1684926147.591921,31.066668
1684926147.611970,31.066668
1684926147.631819,31.000000
1684926147.651866,31.000000
1684926147.664281,31.000000
1684926147.671776,31.066668
1684926147.691756,31.066668
1684926147.711763,31.000000
1684926147.731753,31.066668
1684926147.751942,31.000000
1684926147.751942,31.000000
1684926147.772408,31.000000
1684926147.792507,30.966667
1684926147.812590,30.966667
1684926147.831702,30.900000
1684926147.851850,30.900000
1684926147.863983,30.900000
1684926147.871953,30.966667
1684926147.892122,30.900000
1684926147.912207,30.966667
1684926147.932265,30.966667
1684926147.934798,30.966667
1684926147.952388,30.900000
1684926147.972497,30.900000
1684926147.973591,30.900000
1684926147.991457,30.966667
1684926148.011409,30.966667
1684926148.031435,30.900000
1684926148.051389,30.966667
1684926148.063993,30.966667
1684926148.071370,30.900000
1684926148.091352,30.900000
1684926148.111319,30.833334
1684926148.131318,30.833334
1684926148.151299,30.900000
1684926148.171267,30.766666
1684926148.191382,30.833334
1684926148.211340,30.766666
1684926148.231227,30.700001
1684926148.251228,30.700001
1684926148.264385,30.700001
1684926148.271152,30.633333
1684926148.291142,30.633333
1684926148.311146,30.700001
1684926148.331102,30.566668
1684926148.351226,30.500000
1684926148.371158,30.566668
1684926148.391130,30.633333
1684926148.411102,30.633333
1684926148.430988,30.566668
1684926148.450979,30.566668
1684926148.463469,30.566668
1684926148.470935,30.500000
1684926148.490953,30.500000
1684926148.511042,30.566668
1684926148.530924,30.400000
1684926148.550848,30.466667
1684926148.570860,30.466667
1684926148.590814,30.400000
1684926148.610810,30.400000
1684926148.630833,30.466667
1684926148.650777,30.466667
1684926148.663353,30.466667
1684926148.670804,30.400000
1684926148.690733,30.466667
1684926148.710747,30.400000
1684926148.730687,30.400000
1684926148.750727,30.466667
1684926148.770639,30.466667
1684926148.790820,30.400000
1684926148.810591,30.266666
1684926148.824190,30.266666
1684926148.830589,30.333334
1684926148.844417,30.333334
1684926148.850578,30.266666
1684926148.864425,30.266666
1684926148.870551,30.333334
1684926148.890554,30.333334
1684926148.903344,30.333334
1684926148.910490,30.266666
1684926148.930516,30.266666
1684926148.943353,30.266666
1684926148.950530,30.333334
1684926148.970427,30.333334
1684926148.990526,30.266666
1684926149.010386,30.333334
1684926149.030359,30.133333
1684926149.050349,30.266666
1684926149.070342,30.200001
1684926149.090322,30.200001
1684926149.110319,30.133333
1684926149.130278,30.133333
1684926149.142488,30.133333
1684926149.150280,30.200001
1684926149.170306,30.133333
1684926149.190277,30.200001
1684926149.210544,30.200001
1684926149.210544,30.200001
1684926149.230193,30.133333
1684926149.250160,30.133333
1684926149.270162,30.066668
1684926149.290118,30.066668
1684926149.310090,30.000000
1684926149.330057,30.066668
1684926149.342165,30.066668
1684926149.350033,30.000000
1684926149.370016,30.000000
1684926149.390024,30.066668
1684926149.409996,29.966667
1684926149.429964,29.900000
1684926149.450005,30.000000
1684926149.469996,29.966667
1684926149.490457,29.900000
1684926149.510102,29.966667
1684926149.530023,29.966667
1684926149.541942,29.966667
1684926149.550058,29.900000
1684926149.550139,29.900000
1684926149.570490,29.900000
1684926149.589793,29.966667
1684926149.610054,29.966667
1684926149.630133,29.900000
1684926149.650478,29.966667
1684926149.670568,29.766666
1684926149.690451,29.900000
1684926149.710163,29.966667
1684926149.730541,29.966667
1684926149.741709,29.966667
1684926149.750224,29.766666
1684926149.770540,29.766666
1684926149.790559,29.966667
1684926149.810060,29.766666
1684926149.830455,29.833334
1684926149.850016,29.833334
1684926149.870483,29.633333
1684926149.890096,29.633333
1684926149.910095,29.700001
1684926149.929546,29.700001
1684926149.941506,29.700001
1684926149.949608,29.633333
1684926149.970518,29.700001
1684926149.990512,29.633333
1684926150.010146,29.633333
1684926150.029534,29.700001
1684926150.050190,29.700001
1684926150.069505,29.633333
1684926150.089512,29.633333
1684926150.110022,29.700001
1684926150.129522,29.500000
1684926150.142008,29.500000
1684926150.150107,29.566668
1684926150.169542,29.566668
1684926150.189547,29.500000
1684926150.209979,29.500000
1684926150.230005,29.566668
1684926150.250006,29.566668
1684926150.270043,29.500000
1684926150.289062,29.566668
1684926150.310093,29.500000
1684926150.329941,29.500000
1684926150.341935,29.500000
1684926150.349150,29.566668
1684926150.369219,29.566668
1684926150.389275,29.400000
1684926150.408949,29.400000
1684926150.429922,29.466667
1684926150.448925,29.400000
1684926150.469453,29.466667
1684926150.488924,29.466667
1684926150.508930,29.400000
1684926150.529031,29.400000
1684926150.540900,29.400000
1684926150.549175,29.466667
1684926150.569307,29.333334
1684926150.589431,29.400000
1684926150.609139,29.466667
1684926150.609158,29.466667
1684926150.629195,29.400000
1684926150.649531,29.266666
1684926150.669646,29.333334
1684926150.689672,29.333334
1684926150.708924,29.266666
1684926150.729640,29.266666
1684926150.740728,29.266666
1684926150.749593,29.333334
1684926150.765536,29.333334
1684926150.769573,29.133333
1684926150.789588,29.200001
1684926150.805534,29.200001
1684926150.809578,29.200001
1684926150.829545,29.133333
1684926150.845516,29.133333
1684926150.849558,29.133333
1684926150.869532,29.200001
1684926150.889536,29.200001
1684926150.909493,29.133333
1684926150.929533,29.200001
1684926150.949561,29.133333
1684926150.969598,29.133333
1684926150.989519,29.200001
1684926151.009582,29.200001
1684926151.029533,29.133333
1684926151.045508,29.133333
1684926151.049535,29.000000
1684926151.069521,29.200001
1684926151.089514,29.133333
1684926151.109563,29.200001
1684926151.129594,29.066668
1684926151.149557,29.133333
1684926151.169589,29.133333
1684926151.188985,29.200001
1684926151.209045,29.200001
1684926151.228816,29.133333
1684926151.244516,29.133333
1684926151.244580,29.133333
1684926151.249564,29.200001
1684926151.269588,29.133333
1684926151.284570,29.133333
1684926151.289577,29.266666
1684926151.309839,29.333334
1684926151.324544,29.333334
1684926151.329611,29.333334
1684926151.349586,29.266666
1684926151.364594,29.266666
1684926151.369723,29.400000
1684926151.389793,29.466667
1684926151.409815,29.400000
1684926151.429536,29.566668
1684926151.449906,29.566668
1684926151.469944,29.500000
1684926151.489993,29.633333
1684926151.509734,29.700001
1684926151.529646,29.700001
1684926151.549613,29.766666
1684926151.564485,29.766666
1684926151.570543,29.966667
1684926151.589829,29.900000
1684926151.609732,29.900000
1684926151.629674,30.066668
1684926151.649719,30.066668
1684926151.670563,30.133333
1684926151.670566,30.133333
1684926151.689783,30.133333
1684926151.704589,30.133333
1684926151.709655,30.333334
1684926151.724527,30.333334
1684926151.729608,30.266666
1684926151.744574,30.266666
1684926151.749602,30.333334
1684926151.769636,30.466667
1684926151.784555,30.466667
1684926151.789701,30.400000
1684926151.809702,30.400000
1684926151.824574,30.400000
1684926151.829678,30.566668
1684926151.849869,30.566668
1684926151.869645,30.500000
1684926151.887591,30.700001
1684926151.907680,30.633333
1684926151.927789,30.766666
1684926151.947344,30.833334
1684926151.967333,30.833334
1684926151.987446,30.900000
1684926152.007376,30.900000
1684926152.024290,30.900000
1684926152.027328,31.066668
1684926152.047431,31.000000
1684926152.067577,31.066668
1684926152.087685,31.066668
1684926152.107801,31.133333
1684926152.127182,31.133333
1684926152.147174,31.200001
1684926152.167111,31.333334
1684926152.187249,31.266666
1684926152.204310,31.266666
1684926152.207346,31.466667
1684926152.227590,31.400000
1684926152.244601,31.400000
1684926152.247618,31.400000
1684926152.267664,31.466667
1684926152.283589,31.466667
1684926152.287623,31.566668
1684926152.287624,31.566668
1684926152.307719,31.500000
1684926152.327622,31.500000
1684926152.347603,31.566668
1684926152.367638,31.400000
1684926152.387637,31.566668
1684926152.407692,31.566668
1684926152.427689,31.500000
1684926152.447585,31.633333
1684926152.467604,31.700001
1684926152.483701,31.700001
1684926152.487659,31.700001
1684926152.507649,31.633333
1684926152.527607,31.833334
1684926152.547586,31.766666
1684926152.567648,31.766666
1684926152.587600,31.833334
1684926152.607565,31.833334
1684926152.627628,31.900000
1684926152.647672,31.766666
1684926152.667664,31.966667
1684926152.683504,31.966667
1684926152.687585,31.900000
1684926152.706633,31.966667
1684926152.726679,31.966667
1684926152.746587,32.000000
1684926152.766571,31.900000
1684926152.786606,31.966667
1684926152.807636,31.966667
1684926152.827623,32.000000
1684926152.846658,32.066666
1684926152.867652,32.000000
1684926152.882588,32.000000
1684926152.887646,32.000000
1684926152.906634,32.200001
1684926152.926562,32.200001
1684926152.946586,32.133335
1684926152.946608,32.133335
1684926152.966697,32.133335
1684926152.986644,32.333332
1684926153.006670,32.133335
1684926153.026629,32.333332
1684926153.046648,32.333332
1684926153.066730,32.266666
1684926153.082253,32.266666
1684926153.086393,32.266666
1684926153.106637,32.333332
1684926153.126654,32.333332
1684926153.146649,32.266666
1684926153.166677,32.466667
1684926153.186627,32.400002
1684926153.206703,32.266666
1684926153.226606,32.466667
1684926153.227737,32.466667
1684926153.246670,32.466667
1684926153.266741,32.400002
1684926153.267897,32.400002
1684926153.286668,32.400002
1684926153.306636,32.400002
1684926153.307824,32.466667
1684926153.326589,32.500000
1684926153.346740,32.566666
1684926153.366615,32.566666
1684926153.386649,32.500000
1684926153.406661,32.500000
1684926153.426678,32.566666
1684926153.429279,32.566666
1684926153.446610,32.700001
1684926153.466711,32.633335
1684926153.486697,32.700001
1684926153.506642,32.700001
1684926153.507893,32.633335
1684926153.526654,32.633335
1684926153.545700,32.700001
1684926153.566658,32.700001
1684926153.586674,32.633335
1684926153.606168,32.633335
1684926153.626162,32.833332
1684926153.646229,32.766666
1684926153.666367,32.833332
1684926153.686466,32.833332
1684926153.706600,32.833332
1684926153.706599,32.766666
1684926153.707778,32.766666
1684926153.726661,32.900002
1684926153.746781,32.833332
1684926153.766914,32.833332
1684926153.785982,32.766666
1684926153.806144,32.966667
1684926153.826234,32.900002
1684926153.846361,32.900002
1684926153.866476,32.966667
1684926153.886642,32.966667
1684926153.906714,32.900002
1684926153.907860,32.900002
1684926153.926664,32.900002
1684926153.946656,32.966667
1684926153.966620,33.000000
1684926153.985603,32.966667
1684926154.006064,32.966667
1684926154.025688,32.900002
1684926154.045830,32.900002
1684926154.065711,32.966667
1684926154.086704,32.966667
1684926154.106739,32.900002
1684926154.107868,32.900002
1684926154.126604,32.966667
1684926154.145675,32.900002
1684926154.166628,32.900002
1684926154.185692,32.966667
1684926154.206698,32.966667
1684926154.226700,32.900002
1684926154.246691,32.900002
1684926154.266714,32.966667
1684926154.286676,32.900002
1684926154.305706,32.966667
1684926154.306866,32.966667
1684926154.326709,32.966667
1684926154.345713,32.900002
1684926154.366731,32.900002
1684926154.385676,32.966667
1684926154.405705,32.966667
1684926154.425630,32.900002
1684926154.445737,33.066666
1684926154.465757,32.900002
1684926154.485772,32.900002
1684926154.505754,33.066666
1684926154.506811,33.066666
1684926154.525690,32.966667
1684926154.545676,32.766666
1684926154.564682,33.000000
1684926154.585689,33.066666
1684926154.604736,32.900002
1684926154.624818,32.966667
1684926154.644771,33.066666
1684926154.665736,33.000000
1684926154.684701,33.000000
1684926154.704726,33.000000
1684926154.705819,33.066666
1684926154.724729,33.066666
1684926154.744683,33.000000
1684926154.764683,33.066666
1684926154.784738,33.000000
1684926154.804774,33.000000
1684926154.825721,33.066666
1684926154.844904,33.200001
1684926154.865681,33.133335
1684926154.884753,32.900002
1684926154.904784,32.833332
1684926154.905907,32.833332
1684926154.924663,33.133335
1684926154.944768,33.066666
1684926154.965760,33.066666
1684926154.984778,33.000000
1684926155.004784,33.000000
1684926155.024859,33.066666
1684926155.044733,33.200001
1684926155.065806,33.000000
1684926155.084696,33.066666
1684926155.104825,33.000000
1684926155.106016,33.000000
1684926155.124729,32.900002
1684926155.144729,32.966667
1684926155.164765,33.066666
1684926155.184705,33.000000
1684926155.204728,33.000000
1684926155.224663,33.066666
1684926155.244664,33.000000
1684926155.264791,33.066666
1684926155.284685,33.066666
1684926155.304758,33.000000
1684926155.305869,33.000000
1684926155.324761,33.000000
1684926155.344509,33.066666
1684926155.364503,33.066666
1684926155.384532,33.000000
1684926155.404540,33.066666
1684926155.424540,33.000000
1684926155.444670,33.000000
1684926155.464808,33.066666
1684926155.483816,33.066666
1684926155.503979,33.000000
1684926155.505115,33.000000
1684926155.524107,33.000000
1684926155.544219,33.066666
1684926155.564313,33.133335
1684926155.584450,33.066666
1684926155.604570,33.066666
1684926155.624734,33.000000
1684926155.644830,33.133335
1684926155.645030,33.133335
1684926155.664748,33.200001
1684926155.684822,33.200001
1684926155.704754,33.133335
1684926155.705887,33.133335
1684926155.724749,33.066666
1684926155.743769,33.000000
1684926155.763710,33.000000
1684926155.783697,33.066666
1684926155.803724,33.066666
1684926155.823712,33.000000
1684926155.843823,32.900002
1684926155.863718,33.066666
1684926155.883767,33.000000
1684926155.903689,33.066666
1684926155.904820,33.066666
1684926155.923657,33.066666
1684926155.943715,32.900002
1684926155.963757,33.000000
1684926155.983881,33.066666
1684926156.003777,33.066666
1684926156.023786,33.000000
1684926156.043714,33.066666
1684926156.063758,33.000000
1684926156.083871,33.000000
1684926156.103811,33.000000
1684926156.104959,32.966667
1684926156.123763,32.966667
1684926156.143723,33.000000
1684926156.163775,33.000000
1684926156.183686,33.066666
1684926156.203722,33.000000
1684926156.223779,32.966667
1684926156.243783,33.066666
1684926156.263802,33.000000
1684926156.283756,32.900002
1684926156.303761,33.066666
1684926156.304897,33.066666
1684926156.323756,33.066666
1684926156.343741,33.000000
1684926156.363778,33.066666
1684926156.383758,33.000000
1684926156.402749,33.000000
1684926156.422846,33.066666
1684926156.442920,33.066666
1684926156.462928,33.000000
1684926156.482955,33.000000
1684926156.503353,33.066666
1684926156.504496,33.066666
1684926156.523378,33.000000
1684926156.543370,33.066666
1684926156.563540,33.066666
1684926156.583399,33.000000
1684926156.603412,33.000000
1684926156.623419,33.066666
1684926156.643430,33.066666
1684926156.663456,33.000000
1684926156.683465,33.066666
1684926156.703492,33.000000
1684926156.704625,33.000000
1684926156.723454,33.000000
1684926156.742390,33.066666
1684926156.762368,33.066666
1684926156.782331,33.000000
1684926156.802303,33.000000
1684926156.822287,33.066666
1684926156.842278,33.000000
1684926156.862270,33.066666
1684926156.882822,33.066666
1684926156.902814,33.000000
1684926156.903953,33.000000
1684926156.922827,33.000000
1684926156.942858,33.066666
1684926156.962922,33.066666
1684926156.983024,33.000000
1684926157.002105,33.066666
1684926157.022274,32.900002
1684926157.042878,32.900002
1684926157.062573,32.966667
1684926157.082699,32.966667
1684926157.082848,32.966667
1684926157.102710,32.900002
1684926157.103839,32.900002
1684926157.122842,32.900002
1684926157.142945,33.066666
1684926157.161946,32.900002
1684926157.181910,33.066666
1684926157.201874,32.966667
1684926157.221966,32.900002
1684926157.241965,32.900002
1684926157.261841,32.966667
1684926157.281871,32.966667
1684926157.301889,32.900002
1684926157.303006,32.900002
1684926157.321769,32.966667
1684926157.341905,32.900002
1684926157.361776,32.900002
1684926157.381693,32.966667
1684926157.401693,33.066666
1684926157.421683,32.900002
1684926157.441948,33.000000
1684926157.461607,33.066666
1684926157.481614,32.900002
1684926157.501581,32.966667
1684926157.502725,32.966667
1684926157.521652,32.966667
1684926157.541941,32.900002
1684926157.561564,32.900002
1684926157.581495,32.966667
1684926157.601475,32.966667
1684926157.621546,32.900002
1684926157.641443,32.966667
1684926157.661422,32.900002
1684926157.681627,32.766666
1684926157.701385,32.700001
1684926157.702399,32.700001
1684926157.702503,32.700001
1684926157.721408,32.566666
1684926157.723337,32.566666
1684926157.725909,32.566666
1684926157.741994,32.000000
1684926157.761307,31.633333
1684926157.766486,31.633333
1684926157.781304,31.966667
1684926157.801290,31.766666
1684926157.805916,31.766666
1684926157.821969,31.566668
1684926157.841944,31.466667
1684926157.845956,31.466667
1684926157.861209,31.000000
1684926157.881488,30.900000
1684926157.885970,30.900000
1684926157.901180,30.833334
1684926157.921406,30.566668
1684926157.925854,30.566668
1684926157.941408,30.266666
1684926157.945857,30.266666
1684926157.961521,30.066668
1684926157.981641,29.900000
1684926157.985905,29.900000
1684926158.001781,29.633333
1684926158.021893,29.466667
1684926158.025948,29.466667
1684926158.041068,29.333334
1684926158.045864,29.333334
1684926158.061087,29.000000
1684926158.081100,28.766666
1684926158.081176,28.766666
1684926158.085910,28.766666
1684926158.101157,28.700001
1684926158.121077,28.400000
1684926158.125946,28.400000
1684926158.141083,28.333334
1684926158.145910,28.333334
1684926158.161092,28.066668
1684926158.181077,27.766666
1684926158.185858,27.766666
1684926158.201106,27.500000
1684926158.221104,27.466667
1684926158.225933,27.466667
1684926158.241086,27.333334
1684926158.245955,27.333334
1684926158.262144,27.000000
1684926158.282100,26.833334
1684926158.286185,26.833334
1684926158.301126,26.766666
1684926158.321102,26.400000
1684926158.326174,26.400000
1684926158.341185,26.333334
1684926158.361120,26.200001
1684926158.366186,26.200001
1684926158.381381,25.900000
1684926158.401151,25.766666
1684926158.406219,25.766666
1684926158.421153,25.566668
1684926158.441229,25.400000
1684926158.446204,25.400000
1684926158.461165,25.333334
1684926158.481251,25.066668
1684926158.486309,25.066668
1684926158.501154,24.900000
1684926158.521144,24.633333
1684926158.526206,24.633333
1684926158.541203,24.566668
1684926158.561171,24.333334
1684926158.568505,24.333334
1684926158.569286,24.333334
1684926158.581168,24.133333
1684926158.586358,24.133333
1684926158.601172,24.066668
1684926158.621174,23.900000
1684926158.625651,23.900000
1684926158.641165,23.500000
1684926158.661191,23.466667
1684926158.665777,23.466667
1684926158.681187,23.333334
1684926158.701191,23.133333
1684926158.705915,23.133333
1684926158.721286,22.900000
1684926158.741220,22.833334
1684926158.745921,22.833334
1684926158.761239,22.500000
1684926158.781301,22.466667
1684926158.785944,22.466667
1684926158.801207,22.333334
1684926158.821253,22.000000
1684926158.841212,21.900000
1684926158.848365,21.900000
1684926158.861241,21.833334
1684926158.880240,21.566668
1684926158.888342,21.566668
1684926158.901238,21.400000
1684926158.921216,21.333334
1684926158.928303,21.333334
1684926158.941302,21.000000
1684926158.961243,20.900000
1684926158.961962,20.900000
1684926158.981260,20.833334
1684926158.992304,20.833334
1684926159.001257,20.566668
1684926159.021378,20.400000
1684926159.032277,20.400000
1684926159.040315,20.266666
1684926159.061260,20.200001
1684926159.072299,20.200001
1684926159.081293,19.900000
1684926159.100317,19.833334
1684926159.121290,19.700001
1684926159.128118,19.700001
1684926159.141301,19.400000
1684926159.161302,19.266666
1684926159.168048,19.266666
1684926159.181369,19.200001
1684926159.201303,19.066668
1684926159.208048,19.066668
1684926159.221312,18.766666
1684926159.241324,18.700001
1684926159.261345,18.500000
1684926159.268069,18.500000
1684926159.281326,18.266666
1684926159.301325,18.200001
1684926159.307989,18.200001
1684926159.307990,18.200001
1684926159.320373,17.966667
1684926159.341343,17.766666
1684926159.348056,17.766666
1684926159.361361,17.633333
1684926159.380391,17.566668
1684926159.401365,17.266666
1684926159.408073,17.266666
1684926159.420376,17.200001
1684926159.440383,17.066668
1684926159.448326,17.066668
1684926159.461370,16.766666
1684926159.481493,16.633333
1684926159.488563,16.633333
1684926159.500689,16.566668
1684926159.520744,16.466667
1684926159.540934,16.133333
1684926159.547645,16.133333
1684926159.561121,16.066668
1684926159.581400,15.900000
1684926159.587665,15.900000
1684926159.600473,15.633333
1684926159.620663,15.566667
1684926159.627594,15.566667
1684926159.640708,15.466666
1684926159.660812,15.266666
1684926159.680984,15.133333
1684926159.701085,14.966666
1684926159.707505,14.966666
1684926159.720149,14.766666
1684926159.741208,14.700000
1684926159.747454,14.700000
1684926159.759245,14.566667
1684926159.779290,14.400000
1684926159.787396,14.400000
1684926159.799196,14.266666
1684926159.819187,14.200000
1684926159.839168,14.200000
1684926159.839151,14.200000
1684926159.859127,13.900000
1684926159.879219,13.833333
1684926159.887292,13.833333
1684926159.899191,13.633333
1684926159.919072,13.633333
1684926159.928055,13.633333
1684926159.939051,13.566667
1684926159.959019,13.466666
1684926159.967204,13.466666
1684926159.979119,13.266666
1684926159.998987,13.133333
1684926160.018980,13.066667
1684926160.038953,13.000000
1684926160.058933,12.966666
1684926160.078940,12.833333
1684926160.098968,12.633333
1684926160.107065,12.633333
1684926160.118858,12.500000
1684926160.138899,12.466666
1684926160.147060,12.466666
1684926160.158839,12.333333
1684926160.178854,12.133333
1684926160.187011,12.133333
1684926160.198813,12.066667
1684926160.218761,11.900000
1684926160.238766,11.900000
1684926160.258733,11.833333
1684926160.278693,11.700000
1684926160.298847,11.500000
1684926160.306855,11.500000
1684926160.318650,11.400000
1684926160.338631,11.333333
1684926160.347012,11.333333
1684926160.358611,11.133333
1684926160.378589,11.066667
1684926160.387060,11.066667
1684926160.398569,10.966666
1684926160.418550,10.766666
1684926160.438564,10.633333
1684926160.458529,10.566667
1684926160.478485,10.466666
1684926160.498464,10.266666
1684926160.507015,10.266666
1684926160.518449,10.200000
1684926160.538470,10.000000
1684926160.546993,10.000000
1684926160.558442,9.900000
1684926160.578414,9.833333
1684926160.587011,9.833333
1684926160.598364,9.700000
1684926160.618367,9.500000
1684926160.638325,9.400000
1684926160.658328,9.333333
1684926160.667053,9.333333
1684926160.678379,9.133333
1684926160.698264,9.066667
1684926160.707059,9.066667
1684926160.718234,8.833333
1684926160.738224,8.766666
1684926160.747035,8.766666
1684926160.758209,8.633333
1684926160.778178,8.566667
1684926160.798188,8.466666
1684926160.818133,8.266666
1684926160.838207,8.200000
1684926160.846761,8.200000
1684926160.858094,8.000000
1684926160.878098,7.900000
1684926160.878096,7.900000
1684926160.886760,7.900000
1684926160.898065,7.833333
1684926160.918060,7.700000
1684926160.926773,7.700000
1684926160.938043,7.500000
1684926160.938544,7.500000
1684926160.957989,7.400000
1684926160.978081,7.333333
1684926160.997967,7.133333
1684926161.017950,7.066667
1684926161.038093,7.066667
1684926161.057953,6.900000
1684926161.066598,6.900000
1684926161.077892,6.766667
1684926161.097849,6.700000
1684926161.106038,6.700000
1684926161.118037,6.566667
1684926161.138116,6.400000
1684926161.147059,6.400000
1684926161.158278,6.466667
1684926161.159373,6.466667
1684926161.178185,6.266667
1684926161.198080,6.133333
1684926161.218182,6.200000
1684926161.238173,6.066667
1684926161.258144,5.900000
1684926161.278165,5.766667
1684926161.298080,5.833333
1684926161.306441,5.833333
1684926161.318183,5.633333
1684926161.338143,5.566667
1684926161.346025,5.566667
1684926161.358106,5.566667
1684926161.378190,5.400000
1684926161.378189,5.400000
1684926161.386086,5.400000
1684926161.398236,5.400000
1684926161.418120,5.333333
1684926161.438172,5.200000
1684926161.458256,5.133333
1684926161.478168,5.066667
1684926161.498161,5.000000
1684926161.518084,4.900000
1684926161.538105,4.966667
1684926161.558173,4.833333
1684926161.578094,4.766667
1684926161.586109,4.766667
1684926161.598104,4.633333
1684926161.618145,4.700000
1684926161.638235,4.500000
1684926161.646113,4.500000
1684926161.658168,4.566667
1684926161.678203,4.466667
1684926161.686129,4.466667
1684926161.698170,4.400000
1684926161.718291,4.266667
1684926161.726134,4.266667
1684926161.738233,4.333333
1684926161.758111,4.200000
1684926161.777244,4.133333
1684926161.797310,4.066667
1684926161.817194,4.000000
1684926161.837205,3.900000
1684926161.857149,3.966667
1684926161.877126,3.833333
1684926161.877130,3.833333
1684926161.897143,3.766667
1684926161.897245,3.766667
1684926161.917171,3.633333
1684926161.926089,3.633333
1684926161.937195,3.700000
1684926161.958174,3.633333
1684926161.977110,3.566667
1684926161.997136,3.466667
1684926162.017112,3.400000
1684926162.029275,3.400000
1684926162.037074,3.400000
1684926162.057159,3.333333
1684926162.069474,3.333333
1684926162.077197,3.333333
1684926162.097206,3.133333
1684926162.109709,3.133333
1684926162.117132,3.200000
1684926162.136911,2.000000
1684926162.157285,2.000000
1684926162.177165,2.000000
1684926162.197209,2.000000
1684926162.217178,2.000000
1684926162.237240,2.000000
1684926162.257164,2.000000
1684926162.277188,2.000000
1684926162.297184,2.000000
1684926162.308721,2.000000
1684926162.317112,2.000000
1684926162.337163,2.000000
1684926162.357225,2.000000
1684926162.377222,2.000000
1684926162.397210,2.000000
1684926162.417227,2.000000
1684926162.437199,2.000000
1684926162.448655,1.000000
1684926162.457188,1.000000
1684926162.477219,1.000000
1684926162.488519,1.000000
1684926162.497223,1.000000
1684926162.517329,1.000000
1684926162.528426,1.000000
1684926162.537223,1.000000
1684926162.557184,1.000000
1684926162.577290,1.000000
1684926162.597224,1.000000
1684926162.617283,1.000000
1684926162.637218,1.000000
1684926162.657165,1.000000
1684926162.677214,1.000000
1684926162.697146,1.000000
1684926162.717164,1.000000
1684926162.728348,1.000000
1684926162.736229,1.000000
1684926162.756172,1.000000
1684926162.776201,1.000000
1684926162.796175,1.000000
1684926162.816171,1.000000
1684926162.837190,1.000000
1684926162.856182,1.000000
1684926162.876171,1.000000
1684926162.896189,1.000000
1684926162.916194,1.000000
1684926162.928189,1.000000
1684926162.928261,1.000000
1684926162.936281,1.000000
1684926162.957218,1.000000
1684926162.976191,1.000000
1684926162.988353,0.000000
1684926162.996337,0.000000
1684926163.016288,0.000000
1684926163.028418,0.000000
1684926163.036257,0.000000
1684926163.057235,0.000000
1684926163.068435,0.000000
1684926163.076273,0.000000
1684926163.096250,0.000000
1684926163.116272,0.000000
1684926163.136243,0.000000
1684926163.157254,0.000000
1684926163.176315,0.000000
1684926163.196263,0.000000
1684926163.216305,0.000000
1684926163.236257,0.000000
1684926163.257324,0.000000
1684926163.268838,0.000000
1684926163.276300,0.000000
1684926163.296277,0.000000
1684926163.316391,0.000000
1684926163.336357,0.000000
1684926163.356337,0.000000
1684926163.376319,0.000000
1684926163.396303,0.000000
1684926163.416322,0.000000
1684926163.436345,0.000000
1684926163.456380,0.000000
1684926163.467655,0.000000
1684926163.476329,0.000000
1684926163.496338,0.000000
1684926163.516347,0.000000
1684926163.536350,0.000000
1684926163.556361,0.000000
1684926163.576350,0.000000
1684926163.596399,0.000000
1684926163.616378,0.000000
1684926163.636401,0.000000
1684926163.656400,0.000000
1684926163.667264,0.000000
1684926163.676435,0.000000
1684926163.696451,0.000000
1684926163.716375,0.000000
1684926163.736392,0.000000
1684926163.756389,0.000000
1684926163.776431,0.000000
1684926163.796409,0.000000
1684926163.816205,0.000000
1684926163.836288,0.000000
1684926163.856293,0.000000
1684926163.867055,0.000000
1684926163.876242,0.000000
1684926163.896250,0.000000
1684926163.916294,0.000000
1684926163.936386,0.000000
1684926163.956497,0.000000
1684926163.976265,0.000000
1684926163.996361,0.000000
1684926164.016227,0.000000
1684926164.036291,0.000000
1684926164.056250,0.000000
1684926164.066865,0.000000
1684926164.076329,0.000000
1684926164.096477,0.000000
1684926164.115496,0.000000
1684926164.136118,0.000000
1684926164.136127,0.000000
1684926164.156476,0.000000
1684926164.175482,0.000000
1684926164.195513,0.000000
1684926164.215484,0.000000
1684926164.236504,0.000000
1684926164.256580,0.000000
1684926164.266640,0.000000
1684926164.275529,0.000000
1684926164.296500,0.000000
1684926164.315542,0.000000
1684926164.335523,0.000000
1684926164.356534,0.000000
1684926164.375609,0.000000
1684926164.395552,0.000000
1684926164.415530,0.000000
1684926164.435526,0.000000
1684926164.456546,0.000000
1684926164.466602,0.000000
1684926164.476542,0.000000
1684926164.496645,0.000000
1684926164.516567,0.000000
1684926164.536706,0.000000
1684926164.556706,0.000000
1684926164.576638,0.000000
1684926164.596568,0.000000
1684926164.616721,0.000000
1684926164.636634,0.000000
1684926164.656653,0.000000
1684926164.666306,0.000000
1684926164.676614,0.000000
1684926164.696653,0.000000
1684926164.716846,0.000000
1684926164.736698,0.000000
1684926164.756633,0.000000
1684926164.776659,0.000000
1684926164.796655,0.000000
1684926164.816684,0.000000
1684926164.836668,0.000000
1684926164.856638,0.000000
1684926164.866254,0.000000
1684926164.876667,0.000000
1684926164.896701,0.000000
1684926164.915675,0.000000
1684926164.935662,0.000000
1684926164.956668,0.000000
1684926164.975689,0.000000
1684926164.995660,0.000000
1684926165.015739,0.000000
1684926165.035657,0.000000
1684926165.056937,0.000000
1684926165.066274,0.000000
1684926165.075690,0.000000
1684926165.095696,0.000000
1684926165.114747,0.000000
1684926165.135691,0.000000
1684926165.155702,0.000000
1684926165.175724,0.000000
1684926165.195710,0.000000
1684926165.214732,0.000000
1684926165.235724,0.000000
1684926165.255861,0.000000
1684926165.266217,0.000000
1684926165.274724,0.000000
1684926165.294727,0.000000
1684926165.315731,0.000000
1684926165.334782,0.000000
1684926165.355724,0.000000
1684926165.374745,0.000000
1684926165.394771,0.000000
1684926165.415762,0.000000
1684926165.434764,0.000000
1684926165.455776,0.000000
1684926165.466305,0.000000
1684926165.474787,0.000000
1684926165.494745,0.000000
1684926165.514762,0.000000
1684926165.535585,0.000000
1684926165.556579,0.000000
1684926165.574715,0.000000
1684926165.594562,0.000000
1684926165.614664,0.000000
1684926165.634817,0.000000
1684926165.655154,0.000000
1684926165.666142,0.000000
1684926165.674155,0.000000
1684926165.695151,0.000000
1684926165.713253,0.000000
1684926165.733352,0.000000
1684926165.753433,0.000000
1684926165.773619,0.000000
1684926165.793747,0.000000
1684926165.813855,0.000000
1684926165.833811,0.000000
1684926165.852897,0.000000
1684926165.865882,0.000000
1684926165.873845,0.000000
1684926165.893855,0.000000
1684926165.912852,0.000000
1684926165.933832,0.000000
1684926165.952883,0.000000
1684926165.972854,0.000000
1684926165.992854,0.000000
1684926166.012865,0.000000
1684926166.032929,0.000000
1684926166.053861,0.000000
1684926166.065921,0.000000
1684926166.073877,0.000000
1684926166.093985,0.000000
1684926166.112896,0.000000
1684926166.133152,0.000000
1684926166.152869,0.000000
1684926166.172939,0.000000
1684926166.193195,0.000000
1684926166.212898,0.000000
1684926166.232911,0.000000
1684926166.252902,0.000000
1684926166.265048,0.000000
1684926166.272906,0.000000
1684926166.292921,0.000000
1684926166.312907,0.000000
1684926166.332904,0.000000
1684926166.352923,0.000000
1684926166.372927,0.000000
1684926166.392924,0.000000
1684926166.412926,0.000000
1684926166.432925,0.000000
1684926166.452941,0.000000
1684926166.465191,0.000000
1684926166.472948,0.000000
1684926166.492974,0.000000
1684926166.512979,0.000000
1684926166.533041,0.000000
1684926166.552988,0.000000
1684926166.573004,0.000000
1684926166.592964,0.000000
1684926166.613057,0.000000
1684926166.632976,0.000000
1684926166.652992,0.000000
1684926166.664197,0.000000
1684926166.666155,0.000000
1684926166.672986,0.000000
1684926166.692990,0.000000
1684926166.713120,0.000000
1684926166.733012,0.000000
1684926166.753017,0.000000
1684926166.773026,0.000000
1684926166.793042,0.000000
1684926166.813015,0.000000
1684926166.833031,0.000000
1684926166.853056,0.000000
1684926166.864405,0.000000
1684926166.873036,0.000000
1684926166.893032,0.000000
1684926166.913050,0.000000
1684926166.933060,0.000000
1684926166.953080,0.000000
1684926166.973057,0.000000
1684926166.993057,0.000000
1684926167.013073,0.000000
1684926167.033059,0.000000
1684926167.053089,0.000000
1684926167.064104,0.000000
1684926167.073110,0.000000
1684926167.093104,0.000000
1684926167.113307,0.000000
1684926167.132687,0.000000
1684926167.153482,0.000000
1684926167.172565,0.000000
1684926167.192696,0.000000
1684926167.212891,0.000000
1684926167.232943,0.000000
1684926167.253002,0.000000
1684926167.264161,0.000000
1684926167.273137,0.000000
1684926167.273217,0.000000
1684926167.293306,0.000000
1684926167.312521,0.000000
1684926167.332578,0.000000
1684926167.352653,0.000000
1684926167.372782,0.000000
1684926167.392939,0.000000
1684926167.413047,0.000000
1684926167.433203,0.000000
1684926167.453301,0.000000
1684926167.464315,0.000000
1684926167.473367,0.000000
1684926167.493483,0.000000
1684926167.513635,0.000000
1684926167.534733,0.000000
1684926167.555959,0.000000
1684926167.575962,0.000000
1684926167.596168,0.000000
1684926167.616239,0.000000
1684926167.636255,0.000000
1684926167.656265,0.000000
1684926167.664305,0.000000
1684926167.676238,0.000000
1684926167.696260,0.000000
1684926167.716279,0.000000
1684926167.736352,0.000000
1684926167.756428,0.000000
1684926167.776306,0.000000
1684926167.796293,0.000000
1684926167.816014,0.000000
1684926167.836405,0.000000
1684926167.856007,0.000000
1684926167.864338,0.000000
1684926167.876300,0.000000
1684926167.896302,0.000000
1684926167.916303,0.000000
1684926167.936388,0.000000
1684926167.955863,0.000000
1684926167.976325,0.000000
1684926167.996343,0.000000
1684926168.016344,0.000000
1684926168.036305,0.000000
1684926168.056757,0.000000
1684926168.063305,0.000000
1684926168.076372,0.000000
1684926168.096340,0.000000
1684926168.116320,0.000000
1684926168.136557,0.000000
1684926168.154710,0.000000
1684926168.175406,0.000000
1684926168.195369,0.000000
1684926168.195434,0.000000
1684926168.215358,0.000000
1684926168.235420,0.000000
1684926168.254546,0.000000
1684926168.263423,0.000000
1684926168.275354,0.000000
1684926168.295404,0.000000
1684926168.315373,0.000000
1684926168.334369,0.000000
1684926168.355594,0.000000
1684926168.374397,0.000000
1684926168.395388,0.000000
1684926168.414427,0.000000
1684926168.434427,0.000000
1684926168.454429,0.000000
1684926168.463493,0.000000
1684926168.474444,0.000000
1684926168.494430,0.000000
1684926168.514488,0.000000
1684926168.534497,0.000000
1684926168.555429,0.000000
1684926168.574435,0.000000
1684926168.594430,0.000000
1684926168.614440,0.000000
1684926168.634437,0.000000
1684926168.654437,0.000000
1684926168.663421,0.000000
1684926168.674436,0.000000
1684926168.695503,0.000000
1684926168.715462,0.000000
1684926168.734462,0.000000
1684926168.755000,0.000000
1684926168.774488,0.000000
1684926168.795457,0.000000
1684926168.814482,0.000000
1684926168.834479,0.000000
1684926168.854605,0.000000
1684926168.862638,0.000000
1684926168.874670,0.000000
1684926168.894737,0.000000
1684926168.914925,0.000000
1684926168.934006,0.000000
1684926168.954865,0.000000
1684926168.974252,0.000000
1684926168.994394,0.000000
1684926169.014581,0.000000
1684926169.034698,0.000000
1684926169.054782,0.000000
1684926169.063769,0.000000
1684926169.063774,0.000000
1684926169.074942,0.000000
1684926169.094964,0.000000
1684926169.115104,0.000000
1684926169.135195,0.000000
1684926169.155377,0.000000
1684926169.176464,0.000000
1684926169.196606,0.000000
1684926169.216630,0.000000
1684926169.236609,0.000000
1684926169.256630,0.000000
1684926169.261587,0.000000
1684926169.276695,0.000000
1684926169.296607,0.000000
1684926169.315606,0.000000
1684926169.336606,0.000000
1684926169.355640,0.000000
1684926169.376638,0.000000
1684926169.395617,0.000000
1684926169.416626,0.000000
1684926169.436630,0.000000
1684926169.456652,0.000000
1684926169.461231,0.000000
1684926169.473596,0.000000
1684926169.493626,0.000000
1684926169.493655,0.000000
1684926169.513627,0.000000
1684926169.533684,0.000000
1684926169.554655,0.000000
1684926169.573642,0.000000
1684926169.594652,0.000000
1684926169.614704,0.000000
1684926169.634656,0.000000
1684926169.654670,0.000000
1684926169.661035,0.000000
1684926169.673660,0.000000
1684926169.693676,0.000000
1684926169.713757,0.000000
1684926169.733661,0.000000
1684926169.754794,0.000000
1684926169.773716,0.000000
1684926169.794691,0.000000
1684926169.814718,0.000000
1684926169.834692,0.000000
1684926169.854731,0.000000
1684926169.860822,0.000000
1684926169.874789,0.000000
1684926169.894719,0.000000
1684926169.913707,0.000000
1684926169.934727,0.000000
1684926169.953796,0.000000
1684926169.973814,0.000000
1684926169.994736,0.000000
1684926170.014758,0.000000
1684926170.034912,0.000000
1684926170.034997,0.000000
1684926170.054825,0.000000
1684926170.060625,0.000000
1684926170.074777,0.000000
1684926170.094749,0.000000
1684926170.114773,0.000000
1684926170.134786,0.000000
1684926170.154813,0.000000
1684926170.174776,0.000000
1684926170.194793,0.000000
1684926170.214872,0.000000
1684926170.234791,0.000000
1684926170.254802,0.000000
1684926170.260474,0.000000
1684926170.274874,0.000000
1684926170.294813,0.000000
1684926170.314815,0.000000
1684926170.334816,0.000000
1684926170.354905,0.000000
1684926170.374876,0.000000
1684926170.395112,0.000000
1684926170.415061,0.000000
1684926170.434929,0.000000
1684926170.454893,0.000000
1684926170.460583,0.000000
1684926170.474838,0.000000
1684926170.494872,0.000000
1684926170.514920,0.000000
1684926170.535004,0.000000
1684926170.555125,0.000000
1684926170.574417,0.000000
1684926170.594337,0.000000
1684926170.614529,0.000000
1684926170.634590,0.000000
1684926170.654709,0.000000
1684926170.660030,0.000000
1684926170.674859,0.000000
1684926170.694989,0.000000
1684926170.715089,0.000000
1684926170.735164,0.000000
1684926170.755402,0.000000
1684926170.775505,0.000000
1684926170.796605,0.000000
1684926170.816829,0.000000
1684926170.836983,0.000000
1684926170.856962,0.000000
1684926170.859821,0.000000
1684926170.876968,0.000000
1684926170.896996,0.000000
1684926170.916980,0.000000
1684926170.937008,0.000000
1684926170.957016,0.000000
1684926170.976999,0.000000
1684926170.997028,0.000000
1684926171.017031,0.000000
1684926171.037004,0.000000
1684926171.057038,0.000000
1684926171.059570,0.000000
1684926171.077036,0.000000
1684926171.097027,0.000000
1684926171.117044,0.000000
1684926171.137036,0.000000
1684926171.157033,0.000000
1684926171.177167,0.000000
1684926171.197047,0.000000
1684926171.217119,0.000000
1684926171.237054,0.000000
1684926171.257073,0.000000
1684926171.259382,0.000000
1684926171.277074,0.000000
1684926171.297076,0.000000
1684926171.317073,0.000000
1684926171.337092,0.000000
1684926171.357054,0.000000
1684926171.377102,0.000000
1684926171.397100,0.000000
1684926171.417168,0.000000
1684926171.437093,0.000000
1684926171.456082,0.000000
1684926171.459285,0.000000
1684926171.477098,0.000000
1684926171.496125,0.000000
1684926171.496131,0.000000
1684926171.516108,0.000000
1684926171.536122,0.000000
1684926171.556140,0.000000
1684926171.576081,0.000000
1684926171.596093,0.000000
1684926171.615977,0.000000
1684926171.636080,0.000000
1684926171.656102,0.000000
1684926171.659117,0.000000
1684926171.676060,0.000000
1684926171.695118,0.000000
1684926171.716064,0.000000
1684926171.735149,0.000000
1684926171.755377,0.000000
1684926171.775208,0.000000
1684926171.795155,0.000000
1684926171.815266,0.000000
1684926171.835045,0.000000
1684926171.855135,0.000000
1684926171.859100,0.000000
1684926171.875028,0.000000
1684926171.895041,0.000000
1684926171.914901,0.000000
1684926171.935006,0.000000
1684926171.955016,0.000000
1684926171.975034,0.000000
1684926171.995042,0.000000
1684926172.014936,0.000000
1684926172.035132,0.000000
1684926172.055158,0.000000
1684926172.059166,0.000000
1684926172.075174,0.000000
1684926172.095273,0.000000
1684926172.114854,0.000000
1684926172.135027,0.000000
1684926172.154984,0.000000
1684926172.174963,0.000000
1684926172.194975,0.000000
1684926172.214837,0.000000
1684926172.235250,0.000000
1684926172.254980,0.000000
1684926172.259188,0.000000
1684926172.275169,0.000000
1684926172.295259,0.000000
1684926172.315363,0.000000
1684926172.334545,0.000000
1684926172.355594,0.000000
1684926172.375669,0.000000
1684926172.394796,0.000000
1684926172.414933,0.000000
1684926172.435080,0.000000
1684926172.455173,0.000000
1684926172.458152,0.000000
1684926172.475367,0.000000
1684926172.495537,0.000000
1684926172.515486,0.000000
1684926172.536929,0.000000
1684926172.556960,0.000000
1684926172.576950,0.000000
1684926172.596986,0.000000
1684926172.616913,0.000000
1684926172.637089,0.000000
1684926172.658112,0.000000
1684926172.658229,0.000000
1684926172.677110,0.000000
1684926172.696926,0.000000
1684926172.716785,0.000000
1684926172.736906,0.000000
1684926172.753854,0.000000
1684926172.775882,0.000000
1684926172.794956,0.000000
1684926172.814783,0.000000
1684926172.834872,0.000000
1684926172.854910,0.000000
1684926172.857988,0.000000
1684926172.857990,0.000000
1684926172.874927,0.000000
1684926172.894953,0.000000
1684926172.915010,0.000000
1684926172.935036,0.000000
1684926172.955079,0.000000
1684926172.975073,0.000000
1684926172.994853,0.000000
1684926173.014686,0.000000
1684926173.034830,0.000000
1684926173.055101,0.000000
1684926173.057873,0.000000
1684926173.074789,0.000000
1684926173.094787,0.000000
1684926173.114681,0.000000
1684926173.134825,0.000000
1684926173.154846,0.000000
1684926173.174879,0.000000
1684926173.194900,0.000000
1684926173.214820,0.000000
1684926173.234980,0.000000
1684926173.254901,0.000000
1684926173.257879,0.000000
1684926173.274772,0.000000
1684926173.294767,0.000000
1684926173.314617,0.000000
1684926173.334758,0.000000
1684926173.354751,0.000000
1684926173.374750,0.000000
1684926173.394827,0.000000
1684926173.414669,0.000000
1684926173.434899,0.000000
1684926173.454872,0.000000
1684926173.457909,0.000000
1684926173.474874,0.000000
1684926173.494892,0.000000
1684926173.514905,0.000000
1684926173.534977,0.000000
1684926173.554713,0.000000
1684926173.574699,0.000000
1684926173.594713,0.000000
1684926173.615678,0.000000
1684926173.634748,0.000000
1684926173.654711,0.000000
1684926173.657751,0.000000
1684926173.657750,0.000000
1684926173.675871,0.000000
1684926173.694711,0.000000
1684926173.714598,0.000000
1684926173.734771,0.000000
1684926173.754821,0.000000
1684926173.774846,0.000000
1684926173.794887,0.000000
1684926173.814803,0.000000
1684926173.835715,0.000000
1684926173.854697,0.000000
1684926173.856711,0.000000
1684926173.875253,0.000000
1684926173.895199,0.000000
1684926173.915283,0.000000
1684926173.935397,0.000000
1684926173.955280,0.000000
1684926173.975282,0.000000
1684926173.995274,0.000000
1684926174.015304,0.000000
1684926174.033273,0.000000
1684926174.053261,0.000000
1684926174.057430,0.000000
1684926174.073359,0.000000
1684926174.095532,0.000000
1684926174.115685,0.000000
1684926174.135378,0.000000
1684926174.155640,0.000000
1684926174.175627,0.000000
1684926174.195614,0.000000
1684926174.215471,0.000000
1684926174.232471,0.000000
1684926174.252582,0.000000
1684926174.256751,0.000000
1684926174.272569,0.000000
1684926174.292617,0.000000
1684926174.312578,0.000000
1684926174.332589,0.000000
1684926174.352772,0.000000
1684926174.372767,0.000000
1684926174.392590,0.000000
1684926174.412619,0.000000
1684926174.432619,0.000000
1684926174.452613,0.000000
1684926174.457679,0.000000
1684926174.472632,0.000000
1684926174.492769,0.000000
1684926174.512838,0.000000
1684926174.532780,0.000000
1684926174.552776,0.000000
1684926174.572798,0.000000
1684926174.592835,0.000000
1684926174.612934,0.000000
1684926174.632798,0.000000
1684926174.652811,0.000000
1684926174.656873,0.000000
1684926174.672826,0.000000
1684926174.692842,0.000000
1684926174.712824,0.000000
1684926174.732824,0.000000
1684926174.751885,0.000000
1684926174.772037,0.000000
1684926174.792193,0.000000
1684926174.812888,0.000000
1684926174.831892,0.000000
1684926174.851897,0.000000
1684926174.856938,0.000000
1684926174.871919,0.000000
1684926174.893002,0.000000
1684926174.912936,0.000000
1684926174.932932,0.000000
1684926174.953028,0.000000
1684926174.971937,0.000000
1684926174.991971,0.000000
1684926175.011937,0.000000
1684926175.032008,0.000000
1684926175.052093,0.000000
1684926175.056140,0.000000
1684926175.072237,0.000000
1684926175.092378,0.000000
1684926175.112496,0.000000
1684926175.132558,0.000000
1684926175.151680,0.000000
1684926175.171897,0.000000
1684926175.191969,0.000000
1684926175.212228,0.000000
1684926175.232406,0.000000
1684926175.251406,0.000000
1684926175.255462,0.000000
1684926175.272592,0.000000
1684926175.292664,0.000000
1684926175.312765,0.000000
1684926175.332927,0.000000
1684926175.353082,0.000000
1684926175.353135,0.000000
1684926175.373085,0.000000
1684926175.393180,0.000000
1684926175.412091,0.000000
1684926175.432131,0.000000
1684926175.452137,0.000000
1684926175.455192,0.000000
1684926175.471022,0.000000
1684926175.490997,0.000000
1684926175.511096,0.000000
1684926175.531060,0.000000
1684926175.550921,0.000000
1684926175.570905,0.000000
1684926175.591036,0.000000
1684926175.610867,0.000000
1684926175.630838,0.000000
1684926175.650974,0.000000
1684926175.656973,0.000000
1684926175.670803,0.000000
1684926175.690871,0.000000
1684926175.710757,0.000000
1684926175.730799,0.000000
1684926175.750791,0.000000
1684926175.770773,0.000000
1684926175.790721,0.000000
1684926175.810656,0.000000
1684926175.830632,0.000000
1684926175.850626,0.000000
1684926175.857713,0.000000
1684926175.870684,0.000000
1684926175.890572,0.000000
1684926175.910555,0.000000
1684926175.930535,0.000000
1684926175.950530,0.000000
1684926175.970488,0.000000
1684926175.990468,0.000000
1684926176.010473,0.000000
1684926176.030438,0.000000
1684926176.050461,0.000000
1684926176.056531,0.000000
1684926176.070403,0.000000
1684926176.090406,0.000000
1684926176.110442,0.000000
1684926176.130345,0.000000
1684926176.150327,0.000000
1684926176.170282,0.000000
1684926176.190293,0.000000
1684926176.210263,0.000000
1684926176.230353,0.000000
1684926176.250203,0.000000
1684926176.256306,0.000000
1684926176.270182,0.000000
1684926176.290187,0.000000
1684926176.310166,0.000000
1684926176.330115,0.000000
1684926176.350093,0.000000
1684926176.370083,0.000000
1684926176.390057,0.000000
1684926176.410030,0.000000
1684926176.430034,0.000000
1684926176.450065,0.000000
1684926176.456233,0.000000
1684926176.470036,0.000000
1684926176.490137,0.000000
1684926176.510255,0.000000
1684926176.530351,0.000000
1684926176.550501,0.000000
1684926176.570649,0.000000
1684926176.590815,0.000000
1684926176.609851,0.000000
1684926176.630054,0.000000
1684926176.650212,0.000000
1684926176.657371,0.000000
1684926176.670249,0.000000
1684926176.690333,0.000000
1684926176.710477,0.000000
1684926176.730559,0.000000
1684926176.749681,0.000000
1684926176.769662,0.000000
1684926176.789661,0.000000
1684926176.809624,0.000000
1684926176.829749,0.000000
1684926176.849612,0.000000
1684926176.857303,0.000000
1684926176.869740,0.000000
1684926176.889568,0.000000
1684926176.909510,0.000000
1684926176.929524,0.000000
1684926176.949483,0.000000
1684926176.969466,0.000000
1684926176.989440,0.000000
1684926177.009423,0.000000
1684926177.029415,0.000000
1684926177.049387,0.000000
1684926177.057118,0.000000
1684926177.069365,0.000000
1684926177.089601,0.000000
1684926177.109510,0.000000
1684926177.129322,0.000000
1684926177.149295,0.000000
1684926177.169262,0.000000
1684926177.189240,0.000000
1684926177.209319,0.000000
1684926177.229172,0.000000
1684926177.249176,0.000000
1684926177.257126,0.000000
1684926177.269151,0.000000
1684926177.289125,0.000000
1684926177.309119,0.000000
1684926177.329097,0.000000
1684926177.349091,0.000000
1684926177.369043,0.000000
1684926177.389052,0.000000
1684926177.409008,0.000000
1684926177.428968,0.000000
1684926177.448969,0.000000
1684926177.457425,0.000000
1684926177.468950,0.000000
1684926177.489062,0.000000
1684926177.490757,0.000000
1684926177.508893,0.000000
1684926177.528898,0.000000
1684926177.548839,0.000000
1684926177.568841,0.000000
1684926177.588820,0.000000
1684926177.608780,0.000000
1684926177.628801,0.000000
1684926177.648740,0.000000
1684926177.657497,0.000000
1684926177.668721,0.000000
1684926177.688720,0.000000
1684926177.708703,0.000000
1684926177.728675,0.000000
1684926177.748780,0.000000
1684926177.768638,0.000000
1684926177.788611,0.000000
1684926177.808714,0.000000
1684926177.828557,0.000000
1684926177.848644,0.000000
1684926177.858065,0.000000
1684926177.868510,0.000000
1684926177.888492,0.000000
1684926177.908498,0.000000
1684926177.928972,0.000000
1684926177.948550,0.000000
1684926177.968976,0.000000
1684926177.989024,0.000000
1684926178.009225,0.000000
1684926178.029228,0.000000
1684926178.048535,0.000000
1684926178.057553,0.000000
1684926178.058619,0.000000
1684926178.068473,0.000000
1684926178.088308,0.000000
1684926178.108311,0.000000
1684926178.128302,0.000000
1684926178.148220,0.000000
1684926178.168204,0.000000
1684926178.188186,0.000000
1684926178.208246,0.000000
1684926178.228189,0.000000
1684926178.248119,0.000000
1684926178.257912,0.000000
1684926178.268122,0.000000
1684926178.288082,0.000000
1684926178.308161,0.000000
1684926178.328056,0.000000
1684926178.348264,0.000000
1684926178.368173,0.000000
1684926178.388211,0.000000
1684926178.407987,0.000000
1684926178.427943,0.000000
1684926178.448023,0.000000
1684926178.457893,0.000000
1684926178.467910,0.000000
1684926178.487877,0.000000
1684926178.507862,0.000000
1684926178.527846,0.000000
1684926178.548004,0.000000
1684926178.567915,0.000000
1684926178.587980,0.000000
1684926178.607979,0.000000
1684926178.628006,0.000000
1684926178.648065,0.000000
1684926178.658115,0.000000
1684926178.668066,0.000000
1684926178.687820,0.000000
1684926178.707824,0.000000
1684926178.727924,0.000000
1684926178.747905,0.000000
1684926178.767825,0.000000
1684926178.787822,0.000000
1684926178.807820,0.000000
1684926178.827815,0.000000
1684926178.847871,0.000000
1684926178.857913,0.000000
1684926178.867864,0.000000
1684926178.887888,0.000000
1684926178.907949,0.000000
1684926178.927965,0.000000
1684926178.947992,0.000000
1684926178.967779,0.000000
1684926178.987802,0.000000
1684926179.007774,0.000000
1684926179.027830,0.000000
1684926179.047784,0.000000
1684926179.057875,0.000000
1684926179.067735,0.000000
1684926179.087800,0.000000
1684926179.107805,0.000000
1684926179.127830,0.000000
1684926179.148013,0.000000
1684926179.167988,0.000000
1684926179.187921,0.000000
1684926179.208013,0.000000
1684926179.228016,0.000000
1684926179.247993,0.000000
1684926179.257826,0.000000
1684926179.267784,0.000000
1684926179.287806,0.000000
1684926179.307826,0.000000
1684926179.327818,0.000000
1684926179.347880,0.000000
1684926179.367975,0.000000
1684926179.387801,0.000000
1684926179.407825,0.000000
1684926179.427820,0.000000
1684926179.447870,0.000000
1684926179.457990,0.000000
1684926179.466869,0.000000
1684926179.486978,0.000000
1684926179.506949,0.000000
1684926179.527848,0.000000
1684926179.547867,0.000000
1684926179.566847,0.000000
1684926179.586832,0.000000
1684926179.607676,0.000000
1684926179.627654,0.000000
1684926179.648096,0.000000
1684926179.657674,0.000000
1684926179.657912,0.000000
1684926179.666719,0.000000
1684926179.686658,0.000000
1684926179.706708,0.000000
1684926179.726759,0.000000
1684926179.746816,0.000000
1684926179.766788,0.000000
1684926179.786814,0.000000
1684926179.806855,0.000000
1684926179.826770,0.000000
1684926179.846939,0.000000
1684926179.858053,0.000000
1684926179.866956,0.000000
1684926179.866958,0.000000
1684926179.886940,0.000000
1684926179.906937,0.000000
1684926179.926944,0.000000
1684926179.946942,0.000000
1684926179.966964,0.000000
1684926179.986973,0.000000
1684926180.006993,0.000000
1684926180.026981,0.000000
1684926180.046998,0.000000
1684926180.058122,0.000000
1684926180.067024,0.000000
1684926180.087009,0.000000
1684926180.107008,0.000000
1684926180.127578,0.000000
1684926180.147032,0.000000
1684926180.167083,0.000000
1684926180.187028,0.000000
1684926180.207091,0.000000
1684926180.227084,0.000000
1684926180.247130,0.000000
1684926180.258109,0.000000
1684926180.267087,0.000000
1684926180.287105,0.000000
1684926180.307108,0.000000
1684926180.327117,0.000000
1684926180.347086,0.000000
1684926180.367174,0.000000
1684926180.387140,0.000000
1684926180.407245,0.000000
1684926180.427149,0.000000
1684926180.447146,0.000000
1684926180.459242,0.000000
1684926180.467186,0.000000
1684926180.486278,0.000000
1684926180.506239,0.000000
1684926180.526235,0.000000
1684926180.546243,0.000000
1684926180.566262,0.000000
1684926180.586282,0.000000
1684926180.606282,0.000000
1684926180.626269,0.000000
1684926180.646274,0.000000
1684926180.658416,0.000000
1684926180.666307,0.000000
1684926180.686561,0.000000
1684926180.706276,0.000000
1684926180.726291,0.000000
1684926180.746300,0.000000
1684926180.766297,0.000000
1684926180.786314,0.000000
1684926180.806310,0.000000
1684926180.826306,0.000000
1684926180.846324,0.000000
1684926180.858382,0.000000
1684926180.860953,0.000000
1684926180.866335,0.000000
1684926180.886382,0.000000
1684926180.906492,0.000000
1684926180.930250,0.000000
1684926180.946537,0.000000
1684926180.966540,0.000000
1684926180.986624,0.000000
1684926181.006638,0.000000
1684926181.026568,0.000000
1684926181.046630,0.000000
1684926181.057594,0.000000
1684926181.066601,0.000000
1684926181.086756,0.000000
1684926181.106811,0.000000
1684926181.126630,0.000000
1684926181.146686,0.000000
1684926181.166644,0.000000
1684926181.186623,0.000000
1684926181.206731,0.000000
1684926181.226657,0.000000
1684926181.246411,0.000000
1684926181.258372,0.000000
1684926181.266333,0.000000
1684926181.286357,0.000000
1684926181.306521,0.000000
1684926181.326624,0.000000
1684926181.346731,0.000000
1684926181.366851,0.000000
1684926181.386944,0.000000
1684926181.407070,0.000000
1684926181.427225,0.000000
1684926181.447305,0.000000
1684926181.458374,0.000000
1684926181.467469,0.000000
1684926181.487531,0.000000
1684926181.506771,0.000000
1684926181.527768,0.000000
1684926181.547814,0.000000
1684926181.568019,0.000000
1684926181.587784,0.000000
1684926181.607790,0.000000
1684926181.627817,0.000000
1684926181.646800,0.000000
1684926181.658827,0.000000
1684926181.666987,0.000000
1684926181.686985,0.000000
1684926181.707005,0.000000
1684926181.727146,0.000000
1684926181.727240,0.000000
1684926181.747062,0.000000
1684926181.767063,0.000000
1684926181.787046,0.000000
1684926181.807070,0.000000
1684926181.828074,0.000000
1684926181.848076,0.000000
1684926181.859111,0.000000
1684926181.868068,0.000000
1684926181.888065,0.000000
1684926181.908146,0.000000
1684926181.928065,0.000000
1684926181.948174,0.000000
1684926181.968106,0.000000
1684926181.987158,0.000000
1684926182.007110,0.000000
1684926182.027258,0.000000
1684926182.047110,0.000000
1684926182.059168,0.000000
1684926182.067072,0.000000
1684926182.087137,0.000000
1684926182.107100,0.000000
1684926182.127088,0.000000
1684926182.144190,0.000000
1684926182.167112,0.000000
1684926182.187153,0.000000
1684926182.204026,0.000000
1684926182.224061,0.000000
1684926182.244124,0.000000
1684926182.258191,0.000000
1684926182.263950,0.000000
1684926182.283981,0.000000
1684926182.303898,0.000000
1684926182.323899,0.000000
1684926182.343873,0.000000
1684926182.363843,0.000000
1684926182.383828,0.000000
1684926182.403809,0.000000
1684926182.423947,0.000000
1684926182.443763,0.000000
1684926182.458299,0.000000
1684926182.463736,0.000000
1684926182.483879,0.000000
1684926182.503736,0.000000
1684926182.523740,0.000000
1684926182.543655,0.000000
1684926182.563666,0.000000
1684926182.583698,0.000000
1684926182.603596,0.000000
1684926182.623576,0.000000
1684926182.643561,0.000000
1684926182.658244,0.000000
1684926182.663534,0.000000
1684926182.683600,0.000000
1684926182.703492,0.000000
1684926182.723489,0.000000
1684926182.743470,0.000000
1684926182.763410,0.000000
1684926182.783787,0.000000
1684926182.803381,0.000000
1684926182.823407,0.000000
1684926182.843357,0.000000
1684926182.858265,0.000000
1684926182.864083,0.000000
1684926182.884094,0.000000
1684926182.904138,0.000000
1684926182.924180,0.000000
1684926182.944238,0.000000
1684926182.963236,0.000000
1684926182.983333,0.000000
1684926183.003420,0.000000
1684926183.023545,0.000000
1684926183.043671,0.000000
1684926183.058774,0.000000
1684926183.063784,0.000000
1684926183.083970,0.000000
1684926183.104016,0.000000
1684926183.123055,0.000000
1684926183.143091,0.000000
1684926183.163102,0.000000
1684926183.182980,0.000000
1684926183.203081,0.000000
1684926183.222957,0.000000
1684926183.242920,0.000000
1684926183.259027,0.000000
1684926183.262892,0.000000
1684926183.282913,0.000000
1684926183.302916,0.000000
1684926183.322832,0.000000
1684926183.342832,0.000000
1684926183.362806,0.000000
1684926183.382778,0.000000
1684926183.402764,0.000000
1684926183.422746,0.000000
1684926183.442722,0.000000
1684926183.459248,0.000000
1684926183.462690,0.000000
1684926183.482667,0.000000
1684926183.502726,0.000000
1684926183.502727,0.000000
1684926183.522766,0.000000
1684926183.523353,0.000000
1684926183.542624,0.000000
1684926183.562585,0.000000
1684926183.582654,0.000000
1684926183.602545,0.000000
1684926183.622530,0.000000
1684926183.642535,0.000000
1684926183.659272,0.000000
1684926183.662480,0.000000
1684926183.682463,0.000000
1684926183.702449,0.000000
1684926183.722477,0.000000
1684926183.742404,0.000000
1684926183.762385,0.000000
1684926183.782410,0.000000
1684926183.802343,0.000000
1684926183.822319,0.000000
1684926183.842304,0.000000
1684926183.859272,0.000000
1684926183.862335,0.000000
1684926183.882314,0.000000
1684926183.902272,0.000000
1684926183.922237,0.000000
1684926183.942204,0.000000
1684926183.962316,0.000000
1684926183.982162,0.000000
1684926184.002146,0.000000
1684926184.022181,0.000000
1684926184.042100,0.000000
1684926184.058308,0.000000
1684926184.062126,0.000000
1684926184.082151,0.000000
1684926184.102386,0.000000
1684926184.122306,0.000000
1684926184.142088,0.000000
1684926184.161974,0.000000
1684926184.182044,0.000000
1684926184.202325,0.000000
1684926184.221923,0.000000
1684926184.242033,0.000000
1684926184.258278,0.000000
1684926184.261955,0.000000
1684926184.282094,0.000000
1684926184.301840,0.000000
1684926184.321885,0.000000
1684926184.341908,0.000000
1684926184.361905,0.000000
1684926184.381950,0.000000
1684926184.401722,0.000000
1684926184.421744,0.000000
1684926184.441738,0.000000
1684926184.458278,0.000000
1684926184.461702,0.000000
1684926184.481711,0.000000
1684926184.501676,0.000000
1684926184.521677,0.000000
1684926184.541702,0.000000
1684926184.561697,0.000000
1684926184.581773,0.000000
1684926184.601763,0.000000
1684926184.621806,0.000000
1684926184.641570,0.000000
1684926184.658261,0.000000
1684926184.661885,0.000000
1684926184.681895,0.000000
1684926184.701766,0.000000
1684926184.721660,0.000000
1684926184.741732,0.000000
1684926184.761789,0.000000
1684926184.781339,0.000000
1684926184.801992,0.000000
1684926184.821616,0.000000
1684926184.841307,0.000000
1684926184.859365,0.000000
1684926184.861391,0.000000
1684926184.881329,0.000000
1684926184.901782,0.000000
1684926184.921786,0.000000
1684926184.941460,0.000000
1684926184.961410,0.000000
1684926184.981356,0.000000
1684926185.001317,0.000000
1684926185.021619,0.000000
1684926185.041389,0.000000
1684926185.059409,0.000000
1684926185.061387,0.000000
1684926185.081346,0.000000
1684926185.101578,0.000000
1684926185.121312,0.000000
1684926185.141413,0.000000
1684926185.161334,0.000000
1684926185.181376,0.000000
1684926185.201335,0.000000
1684926185.221737,0.000000
1684926185.241293,0.000000
1684926185.259395,0.000000
1684926185.261393,0.000000
1684926185.281388,0.000000
1684926185.301540,0.000000
1684926185.321544,0.000000
1684926185.341460,0.000000
1684926185.361342,0.000000
1684926185.381335,0.000000
1684926185.401397,0.000000
1684926185.421658,0.000000
1684926185.441741,0.000000
1684926185.458402,0.000000
1684926185.461432,0.000000
1684926185.481395,0.000000
1684926185.501403,0.000000
1684926185.521321,0.000000
1684926185.541414,0.000000
1684926185.561403,0.000000
1684926185.581483,0.000000
1684926185.601398,0.000000
1684926185.621405,0.000000
1684926185.641320,0.000000
1684926185.658397,0.000000
1684926185.660464,0.000000
1684926185.681397,0.000000
1684926185.701477,0.000000
1684926185.720518,0.000000
1684926185.740590,0.000000
1684926185.760614,0.000000
1684926185.781462,0.000000
1684926185.800616,0.000000
1684926185.820678,0.000000
1684926185.840368,0.000000
1684926185.840371,0.000000
1684926185.858349,0.000000
1684926185.860450,0.000000
1684926185.880414,0.000000
1684926185.900442,0.000000
1684926185.920425,0.000000
1684926185.940458,0.000000
1684926185.960462,0.000000
1684926185.980443,0.000000
1684926186.000477,0.000000
1684926186.000477,0.000000
1684926186.020495,0.000000
1684926186.040507,0.000000
1684926186.058310,0.000000
1684926186.060323,0.000000
1684926186.080577,0.000000
1684926186.100630,0.000000
1684926186.120405,0.000000
1684926186.120481,0.000000
1684926186.140404,0.000000
1684926186.160410,0.000000
1684926186.180433,0.000000
1684926186.200475,0.000000
1684926186.220541,0.000000
1684926186.240636,0.000000
1684926186.258812,0.000000
1684926186.259946,0.000000
1684926186.279885,0.000000
1684926186.300417,0.000000
1684926186.320475,0.000000
1684926186.340221,0.000000
1684926186.360539,0.000000
1684926186.380501,0.000000
1684926186.400557,0.000000
1684926186.420654,0.000000
1684926186.439814,0.000000
1684926186.458909,0.000000
1684926186.460043,0.000000
1684926186.480011,0.000000
1684926186.500316,0.000000
1684926186.520416,0.000000
1684926186.540409,0.000000
1684926186.560463,0.000000
1684926186.580519,0.000000
1684926186.600395,0.000000
1684926186.620454,0.000000
1684926186.640461,0.000000
1684926186.658416,0.000000
1684926186.659530,0.000000
1684926186.679413,0.000000
1684926186.700418,0.000000
1684926186.720430,0.000000
1684926186.740462,0.000000
1684926186.760470,0.000000
1684926186.780543,0.000000
1684926186.800457,0.000000
1684926186.820502,0.000000
1684926186.840537,0.000000
1684926186.858413,0.000000
1684926186.859542,0.000000
1684926186.879480,0.000000
1684926186.899469,0.000000
1684926186.919444,0.000000
1684926186.939440,0.000000
1684926186.959483,0.000000
1684926186.979465,0.000000
1684926186.999499,0.000000
1684926187.019401,0.000000
1684926187.039509,0.000000
1684926187.055562,0.000000
1684926187.059603,0.000000
1684926187.059605,0.000000
1684926187.079740,0.000000
1684926187.098963,0.000000
1684926187.118912,0.000000
1684926187.139045,0.000000
1684926187.159188,0.000000
1684926187.179272,0.000000
1684926187.199404,0.000000
1684926187.219520,0.000000
1684926187.239752,0.000000
1684926187.255732,0.000000
1684926187.258774,0.000000
1684926187.278870,0.000000
1684926187.299034,0.000000
1684926187.319292,0.000000
1684926187.339205,0.000000
1684926187.359407,0.000000
1684926187.379489,0.000000
1684926187.399423,0.000000
1684926187.419551,0.000000
1684926187.439439,0.000000
1684926187.455369,0.000000
1684926187.459420,0.000000
1684926187.479505,0.000000
1684926187.499405,0.000000
1684926187.519430,0.000000
1684926187.539422,0.000000
1684926187.559450,0.000000
1684926187.579450,0.000000
1684926187.599459,0.000000
1684926187.619407,0.000000
1684926187.639385,0.000000
1684926187.654301,0.000000
1684926187.659388,0.000000
1684926187.679550,0.000000
1684926187.699498,0.000000
1684926187.719470,0.000000
1684926187.739357,0.000000
1684926187.758551,0.000000
1684926187.778477,0.000000
1684926187.799157,0.000000
1684926187.818550,0.000000
1684926187.839204,0.000000
1684926187.854112,0.000000
1684926187.859268,0.000000
1684926187.878496,0.000000
1684926187.898581,0.000000
1684926187.918405,0.000000
1684926187.939091,0.000000
1684926187.958429,0.000000
1684926187.978469,0.000000
1684926187.998502,0.000000
1684926188.018451,0.000000
1684926188.038998,0.000000
1684926188.053928,0.000000
1684926188.058978,0.000000
1684926188.078610,0.000000
1684926188.098502,0.000000
1684926188.118554,0.000000
1684926188.138891,0.000000
1684926188.158478,0.000000
1684926188.178472,0.000000
1684926188.198517,0.000000
1684926188.218497,0.000000
1684926188.238789,0.000000
1684926188.253687,0.000000
1684926188.258744,0.000000
1684926188.278418,0.000000
1684926188.298442,0.000000
1684926188.318474,0.000000
1684926188.338885,0.000000
1684926188.358478,0.000000
1684926188.378549,0.000000
1684926188.398561,0.000000
1684926188.418502,0.000000
1684926188.438177,0.000000
1684926188.454141,0.000000
1684926188.458216,0.000000
1684926188.478513,0.000000
1684926188.498557,0.000000
1684926188.518579,0.000000
1684926188.538730,0.000000
1684926188.558837,0.000000
1684926188.578983,0.000000
1684926188.598103,0.000000
1684926188.618190,0.000000
1684926188.638269,0.000000
1684926188.653292,0.000000
1684926188.658373,0.000000
1684926188.678518,0.000000
1684926188.698640,0.000000
1684926188.718729,0.000000
1684926188.738251,0.000000
1684926188.759099,0.000000
1684926188.779074,0.000000
1684926188.799227,0.000000
1684926188.819314,0.000000
1684926188.838573,0.000000
1684926188.853068,0.000000
1684926188.858516,0.000000
1684926188.879560,0.000000
1684926188.898484,0.000000
1684926188.918569,0.000000
1684926188.938591,0.000000
1684926188.958565,0.000000
1684926188.979561,0.000000
1684926188.999514,0.000000
1684926189.019526,0.000000
1684926189.039567,0.000000
1684926189.052864,0.000000
1684926189.058565,0.000000
1684926189.079569,0.000000
1684926189.098538,0.000000
1684926189.119504,0.000000
1684926189.138584,0.000000
1684926189.159533,0.000000
1684926189.179551,0.000000
1684926189.199512,0.000000
1684926189.218704,0.000000
1684926189.239523,0.000000
1684926189.252741,0.000000
1684926189.258620,0.000000
1684926189.279759,0.000000
1684926189.298575,0.000000
1684926189.318589,0.000000
1684926189.338617,0.000000
1684926189.358613,0.000000
1684926189.379710,0.000000
1684926189.398676,0.000000
1684926189.418555,0.000000
1684926189.438575,0.000000
1684926189.452553,0.000000
1684926189.458581,0.000000
1684926189.478597,0.000000
1684926189.498514,0.000000
1684926189.518544,0.000000
1684926189.538584,0.000000
1684926189.558599,0.000000
1684926189.578554,0.000000
1684926189.598536,0.000000
1684926189.618554,0.000000
1684926189.638753,0.000000
1684926189.652220,0.000000
1684926189.658562,0.000000
1684926189.681138,0.000000
1684926189.698597,0.000000
1684926189.718644,0.000000
1684926189.738545,0.000000
1684926189.738549,0.000000
1684926189.758560,0.000000
1684926189.778553,0.000000
1684926189.798543,0.000000
1684926189.818583,0.000000
1684926189.838641,0.000000
1684926189.852573,0.000000
1684926189.858510,0.000000
1684926189.878495,0.000000
1684926189.898624,0.000000
1684926189.918555,0.000000
1684926189.938751,0.000000
1684926189.958557,0.000000
1684926189.978630,0.000000
1684926189.996522,0.000000
1684926190.018533,0.000000
1684926190.038703,0.000000
1684926190.052566,0.000000
1684926190.056582,0.000000
1684926190.076573,0.000000
1684926190.096596,0.000000
1684926190.116546,0.000000
1684926190.136564,0.000000
1684926190.156583,0.000000
1684926190.176517,0.000000
1684926190.196625,0.000000
1684926190.216604,0.000000
1684926190.236716,0.000000
1684926190.251601,0.000000
1684926190.255723,0.000000
1684926190.275837,0.000000
1684926190.295934,0.000000
1684926190.316087,0.000000
1684926190.336289,0.000000
1684926190.356318,0.000000
1684926190.376534,0.000000
1684926190.395613,0.000000
1684926190.416679,0.000000
1684926190.435763,0.000000
1684926190.451498,0.000000
1684926190.455879,0.000000
1684926190.476130,0.000000
1684926190.496186,0.000000
1684926190.516472,0.000000
1684926190.538337,0.000000
1684926190.558464,0.000000
1684926190.578649,0.000000
1684926190.598632,0.000000
1684926190.616568,0.000000
1684926190.636615,0.000000
1684926190.651189,0.000000
1684926190.655619,0.000000
1684926190.678663,0.000000
1684926190.695578,0.000000
1684926190.715676,0.000000
1684926190.735633,0.000000
1684926190.755523,0.000000
1684926190.775600,0.000000
1684926190.795631,0.000000
1684926190.815676,0.000000
1684926190.835612,0.000000
1684926190.851007,0.000000
1684926190.855558,0.000000
1684926190.875551,0.000000
1684926190.895548,0.000000
1684926190.915640,0.000000
1684926190.917289,0.000000
1684926190.935840,0.000000
1684926190.955616,0.000000
1684926190.975599,0.000000
1684926190.995593,0.000000
1684926191.015611,0.000000
1684926191.035632,0.000000
1684926191.050781,0.000000
1684926191.055676,0.000000
1684926191.075564,0.000000
1684926191.095617,0.000000
1684926191.115683,0.000000
1684926191.135772,0.000000
1684926191.155742,0.000000
1684926191.175667,0.000000
1684926191.195602,0.000000
1684926191.215664,0.000000
1684926191.235594,0.000000
1684926191.250636,0.000000
1684926191.255807,0.000000
1684926191.275886,0.000000
1684926191.295578,0.000000
1684926191.314546,0.000000
1684926191.334520,0.000000
1684926191.354497,0.000000
1684926191.374472,0.000000
1684926191.394496,0.000000
1684926191.414432,0.000000
1684926191.434405,0.000000
1684926191.450617,0.000000
1684926191.454392,0.000000
1684926191.474477,0.000000
1684926191.494353,0.000000
1684926191.514374,0.000000
1684926191.534390,0.000000
1684926191.554265,0.000000
1684926191.574264,0.000000
1684926191.594289,0.000000
1684926191.614218,0.000000
1684926191.634233,0.000000
1684926191.650752,0.000000
1684926191.654251,0.000000
1684926191.674141,0.000000
1684926191.694269,0.000000
1684926191.714144,0.000000
1684926191.734118,0.000000
1684926191.754081,0.000000
1684926191.774059,0.000000
1684926191.794033,0.000000
1684926191.814018,0.000000
1684926191.833996,0.000000
1684926191.850698,0.000000
1684926191.854026,0.000000
1684926191.874041,0.000000
1684926191.894200,0.000000
1684926191.914600,0.000000
1684926191.934621,0.000000
1684926191.954753,0.000000
1684926191.974869,0.000000
1684926191.994034,0.000000
1684926191.994152,0.000000
1684926192.014170,0.000000
1684926192.034275,0.000000
1684926192.050472,0.000000
1684926192.054396,0.000000
1684926192.074525,0.000000
1684926192.094628,0.000000
1684926192.113706,0.000000
1684926192.133748,0.000000
1684926192.153649,0.000000
1684926192.173627,0.000000
1684926192.193654,0.000000
1684926192.213628,0.000000
1684926192.233589,0.000000
1684926192.249672,0.000000
1684926192.253553,0.000000
1684926192.273570,0.000000
1684926192.293501,0.000000
1684926192.313511,0.000000
1684926192.333462,0.000000
1684926192.353442,0.000000
1684926192.373427,0.000000
1684926192.393493,0.000000
1684926192.413409,0.000000
1684926192.433392,0.000000
1684926192.449718,0.000000
1684926192.453473,0.000000
1684926192.473313,0.000000
1684926192.493296,0.000000
1684926192.513300,0.000000
1684926192.533257,0.000000
1684926192.553249,0.000000
1684926192.573232,0.000000
1684926192.593238,0.000000
1684926192.613177,0.000000
1684926192.633178,0.000000
1684926192.649680,0.000000
1684926192.653218,0.000000
1684926192.673136,0.000000
1684926192.693117,0.000000
1684926192.713104,0.000000
1684926192.733069,0.000000
1684926192.753045,0.000000
1684926192.773181,0.000000
1684926192.792994,0.000000
1684926192.812999,0.000000
1684926192.832966,0.000000
1684926192.849684,0.000000
1684926192.853001,0.000000
1684926192.872984,0.000000
1684926192.892881,0.000000
1684926192.912892,0.000000
1684926192.932859,0.000000
1684926192.952906,0.000000
1684926192.972808,0.000000
1684926192.992817,0.000000
1684926193.012757,0.000000
1684926193.032857,0.000000
1684926193.048737,0.000000
1684926193.052736,0.000000
1684926193.072826,0.000000
1684926193.092684,0.000000
1684926193.112653,0.000000
1684926193.132637,0.000000
1684926193.152611,0.000000
1684926193.172589,0.000000
1684926193.192708,0.000000
1684926193.212549,0.000000
1684926193.232733,0.000000
1684926193.249679,0.000000
1684926193.252734,0.000000
1684926193.272897,0.000000
1684926193.292830,0.000000
1684926193.312906,0.000000
1684926193.332970,0.000000
1684926193.353117,0.000000
1684926193.373240,0.000000
1684926193.393312,0.000000
1684926193.412430,0.000000
1684926193.432556,0.000000
1684926193.448708,0.000000
1684926193.452766,0.000000
1684926193.473073,0.000000
1684926193.493170,0.000000
1684926193.513283,0.000000
1684926193.532243,0.000000
1684926193.552246,0.000000
1684926193.572182,0.000000
1684926193.592341,0.000000
1684926193.612227,0.000000
1684926193.632106,0.000000
1684926193.649122,0.000000
1684926193.652104,0.000000
1684926193.672076,0.000000
1684926193.692044,0.000000
1684926193.712020,0.000000
1684926193.732148,0.000000
1684926193.751999,0.000000
1684926193.771983,0.000000
1684926193.791952,0.000000
1684926193.811933,0.000000
1684926193.831930,0.000000
1684926193.849328,0.000000
1684926193.851887,0.000000
1684926193.871881,0.000000
1684926193.891885,0.000000
1684926193.911877,0.000000
1684926193.931792,0.000000
1684926193.951788,0.000000
1684926193.971933,0.000000
1684926193.991739,0.000000
1684926194.011749,0.000000
1684926194.031704,0.000000
1684926194.048753,0.000000
1684926194.051799,0.000000
1684926194.071787,0.000000
1684926194.091640,0.000000
1684926194.111647,0.000000
1684926194.131810,0.000000
1684926194.151851,0.000000
1684926194.171714,0.000000
1684926194.191545,0.000000
1684926194.211500,0.000000
1684926194.231484,0.000000
1684926194.249762,0.000000
1684926194.251800,0.000000
1684926194.271457,0.000000
1684926194.291427,0.000000
1684926194.311839,0.000000
1684926194.331905,0.000000
1684926194.351761,0.000000
1684926194.371815,0.000000
1684926194.391779,0.000000
1684926194.411784,0.000000
1684926194.431873,0.000000
1684926194.449759,0.000000
1684926194.451771,0.000000
1684926194.471898,0.000000
1684926194.491850,0.000000
1684926194.511779,0.000000
1684926194.531818,0.000000
1684926194.551820,0.000000
1684926194.571800,0.000000
1684926194.591882,0.000000
1684926194.611801,0.000000
1684926194.631778,0.000000
1684926194.647738,0.000000
1684926194.651759,0.000000
1684926194.671780,0.000000
1684926194.691809,0.000000
1684926194.711760,0.000000
1684926194.731799,0.000000
1684926194.751875,0.000000
1684926194.771875,0.000000
1684926194.791011,0.000000
1684926194.811007,0.000000
1684926194.831116,0.000000
1684926194.847779,0.000000
1684926194.851218,0.000000
1684926194.871438,0.000000
1684926194.891474,0.000000
1684926194.911438,0.000000
1684926194.931778,0.000000
1684926194.951409,0.000000
1684926194.971464,0.000000
1684926194.991432,0.000000
1684926195.011466,0.000000
1684926195.011469,0.000000
1684926195.031489,0.000000
1684926195.046766,0.000000
1684926195.051473,0.000000
1684926195.071446,0.000000
1684926195.091472,0.000000
1684926195.111468,0.000000
1684926195.131473,0.000000
1684926195.151493,0.000000
1684926195.170512,0.000000
1684926195.190497,0.000000
1684926195.190535,0.000000
1684926195.210480,0.000000
1684926195.230454,0.000000
1684926195.246977,0.000000
1684926195.250449,0.000000
1684926195.270405,0.000000
1684926195.290449,0.000000
1684926195.310369,0.000000
1684926195.330404,0.000000
1684926195.350550,0.000000
1684926195.370414,0.000000
1684926195.390386,0.000000
1684926195.410341,0.000000
1684926195.430244,0.000000
1684926195.446758,0.000000
1684926195.450395,0.000000
1684926195.470393,0.000000
1684926195.490195,0.000000
1684926195.510181,0.000000
1684926195.530138,0.000000
1684926195.550097,0.000000
1684926195.570099,0.000000
1684926195.590094,0.000000
1684926195.610062,0.000000
1684926195.630033,0.000000
1684926195.646749,0.000000
1684926195.650785,0.000000
1684926195.669996,0.000000
1684926195.689970,0.000000
1684926195.709933,0.000000
1684926195.730890,0.000000
1684926195.749935,0.000000
1684926195.769909,0.000000
1684926195.789974,0.000000
1684926195.810807,0.000000
1684926195.829892,0.000000
1684926195.846864,0.000000
1684926195.849898,0.000000
1684926195.870017,0.000000
1684926195.889768,0.000000
1684926195.909889,0.000000
1684926195.929836,0.000000
1684926195.950155,0.000000
1684926195.969959,0.000000
1684926195.990123,0.000000
1684926196.010393,0.000000
1684926196.030395,0.000000
1684926196.046379,0.000000
1684926196.046454,0.000000
1684926196.050478,0.000000
1684926196.070523,0.000000
1684926196.089585,0.000000
1684926196.109751,0.000000
1684926196.129903,0.000000
1684926196.149977,0.000000
1684926196.170131,0.000000
1684926196.190224,0.000000
1684926196.210552,0.000000
1684926196.229554,0.000000
1684926196.246562,0.000000
1684926196.249612,0.000000
1684926196.269694,0.000000
1684926196.289799,0.000000
1684926196.309896,0.000000
1684926196.329887,0.000000
1684926196.349841,0.000000
1684926196.369853,0.000000
1684926196.389901,0.000000
1684926196.409907,0.000000
1684926196.429980,0.000000
1684926196.445825,0.000000
1684926196.449867,0.000000
1684926196.469900,0.000000
1684926196.489897,0.000000
1684926196.509871,0.000000
1684926196.529900,0.000000
1684926196.549804,0.000000
1684926196.569901,0.000000
1684926196.589965,0.000000
1684926196.610010,0.000000
1684926196.629907,0.000000
1684926196.645833,0.000000
1684926196.649844,0.000000
1684926196.669925,0.000000
1684926196.669926,0.000000
1684926196.689909,0.000000
1684926196.709808,0.000000
1684926196.729845,0.000000
1684926196.749851,0.000000
1684926196.769849,0.000000
1684926196.789827,0.000000
1684926196.809894,0.000000
1684926196.829956,0.000000
1684926196.844755,0.000000
1684926196.849802,0.000000
1684926196.869913,0.000000
1684926196.889960,0.000000
1684926196.889963,0.000000
1684926196.909942,0.000000
1684926196.929770,0.000000
1684926196.949915,0.000000
1684926196.969910,0.000000
1684926196.988911,0.000000
1684926197.009895,0.000000
1684926197.029704,0.000000
1684926197.044546,0.000000
1684926197.049600,0.000000
1684926197.068893,0.000000
1684926197.088930,0.000000
1684926197.109910,0.000000
1684926197.109986,0.000000
1684926197.129593,0.000000
1684926197.148935,0.000000
1684926197.169870,0.000000
1684926197.189922,0.000000
1684926197.209857,0.000000
1684926197.229498,0.000000
1684926197.244314,0.000000
1684926197.249388,0.000000
1684926197.268948,0.000000
1684926197.288919,0.000000
1684926197.309941,0.000000
1684926197.329473,0.000000
1684926197.348931,0.000000
1684926197.368922,0.000000
1684926197.388851,0.000000
1684926197.408943,0.000000
1684926197.429228,0.000000
1684926197.444134,0.000000
1684926197.449312,0.000000
1684926197.468980,0.000000
1684926197.490016,0.000000
1684926197.509996,0.000000
1684926197.529808,0.000000
1684926197.549971,0.000000
1684926197.550066,0.000000
1684926197.568948,0.000000
1684926197.588875,0.000000
1684926197.608897,0.000000
1684926197.629793,0.000000
1684926197.644724,0.000000
1684926197.649792,0.000000
1684926197.669793,0.000000
1684926197.689763,0.000000
1684926197.709793,0.000000
1684926197.729906,0.000000
1684926197.749820,0.000000
1684926197.769042,0.000000
1684926197.789856,0.000000
1684926197.809320,0.000000
1684926197.829841,0.000000
1684926197.843778,0.000000
1684926197.847900,0.000000
1684926197.868779,0.000000
1684926197.887760,0.000000
1684926197.907913,0.000000
1684926197.929984,0.000000
1684926197.950023,0.000000
1684926197.970127,0.000000
1684926197.987885,0.000000
1684926198.007938,0.000000
1684926198.027959,0.000000
1684926198.043839,0.000000
1684926198.047969,0.000000
1684926198.067917,0.000000
1684926198.087909,0.000000
1684926198.109898,0.000000
1684926198.129941,0.000000
1684926198.149093,0.000000
1684926198.167993,0.000000
1684926198.190049,0.000000
1684926198.207964,0.000000
1684926198.229061,0.000000
1684926198.243929,0.000000
1684926198.249990,0.000000
1684926198.269983,0.000000
1684926198.289992,0.000000
1684926198.309920,0.000000
1684926198.328094,0.000000
1684926198.348060,0.000000
1684926198.367973,0.000000
1684926198.368070,0.000000
1684926198.388133,0.000000
1684926198.407973,0.000000
1684926198.428066,0.000000
1684926198.443998,0.000000
1684926198.448053,0.000000
1684926198.467926,0.000000
1684926198.487927,0.000000
1684926198.507883,0.000000
1684926198.528172,0.000000
1684926198.548121,0.000000
1684926198.567961,0.000000
1684926198.586973,0.000000
1684926198.607936,0.000000
1684926198.626981,0.000000
1684926198.642883,0.000000
1684926198.648061,0.000000
1684926198.667067,0.000000
1684926198.686994,0.000000
1684926198.707284,0.000000
1684926198.727065,0.000000
1684926198.747254,0.000000
1684926198.767948,0.000000
1684926198.786989,0.000000
1684926198.806931,0.000000
1684926198.826926,0.000000
1684926198.842698,0.000000
1684926198.846977,0.000000
1684926198.867043,0.000000
1684926198.887022,0.000000
1684926198.906937,0.000000
1684926198.927100,0.000000
1684926198.947378,0.000000
1684926198.966957,0.000000
1684926198.986955,0.000000
1684926199.006963,0.000000
1684926199.026971,0.000000
1684926199.042621,0.000000
1684926199.046978,0.000000
1684926199.066940,0.000000
1684926199.087011,0.000000
1684926199.106980,0.000000
1684926199.127004,0.000000
1684926199.147149,0.000000
1684926199.167257,0.000000
1684926199.187354,0.000000
1684926199.207060,0.000000
1684926199.227380,0.000000
1684926199.242254,0.000000
1684926199.246317,0.000000
1684926199.266960,0.000000
1684926199.287014,0.000000
1684926199.307101,0.000000
1684926199.327217,0.000000
1684926199.346404,0.000000
1684926199.366519,0.000000
1684926199.386566,0.000000
1684926199.406614,0.000000
1684926199.426589,0.000000
1684926199.442120,0.000000
1684926199.446548,0.000000
1684926199.466565,0.000000
1684926199.486563,0.000000
1684926199.506967,0.000000
1684926199.526605,0.000000
1684926199.546609,0.000000
1684926199.566637,0.000000
1684926199.586607,0.000000
1684926199.606693,0.000000
1684926199.626842,0.000000
1684926199.641834,0.000000
1684926199.646675,0.000000
1684926199.667072,0.000000
1684926199.668955,0.000000
1684926199.687056,0.000000
1684926199.706967,0.000000
1684926199.727008,0.000000
1684926199.747877,0.000000
1684926199.768120,0.000000
1684926199.787024,0.000000
1684926199.806064,0.000000
1684926199.826095,0.000000
1684926199.841652,0.000000
1684926199.845861,0.000000
1684926199.866046,0.000000
1684926199.886063,0.000000
1684926199.905999,0.000000
1684926199.926003,0.000000
1684926199.945899,0.000000
1684926199.949364,0.000000
1684926199.965971,0.000000
1684926199.986066,0.000000
1684926200.006087,0.000000
1684926200.026092,0.000000
1684926200.042148,0.000000
1684926200.046089,0.000000
1684926200.066145,0.000000
1684926200.086120,0.000000
1684926200.106212,0.000000
1684926200.126119,0.000000
1684926200.146142,0.000000
1684926200.166160,0.000000
1684926200.186166,0.000000
1684926200.206183,0.000000
1684926200.226207,0.000000
1684926200.241419,0.000000
1684926200.246246,0.000000
1684926200.266180,0.000000
1684926200.286284,0.000000
1684926200.306261,0.000000
1684926200.325510,0.000000
1684926200.346308,0.000000
1684926200.365320,0.000000
1684926200.385412,0.000000
1684926200.405545,0.000000
1684926200.425729,0.000000
1684926200.441863,0.000000
1684926200.445908,0.000000
1684926200.465871,0.000000
1684926200.485971,0.000000
1684926200.505112,0.000000
1684926200.525242,0.000000
1684926200.545436,0.000000
1684926200.565459,0.000000
1684926200.585581,0.000000
1684926200.604971,0.000000
1684926200.626081,0.000000
1684926200.641452,0.000000
1684926200.646241,0.000000
1684926200.666435,0.000000
1684926200.686462,0.000000
1684926200.705478,0.000000
1684926200.725567,0.000000
1684926200.745650,0.000000
1684926200.765603,0.000000
1684926200.785607,0.000000
1684926200.805601,0.000000
1684926200.825623,0.000000
1684926200.840680,0.000000
1684926200.845626,0.000000
1684926200.865624,0.000000
1684926200.885719,0.000000
1684926200.904552,0.000000
1684926200.924517,0.000000
1684926200.944501,0.000000
1684926200.964496,0.000000
1684926200.984496,0.000000
1684926201.004579,0.000000
1684926201.024444,0.000000
1684926201.040751,0.000000
1684926201.044423,0.000000
1684926201.064375,0.000000
1684926201.084364,0.000000
1684926201.104344,0.000000
1684926201.124318,0.000000
1684926201.144294,0.000000
1684926201.164276,0.000000
1684926201.184246,0.000000
1684926201.204230,0.000000
1684926201.224211,0.000000
1684926201.240840,0.000000
1684926201.244205,0.000000
1684926201.264292,0.000000
1684926201.284155,0.000000
1684926201.304146,0.000000
1684926201.324131,0.000000
1684926201.344095,0.000000
1684926201.364085,0.000000
1684926201.384068,0.000000
1684926201.404063,0.000000
1684926201.424007,0.000000
1684926201.441024,0.000000
1684926201.444138,0.000000
1684926201.463957,0.000000
1684926201.483960,0.000000
1684926201.503905,0.000000
1684926201.516997,1.000000
1684926201.523903,1.000000
1684926201.537023,0.000000
1684926201.543954,0.000000
1684926201.563834,0.000000
1684926201.577084,1.000000
1684926201.583825,1.000000
1684926201.603814,1.000000
1684926201.617088,1.000000
1684926201.623792,1.000000
1684926201.643772,1.000000
1684926201.657041,2.000000
1684926201.663753,2.000000
1684926201.683807,2.000000
1684926201.697289,2.000000
1684926201.703790,3.066667
1684926201.723707,3.333333
1684926201.737086,3.333333
1684926201.743709,3.633333
1684926201.763651,3.966667
1684926201.777114,3.966667
1684926201.783619,4.133333
1684926201.803604,4.266667
1684926201.817120,4.266667
1684926201.823586,4.566667
1684926201.838122,4.566667
1684926201.843610,4.833333
1684926201.863523,4.900000
1684926201.878166,4.900000
1684926201.878171,4.900000
1684926201.883502,5.266667
1684926201.903665,5.466667
1684926201.918150,5.466667
1684926201.923545,5.500000
1684926201.938209,5.500000
1684926201.943915,5.966667
1684926201.963983,6.066667
1684926201.978198,6.066667
1684926201.984094,6.133333
1684926202.004341,6.400000
1684926202.018254,6.400000
1684926202.024320,6.700000
1684926202.043533,6.833333
1684926202.058275,6.833333
1684926202.063551,7.000000
1684926202.083720,7.333333
1684926202.083800,7.333333
1684926202.097279,7.333333
1684926202.104189,7.400000
1684926202.123884,7.633333
1684926202.138245,7.633333
1684926202.144094,7.966667
1684926202.155221,7.966667
1684926202.164174,8.066667
1684926202.184257,8.266666
1684926202.195297,8.266666
1684926202.203229,8.400000
1684926202.223161,8.700000
1684926202.235561,8.700000
1684926202.243179,8.900000
1684926202.263117,9.066667
1684926202.275904,9.066667
1684926202.283113,9.466666
1684926202.303071,9.500000
1684926202.316001,9.500000
1684926202.323048,9.766666
1684926202.343090,10.066667
1684926202.355232,10.066667
1684926202.363014,10.333333
1684926202.383019,10.266666
1684926202.395431,10.266666
1684926202.403031,10.566667
1684926202.422944,10.633333
1684926202.437710,10.633333
1684926202.443069,10.766666
1684926202.462928,11.066667
1684926202.474865,11.066667
1684926202.482990,11.333333
1684926202.494888,11.333333
1684926202.502877,11.500000
1684926202.522926,11.633333
1684926202.534914,11.633333
1684926202.542818,11.966666
1684926202.562802,12.000000
1684926202.574796,12.000000
1684926202.582801,12.200000
1684926202.602851,12.466666
1684926202.622763,12.500000
1684926202.634705,12.500000
1684926202.642839,12.633333
1684926202.662717,12.833333
1684926202.674666,12.833333
1684926202.682774,12.833333
1684926202.702754,12.900000
1684926202.714645,12.900000
1684926202.722700,13.066667
1684926202.742627,13.000000
1684926202.762613,13.133333
1684926202.782597,13.333333
1684926202.782677,13.333333
1684926202.802565,13.333333
1684926202.822553,13.400000
1684926202.842532,13.400000
1684926202.862500,13.566667
1684926202.882564,13.500000
1684926202.885287,13.500000
1684926202.902452,13.700000
1684926202.914568,13.700000
1684926202.922428,13.700000
1684926202.942452,13.766666
1684926202.954366,13.766666
1684926202.962390,13.766666
1684926202.982569,13.833333
1684926202.994361,13.833333
1684926203.002347,13.833333
1684926203.022345,13.900000
1684926203.034356,13.900000
1684926203.042447,13.966666
1684926203.062411,13.900000
1684926203.082393,14.000000
1684926203.102325,14.066667
1684926203.122303,14.200000
1684926203.142367,14.133333
1684926203.162431,14.266666
1684926203.182437,14.333333
1684926203.202415,14.133333
1684926203.222414,14.066667
1684926203.234108,14.066667
1684926203.242415,14.066667
1684926203.262336,14.133333
1684926203.282376,14.000000
1684926203.283200,14.000000
1684926203.298316,14.000000
1684926203.302368,13.700000
1684926203.322444,13.700000
1684926203.338358,13.700000
1684926203.342380,13.900000
1684926203.345285,13.900000
1684926203.362444,14.066667
1684926203.378384,14.066667
1684926203.382449,14.000000
1684926203.385318,14.000000
1684926203.402410,14.133333
1684926203.402413,14.133333
1684926203.418382,14.133333
1684926203.422435,14.200000
1684926203.442465,14.333333
1684926203.462391,14.400000
1684926203.482403,14.400000
1684926203.502416,14.566667
1684926203.522408,14.500000
1684926203.542383,14.833333
1684926203.562395,14.833333
1684926203.578446,14.833333
1684926203.582505,14.900000
1684926203.602739,15.000000
1684926203.618364,15.000000
1684926203.621767,15.200000
1684926203.641733,15.333333
1684926203.658322,15.333333
1684926203.662459,15.400000
1684926203.681720,15.566667
1684926203.701773,15.633333
1684926203.701831,15.633333
1684926203.721753,15.766666
1684926203.741773,15.966666
1684926203.757886,15.966666
1684926203.761857,16.200001
1684926203.782048,16.133333
1684926203.798035,16.133333
1684926203.802088,16.400000
1684926203.822173,16.566668
1684926203.838341,16.566668
1684926203.842456,16.500000
1684926203.862436,16.833334
1684926203.881437,16.966667
1684926203.881438,16.966667
1684926203.901531,17.000000
1684926203.921417,17.133333
1684926203.938389,17.133333
1684926203.941481,17.333334
1684926203.961427,17.466667
1684926203.978667,17.466667
1684926203.981386,17.633333
1684926204.001514,17.700001
1684926204.018500,17.700001
1684926204.021468,17.766666
1684926204.041468,17.900000
1684926204.061527,18.066668
1684926204.081421,18.066668
1684926204.101426,18.133333
1684926204.121442,18.133333
1684926204.141446,18.200001
1684926204.161446,18.266666
1684926204.181445,18.333334
1684926204.201447,18.333334
1684926204.218515,18.333334
1684926204.221466,18.266666
1684926204.238390,18.266666
1684926204.241428,18.400000
1684926204.258435,18.400000
1684926204.261499,18.333334
1684926204.281487,18.333334
1684926204.298493,18.333334
1684926204.301512,18.266666
1684926204.321471,18.333334
1684926204.337397,18.333334
1684926204.341463,18.266666
1684926204.361407,18.266666
1684926204.381510,18.333334
1684926204.401459,18.333334
1684926204.421407,18.266666
1684926204.437458,18.266666
1684926204.441469,18.400000
1684926204.461866,18.466667
1684926204.477389,18.466667
1684926204.481467,18.400000
1684926204.501518,18.466667
1684926204.518518,18.466667
1684926204.521474,18.466667
1684926204.541452,18.400000
1684926204.561513,18.400000
1684926204.581616,18.466667
1684926204.601542,18.466667
1684926204.601657,18.466667
1684926204.621513,18.400000
1684926204.641462,18.466667
1684926204.661413,18.400000
1684926204.681513,18.400000
1684926204.701421,18.466667
1684926204.718430,18.466667
1684926204.721480,18.466667
1684926204.741494,18.400000
1684926204.761569,18.400000
1684926204.781686,18.466667
1684926204.801460,18.500000
1684926204.821430,18.566668
1684926204.841444,18.566668
1684926204.861474,18.500000
1684926204.881450,18.500000
1684926204.901474,18.566668
1684926204.918477,18.566668
1684926204.921500,18.566668
1684926204.941597,18.500000
1684926204.961479,18.566668
1684926204.981530,18.500000
1684926204.981737,18.500000
1684926205.001433,18.500000
1684926205.021454,18.566668
1684926205.041473,18.566668
1684926205.061509,18.500000
1684926205.081558,18.500000
1684926205.101489,18.566668
1684926205.118493,18.566668
1684926205.121502,18.500000
1684926205.141599,18.566668
1684926205.161521,18.566668
1684926205.181413,18.500000
1684926205.201521,18.500000
1684926205.224933,18.700001
1684926205.241666,18.700001
1684926205.261746,18.500000
1684926205.281042,18.700001
1684926205.301048,18.633333
1684926205.318050,18.633333
1684926205.321097,18.633333
1684926205.341256,18.700001
1684926205.361295,18.700001
1684926205.381425,18.500000
1684926205.401595,18.500000
1684926205.421677,18.700001
1684926205.441816,18.633333
1684926205.461883,18.700001
1684926205.480984,18.566668
1684926205.501238,18.500000
1684926205.518234,18.500000
1684926205.521233,18.500000
1684926205.541369,18.566668
1684926205.561470,18.566668
1684926205.581566,18.500000
1684926205.601490,18.566668
1684926205.621473,18.500000
1684926205.641512,18.500000
1684926205.661548,18.566668
1684926205.681480,18.566668
1684926205.701573,18.500000
1684926205.715503,18.500000
1684926205.721664,18.500000
1684926205.739542,18.566668
1684926205.759527,18.500000
1684926205.781431,18.566668
1684926205.801549,18.566668
1684926205.821462,18.500000
1684926205.841526,18.500000
1684926205.862001,18.700001
1684926205.882504,18.700001
1684926205.902104,18.766666
1684926205.915305,18.766666
1684926205.922486,18.833334
1684926205.942035,18.766666
1684926205.962526,18.900000
1684926205.982522,19.066668
1684926206.001705,19.066668
1684926206.022004,19.133333
1684926206.042032,19.266666
1684926206.062022,19.333334
1684926206.062104,19.333334
1684926206.079551,19.400000
1684926206.095125,19.400000
1684926206.100157,19.566668
1684926206.119985,19.700001
1684926206.135061,19.700001
1684926206.140114,19.766666
1684926206.159508,19.900000
1684926206.175017,19.900000
1684926206.180074,19.966667
1684926206.199697,20.200001
1684926206.220050,20.133333
1684926206.240011,20.333334
1684926206.260040,20.400000
1684926206.279528,20.500000
1684926206.298900,20.566668
1684926206.318928,20.700001
1684926206.319936,20.700001
1684926206.320022,20.700001
1684926206.340009,20.900000
1684926206.359503,20.900000
1684926206.360606,20.900000
1684926206.379580,21.200001
1684926206.399665,21.400000
1684926206.400810,21.400000
1684926206.419018,21.466667
1684926206.438883,21.566668
1684926206.458812,21.766666
1684926206.479593,21.766666
1684926206.499721,21.966667
1684926206.499847,21.966667
1684926206.518675,22.066668
1684926206.538676,22.133333
1684926206.539819,22.133333
1684926206.558711,22.466667
1684926206.579805,22.500000
1684926206.580024,22.500000
1684926206.598880,22.500000
1684926206.619030,22.833334
1684926206.639119,22.966667
1684926206.659266,23.000000
1684926206.660421,23.000000
1684926206.679401,23.133333
1684926206.699532,23.200001
1684926206.699636,23.200001
1684926206.718574,23.400000
1684926206.738691,23.566668
1684926206.739822,23.566668
1684926206.758758,23.566668
1684926206.778447,23.633333
1684926206.778447,23.633333
1684926206.799224,23.766666
1684926206.818409,23.700001
1684926206.838481,23.833334
1684926206.858493,23.900000
1684926206.878683,23.966667
1684926206.898541,24.000000
1684926206.899694,24.000000
1684926206.918602,24.133333
1684926206.938529,24.333334
1684926206.939678,24.333334
1684926206.958516,24.466667
1684926206.978519,24.466667
1684926206.979640,24.500000
1684926206.998537,24.633333
1684926207.018555,24.833334
1684926207.038591,24.900000
1684926207.058610,25.200001
1684926207.059667,25.200001
1684926207.078539,25.333334
1684926207.098561,25.400000
1684926207.099685,25.400000
1684926207.118619,25.500000
1684926207.138549,25.700001
1684926207.139675,25.700001
1684926207.158565,25.700001
1684926207.178630,25.766666
1684926207.198592,25.966667
1684926207.218580,26.000000
1684926207.238497,26.133333
1684926207.239651,26.133333
1684926207.258767,26.200001
1684926207.278538,26.466667
1684926207.279599,26.466667
1684926207.298595,26.400000
1684926207.318560,26.500000
1684926207.319687,26.500000
1684926207.338519,26.566668
1684926207.358498,26.633333
1684926207.378476,26.833334
1684926207.398526,26.966667
1684926207.418460,27.000000
1684926207.438516,27.000000
1684926207.458560,27.200001
1684926207.459696,27.200001
1684926207.478543,27.333334
1684926207.498459,27.400000
1684926207.499587,27.400000
1684926207.518525,27.566668
1684926207.538629,27.500000
1684926207.539741,27.500000
1684926207.558518,27.633333
1684926207.578459,27.966667
1684926207.598441,27.966667
1684926207.618443,28.000000
1684926207.638473,28.000000
1684926207.658421,28.066668
1684926207.678442,28.133333
1684926207.698461,28.200001
1684926207.699599,28.200001
1684926207.717484,28.333334
1684926207.738564,28.266666
1684926207.739676,28.266666
1684926207.757621,28.400000
1684926207.778560,28.466667
1684926207.779699,28.466667
1684926207.797590,28.466667
1684926207.817683,28.400000
1684926207.837565,28.466667
1684926207.857773,28.500000
1684926207.877397,28.500000
1684926207.897362,28.700001
1684926207.917369,28.566668
1684926207.937418,28.633333
1684926207.957373,28.633333
1684926207.977409,28.633333
1684926207.978542,28.700001
1684926207.997528,28.766666
1684926208.017612,28.833334
1684926208.037716,28.833334
1684926208.057249,28.900000
1684926208.077975,28.766666
1684926208.098087,28.966667
1684926208.117965,28.966667
1684926208.137371,28.900000
1684926208.157471,28.966667
1684926208.177616,28.900000
1684926208.178753,28.900000
1684926208.197656,29.000000
1684926208.217973,29.066668
1684926208.237864,29.066668
1684926208.257979,29.000000
1684926208.277125,29.133333
1684926208.298216,29.200001
1684926208.317310,29.133333
1684926208.337488,29.333334
1684926208.338640,29.333334
1684926208.357531,29.333334
1684926208.377701,29.333334
1684926208.378844,29.400000
1684926208.397823,29.400000
1684926208.417911,29.400000
1684926208.419050,29.566668
1684926208.438038,29.566668
1684926208.458172,29.633333
1684926208.478290,29.700001
1684926208.498284,29.633333
1684926208.518295,29.633333
1684926208.538293,29.700001
1684926208.558318,29.700001
1684926208.578291,29.766666
1684926208.598285,29.900000
1684926208.618328,29.900000
1684926208.619496,29.966667
1684926208.638433,29.900000
1684926208.658406,29.966667
1684926208.678433,29.966667
1684926208.698433,29.900000
1684926208.718477,29.900000
1684926208.738232,30.066668
1684926208.758231,30.066668
1684926208.778256,30.133333
1684926208.798223,30.200001
1684926208.818283,30.133333
1684926208.819403,30.133333
1684926208.837226,30.266666
1684926208.858271,30.333334
1684926208.859444,30.333334
1684926208.877259,30.466667
1684926208.898293,30.400000
1684926208.899424,30.400000
1684926208.917315,30.500000
1684926208.938332,30.466667
1684926208.939473,30.466667
1684926208.957360,30.400000
1684926208.977405,30.700001
1684926208.998442,30.700001
1684926209.017197,30.400000
1684926209.037155,30.400000
1684926209.057177,30.700001
1684926209.077409,30.566668
1684926209.098164,30.500000
1684926209.117166,30.566668
1684926209.138184,30.500000
1684926209.138249,30.500000
1684926209.157209,30.400000
1684926209.177189,30.466667
1684926209.198234,30.466667
1684926209.217232,30.266666
1684926209.237295,30.266666
1684926209.257312,30.466667
1684926209.277381,30.633333
1684926209.298117,30.700001
1684926209.317141,30.700001
1684926209.320337,30.700001
1684926209.337123,30.133333
1684926209.357117,30.133333
1684926209.360434,30.133333
1684926209.377133,30.566668
1684926209.398105,30.566668
1684926209.400113,30.566668
1684926209.417158,30.400000
1684926209.437121,30.466667
1684926209.440357,30.466667
1684926209.457166,30.400000
1684926209.477188,30.400000
1684926209.498285,30.566668
1684926209.517437,30.566668
1684926209.537258,30.500000
1684926209.557305,30.500000
1684926209.577378,30.700001
1684926209.598075,30.633333
1684926209.616083,30.566668
1684926209.636051,30.466667
1684926209.640393,30.466667
1684926209.656044,30.500000
1684926209.676047,30.633333
1684926209.697056,30.700001
1684926209.716056,30.700001
1684926209.736050,30.500000
1684926209.756078,30.566668
1684926209.776092,30.400000
1684926209.798170,30.266666
1684926209.817178,30.466667
1684926209.837250,30.566668
1684926209.839251,30.566668
1684926209.857611,30.266666
1684926209.859675,30.266666
1684926209.876297,30.266666
1684926209.879401,30.266666
1684926209.897522,30.466667
1684926209.899167,30.466667
1684926209.899805,30.466667
1684926209.915618,30.266666
1684926209.935641,30.333334
1684926209.939092,30.333334
1684926209.955789,30.333334
1684926209.975891,30.133333
1684926209.979064,30.133333
1684926209.998004,30.266666
1684926210.016132,30.066668
1684926210.036263,30.066668
1684926210.056409,30.133333
1684926210.077664,30.200001
1684926210.097589,30.133333
1684926210.117747,30.133333
1684926210.135829,30.066668
1684926210.158014,29.966667
1684926210.177969,29.900000
1684926210.179109,29.900000
1684926210.197962,29.900000
1684926210.214837,29.966667
1684926210.234838,29.900000
1684926210.254777,29.833334
1684926210.274781,29.700001
1684926210.294739,29.633333
1684926210.314715,29.633333
1684926210.334698,29.700001
1684926210.354676,29.833334
1684926210.374674,29.766666
1684926210.379779,29.766666
1684926210.394682,29.700001
1684926210.414727,29.633333
1684926210.434598,29.633333
1684926210.454581,29.700001
1684926210.474694,29.566668
1684926210.494695,29.633333
1684926210.514551,29.500000
1684926210.534476,29.566668
1684926210.554467,29.400000
1684926210.574453,29.466667
1684926210.578510,29.466667
1684926210.594430,29.466667
1684926210.614410,29.400000
1684926210.634396,29.400000
1684926210.654388,29.466667
1684926210.654478,29.466667
1684926210.674345,29.466667
1684926210.694335,29.400000
1684926210.714303,29.333334
1684926210.734284,29.400000
1684926210.754273,29.400000
1684926210.774282,29.333334
1684926210.778415,29.333334
1684926210.794207,29.466667
1684926210.814209,29.266666
1684926210.815126,29.266666
1684926210.834198,29.400000
1684926210.854165,29.333334
1684926210.874180,29.266666
1684926210.894115,29.333334
1684926210.898180,29.333334
1684926210.914137,29.200001
1684926210.918157,29.200001
1684926210.934092,29.266666
1684926210.954087,29.266666
1684926210.958128,29.266666
1684926210.974826,29.200001
1684926210.994888,29.200001
1684926210.998907,29.200001
1684926211.014165,29.133333
1684926211.034853,29.200001
1684926211.038893,29.200001
1684926211.054850,29.133333
1684926211.074017,29.133333
1684926211.094224,29.200001
1684926211.114287,29.066668
1684926211.134402,29.133333
1684926211.154880,29.133333
1684926211.174723,29.200001
1684926211.194768,29.000000
1684926211.213877,29.066668
1684926211.233872,29.066668
1684926211.234010,29.066668
1684926211.237873,29.066668
1684926211.253896,29.000000
1684926211.273724,29.000000
1684926211.293686,29.066668
1684926211.313686,29.066668
1684926211.333684,29.000000
1684926211.353875,29.066668
1684926211.373620,29.000000
1684926211.393610,29.000000
1684926211.413573,29.066668
1684926211.433563,29.066668
1684926211.438727,29.066668
1684926211.453912,29.000000
1684926211.473587,29.000000
1684926211.493506,29.066668
1684926211.513477,29.000000
1684926211.533472,29.066668
1684926211.553966,29.066668
1684926211.573402,29.000000
1684926211.593461,29.000000
1684926211.613384,29.066668
1684926211.633336,29.066668
1684926211.638692,29.066668
1684926211.653980,29.000000
1684926211.673324,29.066668
1684926211.693290,29.000000
1684926211.713289,29.000000
1684926211.733229,29.066668
1684926211.753993,29.066668
1684926211.773211,29.000000
1684926211.793188,29.000000
1684926211.813157,28.966667
1684926211.833128,28.900000
1684926211.837890,28.900000
1684926211.854008,28.966667
1684926211.873093,28.966667
1684926211.893086,28.900000
1684926211.913073,28.900000
1684926211.933028,28.966667
1684926211.953016,28.966667
1684926211.973044,28.900000
1684926211.993032,28.966667
1684926212.013010,28.900000
1684926212.033005,28.766666
1684926212.037652,28.766666
1684926212.053049,28.833334
1684926212.073038,28.966667
1684926212.093055,28.900000
1684926212.113052,28.766666
1684926212.133285,28.833334
1684926212.153295,28.766666
1684926212.173749,28.700001
1684926212.193689,28.833334
1684926212.213549,28.766666
1684926212.232738,28.766666
1684926212.237592,28.766666
1684926212.252924,28.700001
1684926212.272990,28.700001
1684926212.293116,28.633333
1684926212.313567,28.700001
1684926212.333341,28.500000
1684926212.353466,28.633333
1684926212.372572,28.700001
1684926212.392871,28.566668
1684926212.412807,28.500000
1684926212.432911,28.500000
1684926212.436898,28.500000
1684926212.453116,28.566668
1684926212.473148,28.500000
1684926212.493208,28.566668
1684926212.513134,28.566668
1684926212.533143,28.400000
1684926212.553164,28.400000
1684926212.573201,28.566668
1684926212.593161,28.566668
1684926212.613205,28.400000
1684926212.633140,28.466667
1684926212.637260,28.466667
1684926212.653167,28.500000
1684926212.673206,28.400000
1684926212.693290,28.466667
1684926212.713189,28.466667
1684926212.733486,28.266666
1684926212.753199,28.500000
1684926212.773284,28.566668
1684926212.780698,28.566668
1684926212.793209,28.133333
1684926212.800536,28.133333
1684926212.813201,28.466667
1684926212.832244,28.566668
1684926212.840783,28.566668
1684926212.853199,28.400000
1684926212.873211,28.400000
1684926212.880727,28.400000
1684926212.893219,28.566668
1684926212.913220,28.700001
1684926212.933284,28.633333
1684926212.953263,28.466667
1684926212.973222,28.633333
1684926212.993233,29.000000
1684926213.013281,28.700001
1684926213.033261,28.466667
1684926213.053288,28.500000
1684926213.073262,28.633333
1684926213.080721,28.633333
1684926213.093262,28.700001
1684926213.093258,28.700001
1684926213.100720,28.700001
1684926213.113311,28.133333
1684926213.120727,28.133333
1684926213.133245,28.200001
1684926213.153280,28.966667
1684926213.160485,28.966667
1684926213.172290,28.633333
1684926213.179727,28.633333
1684926213.193275,28.133333
1684926213.193300,28.133333
1684926213.200575,28.133333
1684926213.213282,28.333334
1684926213.233305,28.333334
1684926213.239660,28.333334
1684926213.253278,28.266666
1684926213.273289,28.333334
1684926213.279635,28.333334
1684926213.293297,28.000000
1684926213.299887,28.000000
1684926213.312917,28.266666
1684926213.332952,28.566668
1684926213.339541,28.566668
1684926213.352585,28.200001
1684926213.372703,28.133333
1684926213.379524,28.133333
1684926213.392856,28.133333
1684926213.400411,28.133333
1684926213.412976,28.066668
1684926213.433104,28.000000
1684926213.439455,28.000000
1684926213.453198,28.066668
1684926213.473330,27.966667
1684926213.479473,27.966667
1684926213.493348,28.000000
1684926213.513386,28.000000
1684926213.533340,28.066668
1684926213.553380,27.966667
1684926213.573448,27.900000
1684926213.593353,27.966667
1684926213.613451,27.900000
1684926213.631274,27.766666
1684926213.651252,27.833334
1684926213.671230,27.966667
1684926213.679311,27.966667
1684926213.691221,27.633333
1684926213.711171,27.633333
1684926213.731216,27.833334
1684926213.751144,27.766666
1684926213.771130,27.833334
1684926213.791120,27.833334
1684926213.811086,27.766666
1684926213.831067,27.766666
1684926213.851033,27.833334
1684926213.871007,27.833334
1684926213.879131,27.833334
1684926213.890985,27.766666
1684926213.910982,27.833334
1684926213.930938,27.900000
1684926213.950943,27.766666
1684926213.970899,27.700001
1684926213.990884,27.833334
1684926214.010863,27.633333
1684926214.030836,27.766666
1684926214.050838,27.966667
1684926214.070837,27.766666
1684926214.079388,27.766666
1684926214.090848,27.700001
1684926214.110750,27.833334
1684926214.130738,27.633333
1684926214.150720,27.766666
1684926214.170718,27.833334
1684926214.190717,27.700001
1684926214.210665,27.633333
1684926214.230647,27.700001
1684926214.250616,27.633333
1684926214.270610,27.633333
1684926214.279230,27.633333
1684926214.290588,27.566668
1684926214.310556,27.566668
1684926214.330629,27.500000
1684926214.350528,27.500000
1684926214.370492,27.566668
1684926214.390641,27.500000
1684926214.410609,27.466667
1684926214.430645,27.466667
1684926214.450403,27.500000
1684926214.470382,27.500000
1684926214.479198,27.500000
1684926214.490359,27.466667
1684926214.510342,27.466667
1684926214.530347,27.400000
1684926214.550337,27.466667
1684926214.570285,27.400000
1684926214.590269,27.500000
1684926214.610246,27.466667
1684926214.630219,27.466667
1684926214.650204,27.633333
1684926214.670427,27.400000
1684926214.678309,27.400000
1684926214.690920,27.466667
1684926214.710676,27.400000
1684926214.718358,27.400000
1684926214.730880,27.066668
1684926214.738154,27.066668
1684926214.750880,27.200001
1684926214.770960,27.266666
1684926214.779161,27.266666
1684926214.790950,27.133333
1684926214.798116,27.133333
1684926214.810843,27.066668
1684926214.818123,27.066668
1684926214.830959,27.200001
1684926214.850966,27.133333
1684926214.858096,27.133333
1684926214.870275,26.966667
1684926214.890266,27.000000
1684926214.898276,27.000000
1684926214.910844,27.000000
1684926214.931218,27.066668
1684926214.938411,27.066668
1684926214.950860,26.966667
1684926214.970388,26.900000
1684926214.989846,26.766666
1684926215.010222,26.833334
1684926215.030154,27.000000
1684926215.049871,26.966667
1684926215.069868,26.700001
1684926215.089866,26.900000
1684926215.110096,26.900000
1684926215.130151,26.966667
1684926215.138180,26.966667
1684926215.150006,27.066668
1684926215.169947,26.766666
1684926215.170106,26.766666
1684926215.189993,26.966667
1684926215.210069,26.900000
1684926215.230090,26.766666
1684926215.250105,26.966667
1684926215.270092,26.833334
1684926215.290101,26.766666
1684926215.309951,26.766666
1684926215.330103,26.700001
1684926215.337970,26.700001
1684926215.350119,26.766666
1684926215.370142,26.833334
1684926215.390170,26.700001
1684926215.410082,26.400000
1684926215.430155,26.500000
1684926215.450183,26.833334
1684926215.470164,26.700001
1684926215.490153,26.633333
1684926215.510037,26.700001
1684926215.530168,26.500000
1684926215.537926,26.500000
1684926215.550185,26.633333
1684926215.570189,26.700001
1684926215.590296,26.700001
1684926215.610137,26.500000
1684926215.629249,26.500000
1684926215.649231,26.566668
1684926215.669246,26.400000
1684926215.690134,26.566668
1684926215.710099,26.466667
1684926215.730259,26.500000
1684926215.738003,26.500000
1684926215.750252,26.500000
1684926215.769348,26.466667
1684926215.789096,26.466667
1684926215.808980,26.400000
1684926215.829009,26.466667
1684926215.849251,26.400000
1684926215.869279,26.400000
1684926215.889476,26.333334
1684926215.909357,26.333334
1684926215.929646,26.400000
1684926215.937904,26.400000
1684926215.949023,26.266666
1684926215.969131,26.333334
1684926215.989311,26.266666
1684926216.009230,26.333334
1684926216.028923,26.333334
1684926216.048888,26.266666
1684926216.069111,26.266666
1684926216.089146,26.333334
1684926216.108941,26.333334
1684926216.129060,26.133333
1684926216.138061,26.133333
1684926216.149284,26.333334
1684926216.168965,26.133333
1684926216.188930,26.133333
1684926216.209170,26.200001
1684926216.229000,26.200001
1684926216.249012,26.133333
1684926216.268923,26.133333
1684926216.288913,26.200001
1684926216.301006,26.200001
1684926216.309157,26.000000
1684926216.328948,26.066668
1684926216.341027,26.066668
1684926216.348886,26.200001
1684926216.361060,26.200001
1684926216.369177,26.000000
1684926216.381093,26.000000
1684926216.389215,26.133333
1684926216.401118,26.133333
1684926216.408753,26.066668
1684926216.421066,26.066668
1684926216.421238,26.066668
1684926216.429252,26.200001
1684926216.441091,26.200001
1684926216.449218,26.000000
1684926216.468992,26.066668
1684926216.481013,26.066668
1684926216.488992,26.000000
1684926216.508280,26.000000
1684926216.521132,26.000000
1684926216.528880,26.066668
1684926216.529188,26.066668
1684926216.548903,26.066668
1684926216.568966,26.000000
1684926216.588937,26.000000
1684926216.608189,26.066668
1684926216.628865,26.000000
1684926216.648986,26.066668
1684926216.668877,25.966667
1684926216.688902,25.900000
1684926216.708932,25.900000
1684926216.720482,25.900000
1684926216.728923,25.966667
1684926216.748986,25.966667
1684926216.768884,25.900000
1684926216.788908,25.966667
1684926216.808219,25.900000
1684926216.827926,25.766666
1684926216.848915,25.966667
1684926216.849004,25.966667
1684926216.867888,25.833334
1684926216.888870,25.766666
1684926216.907981,25.900000
1684926216.920580,25.900000
1684926216.928938,25.833334
1684926216.947937,25.766666
1684926216.967905,25.833334
1684926216.987992,25.833334
1684926217.008217,25.766666
1684926217.028158,25.766666
1684926217.048145,25.700001
1684926217.068250,25.833334
1684926217.088243,25.633333
1684926217.108163,25.700001
1684926217.119617,25.700001
1684926217.128178,25.633333
1684926217.148166,25.766666
1684926217.168179,25.700001
1684926217.188259,25.700001
1684926217.208277,25.633333
1684926217.228255,25.633333
1684926217.248224,25.566668
1684926217.268198,25.633333
1684926217.288218,25.700001
1684926217.308220,25.566668
1684926217.319388,25.566668
1684926217.328313,25.633333
1684926217.348330,25.633333
1684926217.368232,25.566668
1684926217.388227,25.566668
1684926217.408245,25.500000
1684926217.428243,25.566668
1684926217.448231,25.500000
1684926217.468249,25.500000
1684926217.488243,25.566668
1684926217.508266,25.566668
1684926217.519277,25.566668
1684926217.527334,25.500000
1684926217.548326,25.500000
1684926217.567498,25.466667
1684926217.587599,25.500000
1684926217.607733,25.566668
1684926217.627971,25.466667
1684926217.647909,25.400000
1684926217.667983,25.400000
1684926217.688018,25.466667
1684926217.707911,25.466667
1684926217.719002,25.466667
1684926217.728019,25.266666
1684926217.747996,25.333334
1684926217.768008,25.266666
1684926217.787995,25.266666
1684926217.808048,25.333334
1684926217.826943,25.333334
1684926217.847949,25.133333
1684926217.867046,25.266666
1684926217.887067,25.200001
1684926217.907022,25.133333
1684926217.919161,25.133333
1684926217.927075,25.200001
1684926217.947002,25.200001
1684926217.966999,25.133333
1684926217.987000,25.133333
1684926218.006930,25.200001
1684926218.019059,25.200001
1684926218.027006,25.066668
1684926218.039048,25.066668
1684926218.046957,25.133333
1684926218.066937,25.066668
1684926218.079070,25.066668
1684926218.087013,25.000000
1684926218.099027,25.000000
1684926218.107205,25.000000
1684926218.126992,25.066668
1684926218.139022,25.066668
1684926218.146942,25.066668
1684926218.159186,25.066668
1684926218.166953,25.000000
1684926218.186964,25.000000
1684926218.198977,25.000000
1684926218.206996,25.066668
1684926218.226998,25.000000
1684926218.239036,25.000000
1684926218.246991,25.066668
1684926218.267058,25.066668
1684926218.287068,25.000000
1684926218.307295,25.000000
1684926218.326952,24.966667
1684926218.347006,25.066668
1684926218.367002,24.900000
1684926218.387100,24.966667
1684926218.407001,24.900000
1684926218.427012,24.900000
1684926218.439016,24.900000
1684926218.447183,24.966667
1684926218.466958,24.966667
1684926218.487021,24.900000
1684926218.506971,24.900000
1684926218.526958,24.833334
1684926218.547002,24.766666
1684926218.567025,24.966667
1684926218.587009,24.833334
1684926218.607341,24.633333
1684926218.627390,24.766666
1684926218.638093,24.766666
1684926218.647468,24.833334
1684926218.667513,24.700001
1684926218.686501,24.633333
1684926218.707433,24.700001
1684926218.726511,24.633333
1684926218.746506,24.500000
1684926218.766383,24.566668
1684926218.786509,24.566668
1684926218.806381,24.500000
1684926218.826509,24.400000
1684926218.838193,24.400000
1684926218.846535,24.466667
1684926218.866509,24.400000
1684926218.886530,24.466667
1684926218.906435,24.466667
1684926218.926531,24.400000
1684926218.946548,24.400000
1684926218.966681,24.466667
1684926218.986572,24.200001
1684926219.006427,24.400000
1684926219.026579,24.466667
1684926219.038612,24.466667
1684926219.046536,24.133333
1684926219.066559,24.400000
1684926219.086582,24.466667
1684926219.106494,24.200001
1684926219.126582,24.400000
1684926219.146590,24.400000
1684926219.166585,24.200001
1684926219.185674,24.266666
1684926219.205451,24.466667
1684926219.225570,24.333334
1684926219.238698,24.333334
1684926219.245593,24.266666
1684926219.265574,24.266666
1684926219.285599,24.333334
1684926219.305612,24.333334
1684926219.325598,24.133333
1684926219.345602,24.333334
1684926219.365600,24.266666
1684926219.385606,24.133333
1684926219.405600,24.200001
1684926219.425714,24.333334
1684926219.438134,24.333334
1684926219.445622,24.133333
1684926219.465634,24.133333
1684926219.485614,24.066668
1684926219.501445,24.066668
1684926219.505650,23.766666
1684926219.525660,23.966667
1684926219.541414,23.966667
1684926219.545644,24.066668
1684926219.561419,24.066668
1684926219.565644,23.900000
1684926219.585699,23.900000
1684926219.601422,23.900000
1684926219.605669,23.966667
1684926219.625664,23.966667
1684926219.641418,23.966667
1684926219.645662,23.900000
1684926219.665663,23.966667
1684926219.685662,23.900000
1684926219.705683,23.900000
1684926219.725672,23.833334
1684926219.745705,23.966667
1684926219.765191,23.766666
1684926219.785684,23.766666
1684926219.805709,23.833334
1684926219.825709,23.766666
1684926219.841339,23.766666
1684926219.845710,23.700001
1684926219.865734,23.833334
1684926219.885748,23.766666
1684926219.904751,23.633333
1684926219.924831,23.700001
1684926219.944962,23.700001
1684926219.965195,23.633333
1684926219.985371,23.700001
1684926220.005430,23.633333
1684926220.025416,23.633333
1684926220.042523,23.633333
1684926220.045554,23.700001
1684926220.064655,23.700001
1684926220.084544,23.633333
1684926220.105540,23.500000
1684926220.124670,23.700001
1684926220.144612,23.500000
1684926220.164530,23.566668
1684926220.184572,23.566668
1684926220.205481,23.500000
1684926220.224527,23.500000
1684926220.240362,23.500000
1684926220.245464,23.566668
1684926220.264549,23.466667
1684926220.284541,23.500000
1684926220.305334,23.466667
1684926220.324579,23.400000
1684926220.345548,23.500000
1684926220.365556,23.466667
1684926220.385569,23.466667
1684926220.385571,23.466667
1684926220.405646,23.400000
1684926220.425835,23.400000
1684926220.440126,23.400000
1684926220.445834,23.466667
1684926220.465857,23.400000
1684926220.485896,23.333334
1684926220.505968,23.333334
1684926220.525846,23.266666
1684926220.545903,23.266666
1684926220.565951,23.333334
1684926220.585871,23.333334
1684926220.605885,23.266666
1684926220.625860,23.200001
1684926220.639977,23.200001
1684926220.646046,23.266666
1684926220.665900,23.133333
1684926220.685891,23.200001
1684926220.705977,23.200001
1684926220.724912,23.133333
1684926220.744907,23.133333
1684926220.764908,23.200001
1684926220.784901,23.133333
1684926220.804914,23.200001
1684926220.824924,23.200001
1684926220.839718,23.200001
1684926220.844903,23.000000
1684926220.864931,23.133333
1684926220.884929,23.200001
1684926220.904936,23.066668
1684926220.924991,23.000000
1684926220.944935,23.066668
1684926220.964963,23.000000
1684926220.984970,23.000000
1684926221.005051,23.066668
1684926221.024960,23.066668
1684926221.039570,23.066668
1684926221.044947,23.000000
1684926221.059573,23.000000
1684926221.064918,22.900000
1684926221.084936,22.966667
1684926221.099586,22.966667
1684926221.105658,22.900000
1684926221.124926,22.966667
1684926221.139409,22.966667
1684926221.145018,22.966667
1684926221.164978,22.900000
1684926221.184940,22.900000
1684926221.204847,22.966667
1684926221.224986,22.833334
1684926221.245060,22.900000
1684926221.265012,22.833334
1684926221.285013,22.766666
1684926221.304869,22.766666
1684926221.325016,22.833334
1684926221.339261,22.833334
1684926221.344943,22.833334
1684926221.364867,22.766666
1684926221.384883,22.633333
1684926221.405354,22.833334
1684926221.424874,22.633333
1684926221.444888,22.700001
1684926221.464970,22.700001
1684926221.484934,22.633333
1684926221.505332,22.633333
1684926221.525370,22.700001
1684926221.539308,22.700001
1684926221.545366,22.700001
1684926221.565367,22.633333
1684926221.583440,22.700001
1684926221.605366,22.500000
1684926221.624578,22.500000
1684926221.644837,22.566668
1684926221.664855,22.566668
1684926221.684955,22.500000
1684926221.705356,22.500000
1684926221.725340,22.566668
1684926221.739376,22.566668
1684926221.745426,22.500000
1684926221.765480,22.566668
1684926221.785600,22.566668
1684926221.803391,22.500000
1684926221.823682,22.633333
1684926221.842716,22.700001
1684926221.862774,22.700001
1684926221.882667,22.633333
1684926221.902685,22.700001
1684926221.922669,22.766666
1684926221.939319,22.766666
1684926221.942688,22.766666
1684926221.962663,22.833334
1684926221.982690,22.966667
1684926222.003314,22.900000
1684926222.022711,22.900000
1684926222.039257,22.900000
1684926222.042718,23.066668
1684926222.064796,23.000000
1684926222.079335,23.000000
1684926222.084737,23.066668
1684926222.103314,23.066668
1684926222.119270,23.066668
1684926222.122685,23.000000
1684926222.142719,23.000000
1684926222.162682,23.066668
1684926222.182724,23.200001
1684926222.182775,23.200001
1684926222.202714,23.000000
1684926222.222726,23.200001
1684926222.242718,23.133333
1684926222.262711,23.000000
1684926222.282724,23.200001
1684926222.302703,23.200001
1684926222.319313,23.200001
1684926222.322740,23.133333
1684926222.342833,23.133333
1684926222.362727,23.200001
1684926222.382727,23.133333
1684926222.403041,23.200001
1684926222.422748,23.200001
1684926222.442739,23.133333
1684926222.462771,23.133333
1684926222.482728,23.200001
1684926222.502749,23.200001
1684926222.518012,23.200001
1684926222.522774,23.133333
1684926222.542738,23.200001
1684926222.562735,23.133333
1684926222.582759,23.000000
1684926222.602763,23.200001
1684926222.622880,23.066668
1684926222.642771,23.000000
1684926222.662772,23.000000
1684926222.682849,23.066668
1684926222.702748,23.000000
1684926222.718297,23.000000
1684926222.722756,23.066668
1684926222.742755,23.066668
1684926222.761806,23.000000
1684926222.781840,22.900000
1684926222.782945,22.900000
1684926222.801758,22.966667
1684926222.821753,23.066668
1684926222.822761,23.066668
1684926222.822901,23.066668
1684926222.842771,22.900000
1684926222.842888,22.900000
1684926222.861767,22.966667
1684926222.881752,22.900000
1684926222.882906,22.900000
1684926222.901758,22.766666
1684926222.921810,22.833334
1684926222.922852,22.833334
1684926222.922960,22.833334
1684926222.941784,22.833334
1684926222.961793,22.766666
1684926222.981803,22.766666
1684926223.001830,22.700001
1684926223.004367,22.700001
1684926223.021780,22.766666
1684926223.041812,22.700001
1684926223.061778,22.700001
1684926223.081790,22.633333
1684926223.101797,22.633333
1684926223.121798,22.700001
1684926223.122932,22.700001
1684926223.141802,22.700001
1684926223.161774,22.633333
1684926223.181344,22.700001
1684926223.201384,22.500000
1684926223.221406,22.500000
1684926223.241426,22.566668
1684926223.261559,22.566668
1684926223.281721,22.500000
1684926223.301798,22.400000
1684926223.321841,22.566668
1684926223.322950,22.566668
1684926223.342006,22.400000
1684926223.362132,22.466667
1684926223.382233,22.466667
1684926223.401441,22.400000
1684926223.422476,22.400000
1684926223.442558,22.466667
1684926223.462658,22.466667
1684926223.481838,22.400000
1684926223.501928,22.466667
1684926223.521851,22.466667
1684926223.522974,22.266666
1684926223.541836,22.266666
1684926223.561861,22.333334
1684926223.581860,22.333334
1684926223.601852,22.266666
1684926223.621849,22.266666
1684926223.641873,22.333334
1684926223.661877,22.266666
1684926223.680783,22.200001
1684926223.701865,22.200001
1684926223.721748,22.133333
1684926223.721876,22.133333
1684926223.740747,22.133333
1684926223.760753,22.200001
1684926223.780729,22.200001
1684926223.800639,22.133333
1684926223.820829,22.066668
1684926223.840638,22.000000
1684926223.860605,22.133333
1684926223.880599,22.066668
1684926223.900564,22.066668
1684926223.920534,22.000000
1684926223.921646,22.000000
1684926223.940495,22.000000
1684926223.960512,22.066668
1684926223.980491,21.900000
1684926224.000454,21.966667
1684926224.020557,21.966667
1684926224.040441,21.900000
1684926224.060389,21.900000
1684926224.080367,21.966667
1684926224.100647,21.966667
1684926224.120393,21.766666
1684926224.121504,21.766666
1684926224.140317,21.833334
1684926224.141448,21.833334
1684926224.160321,21.633333
1684926224.180372,21.633333
1684926224.181481,21.633333
1684926224.200438,21.700001
1684926224.220211,21.566668
1684926224.221374,21.566668
1684926224.240227,21.500000
1684926224.260166,21.500000
1684926224.280148,21.466667
1684926224.300141,21.400000
1684926224.320127,21.466667
1684926224.340110,21.333334
1684926224.360075,21.133333
1684926224.380505,21.133333
1684926224.400538,21.066668
1684926224.420024,21.066668
1684926224.420097,21.066668
1684926224.421208,21.066668
1684926224.439978,20.900000
1684926224.459955,20.966667
1684926224.480607,20.766666
1684926224.499945,20.633333
1684926224.519903,20.700001
1684926224.525992,20.700001
1684926224.540509,20.566668
1684926224.560474,20.400000
1684926224.565589,20.400000
1684926224.580479,20.266666
1684926224.600412,20.333334
1684926224.605503,20.333334
1684926224.619815,20.266666
1684926224.639761,20.200001
1684926224.659811,20.200001
1684926224.680485,20.000000
1684926224.700503,19.900000
1684926224.720534,19.966667
1684926224.740456,19.966667
1684926224.760344,19.766666
1684926224.780488,19.700001
1684926224.800339,19.633333
1684926224.804513,19.633333
1684926224.820520,19.500000
1684926224.840499,19.566668
1684926224.861659,19.466667
1684926224.880486,19.400000
1684926224.901502,19.266666
1684926224.920462,19.333334
1684926224.940489,19.133333
1684926224.941632,19.133333
1684926224.959439,19.200001
1684926224.979615,19.066668
1684926225.000447,19.000000
1684926225.019485,18.900000
1684926225.039534,18.833334
1684926225.059394,18.833334
1684926225.079439,18.766666
1684926225.079506,18.766666
1684926225.099534,18.833334
1684926225.119533,18.633333
1684926225.139485,18.500000
1684926225.140626,18.500000
1684926225.159535,18.566668
1684926225.179537,18.466667
1684926225.199468,18.266666
1684926225.200614,18.266666
1684926225.219462,18.266666
1684926225.219463,18.266666
1684926225.239526,18.333334
1684926225.240636,18.333334
1684926225.259397,18.266666
1684926225.279513,18.200001
1684926225.280645,18.200001
1684926225.299423,18.200001
1684926225.319239,18.000000
1684926225.339224,17.900000
1684926225.359242,17.966667
1684926225.379215,17.966667
1684926225.399218,17.766666
1684926225.419226,17.700001
1684926225.439174,17.633333
1684926225.459442,17.500000
1684926225.479311,17.566668
1684926225.480484,17.566668
1684926225.499315,17.466667
1684926225.519309,17.400000
1684926225.539314,17.400000
1684926225.559316,17.333334
1684926225.579414,17.266666
1684926225.583056,17.266666
1684926225.599138,17.200001
1684926225.619161,17.200001
1684926225.623166,17.200001
1684926225.639175,17.000000
1684926225.659138,16.900000
1684926225.663094,16.900000
1684926225.679262,16.966667
1684926225.699226,16.966667
1684926225.719235,16.766666
1684926225.739371,16.700001
1684926225.759140,16.633333
1684926225.779465,16.633333
1684926225.799444,16.566668
1684926225.819464,16.466667
1684926225.838541,16.400000
1684926225.859452,16.400000
1684926225.863151,16.400000
1684926225.879492,16.333334
1684926225.899101,16.133333
1684926225.918432,16.200001
1684926225.939447,16.066668
1684926225.943159,16.066668
1684926225.959108,16.000000
1684926225.979449,15.900000
1684926225.983091,15.900000
1684926225.999094,15.966666
1684926226.019452,15.966666
1684926226.023094,15.966666
1684926226.039520,15.766666
1684926226.059188,15.700000
1684926226.078475,15.633333
1684926226.099206,15.633333
1684926226.118495,15.566667
1684926226.138534,15.566667
1684926226.158597,15.400000
1684926226.178424,15.400000
1684926226.199011,15.333333
1684926226.218479,15.266666
1684926226.222519,15.266666
1684926226.238442,15.200000
1684926226.259037,15.200000
1684926226.279086,15.000000
1684926226.299018,15.000000
1684926226.303075,15.000000
1684926226.318058,14.966666
1684926226.338544,14.966666
1684926226.342957,14.966666
1684926226.358174,14.766666
1684926226.378577,14.833333
1684926226.382181,14.833333
1684926226.398477,14.633333
1684926226.418699,14.633333
1684926226.438702,14.566667
1684926226.458689,14.566667
1684926226.478793,14.400000
1684926226.498245,14.400000
1684926226.518510,14.466666
1684926226.538735,14.400000
1684926226.558734,14.333333
1684926226.578854,14.200000
1684926226.582229,14.200000
1684926226.598696,14.133333
1684926226.619028,14.133333
1684926226.637895,14.200000
1684926226.658104,14.200000
1684926226.678582,14.133333
1684926226.698476,14.066667
1684926226.718486,14.000000
1684926226.738510,13.900000
1684926226.757926,13.966666
1684926226.777967,13.966666
1684926226.782167,13.966666
1684926226.797920,13.900000
1684926226.817973,13.766666
1684926226.837944,13.833333
1684926226.858101,13.766666
1684926226.877964,13.833333
1684926226.882189,13.833333
1684926226.882191,13.833333
1684926226.897944,13.833333
1684926226.917946,13.633333
1684926226.922187,13.633333
1684926226.938118,13.633333
1684926226.958025,13.700000
1684926226.962540,13.700000
1684926226.978029,13.700000
1684926226.998608,13.500000
1684926227.018130,13.566667
1684926227.037918,13.500000
1684926227.057907,13.500000
1684926227.077885,13.566667
1684926227.097917,13.566667
1684926227.117940,13.500000
1684926227.137928,13.500000
1684926227.157977,13.466666
1684926227.161145,13.466666
1684926227.177969,13.400000
1684926227.197907,13.466666
1684926227.217966,13.466666
1684926227.237978,13.400000
1684926227.258047,13.266666
1684926227.278028,13.333333
1684926227.298055,13.333333
1684926227.317972,13.266666
1684926227.337992,13.333333
1684926227.359026,13.266666
1684926227.360987,13.266666
1684926227.379026,13.266666
1684926227.398815,13.200000
1684926227.419025,13.200000
1684926227.439029,13.133333
1684926227.459071,13.133333
1684926227.479030,13.200000
1684926227.499055,13.133333
1684926227.519054,13.200000
1684926227.539070,13.200000
1684926227.559091,13.000000
1684926227.560711,13.000000
1684926227.579111,13.000000
1684926227.599137,13.200000
1684926227.619148,13.066667
1684926227.638183,13.000000
1684926227.658275,13.066667
1684926227.678196,12.900000
1684926227.698201,13.000000
1684926227.718340,12.966666
1684926227.738241,12.966666
1684926227.758219,12.900000
1684926227.760508,12.900000
1684926227.778351,12.900000
1684926227.798234,12.833333
1684926227.817240,12.766666
1684926227.838242,12.833333
1684926227.857219,12.833333
1684926227.877298,12.766666
1684926227.897245,12.766666
1684926227.917258,12.833333
1684926227.937415,12.700000
1684926227.957379,12.633333
1684926227.960787,12.633333
1684926227.976285,12.700000
1684926227.996277,12.633333
1684926228.016283,12.633333
1684926228.036291,12.700000
1684926228.041241,12.700000
1684926228.056308,12.566667
1684926228.076302,12.500000
1684926228.080159,12.500000
1684926228.096331,12.500000
1684926228.116413,12.566667
1684926228.120120,12.566667
1684926228.136329,12.500000
1684926228.156321,12.566667
1684926228.176366,12.566667
1684926228.196344,12.500000
1684926228.216344,12.500000
1684926228.236613,12.466666
1684926228.256366,12.333333
1684926228.276404,12.266666
1684926228.296634,12.333333
1684926228.316508,12.266666
1684926228.319940,12.266666
1684926228.336413,12.266666
1684926228.356422,12.333333
1684926228.376426,12.200000
1684926228.396762,12.133333
1684926228.416786,12.266666
1684926228.435830,12.333333
1684926228.456848,12.133333
1684926228.476574,12.200000
1684926228.496583,12.200000
1684926228.516585,12.133333
1684926228.519765,12.133333
1684926228.536595,12.133333
1684926228.556554,12.200000
1684926228.576711,12.200000
1684926228.596672,12.133333
1684926228.616686,12.200000
1684926228.636739,12.000000
1684926228.655892,12.000000
1684926228.675922,12.066667
1684926228.696240,11.966666
1684926228.716236,11.900000
1684926228.719499,11.900000
1684926228.736247,11.900000
1684926228.756399,11.833333
1684926228.776599,11.766666
1684926228.798600,11.700000
1684926228.816617,11.700000
1684926228.837694,11.633333
1684926228.856641,11.500000
1684926228.876621,11.566667
1684926228.896624,11.566667
1684926228.916653,11.500000
1684926228.919684,11.500000
1684926228.923394,11.500000
1684926228.937649,11.466666
1684926228.956655,11.400000
1684926228.963406,11.400000
1684926228.976672,11.266666
1684926228.996665,11.333333
1684926229.003392,11.333333
1684926229.016706,11.333333
1684926229.036666,11.266666
1684926229.056669,11.133333
1684926229.076798,11.200000
1684926229.096720,11.266666
1684926229.116811,11.200000
1684926229.136715,11.200000
1684926229.156735,11.133333
1684926229.176759,11.133333
1684926229.196736,11.200000
1684926229.203440,11.200000
1684926229.216750,11.200000
1684926229.236803,11.000000
1684926229.256755,11.066667
1684926229.276759,10.900000
1684926229.296784,10.900000
1684926229.316795,10.966666
1684926229.336811,11.066667
1684926229.356795,11.000000
1684926229.376816,10.766666
1684926229.396813,10.833333
1684926229.403231,10.833333
1684926229.416812,10.766666
1684926229.436845,10.833333
1684926229.456849,10.833333
1684926229.474747,10.633333
1684926229.494687,10.633333
1684926229.514707,10.700000
1684926229.536848,10.700000
1684926229.554627,10.500000
1684926229.574609,10.566667
1684926229.594601,10.500000
1684926229.602746,10.500000
1684926229.614602,10.400000
1684926229.634543,10.566667
1684926229.654520,10.466666
1684926229.674522,10.500000
1684926229.694476,10.400000
1684926229.714461,10.566667
1684926229.734422,10.400000
1684926229.754498,10.466666
1684926229.762655,10.466666
1684926229.774401,10.333333
1684926229.794378,10.133333
1684926229.802915,10.133333
1684926229.814364,10.400000
1684926229.834520,10.466666
1684926229.843237,10.466666
1684926229.854370,10.333333
1684926229.863293,10.333333
1684926229.874373,10.266666
1684926229.894407,10.066667
1684926229.903159,10.066667
1684926229.914265,9.900000
1684926229.934290,9.900000
1684926229.942264,9.900000
1684926229.954280,9.966666
1684926229.974297,9.966666
1684926229.994264,9.900000
1684926230.014282,9.900000
1684926230.034292,9.833333
1684926230.054331,9.766666
1684926230.074404,9.833333
1684926230.094529,9.833333
1684926230.114681,9.766666
1684926230.134909,9.766666
1684926230.142467,9.766666
1684926230.154903,9.700000
1684926230.173991,9.700000
1684926230.194005,9.633333
1684926230.213946,9.566667
1684926230.233933,9.500000
1684926230.253930,9.500000
1684926230.273882,9.466666
1684926230.293872,9.466666
1684926230.313975,9.400000
1684926230.333821,9.266666
1684926230.342243,9.266666
1684926230.353799,9.333333
1684926230.373783,9.133333
1684926230.389085,9.133333
1684926230.393766,9.066667
1684926230.413865,9.066667
1684926230.429062,9.066667
1684926230.433721,9.000000
1684926230.453704,8.900000
1684926230.469300,8.900000
1684926230.473672,8.966666
1684926230.493636,8.833333
1684926230.513623,8.633333
1684926230.533632,8.700000
1684926230.553611,8.500000
1684926230.573577,8.500000
1684926230.593573,8.566667
1684926230.613512,8.466666
1684926230.633523,8.266666
1684926230.653587,8.133333
1684926230.669126,8.133333
1684926230.673494,8.066667
1684926230.682292,8.066667
1684926230.682292,8.066667
1684926230.693607,7.900000
1684926230.713415,7.966667
1684926230.722349,7.966667
1684926230.733480,7.700000
1684926230.753457,7.633333
1684926230.762118,7.633333
1684926230.773415,7.500000
1684926230.793322,7.466667
1684926230.793323,7.466667
1684926230.813344,7.333333
1684926230.833304,7.266667
1684926230.853305,7.200000
1684926230.873238,7.000000
1684926230.893242,6.900000
1684926230.902987,6.900000
1684926230.903043,6.900000
1684926230.913264,6.833333
1684926230.933220,6.833333
1684926230.942142,6.833333
1684926230.953201,6.633333
1684926230.973203,6.633333
1684926230.981211,6.633333
1684926230.993243,6.566667
1684926231.013264,6.500000
1684926231.033277,6.466667
1684926231.053255,6.333333
1684926231.073224,6.133333
1684926231.093282,6.133333
1684926231.113075,6.066667
1684926231.132992,6.066667
1684926231.152975,5.900000
1684926231.172999,5.966667
1684926231.181333,5.966667
1684926231.193290,5.900000
1684926231.213065,5.766667
1684926231.233038,5.833333
1684926231.252885,5.833333
1684926231.261628,5.833333
1684926231.272977,5.633333
1684926231.293786,5.633333
1684926231.300858,5.633333
1684926231.312831,5.700000
1684926231.333040,5.500000
1684926231.340784,5.500000
1684926231.353018,5.566667
1684926231.373026,5.466667
1684926231.393101,5.400000
1684926231.412992,5.400000
1684926231.433013,5.333333
1684926231.453002,5.200000
1684926231.472998,5.133333
1684926231.493138,5.200000
1684926231.513075,5.133333
1684926231.533128,5.000000
1684926231.540540,5.000000
1684926231.553135,5.066667
1684926231.573174,4.966667
1684926231.593199,4.900000
1684926231.612960,4.900000
1684926231.633045,4.833333
1684926231.652975,4.766667
1684926231.672936,4.833333
1684926231.692991,4.700000
1684926231.712951,4.633333
1684926231.732948,4.633333
1684926231.740372,4.633333
1684926231.752963,4.700000
1684926231.772995,4.700000
1684926231.793050,4.633333
1684926231.813042,4.566667
1684926231.833081,4.500000
1684926231.844945,4.500000
1684926231.853108,4.500000
1684926231.873142,4.566667
1684926231.884189,4.566667
1684926231.892934,4.566667
1684926231.912967,4.400000
1684926231.924188,4.400000
1684926231.924187,4.400000
1684926231.932932,4.400000
1684926231.952900,4.466667
1684926231.972991,4.400000
1684926231.992904,4.466667
1684926232.012877,4.466667
1684926232.032966,4.266667
1684926232.053042,4.266667
1684926232.072938,4.333333
1684926232.092008,4.333333
1684926232.111979,4.266667
1684926232.123923,4.266667
1684926232.132008,4.333333
1684926232.152047,4.266667
1684926232.172129,4.266667
1684926232.192857,4.200000
1684926232.212840,4.333333
1684926232.231873,4.133333
1684926232.251849,4.133333
1684926232.271819,4.200000
1684926232.291846,4.133333
1684926232.311830,4.200000
1684926232.323886,4.200000
1684926232.331880,4.200000
1684926232.351887,4.133333
1684926232.371908,4.133333
1684926232.391951,4.200000
1684926232.412044,4.200000
1684926232.431981,4.266667
1684926232.452036,4.333333
1684926232.471814,4.400000
1684926232.491780,4.400000
1684926232.511783,4.466667
1684926232.523807,4.466667
1684926232.531559,4.566667
1684926232.543903,4.566667
1684926232.551762,4.500000
1684926232.571773,4.633333
1684926232.583912,4.633333
1684926232.591790,4.700000
1684926232.611759,4.766667
1684926232.623807,4.766667
1684926232.631805,4.833333
1684926232.651870,4.966667
1684926232.671944,4.900000
1684926232.691895,4.900000
1684926232.711928,4.966667
1684926232.731673,4.966667
1684926232.751630,4.900000
1684926232.771630,4.966667
1684926232.791653,4.900000
1684926232.811634,4.900000
1684926232.823658,4.900000
1684926232.831898,4.966667
1684926232.851643,5.066667
1684926232.871641,5.000000
1684926232.891758,5.000000
1684926232.911758,5.066667
1684926232.931831,5.000000
1684926232.951870,5.066667
1684926232.971876,5.066667
1684926232.991905,5.000000
1684926233.011907,5.000000
1684926233.024019,5.000000
1684926233.031686,5.066667
1684926233.051676,5.066667
1684926233.071685,5.133333
1684926233.091680,5.200000
1684926233.111891,5.133333
1684926233.131702,5.133333
1684926233.151681,5.200000
1684926233.171701,5.200000
1684926233.191732,5.133333
1684926233.212468,5.133333
1684926233.223562,5.133333
1684926233.231712,5.333333
1684926233.252046,5.266667
1684926233.271809,5.333333
1684926233.292847,5.466667
1684926233.311651,5.400000
1684926233.331788,5.400000
1684926233.351645,5.466667
1684926233.371726,5.566667
1684926233.391753,5.500000
1684926233.411611,5.566667
1684926233.423622,5.566667
1684926233.423932,5.566667
1684926233.431635,5.633333
1684926233.451619,5.633333
1684926233.463677,5.633333
1684926233.471766,5.833333
1684926233.490771,5.833333
1684926233.503607,5.833333
1684926233.510523,5.766667
1684926233.530771,5.766667
1684926233.542776,5.766667
1684926233.550766,5.966667
1684926233.570774,5.900000
1684926233.590793,5.966667
1684926233.611592,6.066667
1684926233.630425,6.000000
1684926233.650375,6.133333
1684926233.671899,6.200000
1684926233.690812,6.200000
1684926233.710670,6.133333
1684926233.730788,6.200000
1684926233.742570,6.200000
1684926233.750794,6.133333
1684926233.771043,6.133333
1684926233.790233,6.200000
1684926233.810214,6.200000
1684926233.830181,6.133333
1684926233.850275,6.133333
1684926233.870414,6.066667
1684926233.890519,6.133333
1684926233.910141,6.200000
1684926233.930772,6.200000
1684926233.942538,6.200000
1684926233.950857,6.133333
1684926233.970994,6.133333
1684926233.990127,6.200000
1684926234.010267,6.200000
1684926234.030377,6.266667
1684926234.050459,6.333333
1684926234.070598,6.266667
1684926234.090832,6.266667
1684926234.109962,6.466667
1684926234.130900,6.466667
1684926234.141919,6.466667
1684926234.149968,6.400000
1684926234.170984,6.500000
1684926234.189920,6.566667
1684926234.209879,6.500000
1684926234.229898,6.700000
1684926234.249904,6.700000
1684926234.269903,6.633333
1684926234.289775,6.633333
1684926234.289776,6.633333
1684926234.310022,6.833333
1684926234.329915,6.833333
1684926234.341940,6.833333
1684926234.349920,6.766667
1684926234.369928,6.833333
1684926234.389671,6.766667
1684926234.409911,6.766667
1684926234.430114,6.833333
1684926234.449954,6.833333
1684926234.469965,6.766667
1684926234.485586,6.766667
1684926234.489654,6.900000
1684926234.509964,6.966667
1684926234.522028,6.966667
1684926234.529975,6.766667
1684926234.549942,6.833333
1684926234.562021,6.833333
1684926234.569965,6.833333
1684926234.590423,6.766667
1684926234.602032,6.766667
1684926234.609984,6.766667
1684926234.629966,6.833333
1684926234.649966,6.833333
1684926234.649966,6.833333
1684926234.670011,6.766667
1684926234.689303,6.833333
1684926234.709969,6.766667
1684926234.729986,6.633333
1684926234.750198,6.700000
1684926234.753006,6.700000
1684926234.770003,6.700000
1684926234.789288,6.500000
1684926234.802073,6.500000
1684926234.810112,6.500000
1684926234.830049,6.566667
1684926234.830124,6.566667
1684926234.850028,6.500000
1684926234.850101,6.500000
1684926234.870142,6.566667
1684926234.889153,6.566667
1684926234.910038,6.500000
1684926234.930074,6.500000
1684926234.950142,6.566667
1684926234.969193,6.566667
1684926234.990112,6.633333
1684926235.001115,6.633333
1684926235.009126,6.700000
1684926235.029126,6.633333
1684926235.050214,6.633333
1684926235.070071,6.700000
1684926235.089094,6.833333
1684926235.109071,6.766667
1684926235.129155,6.766667
1684926235.149095,6.833333
1684926235.169080,6.766667
1684926235.184737,6.766667
1684926235.189809,6.966667
1684926235.209169,6.966667
1684926235.224692,6.966667
1684926235.229137,7.000000
1684926235.249113,7.000000
1684926235.265465,7.000000
1684926235.269515,7.066667
1684926235.289597,7.066667
1684926235.309237,7.133333
1684926235.329207,7.200000
1684926235.349174,7.133333
1684926235.369194,7.133333
1684926235.389299,7.333333
1684926235.409135,7.333333
1684926235.429374,7.266667
1684926235.449387,7.266667
1684926235.465333,7.266667
1684926235.469325,7.333333
1684926235.489475,7.266667
1684926235.509455,7.466667
1684926235.529518,7.466667
1684926235.549662,7.400000
1684926235.570062,7.500000
1684926235.589407,7.566667
1684926235.609092,7.566667
1684926235.629208,7.500000
1684926235.649312,7.566667
1684926235.649362,7.566667
1684926235.664386,7.566667
1684926235.669492,7.500000
1684926235.689518,7.500000
1684926235.709709,7.566667
1684926235.729746,7.566667
1684926235.749846,7.500000
1684926235.769956,7.500000
1684926235.790112,7.566667
1684926235.810223,7.500000
1684926235.830221,7.566667
1684926235.850281,7.700000
1684926235.864308,7.700000
1684926235.869288,7.633333
1684926235.889294,7.633333
1684926235.909260,7.700000
1684926235.929307,7.700000
1684926235.949297,7.633333
1684926235.949384,7.633333
1684926235.969288,7.700000
1684926235.989291,7.633333
1684926235.989294,7.633333
1684926236.009290,7.766667
1684926236.029298,7.833333
1684926236.049298,7.833333
1684926236.064326,7.833333
1684926236.069311,7.766667
1684926236.089302,7.900000
1684926236.109297,7.966667
1684926236.129300,7.900000
1684926236.149357,7.966667
1684926236.163724,7.966667
1684926236.169307,8.066667
1684926236.189326,8.133333
1684926236.203664,8.133333
1684926236.209313,8.133333
1684926236.229326,8.200000
1684926236.243658,8.200000
1684926236.249330,8.200000
1684926236.269352,8.266666
1684926236.270382,8.266666
1684926236.289332,8.333333
1684926236.309371,8.400000
1684926236.329372,8.400000
1684926236.331140,8.400000
1684926236.349355,8.466666
1684926236.369444,8.566667
1684926236.389398,8.500000
1684926236.409362,8.500000
1684926236.429375,8.700000
1684926236.443444,8.700000
1684926236.449383,8.633333
1684926236.469416,8.700000
1684926236.489420,8.700000
1684926236.509412,8.766666
1684926236.529376,8.766666
1684926236.549419,8.966666
1684926236.569380,8.966666
1684926236.589413,8.900000
1684926236.609424,8.966666
1684926236.629420,8.900000
1684926236.644330,8.900000
1684926236.649377,9.000000
1684926236.669419,9.066667
1684926236.689416,9.066667
1684926236.709440,9.000000
1684926236.729414,9.133333
1684926236.750435,9.200000
1684926236.750548,9.200000
1684926236.769522,9.133333
1684926236.789740,9.333333
1684926236.790866,9.333333
1684926236.809755,9.333333
1684926236.829937,9.266666
1684926236.831093,9.266666
1684926236.850008,9.400000
1684926236.870081,9.466666
1684926236.890296,9.466666
1684926236.909369,9.500000
1684926236.929418,9.700000
1684926236.949590,9.500000
1684926236.969656,9.400000
1684926236.989769,9.566667
1684926237.009932,9.566667
1684926237.030026,9.566667
1684926237.031038,9.633333
1684926237.031173,9.633333
1684926237.050176,9.766666
1684926237.070233,9.833333
1684926237.091371,9.766666
1684926237.111531,9.966666
1684926237.131504,9.833333
1684926237.151596,9.766666
1684926237.171522,9.766666
1684926237.191541,9.966666
1684926237.210546,9.966666
1684926237.231545,9.900000
1684926237.232678,9.900000
1684926237.251570,9.966666
1684926237.271543,10.000000
1684926237.291557,10.000000
1684926237.310544,10.066667
1684926237.331571,10.200000
1684926237.350552,10.133333
1684926237.370550,10.133333
1684926237.391680,10.200000
1684926237.410577,10.133333
1684926237.411117,10.133333
1684926237.430577,10.133333
1684926237.431688,10.333333
1684926237.450599,10.333333
1684926237.466444,10.333333
1684926237.471508,10.266666
1684926237.491588,10.400000
1684926237.506402,10.400000
1684926237.511489,10.466666
1684926237.531622,10.466666
1684926237.546375,10.466666
1684926237.551451,10.500000
1684926237.571726,10.566667
1684926237.591639,10.500000
1684926237.611646,10.500000
1684926237.631631,10.566667
1684926237.651681,10.700000
1684926237.671664,10.633333
1684926237.691640,10.633333
1684926237.710649,10.833333
1684926237.731655,10.766666
1684926237.746200,10.766666
1684926237.750253,10.833333
1684926237.770639,10.833333
1684926237.790687,10.900000
1684926237.810675,10.900000
1684926237.830658,10.966666
1684926237.850725,10.966666
1684926237.870699,10.900000
1684926237.890678,10.966666
1684926237.910675,11.000000
1684926237.930686,11.000000
1684926237.945973,11.000000
1684926237.951052,11.066667
1684926237.970718,11.200000
1684926237.990860,11.133333
1684926238.010708,11.133333
1684926238.030738,11.333333
1684926238.050726,11.266666
1684926238.070729,11.333333
1684926238.090724,11.333333
1684926238.109738,11.266666
1684926238.129773,11.266666
1684926238.145756,11.266666
1684926238.149902,11.333333
1684926238.169745,11.333333
1684926238.189764,11.400000
1684926238.209723,11.466666
1684926238.229750,11.400000
1684926238.245652,11.400000
1684926238.249748,11.500000
1684926238.269749,11.566667
1684926238.285858,11.566667
1684926238.289908,11.566667
1684926238.309748,11.500000
1684926238.325577,11.500000
1684926238.330771,11.633333
1684926238.349775,11.700000
1684926238.369770,11.633333
1684926238.390094,11.833333
1684926238.409863,11.833333
1684926238.429789,11.900000
1684926238.449811,11.900000
1684926238.470808,11.966666
1684926238.490936,11.966666
1684926238.510998,11.900000
1684926238.526083,11.900000
1684926238.531101,11.966666
1684926238.550543,11.900000
1684926238.570357,12.000000
1684926238.590462,12.066667
1684926238.610599,12.200000
1684926238.630713,12.133333
1684926238.650348,12.133333
1684926238.670449,12.200000
1684926238.691555,12.133333
1684926238.710672,12.333333
1684926238.725140,12.333333
1684926238.730851,12.333333
1684926238.750867,12.266666
1684926238.770851,12.400000
1684926238.791884,12.466666
1684926238.810858,12.466666
1684926238.830875,12.400000
1684926238.850871,12.566667
1684926238.870882,12.500000
1684926238.891878,12.500000
1684926238.910952,12.566667
1684926238.924938,12.566667
1684926238.930983,12.700000
1684926238.950953,12.633333
1684926238.964956,12.633333
1684926238.970909,12.633333
1684926238.991918,12.833333
1684926239.004880,12.833333
1684926239.010923,12.766666
1684926239.030919,12.833333
1684926239.050990,12.966666
1684926239.070994,12.900000
1684926239.092021,12.900000
1684926239.110944,12.966666
1684926239.130944,13.066667
1684926239.151652,13.000000
1684926239.170962,13.066667
1684926239.192021,13.000000
1684926239.204642,13.000000
1684926239.210944,13.133333
1684926239.230942,13.200000
1684926239.250990,13.200000
1684926239.270974,13.133333
1684926239.292012,13.133333
1684926239.311005,13.333333
1684926239.331987,13.266666
1684926239.350989,13.333333
1684926239.371001,13.333333
1684926239.391012,13.400000
1684926239.404477,13.400000
1684926239.411007,13.500000
1684926239.431003,13.566667
1684926239.451028,13.566667
1684926239.471049,13.500000
1684926239.491028,13.566667
1684926239.511046,13.500000
1684926239.531010,13.500000
1684926239.551146,13.700000
1684926239.571058,13.700000
1684926239.571953,13.700000
1684926239.591068,13.633333
1684926239.604285,13.633333
1684926239.611056,13.633333
1684926239.624669,13.633333
1684926239.631131,13.833333
1684926239.651041,13.766666
1684926239.664151,13.766666
1684926239.671050,13.833333
1684926239.691085,13.833333
1684926239.704175,13.833333
1684926239.711141,13.900000
1684926239.731075,13.900000
1684926239.751101,13.966666
1684926239.771100,13.966666
1684926239.791111,13.900000
1684926239.811150,14.200000
1684926239.831150,14.133333
1684926239.851072,14.133333
1684926239.871114,14.200000
1684926239.891121,14.200000
1684926239.904583,14.200000
1684926239.911133,14.266666
1684926239.931125,14.400000
1684926239.951207,14.466666
1684926239.971194,14.266666
1684926239.991139,14.333333
1684926240.011070,14.466666
1684926240.031128,14.400000
1684926240.051077,14.400000
1684926240.071191,14.466666
1684926240.091118,14.566667
1684926240.104645,14.566667
1684926240.111088,14.500000
1684926240.131198,14.566667
1684926240.151193,14.500000
1684926240.171263,14.400000
1684926240.191198,14.466666
1684926240.211251,14.566667
1684926240.230433,14.500000
1684926240.250603,14.500000
1684926240.270555,14.466666
1684926240.290703,14.400000
1684926240.303588,14.400000
1684926240.310809,14.466666
1684926240.330908,14.466666
1684926240.351020,14.400000
1684926240.371141,14.400000
1684926240.391281,14.466666
1684926240.410429,14.466666
1684926240.430521,14.400000
1684926240.451677,14.466666
1684926240.470725,14.400000
1684926240.491860,14.400000
1684926240.503589,14.400000
1684926240.512003,14.466666
1684926240.531102,14.266666
1684926240.552145,14.266666
1684926240.572195,14.333333
1684926240.592120,14.266666
1684926240.592122,14.266666
1684926240.611205,14.466666
1684926240.631122,14.466666
1684926240.651200,14.266666
1684926240.671210,14.266666
1684926240.692204,14.466666
1684926240.703691,14.466666
1684926240.711198,14.466666
1684926240.731207,14.400000
1684926240.751132,14.466666
1684926240.771197,14.400000
1684926240.792148,14.400000
1684926240.811199,14.566667
1684926240.831131,14.566667
1684926240.851318,14.500000
1684926240.871195,14.500000
1684926240.892272,14.566667
1684926240.903689,14.566667
1684926240.911210,14.633333
1684926240.931134,14.700000
1684926240.951143,14.700000
1684926240.971154,14.633333
1684926240.992198,14.633333
1684926241.011130,14.700000
1684926241.032174,14.700000
1684926241.051210,14.633333
1684926241.071124,14.700000
1684926241.091269,14.766666
1684926241.103291,14.766666
1684926241.111171,14.633333
1684926241.131201,14.700000
1684926241.151189,14.833333
1684926241.171131,14.766666
1684926241.191122,14.766666
1684926241.211257,14.833333
1684926241.231110,14.766666
1684926241.251181,14.833333
1684926241.271161,14.833333
1684926241.291198,14.766666
1684926241.302550,14.766666
1684926241.311178,14.766666
1684926241.311238,14.766666
1684926241.331148,14.966666
1684926241.346354,14.966666
1684926241.351369,14.966666
1684926241.371138,14.900000
1684926241.386244,14.900000
1684926241.391294,14.966666
1684926241.411182,14.900000
1684926241.426248,14.900000
1684926241.431274,14.900000
1684926241.451165,14.966666
1684926241.471170,15.066667
1684926241.491142,15.000000
1684926241.511182,15.000000
1684926241.531438,15.066667
1684926241.551251,15.000000
1684926241.571174,15.066667
1684926241.591208,15.200000
1684926241.611204,15.133333
1684926241.626812,15.133333
1684926241.630798,15.133333
1684926241.651196,15.200000
1684926241.671145,15.200000
1684926241.691210,15.133333
1684926241.711329,15.200000
1684926241.731454,15.266666
1684926241.750546,15.266666
1684926241.770628,15.333333
1684926241.791734,15.333333
1684926241.791734,15.333333
1684926241.810958,15.266666
1684926241.825818,15.266666
1684926241.830894,15.400000
1684926241.851045,15.333333
1684926241.871110,15.266666
1684926241.891242,15.333333
1684926241.910278,15.333333
1684926241.930439,15.400000
1684926241.950606,15.400000
1684926241.950697,15.400000
1684926241.970761,15.466666
1684926241.991837,15.333333
1684926242.010946,15.400000
1684926242.025567,15.400000
1684926242.031084,15.466666
1684926242.051216,15.400000
1684926242.071172,15.400000
1684926242.092338,15.466666
1684926242.111192,15.333333
1684926242.131165,15.400000
1684926242.151378,15.400000
1684926242.171168,15.466666
1684926242.192277,15.266666
1684926242.211175,15.333333
1684926242.225416,15.333333
1684926242.231158,15.466666
1684926242.251199,15.400000
1684926242.271301,15.400000
1684926242.292349,15.466666
1684926242.311191,15.466666
1684926242.331214,15.400000
1684926242.351193,15.466666
1684926242.371346,15.400000
1684926242.371388,15.400000
1684926242.392266,15.400000
1684926242.411152,15.466666
1684926242.425194,15.466666
1684926242.431249,15.466666
1684926242.451259,15.400000
1684926242.471298,15.400000
1684926242.492342,15.466666
1684926242.511160,15.400000
1684926242.531244,15.466666
1684926242.551204,15.466666
1684926242.571218,15.500000
1684926242.591198,15.500000
1684926242.611262,15.700000
1684926242.624942,15.700000
1684926242.631422,15.700000
1684926242.651260,15.633333
1684926242.671154,15.700000
1684926242.691226,15.633333
1684926242.711189,15.633333
1684926242.731256,15.700000
1684926242.751199,15.833333
1684926242.771303,15.766666
1684926242.791243,15.766666
1684926242.811172,15.966666
1684926242.824774,15.966666
1684926242.831219,15.900000
1684926242.851414,16.066668
1684926242.871155,16.066668
1684926242.884715,16.066668
1684926242.884714,16.066668
1684926242.891287,16.133333
1684926242.911301,16.133333
1684926242.924699,16.133333
1684926242.931264,16.200001
1684926242.951215,16.333334
1684926242.965202,16.333334
1684926242.971223,16.400000
1684926242.991272,16.466667
1684926243.011258,16.400000
1684926243.031264,16.400000
1684926243.051318,16.566668
1684926243.071223,16.566668
1684926243.091288,16.633333
1684926243.111223,16.633333
1684926243.131226,16.833334
1684926243.151196,16.766666
1684926243.164919,16.766666
1684926243.171302,16.833334
1684926243.191287,16.966667
1684926243.211279,16.900000
1684926243.231261,16.900000
1684926243.251238,16.966667
1684926243.271303,16.966667
1684926243.291265,16.900000
1684926243.310409,17.066668
1684926243.330585,17.000000
1684926243.350691,17.000000
1684926243.364990,17.000000
1684926243.370998,17.200001
1684926243.390969,17.200001
1684926243.411005,17.133333
1684926243.431145,17.133333
1684926243.444912,17.133333
1684926243.450250,17.333334
1684926243.470973,17.266666
1684926243.484064,17.266666
1684926243.492090,17.200001
1684926243.493219,17.200001
1684926243.511362,17.200001
1684926243.512421,17.333334
1684926243.531325,17.266666
1684926243.551299,17.266666
1684926243.552244,17.266666
1684926243.552354,17.266666
1684926243.571278,17.333334
1684926243.592364,17.333334
1684926243.593508,17.333334
1684926243.612207,17.266666
1684926243.632261,17.333334
1684926243.652220,17.400000
1684926243.672313,17.266666
1684926243.692267,17.333334
1684926243.712303,17.466667
1684926243.732310,17.266666
1684926243.752320,17.400000
1684926243.772312,17.466667
1684926243.792273,17.400000
1684926243.793411,17.400000
1684926243.812219,17.466667
1684926243.832331,17.466667
1684926243.852307,17.400000
1684926243.872334,17.500000
1684926243.892269,17.566668
1684926243.912399,17.566668
1684926243.932252,17.500000
1684926243.952364,17.566668
1684926243.972370,17.633333
1684926243.992353,17.633333
1684926243.993440,17.633333
1684926244.012351,17.700001
1684926244.032288,17.700001
1684926244.052233,17.633333
1684926244.072309,17.633333
1684926244.092248,17.700001
1684926244.112339,17.766666
1684926244.132274,17.833334
1684926244.152358,17.833334
1684926244.172297,17.766666
1684926244.192267,17.766666
1684926244.193413,17.766666
1684926244.211258,17.833334
1684926244.231240,17.833334
1684926244.252265,17.766666
1684926244.271295,17.833334
1684926244.291280,17.766666
1684926244.311291,17.766666
1684926244.332292,17.700001
1684926244.351285,17.700001
1684926244.371392,17.633333
1684926244.391291,17.633333
1684926244.392421,17.633333
1684926244.411274,17.700001
1684926244.431252,17.633333
1684926244.451297,17.566668
1684926244.471253,17.566668
1684926244.491419,17.500000
1684926244.511249,17.500000
1684926244.531248,17.466667
1684926244.551251,17.466667
1684926244.571333,17.266666
1684926244.591357,17.333334
1684926244.592470,17.333334
1684926244.611300,17.266666
1684926244.631270,17.133333
1684926244.632499,17.133333
1684926244.651381,17.200001
1684926244.671288,17.200001
1684926244.672469,17.200001
1684926244.691336,17.000000
1684926244.711291,16.900000
1684926244.712415,16.900000
1684926244.731356,16.966667
1684926244.751359,16.900000
1684926244.771359,16.966667
1684926244.791275,16.966667
1684926244.811325,16.766666
1684926244.831316,16.633333
1684926244.851337,16.700001
1684926244.871523,16.700001
1684926244.891531,16.633333
1684926244.910766,16.566668
1684926244.911878,16.566668
1684926244.930722,16.500000
1684926244.950821,16.400000
1684926244.971003,16.333334
1684926244.991085,16.333334
1684926245.011148,16.133333
1684926245.031274,16.000000
1684926245.050452,16.066668
1684926245.066421,16.066668
1684926245.070494,15.900000
1684926245.091642,15.966666
1684926245.106378,15.966666
1684926245.111428,15.966666
1684926245.130842,15.766666
1684926245.146357,15.766666
1684926245.151379,15.633333
1684926245.171198,15.700000
1684926245.191322,15.566667
1684926245.211339,15.500000
1684926245.231383,15.466666
1684926245.251414,15.400000
1684926245.271261,15.266666
1684926245.291382,15.200000
1684926245.311379,15.200000
1684926245.331322,15.000000
1684926245.346130,15.000000
1684926245.351368,15.000000
1684926245.371338,14.966666
1684926245.386086,14.966666
1684926245.391408,14.900000
1684926245.411278,14.833333
1684926245.426029,14.833333
1684926245.431326,14.833333
1684926245.451329,14.633333
1684926245.466005,14.633333
1684926245.471327,14.500000
1684926245.491446,14.566667
1684926245.511381,14.566667
1684926245.531288,14.400000
1684926245.551380,14.466666
1684926245.571306,14.400000
1684926245.591408,14.266666
1684926245.611341,14.333333
1684926245.631394,14.333333
1684926245.651390,14.133333
1684926245.665780,14.133333
1684926245.671449,14.133333
1684926245.691395,14.200000
1684926245.711396,14.000000
1684926245.731344,13.966666
1684926245.751366,13.833333
1684926245.771285,13.766666
1684926245.785665,13.766666
1684926245.791410,13.633333
1684926245.811301,13.700000
1684926245.825615,13.700000
1684926245.831282,13.566667
1684926245.851368,13.400000
1684926245.865568,13.400000
1684926245.871371,13.466666
1684926245.891368,13.400000
1684926245.911338,13.400000
1684926245.931364,13.466666
1684926245.951391,13.333333
1684926245.971415,13.266666
1684926245.991396,13.266666
1684926246.011301,13.200000
1684926246.031344,13.000000
1684926246.051385,13.200000
1684926246.065367,13.200000
1684926246.071414,13.200000
1684926246.091578,13.000000
1684926246.110625,12.900000
1684926246.131571,12.966666
1684926246.151388,12.966666
1684926246.171329,12.766666
1684926246.191386,12.833333
1684926246.211306,12.900000
1684926246.231377,12.766666
1684926246.251368,12.700000
1684926246.265381,12.700000
1684926246.271769,12.700000
1684926246.291418,12.633333
1684926246.305205,12.633333
1684926246.311345,12.500000
1684926246.331408,12.566667
1684926246.345386,12.566667
1684926246.351322,12.500000
1684926246.371409,12.466666
1684926246.385413,12.466666
1684926246.391453,12.466666
1684926246.411437,12.400000
1684926246.431474,12.266666
1684926246.451382,12.333333
1684926246.471310,12.333333
1684926246.491413,12.266666
1684926246.511388,12.333333
1684926246.531411,12.266666
1684926246.551337,12.266666
1684926246.570457,12.333333
1684926246.584931,12.333333
1684926246.591000,12.333333
1684926246.610681,12.266666
1684926246.630791,12.266666
1684926246.650956,12.333333
1684926246.671046,12.266666
1684926246.691162,12.333333
1684926246.711251,12.333333
1684926246.731458,12.266666
1684926246.750493,12.266666
1684926246.770627,12.333333
1684926246.784790,12.333333
1684926246.790698,12.333333
1684926246.810852,12.266666
1684926246.830920,12.333333
1684926246.851034,12.266666
1684926246.871166,12.266666
1684926246.891298,12.200000
1684926246.911312,12.200000
1684926246.931445,12.000000
1684926246.951334,12.000000
1684926246.971438,12.066667
1684926246.984667,12.066667
1684926246.991436,11.900000
1684926247.011493,12.066667
1684926247.031353,11.966666
1684926247.051334,11.900000
1684926247.071357,11.900000
1684926247.092249,11.966666
1684926247.111358,11.833333
1684926247.131398,11.900000
1684926247.151346,11.833333
1684926247.171430,11.766666
1684926247.184445,11.766666
1684926247.191362,11.633333
1684926247.211375,11.700000
1684926247.231474,11.700000
1684926247.251403,11.633333
1684926247.271441,11.500000
1684926247.291401,11.566667
1684926247.311399,11.500000
1684926247.331381,11.566667
1684926247.351458,11.566667
1684926247.371408,11.566667
1684926247.372549,11.400000
1684926247.391413,11.400000
1684926247.411405,11.466666
1684926247.412518,11.466666
1684926247.431529,11.333333
1684926247.451506,11.266666
1684926247.452744,11.266666
1684926247.471473,11.333333
1684926247.491380,11.133333
1684926247.511422,11.133333
1684926247.531376,11.200000
1684926247.551397,11.200000
1684926247.571394,11.000000
1684926247.591451,11.000000
1684926247.611481,11.066667
1684926247.631469,11.000000
1684926247.649347,11.000000
1684926247.651460,10.966666
1684926247.671442,10.966666
1684926247.691382,10.900000
1684926247.711406,10.900000
1684926247.729442,10.966666
1684926247.751495,10.966666
1684926247.769387,10.766666
1684926247.791385,10.833333
1684926247.809386,10.766666
1684926247.831413,10.766666
1684926247.851378,10.833333
1684926247.852508,10.833333
1684926247.871408,10.700000
1684926247.891472,10.633333
1684926247.911453,10.633333
1684926247.911683,10.633333
1684926247.929379,10.700000
1684926247.949368,10.633333
1684926247.967275,10.700000
1684926247.987261,10.566667
1684926248.007255,10.500000
1684926248.008150,10.500000
1684926248.027250,10.500000
1684926248.047318,10.566667
1684926248.049248,10.566667
1684926248.067205,10.466666
1684926248.087824,10.400000
1684926248.107149,10.466666
1684926248.127127,10.400000
1684926248.147123,10.400000
1684926248.167140,10.333333
1684926248.168302,10.333333
1684926248.187172,10.200000
1684926248.207130,10.000000
1684926248.208267,10.000000
1684926248.227170,10.000000
1684926248.247229,9.966666
1684926248.248380,9.966666
1684926248.267385,9.766666
1684926248.287442,9.700000
1684926248.307571,9.566667
1684926248.327695,9.400000
1684926248.347803,9.400000
1684926248.366916,9.333333
1684926248.387062,9.200000
1684926248.388207,9.200000
1684926248.407135,9.000000
1684926248.427239,8.966666
1684926248.428376,8.966666
1684926248.447387,8.766666
1684926248.467451,8.766666
1684926248.469496,8.633333
1684926248.487576,8.566667
1684926248.506714,8.466666
1684926248.526778,8.266666
1684926248.546762,8.266666
1684926248.566832,8.200000
1684926248.586736,8.000000
1684926248.606632,7.966667
1684926248.607763,7.966667
1684926248.626613,7.833333
1684926248.646749,7.633333
1684926248.647884,7.633333
1684926248.666762,7.500000
1684926248.686553,7.466667
1684926248.687687,7.466667
1684926248.706516,7.333333
1684926248.726518,7.266667
1684926248.746476,7.200000
1684926248.766455,7.000000
1684926248.786573,6.900000
1684926248.806410,6.833333
1684926248.807533,6.833333
1684926248.826389,6.833333
1684926248.846473,6.633333
1684926248.847689,6.633333
1684926248.866349,6.500000
1684926248.886598,6.466667
1684926248.887522,6.466667
1684926248.906305,6.400000
1684926248.926297,6.333333
1684926248.946272,6.200000
1684926248.966239,6.133333
1684926248.986269,6.000000
1684926249.006217,5.966667
1684926249.026177,5.966667
1684926249.046263,5.766667
1684926249.066136,5.700000
1684926249.067388,5.700000
1684926249.086225,5.500000
1684926249.106137,5.500000
1684926249.107285,5.500000
1684926249.126104,5.466667
1684926249.146143,5.466667
1684926249.147202,5.466667
1684926249.166038,5.266667
1684926249.186092,5.133333
1684926249.205971,5.066667
1684926249.225975,5.000000
1684926249.245955,4.966667
1684926249.266030,4.833333
1684926249.285907,4.766667
1684926249.305890,4.633333
1684926249.325907,4.566667
1684926249.345897,4.466667
1684926249.347054,4.466667
1684926249.365824,4.400000
1684926249.385855,4.333333
1684926249.387017,4.333333
1684926249.405789,4.133333
1684926249.425775,4.133333
1684926249.426803,4.133333
1684926249.426917,4.133333
1684926249.445863,4.066667
1684926249.465774,3.966667
1684926249.485741,3.766667
1684926249.505824,3.766667
1684926249.525907,3.700000
1684926249.545953,3.500000
1684926249.566010,3.566667
1684926249.586139,3.466667
1684926249.606267,3.266667
1684926249.607443,3.266667
1684926249.626390,3.266667
1684926249.646671,3.200000
1684926249.665565,3.200000
1684926249.686622,2.000000
1684926249.686715,2.000000
1684926249.706650,2.000000
1684926249.725544,2.000000
1684926249.746590,2.000000
1684926249.765563,2.000000
1684926249.785581,2.000000
1684926249.805562,2.000000
1684926249.825561,2.000000
1684926249.845660,2.000000
1684926249.865564,2.000000
1684926249.885593,2.000000
1684926249.886604,2.000000
1684926249.886828,2.000000
1684926249.905629,2.000000
1684926249.925593,2.000000
1684926249.926735,1.000000
1684926249.945605,1.000000
1684926249.965588,1.000000
1684926249.966729,1.000000
1684926249.985579,1.000000
1684926250.005673,1.000000
1684926250.006731,1.000000
1684926250.025598,1.000000
1684926250.045622,1.000000
1684926250.065702,1.000000
1684926250.085585,1.000000
1684926250.105625,1.000000
1684926250.125585,1.000000
1684926250.145609,1.000000
1684926250.165614,1.000000
1684926250.185692,1.000000
1684926250.205618,1.000000
1684926250.206780,1.000000
1684926250.225605,1.000000
1684926250.245651,1.000000
1684926250.265613,1.000000
1684926250.285718,1.000000
1684926250.305643,1.000000
1684926250.325646,1.000000
1684926250.345638,1.000000
1684926250.365626,1.000000
1684926250.385628,1.000000
1684926250.405640,1.000000
1684926250.405775,1.000000
1684926250.406874,1.000000
1684926250.425629,1.000000
1684926250.445650,1.000000
1684926250.465632,1.000000
1684926250.485625,1.000000
1684926250.505647,1.000000
1684926250.524638,1.000000
1684926250.545110,1.000000
1684926250.565502,1.000000
1684926250.585461,2.000000
1684926250.586591,2.000000
1684926250.605455,2.000000
1684926250.624548,2.000000
1684926250.625681,2.000000
1684926250.644857,2.000000
1684926250.665006,2.000000
1684926250.666147,2.000000
1684926250.685104,2.000000
1684926250.705190,2.000000
1684926250.725316,2.000000
1684926250.745512,2.000000
1684926250.765773,2.000000
1684926250.787176,3.133333
1684926250.787254,3.133333
1684926250.805772,3.333333
1684926250.825764,3.266667
1684926250.829400,3.266667
1684926250.845677,3.466667
1684926250.865678,3.566667
1684926250.869363,3.566667
1684926250.884672,3.500000
1684926250.904679,3.633333
1684926250.909349,3.633333
1684926250.924650,3.700000
1684926250.944694,3.833333
1684926250.944834,3.833333
1684926250.964717,3.766667
1684926250.984677,3.833333
1684926251.004701,3.900000
1684926251.024763,3.900000
1684926251.044703,3.966667
1684926251.064677,3.966667
1684926251.084676,3.900000
1684926251.104694,4.000000
1684926251.108805,4.000000
1684926251.124718,4.066667
1684926251.144699,4.000000
1684926251.164704,4.066667
1684926251.184711,4.066667
1684926251.204702,4.133333
1684926251.224844,4.133333
1684926251.244700,4.200000
1684926251.264698,4.200000
1684926251.284710,4.133333
1684926251.304718,4.333333
1684926251.309656,4.333333
1684926251.324699,4.266667
1684926251.344703,4.266667
1684926251.364720,4.333333
1684926251.384715,4.333333
1684926251.404775,4.266667
1684926251.424806,4.400000
1684926251.444778,4.466667
1684926251.463636,4.400000
1684926251.483677,4.466667
1684926251.503583,4.466667
1684926251.509247,4.466667
1684926251.523581,4.400000
1684926251.543558,4.400000
1684926251.563531,4.466667
1684926251.583528,4.466667
1684926251.603576,4.500000
1684926251.623554,4.566667
1684926251.643475,4.500000
1684926251.663556,4.500000
1684926251.683386,4.566667
1684926251.703449,4.566667
1684926251.709186,4.566667
1684926251.723346,4.500000
1684926251.743356,4.500000
1684926251.749189,4.500000
1684926251.763385,4.566667
1684926251.783310,4.633333
1684926251.789206,4.633333
1684926251.803281,4.700000
1684926251.823278,4.700000
1684926251.843226,4.633333
1684926251.863204,4.633333
1684926251.883209,4.700000
1684926251.903158,4.700000
1684926251.923139,4.633333
1684926251.943116,4.700000
1684926251.963219,4.633333
1684926251.983222,4.633333
1684926251.989141,4.633333
1684926252.003082,4.833333
1684926252.023219,4.833333
1684926252.043252,4.766667
1684926252.063162,4.766667
1684926252.083176,4.833333
1684926252.103088,4.766667
1684926252.123241,4.833333
1684926252.143297,4.966667
1684926252.163308,4.900000
1684926252.183327,4.900000
1684926252.186972,4.900000
1684926252.203369,4.966667
1684926252.223430,4.966667
1684926252.243601,4.900000
1684926252.263637,4.966667
1684926252.282792,4.900000
1684926252.302844,4.900000
1684926252.322720,4.966667
1684926252.342731,4.966667
1684926252.362687,4.900000
1684926252.382679,4.900000
1684926252.386849,4.900000
1684926252.402672,4.966667
1684926252.422644,4.900000
1684926252.442610,4.833333
1684926252.462578,4.833333
1684926252.482563,4.633333
1684926252.502556,4.633333
1684926252.522546,4.700000
1684926252.542737,4.566667
1684926252.546906,4.566667
1684926252.562473,4.500000
1684926252.582501,4.466667
1684926252.586890,4.466667
1684926252.602428,4.400000
1684926252.622428,4.266667
1684926252.626877,4.266667
1684926252.642391,4.200000
1684926252.662391,4.200000
1684926252.682376,4.000000
1684926252.702332,4.000000
1684926252.722481,3.966667
1684926252.742380,3.900000
1684926252.762362,3.833333
1684926252.782349,3.833333
1684926252.802288,3.633333
1684926252.822265,3.633333
1684926252.827096,3.633333
1684926252.842285,3.566667
1684926252.862464,3.566667
1684926252.882236,3.400000
1684926252.886913,3.400000
1684926252.902636,3.466667
1684926252.922764,3.266667
1684926252.926898,3.266667
1684926252.942115,3.266667
1684926252.962114,3.333333
1684926252.966927,3.333333
1684926252.982322,3.200000
1684926253.002048,3.133333
1684926253.022204,2.000000
1684926253.042208,3.066667
1684926253.062206,2.000000
1684926253.082293,3.066667
1684926253.101919,2.000000
1684926253.121987,2.000000
1684926253.141997,2.000000
1684926253.161962,2.000000
1684926253.166940,2.000000
1684926253.182335,2.000000
1684926253.201912,2.000000
1684926253.221957,2.000000
1684926253.242004,2.000000
1684926253.242077,2.000000
1684926253.262079,2.000000
1684926253.282493,2.000000
1684926253.301954,2.000000
1684926253.322108,2.000000
1684926253.342168,2.000000
1684926253.361970,2.000000
1684926253.365938,2.000000
1684926253.382374,2.000000
1684926253.401816,2.000000
1684926253.421923,2.000000
1684926253.425946,1.000000
1684926253.441914,1.000000
1684926253.461920,1.000000
1684926253.465947,1.000000
1684926253.482438,1.000000
1684926253.482538,1.000000
1684926253.502123,1.000000
1684926253.505959,1.000000
1684926253.522046,1.000000
1684926253.542125,1.000000
1684926253.562023,1.000000
1684926253.582484,1.000000
1684926253.602072,1.000000
1684926253.622089,1.000000
1684926253.641878,1.000000
1684926253.661920,1.000000
1684926253.682487,1.000000
1684926253.702092,1.000000
1684926253.705971,1.000000
1684926253.722116,1.000000
1684926253.742108,1.000000
1684926253.761843,1.000000
1684926253.781510,1.000000
1684926253.801715,1.000000
1684926253.821932,1.000000
1684926253.841942,1.000000
1684926253.861966,1.000000
1684926253.881556,1.000000
1684926253.901978,1.000000
1684926253.905986,1.000000
1684926253.921838,1.000000
1684926253.941797,1.000000
1684926253.961808,1.000000
1684926253.981587,1.000000
1684926254.001730,1.000000
1684926254.021836,1.000000
1684926254.041819,1.000000
1684926254.061892,1.000000
1684926254.081731,1.000000
1684926254.101812,1.000000
1684926254.104988,1.000000
1684926254.121880,1.000000
1684926254.141924,1.000000
1684926254.161972,1.000000
1684926254.182670,1.000000
1684926254.202249,1.000000
1684926254.222802,1.000000
1684926254.241847,1.000000
1684926254.261872,1.000000
1684926254.281712,1.000000
1684926254.301708,1.000000
1684926254.305095,1.000000
1684926254.321746,1.000000
1684926254.341767,1.000000
1684926254.361750,1.000000
1684926254.381737,1.000000
1684926254.401780,1.000000
1684926254.422287,1.000000
1684926254.442259,1.000000
1684926254.461906,1.000000
1684926254.470169,2.000000
1684926254.470170,2.000000
1684926254.481763,2.000000
1684926254.501788,2.000000
1684926254.508911,2.000000
1684926254.522259,2.000000
1684926254.541800,2.000000
1684926254.548911,2.000000
1684926254.561828,2.000000
1684926254.581859,2.000000
1684926254.602282,2.000000
1684926254.622301,2.000000
1684926254.641877,2.000000
1684926254.661872,2.000000
1684926254.681933,2.000000
1684926254.701357,2.000000
1684926254.722335,2.000000
1684926254.740988,2.000000
1684926254.749126,2.000000
1684926254.761108,2.000000
1684926254.780212,2.000000
1684926254.800323,2.000000
1684926254.820433,2.000000
1684926254.840580,2.000000
1684926254.860635,2.000000
1684926254.880720,2.000000
1684926254.900054,2.000000
1684926254.920074,2.000000
1684926254.940138,2.000000
1684926254.949202,2.000000
1684926254.960221,2.000000
1684926254.980369,2.000000
1684926255.000462,2.000000
1684926255.020612,2.000000
1684926255.040747,2.000000
1684926255.060802,2.000000
1684926255.079928,2.000000
1684926255.100098,2.000000
1684926255.120053,2.000000
1684926255.140074,2.000000
1684926255.149190,2.000000
1684926255.160074,2.000000
1684926255.180052,2.000000
1684926255.200064,2.000000
1684926255.220085,2.000000
1684926255.240059,2.000000
1684926255.260118,2.000000
1684926255.280113,2.000000
1684926255.300112,2.000000
1684926255.320135,3.066667
1684926255.340146,3.066667
1684926255.349401,3.066667
1684926255.360128,3.133333
1684926255.380168,3.133333
1684926255.400121,3.200000
1684926255.420191,3.333333
1684926255.440166,3.266667
1684926255.460143,3.333333
1684926255.480184,3.400000
1684926255.490206,3.400000
1684926255.500173,3.400000
1684926255.520187,3.466667
1684926255.528181,3.466667
1684926255.540190,3.566667
1684926255.560278,3.500000
1684926255.568196,3.500000
1684926255.580232,3.500000
1684926255.600208,3.700000
1684926255.620284,3.633333
1684926255.640273,3.700000
1684926255.660228,3.700000
1684926255.680258,3.766667
1684926255.699284,3.766667
1684926255.719303,3.833333
1684926255.739263,3.833333
1684926255.759258,3.766667
1684926255.768273,3.766667
1684926255.779351,3.966667
1684926255.779509,3.966667
1684926255.799475,3.900000
1684926255.819308,3.900000
1684926255.839340,3.966667
1684926255.859359,3.966667
1684926255.879340,3.900000
1684926255.899357,3.900000
1684926255.919372,3.966667
1684926255.939357,3.900000
1684926255.959374,3.966667
1684926255.967355,3.966667
1684926255.979402,3.966667
1684926255.999376,3.900000
1684926256.019424,3.900000
1684926256.039433,3.966667
1684926256.039583,3.966667
1684926256.059382,3.966667
1684926256.079436,3.900000
1684926256.099408,3.966667
1684926256.119422,3.900000
1684926256.139438,3.900000
1684926256.159451,3.966667
1684926256.167427,3.966667
1684926256.179492,4.066667
1684926256.199440,4.000000
1684926256.219355,4.000000
1684926256.239391,4.066667
1684926256.259357,4.000000
1684926256.279339,4.066667
1684926256.299219,4.200000
1684926256.319339,4.133333
1684926256.339329,4.133333
1684926256.359438,4.200000
1684926256.367348,4.200000
1684926256.379444,4.200000
1684926256.399521,4.133333
1684926256.419568,4.333333
1684926256.419570,4.333333
1684926256.439696,4.266667
1684926256.459772,4.266667
1684926256.479904,4.466667
1684926256.479904,4.466667
1684926256.499071,4.466667
1684926256.519157,4.400000
1684926256.539305,4.500000
1684926256.559363,4.566667
1684926256.567322,4.566667
1684926256.579474,4.500000
1684926256.599607,4.700000
1684926256.607316,4.700000
1684926256.619735,4.700000
1684926256.639897,4.766667
1684926256.647439,4.766667
1684926256.659343,4.766667
1684926256.679332,4.966667
1684926256.699238,4.966667
1684926256.719412,5.000000
1684926256.739448,5.066667
1684926256.759471,5.133333
1684926256.780514,5.133333
1684926256.800105,5.333333
1684926256.820238,5.333333
1684926256.840253,5.400000
1684926256.846292,5.400000
1684926256.860259,5.400000
1684926256.880234,5.566667
1684926256.900117,5.500000
1684926256.920280,5.700000
1684926256.940256,5.700000
1684926256.946295,5.700000
1684926256.960301,5.766667
1684926256.980805,5.766667
1684926256.986336,5.766667
1684926257.000240,5.833333
1684926257.020440,5.966667
1684926257.026401,5.966667
1684926257.040447,5.900000
1684926257.059459,5.966667
1684926257.080240,6.000000
1684926257.100095,6.000000
1684926257.100156,6.000000
1684926257.119310,6.066667
1684926257.139176,6.200000
1684926257.159304,6.133333
1684926257.178154,6.133333
1684926257.199076,6.333333
1684926257.219209,6.266667
1684926257.226318,6.266667
1684926257.238204,6.333333
1684926257.258245,6.333333
1684926257.278240,6.400000
1684926257.298175,6.400000
1684926257.318322,6.466667
1684926257.338366,6.566667
1684926257.358122,6.500000
1684926257.378136,6.566667
1684926257.397995,6.500000
1684926257.418199,6.633333
1684926257.426353,6.633333
1684926257.438142,6.700000
1684926257.458118,6.833333
1684926257.478334,6.766667
1684926257.498024,6.766667
1684926257.518142,6.833333
1684926257.530447,6.833333
1684926257.538176,6.900000
1684926257.549448,6.900000
1684926257.558216,6.833333
1684926257.569438,6.833333
1684926257.578241,6.966667
1684926257.598131,6.900000
1684926257.609406,6.900000
1684926257.617304,6.900000
1684926257.638093,7.066667
1684926257.638182,7.066667
1684926257.649408,7.066667
1684926257.658081,7.066667
1684926257.678071,7.000000
1684926257.697956,7.066667
1684926257.718052,7.000000
1684926257.738079,7.000000
1684926257.758072,7.066667
1684926257.778082,7.200000
1684926257.778647,7.200000
1684926257.797975,7.133333
1684926257.818120,7.000000
1684926257.838132,7.066667
1684926257.849434,7.066667
1684926257.858285,7.000000
1684926257.877180,7.066667
1684926257.897091,7.066667
1684926257.917224,7.000000
1684926257.937180,7.000000
1684926257.957253,7.066667
1684926257.977134,7.066667
1684926257.997245,7.000000
1684926258.017408,7.066667
1684926258.037429,7.000000
1684926258.049511,7.000000
1684926258.058008,7.000000
1684926258.077661,7.066667
1684926258.096816,7.066667
1684926258.116915,7.000000
1684926258.137074,7.000000
1684926258.157111,7.066667
1684926258.177390,7.000000
1684926258.197394,7.066667
1684926258.217470,7.066667
1684926258.237667,7.000000
1684926258.249503,7.000000
1684926258.257839,7.000000
1684926258.277017,7.066667
1684926258.297851,7.066667
1684926258.317292,7.000000
1684926258.336954,7.066667
1684926258.356962,7.000000
1684926258.376957,7.000000
1684926258.396869,7.066667
1684926258.417015,6.966667
1684926258.437089,7.000000
1684926258.449525,7.000000
1684926258.457124,7.000000
1684926258.477132,7.066667
1684926258.496796,7.000000
1684926258.516894,6.966667
1684926258.536902,7.066667
1684926258.556947,7.000000
1684926258.576898,7.000000
1684926258.576985,7.000000
1684926258.596745,6.966667
1684926258.616870,6.966667
1684926258.637069,6.900000
1684926258.637392,6.900000
1684926258.649564,6.900000
1684926258.656925,6.966667
1684926258.676956,6.900000
1684926258.696847,6.900000
1684926258.716993,7.066667
1684926258.737074,6.966667
1684926258.757103,7.000000
1684926258.776874,7.000000
1684926258.796722,7.066667
1684926258.816834,7.000000
1684926258.836833,7.066667
1684926258.849612,7.066667
1684926258.856808,7.066667
1684926258.876835,7.000000
1684926258.896702,6.900000
1684926258.916804,6.966667
1684926258.936851,6.966667
1684926258.956878,6.900000
1684926258.975786,6.966667
1684926258.995761,6.900000
1684926259.015726,6.900000
1684926259.035715,6.966667
1684926259.048653,6.966667
1684926259.055718,6.966667
1684926259.075669,6.900000
1684926259.095707,6.900000
1684926259.116794,6.966667
1684926259.135641,6.900000
1684926259.155573,7.066667
1684926259.175593,7.066667
1684926259.195541,6.900000
1684926259.215523,7.000000
1684926259.235535,7.066667
1684926259.235678,7.066667
1684926259.247584,7.066667
1684926259.255491,7.066667
1684926259.275459,7.000000
1684926259.295421,7.066667
1684926259.315431,6.900000
1684926259.335394,6.900000
1684926259.355356,6.966667
1684926259.367457,6.966667
1684926259.375564,6.833333
1684926259.395501,6.766667
1684926259.407462,6.766667
1684926259.415372,6.766667
1684926259.427503,6.766667
1684926259.435398,6.966667
1684926259.455373,6.900000
1684926259.467468,6.900000
1684926259.475377,6.833333
1684926259.495377,6.833333
1684926259.507298,6.833333
1684926259.515424,6.766667
1684926259.527274,6.766667
1684926259.535401,6.900000
1684926259.555422,6.966667
1684926259.567481,6.966667
1684926259.575344,6.966667
1684926259.595489,6.900000
1684926259.607602,6.900000
1684926259.615605,6.966667
1684926259.635758,6.900000
1684926259.655817,6.900000
1684926259.675947,7.066667
1684926259.695003,7.066667
1684926259.715003,7.000000
1684926259.734990,7.000000
1684926259.754946,7.066667
1684926259.775044,6.900000
1684926259.794905,6.966667
1684926259.807602,6.966667
1684926259.814896,6.966667
1684926259.834862,6.900000
1684926259.854840,6.900000
1684926259.874929,6.966667
1684926259.894860,6.966667
1684926259.914808,6.900000
1684926259.934822,6.966667
1684926259.954736,6.900000
1684926259.974737,6.900000
1684926259.994714,6.966667
1684926260.007637,6.966667
1684926260.014829,6.966667
1684926260.027627,6.966667
1684926260.034666,6.766667
1684926260.047647,6.766667
1684926260.054640,6.900000
1684926260.070861,6.900000
1684926260.074709,6.833333
1684926260.087745,6.833333
1684926260.094597,6.900000
1684926260.107712,6.900000
1684926260.114676,6.833333
1684926260.134575,6.833333
1684926260.146630,6.833333
1684926260.154548,6.766667
1684926260.174590,6.766667
1684926260.186649,6.766667
1684926260.194485,6.833333
1684926260.206633,6.833333
1684926260.214508,6.966667
1684926260.234512,6.900000
1684926260.246651,6.900000
1684926260.254536,6.966667
1684926260.274486,6.900000
1684926260.286636,6.900000
1684926260.294469,6.900000
1684926260.314692,6.966667
1684926260.314838,6.966667
1684926260.334351,6.966667
1684926260.354462,6.900000
1684926260.374327,6.900000
1684926260.394314,6.966667
1684926260.414258,6.900000
1684926260.434238,6.966667
1684926260.454227,7.066667
1684926260.474219,7.000000
1684926260.486655,7.000000
1684926260.494406,6.900000
1684926260.514216,6.966667
1684926260.534135,7.066667
1684926260.554118,7.000000
1684926260.574097,6.966667
1684926260.594141,6.900000
1684926260.614054,6.900000
1684926260.634039,6.966667
1684926260.654035,6.966667
1684926260.674092,6.900000
1684926260.686677,6.900000
1684926260.694047,6.900000
1684926260.714226,6.966667
1684926260.733969,6.900000
1684926260.754426,6.966667
1684926260.773886,6.966667
1684926260.794664,6.900000
1684926260.814716,6.900000
1684926260.834715,6.966667
1684926260.854750,7.066667
1684926260.874721,7.000000
1684926260.886790,7.000000
1684926260.894715,7.066667
1684926260.914730,7.000000
1684926260.933874,7.000000
1684926260.953725,7.066667
1684926260.973720,7.066667
1684926260.993759,7.000000
1684926261.013721,7.000000
1684926261.033728,7.066667
1684926261.054070,7.000000
1684926261.074718,7.066667
1684926261.086946,7.066667
1684926261.094723,7.066667
1684926261.113737,7.000000
1684926261.134193,7.000000
1684926261.153722,7.066667
1684926261.173718,7.200000
1684926261.193722,7.133333
1684926261.213716,7.200000
1684926261.233738,7.133333
1684926261.253768,7.133333
1684926261.273758,7.200000
1684926261.286480,7.200000
1684926261.293743,7.200000
1684926261.313787,7.133333
1684926261.333911,7.000000
1684926261.353766,7.066667
1684926261.373778,7.000000
1684926261.393794,7.200000
1684926261.413782,7.200000
1684926261.433807,7.133333
1684926261.453815,7.133333
1684926261.473793,7.200000
1684926261.485791,7.200000
1684926261.493804,7.200000
1684926261.513820,7.133333
1684926261.533966,7.200000
1684926261.553847,7.133333
1684926261.573835,7.133333
1684926261.593806,7.200000
1684926261.613851,7.066667
1684926261.633857,7.000000
1684926261.633857,7.000000
1684926261.653833,7.000000
1684926261.673849,7.066667
1684926261.685767,7.066667
1684926261.693837,7.000000
1684926261.713897,7.066667
1684926261.733867,6.966667
1684926261.753925,6.900000
1684926261.773963,6.900000
1684926261.789670,6.900000
1684926261.793870,6.833333
1684926261.813872,6.833333
1684926261.829894,6.833333
1684926261.833931,6.766667
1684926261.853902,6.700000
1684926261.869874,6.700000
1684926261.873930,6.633333
1684926261.893914,6.633333
1684926261.913896,6.700000
1684926261.933933,6.700000
1684926261.953930,6.500000
1684926261.974054,6.500000
1684926261.993923,6.566667
1684926262.013921,6.400000
1684926262.033938,6.466667
1684926262.054047,6.466667
1684926262.068878,6.466667
1684926262.073929,6.400000
1684926262.093938,6.266667
1684926262.093941,6.266667
1684926262.113992,6.333333
1684926262.133960,6.333333
1684926262.153954,6.133333
1684926262.173980,6.200000
1684926262.193961,6.133333
1684926262.213980,6.133333
1684926262.233980,6.200000
1684926262.253978,6.200000
1684926262.268923,6.200000
1684926262.273977,6.133333
1684926262.294099,6.133333
1684926262.313981,6.200000
1684926262.333944,6.133333
1684926262.353912,6.200000
1684926262.374031,6.200000
1684926262.394145,6.133333
1684926262.413398,6.133333
1684926262.433381,6.200000
1684926262.453447,6.200000
1684926262.469881,6.200000
1684926262.473563,6.133333
1684926262.493682,6.200000
1684926262.513878,6.133333
1684926262.533982,6.133333
1684926262.554046,6.200000
1684926262.574051,6.200000
1684926262.594051,6.133333
1684926262.614048,6.133333
1684926262.631964,6.200000
1684926262.651918,6.133333
1684926262.668873,6.133333
1684926262.671898,6.200000
1684926262.691870,6.200000
1684926262.711959,6.266667
1684926262.731892,6.266667
1684926262.751813,6.333333
1684926262.771817,6.333333
1684926262.791786,6.266667
1684926262.811761,6.333333
1684926262.831948,6.400000
1684926262.851739,6.400000
1684926262.867852,6.400000
1684926262.871820,6.466667
1684926262.891671,6.466667
1684926262.911693,6.500000
1684926262.932061,6.500000
1684926262.951604,6.700000
1684926262.971606,6.766667
1684926262.991582,6.833333
1684926262.991582,6.833333
1684926263.011545,6.833333
1684926263.027927,6.833333
1684926263.031523,6.900000
1684926263.051553,7.000000
1684926263.068257,7.000000
1684926263.071482,7.066667
1684926263.091496,7.200000
1684926263.107947,7.200000
1684926263.111440,7.266667
1684926263.132000,7.333333
1684926263.152006,7.400000
1684926263.171385,7.500000
1684926263.191355,7.566667
1684926263.211352,7.566667
1684926263.231344,7.500000
1684926263.251342,7.633333
1684926263.271889,7.700000
1684926263.291616,7.633333
1684926263.307338,7.633333
1684926263.311397,7.700000
1684926263.331843,7.700000
1684926263.352091,7.766667
1684926263.371906,7.766667
1684926263.392087,7.833333
1684926263.411153,7.833333
1684926263.431982,7.766667
1684926263.451968,7.833333
1684926263.471941,7.766667
1684926263.492012,7.766667
1684926263.507202,7.766667
1684926263.511174,7.966667
1684926263.531904,7.966667
1684926263.551939,7.900000
1684926263.572015,7.900000
1684926263.590970,7.966667
1684926263.610923,8.000000
1684926263.630944,8.066667
1684926263.650991,8.066667
1684926263.671014,8.133333
1684926263.672004,8.133333
1684926263.672159,8.133333
1684926263.691008,8.133333
1684926263.691008,8.133333
1684926263.710951,8.333333
1684926263.712090,8.333333
1684926263.732099,8.466666
1684926263.751976,8.400000
1684926263.771052,8.566667
1684926263.790981,8.633333
1684926263.810899,8.633333
1684926263.830972,8.833333
1684926263.850993,8.966666
1684926263.870965,9.000000
1684926263.891011,9.000000
1684926263.910948,9.200000
1684926263.912072,9.200000
1684926263.931475,9.266666
1684926263.950966,9.466666
1684926263.952112,9.466666
1684926263.970965,9.700000
1684926263.990978,9.633333
1684926263.992133,9.633333
1684926264.010966,9.766666
1684926264.031070,9.966666
1684926264.050986,9.966666
1684926264.070901,10.133333
1684926264.091075,10.333333
1684926264.111029,10.400000
1684926264.112082,10.400000
1684926264.131140,10.500000
1684926264.150947,10.700000
1684926264.152095,10.700000
1684926264.171008,10.700000
1684926264.191009,10.766666
1684926264.192141,10.766666
1684926264.210931,10.900000
1684926264.230969,10.966666
1684926264.250994,11.000000
1684926264.270926,11.200000
1684926264.290989,11.200000
1684926264.310932,11.266666
1684926264.331041,11.266666
1684926264.350949,11.466666
1684926264.370972,11.566667
1684926264.372109,11.566667
1684926264.390999,11.500000
1684926264.411071,11.700000
1684926264.412200,11.700000
1684926264.431144,11.633333
1684926264.450958,11.633333
1684926264.453073,11.633333
1684926264.454222,11.633333
1684926264.470961,11.700000
1684926264.491034,11.700000
1684926264.511123,11.633333
1684926264.531052,11.900000
1684926264.550993,11.966666
1684926264.570076,11.900000
1684926264.590025,12.066667
1684926264.610014,12.066667
1684926264.629936,12.133333
1684926264.651023,12.133333
1684926264.651155,12.133333
1684926264.670098,12.200000
1684926264.690047,12.200000
1684926264.709920,12.133333
1684926264.730000,12.333333
1684926264.749942,12.400000
1684926264.770715,12.500000
1684926264.790059,12.566667
1684926264.809872,12.566667
1684926264.829874,12.566667
1684926264.831000,12.633333
1684926264.849984,12.633333
1684926264.869624,12.833333
1684926264.870737,12.833333
1684926264.890211,12.766666
1684926264.910389,12.966666
1684926264.911602,12.966666
1684926264.930493,13.066667
1684926264.949602,13.000000
1684926264.969725,13.133333
1684926264.989762,13.200000
1684926265.009998,13.333333
1684926265.029976,13.400000
1684926265.050044,13.566667
1684926265.070107,13.500000
1684926265.090000,13.633333
1684926265.110037,13.633333
1684926265.111162,13.833333
1684926265.131065,13.966666
1684926265.150119,13.966666
1684926265.151250,14.000000
1684926265.170012,14.000000
1684926265.191068,14.200000
1684926265.191057,14.200000
1684926265.193637,14.200000
1684926265.209931,14.133333
1684926265.230042,14.200000
1684926265.250051,14.333333
1684926265.270020,14.266666
1684926265.289993,14.400000
1684926265.310143,14.566667
1684926265.330001,14.566667
1684926265.350076,14.500000
1684926265.370056,14.566667
1684926265.390055,14.500000
1684926265.391177,14.500000
1684926265.410022,14.500000
1684926265.410024,14.500000
1684926265.430064,14.566667
1684926265.449954,14.566667
1684926265.470040,14.500000
1684926265.489995,14.500000
1684926265.509147,14.700000
1684926265.509150,14.700000
1684926265.529998,14.633333
1684926265.550041,14.833333
1684926265.570002,14.833333
1684926265.589979,14.766666
1684926265.589986,14.766666
1684926265.591114,14.766666
1684926265.610001,14.766666
1684926265.630001,14.833333
1684926265.649937,14.700000
1684926265.670048,14.766666
1684926265.689999,14.833333
1684926265.710061,14.766666
1684926265.730089,14.766666
1684926265.750092,14.833333
1684926265.770036,14.833333
1684926265.790046,14.766666
1684926265.791172,14.766666
1684926265.810043,14.766666
1684926265.830161,14.700000
1684926265.850025,14.633333
1684926265.869999,14.700000
1684926265.889131,14.700000
1684926265.910002,14.633333
1684926265.930002,14.766666
1684926265.950152,14.833333
1684926265.970165,14.700000
1684926265.990171,14.633333
1684926265.991274,14.633333
1684926266.010022,14.700000
1684926266.029999,14.633333
1684926266.049224,14.633333
1684926266.070066,14.700000
1684926266.090107,14.566667
1684926266.110000,14.500000
1684926266.130112,14.500000
1684926266.149130,14.566667
1684926266.170075,14.400000
1684926266.189997,14.466666
1684926266.190083,14.466666
1684926266.191144,14.466666
1684926266.210061,14.466666
1684926266.230001,14.500000
1684926266.249169,14.500000
1684926266.269999,14.466666
1684926266.289097,14.333333
1684926266.309047,14.266666
1684926266.329003,14.333333
1684926266.349053,14.266666
1684926266.369032,14.266666
1684926266.389082,14.266666
1684926266.390207,14.333333
1684926266.409049,14.333333
1684926266.429118,14.133333
1684926266.448003,14.133333
1684926266.469005,14.200000
1684926266.488017,14.133333
1684926266.508045,14.200000
1684926266.528148,14.200000
1684926266.548296,14.133333
1684926266.569599,14.133333
1684926266.588688,14.133333
1684926266.589702,14.066667
1684926266.589826,14.066667
1684926266.607780,14.200000
1684926266.627777,14.000000
1684926266.647824,14.066667
1684926266.667759,13.900000
1684926266.687690,13.900000
1684926266.707674,14.066667
1684926266.727651,13.833333
1684926266.731755,13.833333
1684926266.747658,13.766666
1684926266.751737,13.766666
1684926266.767610,14.133333
1684926266.787620,14.066667
1684926266.792680,14.066667
1684926266.807591,13.633333
1684926266.812836,13.633333
1684926266.827553,13.966666
1684926266.847546,13.966666
1684926266.852596,13.966666
1684926266.867510,13.766666
1684926266.887650,13.900000
1684926266.891713,13.900000
1684926266.907486,14.066667
1684926266.927451,13.966666
1684926266.927450,13.966666
1684926266.947457,13.900000
1684926266.967607,13.966666
1684926266.987411,13.766666
1684926266.992471,13.766666
1684926267.007463,13.633333
1684926267.011487,13.633333
1684926267.027347,13.833333
1684926267.047318,13.833333
1684926267.052381,13.833333
1684926267.067477,13.900000
1684926267.087311,13.900000
1684926267.092362,13.900000
1684926267.107254,13.966666
1684926267.127269,13.900000
1684926267.127393,13.900000
1684926267.147249,13.966666
1684926267.167270,13.966666
1684926267.187176,14.000000
1684926267.207222,14.133333
1684926267.207309,14.133333
1684926267.227216,14.333333
1684926267.247197,14.333333
1684926267.267169,14.400000
1684926267.287276,14.566667
1684926267.292233,14.566667
1684926267.307152,14.500000
1684926267.327299,14.766666
1684926267.331339,14.766666
1684926267.347177,14.966666
1684926267.367157,15.066667
1684926267.371243,15.066667
1684926267.387191,15.133333
1684926267.407243,15.266666
1684926267.411005,15.266666
1684926267.427402,15.566667
1684926267.447530,15.633333
1684926267.467604,15.966666
1684926267.470949,15.966666
1684926267.487347,16.200001
1684926267.491457,16.200001
1684926267.506925,16.000000
1684926267.511106,16.000000
1684926267.527011,16.000000
1684926267.547059,16.466667
1684926267.551208,16.466667
1684926267.567259,16.566668
1684926267.587369,16.633333
1684926267.591441,16.633333
1684926267.607263,16.833334
1684926267.627230,16.900000
1684926267.647331,17.000000
1684926267.667222,17.200001
1684926267.671299,17.200001
1684926267.687221,17.466667
1684926267.707245,17.400000
1684926267.711881,17.400000
1684926267.727257,17.500000
1684926267.747240,17.700001
1684926267.751406,17.700001
1684926267.767251,17.633333
1684926267.767252,17.633333
1684926267.787246,17.700001
1684926267.807242,17.833334
1684926267.827272,17.900000
1684926267.847264,17.900000
1684926267.867247,17.966667
1684926267.887419,17.966667
1684926267.907266,17.900000
1684926267.927294,18.066668
1684926267.947285,18.000000
1684926267.951348,18.000000
1684926267.967262,18.000000
1684926267.967268,18.000000
1684926267.986509,18.066668
1684926268.007305,18.066668
1684926268.027287,18.000000
1684926268.047311,18.000000
1684926268.067306,18.200001
1684926268.086437,18.133333
1684926268.106313,18.066668
1684926268.126330,18.200001
1684926268.146291,18.266666
1684926268.150334,18.266666
1684926268.166314,18.133333
1684926268.186303,18.333334
1684926268.206346,18.333334
1684926268.226342,18.266666
1684926268.246311,18.333334
1684926268.266353,18.266666
1684926268.286515,18.266666
1684926268.306335,18.333334
1684926268.310515,18.333334
1684926268.326334,18.466667
1684926268.330493,18.466667
1684926268.346335,18.266666
1684926268.351083,18.266666
1684926268.366390,18.400000
1684926268.386421,18.466667
1684926268.391087,18.466667
1684926268.406393,18.400000
1684926268.426389,18.466667
1684926268.430190,18.466667
1684926268.446393,18.566668
1684926268.466416,18.500000
1684926268.486465,18.500000
1684926268.506371,18.566668
1684926268.526374,18.700001
1684926268.546404,18.633333
1684926268.566392,18.833334
1684926268.586418,18.766666
1684926268.606390,18.766666
1684926268.626398,18.966667
1684926268.630143,18.966667
1684926268.646405,19.066668
1684926268.666668,19.000000
1684926268.686671,19.133333
1684926268.706948,19.200001
1684926268.726684,19.266666
1684926268.746690,19.466667
1684926268.766706,19.466667
1684926268.770147,19.466667
1684926268.786246,19.500000
1684926268.806271,19.633333
1684926268.810128,19.633333
1684926268.827010,19.700001
1684926268.846703,19.833334
1684926268.850130,19.833334
1684926268.865814,19.900000
1684926268.885772,19.966667
1684926268.906064,19.900000
1684926268.926146,19.900000
1684926268.946318,20.066668
1684926268.966399,20.066668
1684926268.986795,20.000000
1684926269.006503,20.000000
1684926269.026531,20.066668
1684926269.046499,20.000000
1684926269.050061,20.000000
1684926269.066525,20.200001
1684926269.086835,20.200001
1684926269.106504,20.133333
1684926269.126521,20.133333
1684926269.146585,20.066668
1684926269.166534,20.066668
1684926269.186852,19.900000
1684926269.205502,19.966667
1684926269.225552,19.766666
1684926269.225635,19.766666
1684926269.245625,19.633333
1684926269.250092,19.633333
1684926269.265566,19.700001
1684926269.285906,19.566668
1684926269.293166,19.566668
1684926269.305660,19.400000
1684926269.325542,19.400000
1684926269.333107,19.400000
1684926269.345563,19.333334
1684926269.365597,19.266666
1684926269.367909,19.266666
1684926269.373171,19.266666
1684926269.385939,19.333334
1684926269.405593,19.066668
1684926269.425571,19.000000
1684926269.445569,18.900000
1684926269.465700,18.833334
1684926269.485944,18.833334
1684926269.505583,18.633333
1684926269.525650,18.700001
1684926269.545647,18.500000
1684926269.565606,18.400000
1684926269.565719,18.400000
1684926269.572940,18.400000
1684926269.585987,18.333334
1684926269.605654,18.333334
1684926269.612957,18.333334
1684926269.625660,18.133333
1684926269.645782,18.000000
1684926269.653005,18.000000
1684926269.665642,18.066668
1684926269.686051,17.900000
1684926269.705672,17.966667
1684926269.725760,17.833334
1684926269.745649,17.633333
1684926269.765651,17.633333
1684926269.786192,17.700001
1684926269.805672,17.566668
1684926269.825654,17.500000
1684926269.825656,17.500000
1684926269.845650,17.466667
1684926269.853063,17.466667
1684926269.865677,17.400000
1684926269.886254,17.400000
1684926269.905673,17.333334
1684926269.925697,17.333334
1684926269.933170,17.333334
1684926269.945702,17.133333
1684926269.965692,17.133333
1684926269.973205,17.133333
1684926269.986222,17.200001
1684926270.005690,17.000000
1684926270.013086,17.000000
1684926270.025718,17.066668
1684926270.045692,16.966667
1684926270.065690,16.900000
1684926270.085719,16.900000
1684926270.105714,16.833334
1684926270.125725,16.700001
1684926270.145733,16.633333
1684926270.165716,16.700001
1684926270.168193,16.700001
1684926270.186363,16.633333
1684926270.205733,16.500000
1684926270.213216,16.500000
1684926270.225696,16.566668
1684926270.245696,16.466667
1684926270.265763,16.266666
1684926270.286379,16.266666
1684926270.305678,16.200001
1684926270.325698,16.133333
1684926270.345778,16.200001
1684926270.353760,16.200001
1684926270.365905,16.066668
1684926270.386041,15.900000
1684926270.392003,15.900000
1684926270.405321,15.900000
1684926270.425310,15.966666
1684926270.431953,15.966666
1684926270.445410,15.833333
1684926270.465770,15.633333
1684926270.486388,15.700000
1684926270.505435,15.500000
1684926270.525340,15.500000
1684926270.545377,15.466666
1684926270.565356,15.466666
1684926270.586373,15.400000
1684926270.606404,15.266666
1684926270.626386,15.333333
1684926270.631775,15.333333
1684926270.646533,15.133333
1684926270.663504,15.200000
1684926270.684382,15.066667
1684926270.703478,14.900000
1684926270.723493,14.900000
1684926270.732151,14.900000
1684926270.743447,14.833333
1684926270.763424,14.833333
1684926270.771680,14.833333
1684926270.783408,14.633333
1684926270.803425,14.700000
1684926270.811575,14.700000
1684926270.811626,14.700000
1684926270.823447,14.500000
1684926270.846678,14.500000
1684926270.863469,14.566667
1684926270.883451,14.466666
1684926270.903454,14.400000
1684926270.923449,14.266666
1684926270.943534,14.333333
1684926270.963543,14.133333
1684926270.983473,14.200000
1684926271.003469,14.200000
1684926271.011359,14.200000
1684926271.023475,14.000000
1684926271.043559,13.900000
1684926271.063513,13.966666
1684926271.083522,13.833333
1684926271.091293,13.833333
1684926271.103529,13.766666
1684926271.123615,13.700000
1684926271.131656,13.700000
1684926271.143590,13.633333
1684926271.163567,13.500000
1684926271.171825,13.500000
1684926271.183556,13.566667
1684926271.203605,13.466666
1684926271.223731,13.266666
1684926271.243590,13.266666
1684926271.263659,13.200000
1684926271.283677,13.133333
1684926271.303712,13.200000
1684926271.323675,13.066667
1684926271.343822,13.000000
1684926271.363699,13.000000
1684926271.371897,13.000000
1684926271.383698,12.966666
1684926271.403694,12.966666
1684926271.423814,12.766666
1684926271.443719,12.833333
1684926271.463696,12.766666
1684926271.483722,12.766666
1684926271.503726,12.700000
1684926271.522642,12.700000
1684926271.542669,12.633333
1684926271.562576,12.633333
1684926271.571244,12.633333
1684926271.582583,12.700000
1684926271.591307,12.700000
1684926271.602561,12.500000
1684926271.622517,12.566667
1684926271.631187,12.566667
1684926271.642709,12.566667
1684926271.662481,12.500000
1684926271.671263,12.500000
1684926271.682496,12.500000
1684926271.702433,12.566667
1684926271.722451,12.566667
1684926271.742393,12.500000
1684926271.762391,12.566667
1684926271.782439,12.500000
1684926271.803290,12.400000
1684926271.822428,12.466666
1684926271.842398,12.466666
1684926271.862283,12.400000
1684926271.871406,12.400000
1684926271.882314,12.400000
1684926271.902308,12.466666
1684926271.922477,12.400000
1684926271.942264,12.466666
1684926271.962328,12.466666
1684926271.982239,12.400000
1684926272.002351,12.400000
1684926272.022461,12.466666
1684926272.042689,12.466666
1684926272.062688,12.400000
1684926272.071229,12.400000
1684926272.082875,12.466666
1684926272.102938,12.400000
1684926272.103017,12.400000
1684926272.123033,12.400000
1684926272.141993,12.466666
1684926272.161994,12.466666
1684926272.181999,12.400000
1684926272.202348,12.400000
1684926272.222064,12.466666
1684926272.242060,12.400000
1684926272.261848,12.466666
1684926272.270324,12.466666
1684926272.282017,12.466666
1684926272.301809,12.400000
1684926272.321933,12.400000
1684926272.341765,12.566667
1684926272.361784,12.566667
1684926272.381728,12.500000
1684926272.402372,12.566667
1684926272.421680,12.500000
1684926272.430221,12.500000
1684926272.441695,12.633333
1684926272.461678,12.700000
1684926272.470206,12.700000
1684926272.481663,12.833333
1684926272.501615,12.766666
1684926272.510424,12.766666
1684926272.521595,12.766666
1684926272.541662,12.966666
1684926272.561538,12.900000
1684926272.581531,13.066667
1684926272.602347,13.066667
1684926272.621487,13.000000
1684926272.641458,13.000000
1684926272.641529,13.000000
1684926272.661438,13.200000
1684926272.681493,13.200000
1684926272.701394,13.133333
1684926272.710324,13.133333
1684926272.721374,13.200000
1684926272.741356,13.133333
1684926272.761333,13.133333
1684926272.781321,13.200000
1684926272.801304,13.200000
1684926272.821353,13.133333
1684926272.841276,13.133333
1684926272.861315,13.200000
1684926272.881298,13.133333
1684926272.901188,13.200000
1684926272.910319,13.200000
1684926272.921258,13.200000
1684926272.941295,13.133333
1684926272.961429,13.133333
1684926272.981635,13.200000
1684926273.001084,13.200000
1684926273.021040,13.133333
1684926273.041907,13.200000
1684926273.061005,13.133333
1684926273.081239,13.133333
1684926273.101454,13.066667
1684926273.110301,13.066667
1684926273.121318,13.066667
1684926273.141370,13.000000
1684926273.161336,13.000000
1684926273.181297,13.066667
1684926273.201503,13.000000
1684926273.221315,13.066667
1684926273.241342,13.066667
1684926273.261318,12.900000
1684926273.281313,12.900000
1684926273.301433,12.966666
1684926273.310323,12.966666
1684926273.321391,12.966666
1684926273.341303,12.900000
1684926273.361346,12.833333
1684926273.381298,12.766666
1684926273.405283,12.766666
1684926273.421297,12.833333
1684926273.441344,12.833333
1684926273.461340,12.900000
1684926273.481295,12.766666
1684926273.501359,12.833333
1684926273.510299,12.833333
1684926273.521352,12.766666
1684926273.541306,12.833333
1684926273.561317,12.833333
1684926273.581325,12.766666
1684926273.601339,12.766666
1684926273.621375,12.833333
1684926273.641297,12.833333
1684926273.661314,12.766666
1684926273.680400,12.833333
1684926273.700335,12.766666
1684926273.710307,12.766666
1684926273.721279,12.766666
1684926273.740340,12.833333
1684926273.760337,12.833333
1684926273.780341,12.766666
1684926273.800370,12.766666
1684926273.820371,12.833333
1684926273.840430,12.766666
1684926273.860339,12.833333
1684926273.880400,12.966666
1684926273.900301,12.900000
1684926273.909240,12.900000
1684926273.920338,12.900000
1684926273.920388,12.900000
1684926273.940483,12.966666
1684926273.960338,12.966666
1684926273.960403,12.966666
1684926273.980309,13.000000
1684926274.000339,13.066667
1684926274.020294,13.000000
1684926274.040514,13.000000
1684926274.060392,13.066667
1684926274.080362,13.066667
1684926274.100319,13.133333
1684926274.108107,13.133333
1684926274.120275,13.133333
1684926274.140361,13.200000
1684926274.160300,13.133333
1684926274.180385,13.200000
1684926274.200434,13.200000
1684926274.220385,13.133333
1684926274.240402,13.133333
1684926274.260414,13.200000
1684926274.280298,13.200000
1684926274.300352,13.133333
1684926274.307967,13.133333
1684926274.320344,13.200000
1684926274.340446,13.133333
1684926274.360298,13.133333
1684926274.380349,13.200000
1684926274.400342,13.200000
1684926274.420466,13.133333
1684926274.440325,13.133333
1684926274.460307,13.200000
1684926274.480298,13.266666
1684926274.500371,13.333333
1684926274.507981,13.333333
1684926274.519934,13.333333
1684926274.539956,13.133333
1684926274.560003,13.133333
1684926274.579954,13.200000
1684926274.599912,13.200000
1684926274.620082,13.133333
1684926274.640222,13.200000
1684926274.660324,13.133333
1684926274.680458,13.133333
1684926274.700600,13.200000
1684926274.708005,13.200000
1684926274.720614,13.200000
1684926274.740827,13.000000
1684926274.759878,13.000000
1684926274.781050,13.066667
1684926274.800143,13.000000
1684926274.820352,13.066667
1684926274.840430,13.066667
1684926274.860348,13.000000
1684926274.881446,13.000000
1684926274.900353,13.066667
1684926274.907834,13.066667
1684926274.920303,13.066667
1684926274.921289,13.066667
1684926274.940428,13.000000
1684926274.960322,13.066667
1684926274.981428,13.000000
1684926275.000400,13.000000
1684926275.020325,13.066667
1684926275.040447,13.066667
1684926275.060559,13.000000
1684926275.081428,13.000000
1684926275.100335,13.066667
1684926275.107864,13.066667
1684926275.120434,13.000000
1684926275.140353,13.066667
1684926275.160433,13.066667
1684926275.180374,13.000000
1684926275.200321,13.000000
1684926275.220390,13.066667
1684926275.240429,12.966666
1684926275.260414,12.900000
1684926275.280424,12.966666
1684926275.300306,12.900000
1684926275.307483,12.900000
1684926275.320532,12.900000
1684926275.340364,12.966666
1684926275.360382,12.966666
1684926275.380351,12.900000
1684926275.400373,12.900000
1684926275.419539,12.966666
1684926275.439387,12.900000
1684926275.459327,12.966666
1684926275.480430,12.966666
1684926275.499310,12.900000
1684926275.507756,12.900000
1684926275.519494,12.900000
1684926275.539328,12.966666
1684926275.559425,12.966666
1684926275.579431,12.900000
1684926275.599353,12.966666
1684926275.619370,12.900000
1684926275.639374,12.766666
1684926275.659314,12.833333
1684926275.678317,12.833333
1684926275.698585,12.766666
1684926275.707497,12.766666
1684926275.718250,12.766666
1684926275.738203,12.833333
1684926275.758183,12.766666
1684926275.778660,12.833333
1684926275.798582,12.833333
1684926275.818702,12.766666
1684926275.838754,12.766666
1684926275.858814,12.833333
1684926275.858907,12.833333
1684926275.878845,12.833333
1684926275.880926,12.833333
1684926275.898795,12.766666
1684926275.906850,12.766666
1684926275.920675,12.833333
1684926275.938928,12.766666
1684926275.958646,12.766666
1684926275.978651,12.833333
1684926275.998755,12.833333
1684926276.018931,12.766666
1684926276.037972,12.766666
1684926276.057944,12.833333
1684926276.077945,12.766666
1684926276.097832,12.700000
1684926276.106740,12.700000
1684926276.117937,12.700000
1684926276.137791,12.633333
1684926276.157901,12.633333
1684926276.177769,12.833333
1684926276.197729,12.700000
1684926276.217815,12.633333
1684926276.237686,12.700000
1684926276.257698,12.633333
1684926276.277704,12.633333
1684926276.297776,12.700000
1684926276.306710,12.700000
1684926276.317711,12.700000
1684926276.337727,12.633333
1684926276.357738,12.633333
1684926276.377733,12.700000
1684926276.397736,12.633333
1684926276.417753,12.700000
1684926276.437899,12.700000
1684926276.457766,12.633333
1684926276.477943,12.633333
1684926276.497806,12.700000
1684926276.497809,12.700000
1684926276.506939,12.700000
1684926276.517795,12.700000
1684926276.537819,12.633333
1684926276.557809,12.700000
1684926276.577828,12.633333
1684926276.593560,12.633333
1684926276.597854,12.500000
1684926276.617838,12.566667
1684926276.633394,12.566667
1684926276.637836,12.566667
1684926276.657882,12.500000
1684926276.673605,12.500000
1684926276.677858,12.500000
1684926276.697854,12.566667
1684926276.717896,12.500000
1684926276.737879,12.566667
1684926276.757875,12.566667
1684926276.777935,12.500000
1684926276.797545,12.500000
1684926276.817943,12.566667
1684926276.837939,12.566667
1684926276.857922,12.500000
1684926276.874436,12.500000
1684926276.877456,12.566667
1684926276.897333,12.500000
1684926276.917443,12.500000
1684926276.937455,12.566667
1684926276.957550,12.566667
1684926276.977553,12.500000
1684926276.997460,12.500000
1684926277.017562,12.566667
1684926277.037606,12.500000
1684926277.057644,12.566667
1684926277.073919,12.566667
1684926277.076941,12.566667
1684926277.097293,12.500000
1684926277.117419,12.500000
1684926277.137439,12.566667
1684926277.157469,12.566667
1684926277.177692,12.500000
1684926277.197670,12.566667
1684926277.217891,12.500000
1684926277.237937,12.500000
1684926277.258154,12.466666
1684926277.273423,12.466666
1684926277.278159,12.466666
1684926277.297252,12.400000
1684926277.318134,12.400000
1684926277.338114,12.466666
1684926277.358110,12.266666
1684926277.378137,12.333333
1684926277.398192,12.333333
1684926277.418155,12.266666
1684926277.438125,12.266666
1684926277.458126,12.333333
1684926277.473316,12.333333
1684926277.478146,12.333333
1684926277.498172,12.133333
1684926277.517150,12.200000
1684926277.537202,12.133333
1684926277.557173,12.133333
1684926277.577176,12.200000
1684926277.597437,12.066667
1684926277.617198,12.000000
1684926277.637249,12.000000
1684926277.657202,12.066667
1684926277.673257,12.066667
1684926277.677210,11.900000
1684926277.697218,11.966666
1684926277.717219,11.966666
1684926277.737366,11.900000
1684926277.757238,11.900000
1684926277.777240,11.833333
1684926277.797298,11.833333
1684926277.817275,11.766666
1684926277.837301,11.833333
1684926277.857320,11.633333
1684926277.872195,11.633333
1684926277.877303,11.633333
1684926277.897537,11.700000
1684926277.917305,11.700000
1684926277.937317,11.500000
1684926277.957314,11.500000
1684926277.977331,11.566667
1684926277.997331,11.500000
1684926278.012059,11.500000
1684926278.017370,11.466666
1684926278.037353,11.466666
1684926278.051950,11.466666
1684926278.057339,11.400000
1684926278.077378,11.266666
1684926278.091850,11.266666
1684926278.097363,11.333333
1684926278.117365,11.333333
1684926278.137382,11.133333
1684926278.157383,11.200000
1684926278.177391,11.133333
1684926278.197405,11.000000
1684926278.217407,11.066667
1684926278.237530,10.966666
1684926278.257432,10.900000
1684926278.277458,10.900000
1684926278.292549,10.900000
1684926278.297452,10.833333
1684926278.317457,10.766666
1684926278.337469,10.700000
1684926278.337477,10.700000
1684926278.357464,10.700000
1684926278.377481,10.633333
1684926278.397526,10.500000
1684926278.417488,10.566667
1684926278.435369,10.466666
1684926278.455383,10.400000
1684926278.475369,10.466666
1684926278.491574,10.466666
1684926278.495319,10.266666
1684926278.511516,10.266666
1684926278.515300,10.266666
1684926278.535265,10.200000
1684926278.551568,10.200000
1684926278.555237,10.200000
1684926278.575217,10.133333
1684926278.591575,10.133333
1684926278.595234,10.000000
