time_stamp,data_value
1684926118.591444,-2.300000
1684926118.602051,-2.300000
1684926118.611449,-2.300000
1684926118.622047,-2.600000
1684926118.631457,-2.600000
1684926118.642058,-2.600000
1684926118.651468,-2.800000
1684926118.662061,-2.800000
1684926118.671453,-3.100000
1684926118.682052,-3.400000
1684926118.691483,-3.400000
1684926118.702052,-3.400000
1684926118.711447,-3.700000
1684926118.722078,-3.900000
1684926118.731445,-3.900000
1684926118.742077,-3.900000
1684926118.751466,-4.200000
1684926118.762075,-4.200000
1684926118.771446,-4.500000
1684926118.782073,-4.200000
1684926118.791467,-4.200000
1684926118.802072,-4.500000
1684926118.811457,-4.200000
1684926118.822074,-4.200000
1684926118.831607,-4.500000
1684926118.842100,-4.200000
1684926118.851465,-4.200000
1684926118.862091,-4.500000
1684926118.871467,-4.200000
1684926118.882101,-4.200000
1684926118.891492,-4.500000
1684926118.901447,-4.500000
1684926118.911473,-4.500000
1684926118.922124,-4.500000
1684926118.931775,-4.500000
1684926118.942136,-4.500000
1684926118.951856,-4.500000
1684926118.962150,-4.500000
1684926118.971923,-4.600000
1684926118.982111,-4.500000
1684926118.992015,-4.500000
1684926119.002152,-4.500000
1684926119.012157,-4.500000
1684926119.021519,-4.500000
1684926119.031283,-4.500000
1684926119.041539,-4.500000
1684926119.051413,-4.500000
1684926119.061599,-4.500000
1684926119.071531,-4.500000
1684926119.081575,-4.500000
1684926119.091639,-4.500000
1684926119.102080,-4.500000
1684926119.111838,-4.700000
1684926119.121826,-4.500000
1684926119.131825,-4.500000
1684926119.141893,-4.500000
1684926119.151904,-4.500000
1684926119.161998,-4.500000
1684926119.172076,-4.500000
1684926119.182225,-4.600000
1684926119.192208,-4.500000
1684926119.201350,-4.500000
1684926119.211308,-4.600000
1684926119.221392,-4.500000
1684926119.232538,-4.500000
1684926119.241499,-4.500000
1684926119.252534,-4.500000
1684926119.262650,-4.600000
1684926119.272542,-4.500000
1684926119.282686,-4.500000
1684926119.292546,-4.500000
1684926119.302853,-4.500000
1684926119.312554,-4.500000
1684926119.322895,-4.500000
1684926119.332537,-4.500000
1684926119.342977,-4.600000
1684926119.352538,-4.500000
1684926119.363133,-4.500000
1684926119.373549,-4.500000
1684926119.383284,-4.500000
1684926119.393564,-4.600000
1684926119.403286,-4.500000
1684926119.413591,-4.500000
1684926119.423286,-4.500000
1684926119.433580,-4.500000
1684926119.443287,-4.500000
1684926119.453660,-4.500000
1684926119.463308,-4.500000
1684926119.473561,-4.500000
1684926119.483288,-4.500000
1684926119.493592,-4.500000
1684926119.503292,-4.500000
1684926119.513566,-4.500000
1684926119.523297,-4.500000
1684926119.533560,-4.500000
1684926119.543289,-4.500000
1684926119.553583,-4.500000
1684926119.563291,-4.600000
1684926119.573623,-4.500000
1684926119.582300,-4.600000
1684926119.591572,-4.500000
1684926119.602273,-4.500000
1684926119.611546,-4.500000
1684926119.622292,-4.500000
1684926119.631552,-4.500000
1684926119.642283,-4.500000
1684926119.651547,-4.500000
1684926119.662292,-4.500000
1684926119.671550,-4.500000
1684926119.682340,-4.500000
1684926119.691561,-4.500000
1684926119.702327,-4.500000
1684926119.711578,-4.500000
1684926119.722323,-4.500000
1684926119.731563,-4.500000
1684926119.742336,-4.500000
1684926119.752588,-4.500000
1684926119.762300,-4.000000
1684926119.772597,-4.200000
1684926119.782342,-3.900000
1684926119.792591,-3.900000
1684926119.802345,-3.700000
1684926119.812599,-3.700000
1684926119.822337,-3.400000
1684926119.832645,-3.400000
1684926119.842331,-3.200000
1684926119.852615,-3.400000
1684926119.862315,-3.100000
1684926119.872589,-3.200000
1684926119.882356,-3.100000
1684926119.892655,-3.200000
1684926119.902379,-3.100000
1684926119.912628,-3.200000
1684926119.922339,-3.100000
1684926119.932596,-2.900000
1684926119.942337,-3.100000
1684926119.952608,-2.900000
1684926119.962381,-3.100000
1684926119.972603,-3.100000
1684926119.982364,-3.100000
1684926119.991642,-2.900000
1684926120.002363,-3.100000
1684926120.011594,-2.900000
1684926120.022380,-3.100000
1684926120.032632,-3.000000
1684926120.042385,-3.100000
1684926120.052637,-3.100000
1684926120.062392,-3.100000
1684926120.072640,-3.100000
1684926120.082369,-3.100000
1684926120.092664,-3.100000
1684926120.102412,-3.100000
1684926120.112678,-3.100000
1684926120.122407,-3.100000
1684926120.132637,-3.100000
1684926120.142405,-3.100000
1684926120.152620,-3.100000
1684926120.162403,-3.100000
1684926120.172640,-3.100000
1684926120.182410,-3.000000
1684926120.192614,-3.100000
1684926120.202432,-3.000000
1684926120.212659,-2.800000
1684926120.222492,-3.100000
1684926120.232689,-2.900000
1684926120.242435,-2.800000
1684926120.252661,-3.100000
1684926120.262407,-3.000000
1684926120.272639,-2.900000
1684926120.282436,-2.900000
1684926120.292679,-2.800000
1684926120.302447,-2.900000
1684926120.312671,-2.800000
1684926120.322436,-2.900000
1684926120.332667,-2.800000
1684926120.342427,-2.600000
1684926120.352639,-2.800000
1684926120.362457,-2.600000
1684926120.372638,-2.600000
1684926120.382455,-2.600000
1684926120.392678,-2.600000
1684926120.402451,-2.600000
1684926120.412659,-2.400000
1684926120.422452,-2.200000
1684926120.432673,-2.300000
1684926120.442503,-1.900000
1684926120.452647,-1.900000
1684926120.462473,-1.600000
1684926120.472641,-1.500000
1684926120.482505,-1.300000
1684926120.492658,-1.200000
1684926120.502481,-0.800000
1684926120.512663,-0.800000
1684926120.522495,-0.500000
1684926120.532659,-0.400000
1684926120.542536,-0.200000
1684926120.552661,-0.200000
1684926120.562506,-0.200000
1684926120.572733,0.000000
1684926120.582499,-0.200000
1684926120.592666,0.000000
1684926120.602483,-0.200000
1684926120.612684,0.000000
1684926120.622496,0.000000
1684926120.632702,0.000000
1684926120.642500,0.000000
1684926120.652683,0.000000
1684926120.662521,0.000000
1684926120.672873,0.000000
1684926120.682527,0.000000
1684926120.692875,0.000000
1684926120.702555,0.200000
1684926120.712961,0.000000
1684926120.722540,0.300000
1684926120.732188,0.000000
1684926120.742571,0.000000
1684926120.752167,0.200000
1684926120.762559,0.300000
1684926120.772167,0.000000
1684926120.782546,0.300000
1684926120.792174,0.300000
1684926120.802549,0.000000
1684926120.812196,0.300000
1684926120.822563,0.300000
1684926120.832237,0.500000
1684926120.842566,0.300000
1684926120.852198,0.500000
1684926120.862211,0.500000
1684926120.872211,0.500000
1684926120.882234,0.700000
1684926120.892221,0.800000
1684926120.902222,1.000000
1684926120.912438,1.100000
1684926120.922463,1.100000
1684926120.932438,1.300000
1684926120.942463,1.400000
1684926120.952562,1.600000
1684926120.962755,1.600000
1684926120.973781,1.600000
1684926120.983801,1.600000
1684926120.993775,1.900000
1684926121.003607,1.600000
1684926121.013799,1.600000
1684926121.023671,1.800000
1684926121.033798,1.600000
1684926121.043631,1.600000
1684926121.053799,1.900000
1684926121.063608,1.900000
1684926121.073798,1.800000
1684926121.083801,1.900000
1684926121.093819,2.000000
1684926121.103658,2.200000
1684926121.113855,2.100000
1684926121.123653,2.200000
1684926121.133838,2.400000
1684926121.143625,2.400000
1684926121.153868,2.700000
1684926121.163654,2.600000
1684926121.173846,2.700000
1684926121.183865,3.000000
1684926121.193843,3.000000
1684926121.203660,3.200000
1684926121.213186,3.500000
1684926121.222660,3.400000
1684926121.232161,3.600000
1684926121.242642,3.800000
1684926121.252306,3.800000
1684926121.262639,4.000000
1684926121.272570,4.300000
1684926121.282554,4.200000
1684926121.292598,4.500000
1684926121.302698,4.600000
1684926121.312600,4.600000
1684926121.322671,4.800000
1684926121.332559,4.800000
1684926121.342678,4.800000
1684926121.352576,5.100000
1684926121.362698,5.400000
1684926121.372599,5.300000
1684926121.382604,5.400000
1684926121.392573,5.400000
1684926121.402810,5.400000
1684926121.412594,5.400000
1684926121.422681,5.600000
1684926121.432599,5.400000
1684926121.442684,5.400000
1684926121.452634,5.600000
1684926121.462816,5.400000
1684926121.472849,5.600000
1684926121.482816,5.700000
1684926121.492836,5.500000
1684926121.502825,5.600000
1684926121.512764,5.700000
1684926121.522732,5.600000
1684926121.532767,5.700000
1684926121.542853,5.900000
1684926121.552774,5.700000
1684926121.562885,5.700000
1684926121.572794,5.900000
1684926121.583091,5.900000
1684926121.592818,5.800000
1684926121.602895,5.900000
1684926121.612766,5.900000
1684926121.622983,5.900000
1684926121.632798,5.900000
1684926121.642957,5.900000
1684926121.652791,5.900000
1684926121.662974,5.900000
1684926121.672806,5.900000
1684926121.682973,6.200000
1684926121.692792,5.900000
1684926121.702981,6.100000
1684926121.712794,6.200000
1684926121.722979,5.900000
1684926121.732786,5.900000
1684926121.742998,6.200000
1684926121.752792,5.900000
1684926121.763050,6.200000
1684926121.772830,6.200000
1684926121.783060,6.100000
1684926121.792813,6.200000
1684926121.803089,6.300000
1684926121.812815,6.200000
1684926121.823124,6.400000
1684926121.832836,6.200000
1684926121.843152,6.300000
1684926121.852810,6.500000
1684926121.862580,6.200000
1684926121.872841,6.400000
1684926121.883162,6.200000
1684926121.892856,6.500000
1684926121.903149,6.200000
1684926121.912812,6.500000
1684926121.923230,6.200000
1684926121.932808,6.400000
1684926121.943236,6.200000
1684926121.952836,6.300000
1684926121.963248,6.500000
1684926121.972812,6.200000
1684926121.983273,6.400000
1684926121.992905,6.200000
1684926122.003252,6.300000
1684926122.012831,6.500000
1684926122.023255,6.200000
1684926122.032831,6.400000
1684926122.044363,6.200000
1684926122.052861,6.400000
1684926122.063303,6.500000
1684926122.072864,6.200000
1684926122.083384,6.300000
1684926122.092870,6.500000
1684926122.103334,6.200000
1684926122.112886,6.400000
1684926122.123330,6.200000
1684926122.132860,6.400000
1684926122.143347,6.500000
1684926122.152833,6.200000
1684926122.163319,6.400000
1684926122.172880,6.200000
1684926122.183388,6.200000
1684926122.192891,6.400000
1684926122.203340,6.200000
1684926122.213134,6.300000
1684926122.223340,6.500000
1684926122.233275,6.200000
1684926122.243356,6.400000
1684926122.253241,6.200000
1684926122.263371,6.400000
1684926122.273463,6.500000
1684926122.283446,6.200000
1684926122.293552,6.400000
1684926122.303600,6.500000
1684926122.312657,6.200000
1684926122.322739,6.500000
1684926122.332759,6.200000
1684926122.342815,6.400000
1684926122.352926,6.200000
1684926122.362976,6.400000
1684926122.372963,6.200000
1684926122.383156,6.300000
1684926122.393114,6.500000
1684926122.401106,6.200000
1684926122.413280,6.400000
1684926122.423325,6.200000
1684926122.433350,6.200000
1684926122.443402,6.500000
1684926122.453603,6.200000
1684926122.463577,6.400000
1684926122.473573,6.200000
1684926122.483665,6.200000
1684926122.493876,6.200000
1684926122.501720,5.900000
1684926122.512966,5.900000
1684926122.522916,5.700000
1684926122.532882,5.700000
1684926122.542999,5.600000
1684926122.552949,5.600000
1684926122.563097,5.700000
1684926122.573909,5.600000
1684926122.583249,5.700000
1684926122.593915,5.700000
1684926122.603384,5.500000
1684926122.613945,5.600000
1684926122.623496,5.700000
1684926122.633915,5.500000
1684926122.643535,5.600000
1684926122.654914,5.400000
1684926122.663776,5.400000
1684926122.673925,5.400000
1684926122.683786,5.100000
1684926122.693918,5.100000
1684926122.703774,4.800000
1684926122.713911,4.800000
1684926122.723732,4.800000
1684926122.733932,4.600000
1684926122.743857,4.600000
1684926122.753939,4.300000
1684926122.763938,4.300000
1684926122.773945,4.300000
1684926122.783917,4.300000
1684926122.794004,4.000000
1684926122.803935,4.000000
1684926122.813958,4.000000
1684926122.822842,4.000000
1684926122.832978,4.000000
1684926122.842992,4.000000
1684926122.853934,4.200000
1684926122.860854,4.000000
1684926122.873965,4.200000
1684926122.880979,4.000000
1684926122.892932,4.000000
1684926122.902867,4.000000
1684926122.912935,4.000000
1684926122.922686,4.000000
1684926122.932935,4.000000
1684926122.942833,4.000000
1684926122.952945,4.000000
1684926122.962819,3.800000
1684926122.972962,4.000000
1684926122.982792,3.800000
1684926122.992938,3.800000
1684926123.002824,3.800000
1684926123.012955,3.800000
1684926123.022682,3.500000
1684926123.032978,3.800000
1684926123.042840,3.500000
1684926123.052942,3.700000
1684926123.062857,3.500000
1684926123.072957,3.500000
1684926123.082902,3.500000
1684926123.092967,3.500000
1684926123.102921,3.700000
1684926123.112967,3.500000
1684926123.122851,3.400000
1684926123.132993,3.500000
1684926123.142987,3.500000
1684926123.153488,3.500000
1684926123.163021,3.500000
1684926123.173965,3.400000
1684926123.180915,3.500000
1684926123.192975,3.200000
1684926123.202748,3.500000
1684926123.213002,3.500000
1684926123.222655,3.200000
1684926123.232995,3.400000
1684926123.242782,3.500000
1684926123.253012,3.200000
1684926123.262759,3.500000
1684926123.272999,3.200000
1684926123.282754,3.500000
1684926123.292979,3.500000
1684926123.302759,3.400000
1684926123.313004,3.500000
1684926123.322631,3.400000
1684926123.332984,3.500000
1684926123.342773,3.200000
1684926123.352978,3.500000
1684926123.362796,3.500000
1684926123.372984,3.400000
1684926123.382862,3.500000
1684926123.392996,3.200000
1684926123.402882,3.500000
1684926123.413006,3.500000
1684926123.422782,3.400000
1684926123.433004,3.500000
1684926123.442923,3.200000
1684926123.452984,3.500000
1684926123.462725,3.200000
1684926123.472992,3.500000
1684926123.482741,3.200000
1684926123.493024,3.500000
1684926123.502736,3.200000
1684926123.513010,3.500000
1684926123.522574,3.500000
1684926123.533007,3.500000
1684926123.542718,3.500000
1684926123.553035,3.200000
1684926123.562704,3.500000
1684926123.573018,3.500000
1684926123.582700,3.400000
1684926123.593005,3.500000
1684926123.602715,3.200000
1684926123.613007,3.500000
1684926123.622606,3.500000
1684926123.633008,3.400000
1684926123.642764,3.500000
1684926123.653014,3.400000
1684926123.662823,3.500000
1684926123.673113,3.200000
1684926123.682831,3.500000
1684926123.693207,3.200000
1684926123.702855,3.500000
1684926123.713370,3.200000
1684926123.722769,3.500000
1684926123.732492,3.400000
1684926123.742909,3.500000
1684926123.752617,3.500000
1684926123.762845,3.700000
1684926123.772914,3.600000
1684926123.782926,4.000000
1684926123.792977,4.000000
1684926123.803039,4.500000
1684926123.813137,4.500000
1684926123.823177,4.800000
1684926123.832227,5.100000
1684926123.842314,5.400000
1684926123.852371,5.400000
1684926123.862462,5.600000
1684926123.872494,5.600000
1684926123.882514,6.100000
1684926123.892576,6.100000
1684926123.902785,6.300000
1684926123.912791,6.300000
1684926123.922832,6.600000
1684926123.932887,6.700000
1684926123.942982,7.000000
1684926123.953062,7.000000
1684926123.963039,7.300000
1684926123.973058,7.700000
1684926123.983162,7.800000
1684926123.993078,7.800000
1684926124.003244,8.100000
1684926124.013064,8.500000
1684926124.023396,8.600000
1684926124.033060,9.000000
1684926124.043666,9.000000
1684926124.053125,9.300000
1684926124.063619,9.400000
1684926124.073084,9.700000
1684926124.083668,9.800000
1684926124.093077,10.200000
1684926124.103630,10.300000
1684926124.113104,10.700000
1684926124.123476,11.200000
1684926124.133082,11.300000
1684926124.141627,11.700000
1684926124.153985,11.800000
1684926124.161624,12.300000
1684926124.174144,12.800000
1684926124.183649,12.800000
1684926124.193104,13.100000
1684926124.201647,13.100000
1684926124.214083,13.400000
1684926124.223567,13.700000
1684926124.233081,13.700000
1684926124.243707,14.000000
1684926124.254103,14.000000
1684926124.263746,14.200000
1684926124.274131,14.200000
1684926124.283794,14.500000
1684926124.294100,14.400000
1684926124.302880,14.500000
1684926124.314122,14.500000
1684926124.323745,15.000000
1684926124.333103,15.200000
1684926124.341547,15.500000
1684926124.354156,15.600000
1684926124.361550,15.600000
1684926124.373119,15.800000
1684926124.381580,16.000000
1684926124.393114,16.299999
1684926124.401535,16.400000
1684926124.413114,16.700001
1684926124.421402,16.700001
1684926124.433110,16.700001
1684926124.441545,16.700001
1684926124.453199,16.900000
1684926124.461549,16.700001
1684926124.473109,16.600000
1684926124.481553,16.700001
1684926124.491111,16.700001
1684926124.501629,16.799999
1684926124.512131,16.700001
1684926124.522504,16.900000
1684926124.532088,16.900000
1684926124.541651,16.900000
1684926124.553114,16.900000
1684926124.561694,17.100000
1684926124.572139,16.900000
1684926124.582762,17.200001
1684926124.593131,17.299999
1684926124.601519,17.500000
1684926124.613113,17.500000
1684926124.621390,17.400000
1684926124.633133,17.600000
1684926124.641494,17.700001
1684926124.653122,18.000000
1684926124.661500,17.700001
1684926124.673120,18.000000
1684926124.681506,17.900000
1684926124.693182,18.000000
1684926124.701464,18.000000
1684926124.713180,17.700001
1684926124.721689,18.000000
1684926124.732133,18.000000
1684926124.741512,18.000000
1684926124.753176,17.700001
1684926124.761761,18.000000
1684926124.773166,17.700001
1684926124.781533,18.000000
1684926124.792160,17.700001
1684926124.801633,18.000000
1684926124.813162,17.700001
1684926124.821529,18.000000
1684926124.832156,17.700001
1684926124.841658,18.000000
1684926124.853179,18.000000
1684926124.861694,17.900000
1684926124.872189,18.000000
1684926124.881688,18.000000
1684926124.892164,18.000000
1684926124.901454,18.000000
1684926124.913192,17.700001
1684926124.921335,18.000000
1684926124.931132,18.000000
1684926124.941427,18.000000
1684926124.952174,17.700001
1684926124.961439,18.000000
1684926124.972217,17.700001
1684926124.981482,18.000000
1684926124.992160,17.700001
1684926125.001428,18.000000
1684926125.013184,17.700001
1684926125.021294,18.000000
1684926125.033168,18.000000
1684926125.041534,17.900000
1684926125.053178,18.000000
1684926125.061489,18.000000
1684926125.072157,18.000000
1684926125.081492,17.900000
1684926125.092176,18.000000
1684926125.101560,17.700001
1684926125.113180,18.000000
1684926125.121462,17.700001
1684926125.132188,18.000000
1684926125.141611,17.700001
1684926125.151726,18.000000
1684926125.161635,17.700001
1684926125.172194,18.000000
1684926125.181394,18.000000
1684926125.193191,17.900000
1684926125.201392,18.000000
1684926125.213204,17.900000
1684926125.221332,18.000000
1684926125.232183,18.000000
1684926125.241394,18.000000
1684926125.252203,17.900000
1684926125.261388,18.000000
1684926125.272188,17.700001
1684926125.281395,18.000000
1684926125.292209,17.700001
1684926125.301370,18.000000
1684926125.312203,17.700001
1684926125.321318,18.000000
1684926125.332202,18.000000
1684926125.341447,17.900000
1684926125.353204,18.000000
1684926125.361454,17.700001
1684926125.372204,18.000000
1684926125.381490,17.700001
1684926125.392210,18.000000
1684926125.401561,17.700001
1684926125.412333,18.000000
1684926125.421413,17.700001
1684926125.432438,18.000000
1684926125.441583,18.000000
1684926125.451584,17.900000
1684926125.461648,18.000000
1684926125.471642,17.700001
1684926125.481699,18.000000
1684926125.492762,17.700001
1684926125.501794,18.000000
1684926125.511879,18.000000
1684926125.521943,17.900000
1684926125.532015,18.000000
1684926125.541065,17.700001
1684926125.552143,17.900000
1684926125.561171,18.000000
1684926125.572260,17.700001
1684926125.581293,18.000000
1684926125.591320,18.000000
1684926125.601773,17.900000
1684926125.611414,18.000000
1684926125.621489,17.700001
1684926125.631547,18.000000
1684926125.641632,18.000000
1684926125.651628,17.900000
1684926125.661708,18.000000
1684926125.671797,17.700001
1684926125.681814,18.000000
1684926125.691888,17.700001
1684926125.701926,18.000000
1684926125.713053,17.700001
1684926125.722068,18.000000
1684926125.733169,17.700001
1684926125.742206,18.000000
1684926125.753260,18.000000
1684926125.762316,17.900000
1684926125.773290,18.000000
1684926125.782357,17.700001
1684926125.793283,18.000000
1684926125.802326,17.700001
1684926125.813293,18.000000
1684926125.823196,17.700001
1684926125.833288,18.000000
1684926125.843349,18.000000
1684926125.853260,17.700001
1684926125.861292,18.000000
1684926125.873297,18.299999
1684926125.881297,18.299999
1684926125.892286,18.500000
1684926125.901324,18.500000
1684926125.912341,18.799999
1684926125.921217,18.799999
1684926125.932257,18.799999
1684926125.941407,18.799999
1684926125.952276,19.100000
1684926125.961397,19.100000
1684926125.972272,19.299999
1684926125.981434,19.200001
1684926125.992284,19.400000
1684926126.001468,19.299999
1684926126.011259,19.799999
1684926126.021369,20.000000
1684926126.032255,20.299999
1684926126.041235,20.299999
1684926126.052258,20.500000
1684926126.061284,20.799999
1684926126.072275,21.000000
1684926126.081223,21.299999
1684926126.092299,21.799999
1684926126.101285,22.000000
1684926126.112260,21.900000
1684926126.121139,21.900000
1684926126.132260,22.100000
1684926126.141231,22.100000
1684926126.152265,22.400000
1684926126.161223,22.400000
1684926126.172243,22.600000
1684926126.181292,22.700001
1684926126.191262,22.500000
1684926126.201294,22.400000
1684926126.212287,22.400000
1684926126.221171,22.400000
1684926126.232302,22.400000
1684926126.241364,22.600000
1684926126.251288,22.700001
1684926126.261375,22.700001
1684926126.272294,22.700001
1684926126.281387,22.700001
1684926126.292320,22.600000
1684926126.301479,22.700001
1684926126.311306,22.700001
1684926126.321057,22.700001
1684926126.332218,22.700001
1684926126.341185,22.799999
1684926126.352238,23.000000
1684926126.361208,23.000000
1684926126.372216,23.000000
1684926126.381178,23.000000
1684926126.392205,23.000000
1684926126.401178,23.000000
1684926126.412183,23.000000
1684926126.421075,23.000000
1684926126.432211,23.200001
1684926126.441163,23.200001
1684926126.452201,23.200001
1684926126.461208,23.000000
1684926126.472507,23.000000
1684926126.481227,23.000000
1684926126.492290,23.200001
1684926126.501290,23.100000
1684926126.512289,23.000000
1684926126.521135,23.000000
1684926126.532307,23.100000
1684926126.541331,23.200001
1684926126.552343,23.000000
1684926126.561332,23.000000
1684926126.572342,23.200001
1684926126.581375,23.100000
1684926126.592333,23.000000
1684926126.601390,23.000000
1684926126.612170,23.200001
1684926126.622038,23.100000
1684926126.632143,23.000000
1684926126.641146,23.100000
1684926126.652141,23.200001
1684926126.661147,23.000000
1684926126.672149,23.000000
1684926126.681124,23.200001
1684926126.692142,23.000000
1684926126.701133,23.000000
1684926126.712128,23.200001
1684926126.722023,23.000000
1684926126.732127,23.000000
1684926126.741168,23.100000
1684926126.752206,23.100000
1684926126.761302,23.000000
1684926126.772290,23.200001
1684926126.781353,23.000000
1684926126.792470,23.000000
1684926126.801522,23.000000
1684926126.811545,23.200001
1684926126.821625,23.000000
1684926126.831714,23.000000
1684926126.841717,23.000000
1684926126.851773,23.200001
1684926126.861835,23.200001
1684926126.871889,23.000000
1684926126.881964,23.000000
1684926126.892044,23.000000
1684926126.901104,23.200001
1684926126.912127,23.200001
1684926126.921194,23.000000
1684926126.932252,23.000000
1684926126.941396,23.100000
1684926126.952400,23.200001
1684926126.961455,23.000000
1684926126.972530,23.000000
1684926126.981554,23.000000
1684926126.991671,22.700001
1684926127.001752,22.700001
1684926127.011826,22.400000
1684926127.021844,22.299999
1684926127.031940,22.100000
1684926127.041969,21.700001
1684926127.052179,21.600000
1684926127.061134,21.600000
1684926127.072165,21.400000
1684926127.081258,21.200001
1684926127.092168,20.900000
1684926127.102218,20.799999
1684926127.112321,20.700001
1684926127.122117,20.500000
1684926127.132250,20.400000
1684926127.142306,20.299999
1684926127.153296,20.000000
1684926127.162283,19.600000
1684926127.173296,19.400000
1684926127.182083,19.100000
1684926127.192065,18.799999
1684926127.202074,18.799999
1684926127.212052,18.299999
1684926127.221903,18.299999
1684926127.232048,18.000000
1684926127.242047,17.799999
1684926127.252047,17.700001
1684926127.262041,17.500000
1684926127.272049,17.500000
1684926127.282027,17.200001
1684926127.292038,16.900000
1684926127.302030,16.900000
1684926127.312056,16.700001
1684926127.321903,16.700001
1684926127.332066,16.400000
1684926127.342080,16.400000
1684926127.352077,16.100000
1684926127.362071,16.100000
1684926127.372092,16.100000
1684926127.382118,16.100000
1684926127.392176,16.100000
1684926127.402180,15.900000
1684926127.412179,16.100000
1684926127.422064,15.900000
1684926127.432197,16.000000
1684926127.441218,16.100000
1684926127.452261,15.900000
1684926127.462010,16.100000
1684926127.472051,15.900000
1684926127.482038,16.100000
1684926127.492039,15.900000
1684926127.502035,16.000000
1684926127.512029,15.800000
1684926127.521847,15.900000
1684926127.531988,16.100000
1684926127.541977,15.900000
1684926127.551979,16.000000
1684926127.561994,15.800000
1684926127.572004,15.900000
1684926127.581981,15.900000
1684926127.591973,15.600000
1684926127.601996,15.600000
1684926127.612022,15.600000
1684926127.621890,15.300000
1684926127.632041,15.300000
1684926127.642086,15.100000
1684926127.652062,15.100000
1684926127.662084,15.300000
1684926127.672128,15.100000
1684926127.682146,15.300000
1684926127.692128,15.100000
1684926127.702140,15.300000
1684926127.712159,15.100000
1684926127.722036,15.100000
1684926127.732191,15.300000
1684926127.741215,15.100000
1684926127.751964,15.200000
1684926127.761948,15.000000
1684926127.771958,15.100000
1684926127.781953,15.300000
1684926127.791932,15.100000
1684926127.801956,15.200000
1684926127.811959,15.100000
1684926127.821831,15.100000
1684926127.831946,15.000000
1684926127.841939,15.100000
1684926127.851957,15.300000
1684926127.861933,15.100000
1684926127.871939,15.100000
1684926127.881940,15.000000
1684926127.891925,15.100000
1684926127.901942,15.000000
1684926127.911977,15.100000
1684926127.921933,15.000000
1684926127.932037,15.100000
1684926127.942081,15.000000
1684926127.952181,15.100000
1684926127.961188,15.000000
1684926127.972237,15.100000
1684926127.981318,15.000000
1684926127.992336,15.100000
1684926128.001435,15.000000
1684926128.012425,15.100000
1684926128.021511,15.000000
1684926128.032539,15.100000
1684926128.041585,15.300000
1684926128.051727,15.100000
1684926128.061689,15.300000
1684926128.071747,15.100000
1684926128.081835,15.200000
1684926128.091909,15.000000
1684926128.101962,15.100000
1684926128.112133,15.300000
1684926128.122188,15.100000
1684926128.132147,15.300000
1684926128.141133,15.100000
1684926128.152193,15.300000
1684926128.161217,15.100000
1684926128.172319,15.200000
1684926128.181361,15.000000
1684926128.192400,15.100000
1684926128.201483,15.000000
1684926128.212623,15.300000
1684926128.221852,15.100000
1684926128.231982,15.300000
1684926128.241984,15.100000
1684926128.252034,15.300000
1684926128.262025,15.100000
1684926128.272049,15.300000
1684926128.282066,15.100000
1684926128.292094,15.300000
1684926128.302087,15.100000
1684926128.312109,15.300000
1684926128.321741,15.100000
1684926128.331882,15.300000
1684926128.341876,15.100000
1684926128.351874,15.000000
1684926128.361865,15.100000
1684926128.371867,15.000000
1684926128.381845,15.100000
1684926128.391863,15.300000
1684926128.401841,15.100000
1684926128.411848,15.300000
1684926128.421691,15.100000
1684926128.431841,15.300000
1684926128.441841,15.100000
1684926128.451883,15.300000
1684926128.461843,15.100000
1684926128.471869,15.300000
1684926128.481887,15.100000
1684926128.491869,15.300000
1684926128.501864,15.100000
1684926128.511895,15.200000
1684926128.521777,15.100000
1684926128.531928,15.200000
1684926128.541951,15.000000
1684926128.551952,15.100000
1684926128.561992,15.000000
1684926128.572004,15.100000
1684926128.582011,15.000000
1684926128.592015,15.100000
1684926128.601758,15.300000
1684926128.611800,15.100000
1684926128.621682,15.300000
1684926128.631776,15.100000
1684926128.641819,15.200000
1684926128.651795,15.100000
1684926128.661784,15.200000
1684926128.671823,15.000000
1684926128.681787,15.100000
1684926128.691821,15.300000
1684926128.701784,15.000000
1684926128.711808,15.100000
1684926128.721645,15.300000
1684926128.731811,15.100000
1684926128.741786,15.100000
1684926128.751803,15.300000
1684926128.761821,15.100000
1684926128.771831,15.100000
1684926128.781846,15.300000
1684926128.791859,15.100000
1684926128.801551,15.300000
1684926128.811907,15.100000
1684926128.821796,15.300000
1684926128.831934,15.100000
1684926128.841942,15.300000
1684926128.851954,15.100000
1684926128.861951,15.300000
1684926128.871980,15.100000
1684926128.881994,15.300000
1684926128.892018,15.300000
1684926128.901790,15.300000
1684926128.911745,15.300000
1684926128.921616,15.100000
1684926128.931797,15.300000
1684926128.941451,15.200000
1684926128.952171,15.300000
1684926128.961723,15.100000
1684926128.971752,15.300000
1684926128.981350,15.300000
1684926128.991758,15.300000
1684926129.001754,15.300000
1684926129.011748,15.300000
1684926129.021309,15.300000
1684926129.031732,15.300000
1684926129.041727,15.300000
1684926129.051769,15.300000
1684926129.061779,15.300000
1684926129.071795,15.300000
1684926129.081791,15.300000
1684926129.091812,15.300000
1684926129.101816,15.300000
1684926129.111884,15.100000
1684926129.121753,15.300000
1684926129.131914,15.300000
1684926129.141897,15.300000
1684926129.151922,15.300000
1684926129.161952,15.000000
1684926129.171932,15.300000
1684926129.181705,15.300000
1684926129.192712,15.300000
1684926129.201662,15.300000
1684926129.211720,15.000000
1684926129.221218,15.100000
1684926129.232740,15.200000
1684926129.241699,15.100000
1684926129.251712,15.100000
1684926129.261670,15.000000
1684926129.272691,15.100000
1684926129.281235,14.800000
1684926129.291713,14.800000
1684926129.301224,14.500000
1684926129.312678,14.500000
1684926129.321587,14.800000
1684926129.331694,14.300000
1684926129.341709,14.200000
1684926129.351742,13.700000
1684926129.361774,13.700000
1684926129.371783,13.400000
1684926129.381773,13.200000
1684926129.391833,12.900000
1684926129.401804,12.800000
1684926129.411847,12.400000
1684926129.421730,12.200000
1684926129.431860,11.800000
1684926129.441883,11.600000
1684926129.451923,11.300000
1684926129.461902,11.300000
1684926129.472692,11.300000
1684926129.481855,10.800000
1684926129.491688,10.800000
1684926129.501636,10.500000
1684926129.512655,10.100000
1684926129.521815,10.000000
1684926129.532676,9.400000
1684926129.541653,9.400000
1684926129.552646,9.600000
1684926129.561795,9.700000
1684926129.572627,9.400000
1684926129.581633,9.100000
1684926129.592640,9.100000
1684926129.601610,8.900000
1684926129.612640,8.900000
1684926129.621490,8.900000
1684926129.632648,8.900000
1684926129.641676,9.000000
1684926129.651715,8.900000
1684926129.661694,8.900000
1684926129.672735,8.600000
1684926129.681734,8.800000
1684926129.691798,8.600000
1684926129.701763,8.600000
1684926129.711783,8.900000
1684926129.721677,8.600000
1684926129.731845,8.900000
1684926129.741819,8.600000
1684926129.752618,8.600000
1684926129.761591,8.900000
1684926129.772587,8.600000
1684926129.781589,8.800000
1684926129.792599,8.600000
1684926129.801597,8.600000
1684926129.812601,8.900000
1684926129.821449,8.600000
1684926129.832600,8.900000
1684926129.841674,8.600000
1684926129.851597,8.600000
1684926129.861590,8.900000
1684926129.872573,8.600000
1684926129.881593,8.600000
1684926129.892623,8.900000
1684926129.901612,8.600000
1684926129.912617,8.600000
1684926129.921487,8.900000
1684926129.932662,8.600000
1684926129.941654,8.600000
1684926129.952690,8.900000
1684926129.961819,8.600000
1684926129.972718,8.600000
1684926129.981705,8.600000
1684926129.991743,8.600000
1684926130.001761,8.900000
1684926130.011765,8.600000
1684926130.021659,8.800000
1684926130.031857,8.600000
1684926130.041547,8.600000
1684926130.052566,8.600000
1684926130.061543,8.600000
1684926130.072567,8.800000
1684926130.081603,8.600000
1684926130.092553,8.600000
1684926130.101552,8.600000
1684926130.112557,8.600000
1684926130.121676,8.900000
1684926130.132643,8.600000
1684926130.141691,8.600000
1684926130.151869,8.800000
1684926130.161351,8.600000
1684926130.171918,8.600000
1684926130.181295,8.600000
1684926130.192039,8.600000
1684926130.201307,8.800000
1684926130.212150,8.600000
1684926130.221294,8.600000
1684926130.232284,8.800000
1684926130.241337,8.600000
1684926130.252428,8.600000
1684926130.261428,8.800000
1684926130.272521,8.600000
1684926130.281599,8.600000
1684926130.292600,8.900000
1684926130.301663,8.600000
1684926130.312787,8.800000
1684926130.321787,8.900000
1684926130.331852,9.300000
1684926130.341330,9.600000
1684926130.352006,9.700000
1684926130.361339,9.900000
1684926130.372087,10.100000
1684926130.381356,10.500000
1684926130.392144,10.500000
1684926130.401311,10.900000
1684926130.412291,11.200000
1684926130.422368,11.200000
1684926130.432485,11.300000
1684926130.441479,11.400000
1684926130.452503,11.300000
1684926130.461471,11.500000
1684926130.472502,11.400000
1684926130.481550,11.800000
1684926130.492528,11.600000
1684926130.501546,11.800000
1684926130.512547,11.800000
1684926130.521444,11.800000
1684926130.532568,12.000000
1684926130.541603,12.100000
1684926130.552626,12.500000
1684926130.564561,12.600000
1684926130.573633,12.900000
1684926130.581656,13.100000
1684926130.592546,13.200000
1684926130.601694,13.400000
1684926130.612502,13.600000
1684926130.622344,14.000000
1684926130.632465,14.200000
1684926130.641456,14.500000
1684926130.652442,14.700000
1684926130.662420,15.000000
1684926130.672480,15.000000
1684926130.682446,15.500000
1684926130.692440,15.500000
1684926130.702479,15.800000
1684926130.712442,15.800000
1684926130.721286,16.100000
1684926130.732422,16.100000
1684926130.742460,16.500000
1684926130.752450,16.900000
1684926130.761464,16.900000
1684926130.773359,17.200001
1684926130.781466,17.200001
1684926130.792377,17.600000
1684926130.802507,17.700001
1684926130.812300,17.700001
1684926130.821386,18.000000
1684926130.832581,18.000000
1684926130.841526,18.200001
1684926130.852234,18.000000
1684926130.861610,18.299999
1684926130.872240,18.000000
1684926130.881613,18.299999
1684926130.892256,18.000000
1684926130.901400,18.299999
1684926130.912242,18.000000
1684926130.921317,18.299999
1684926130.932255,18.000000
1684926130.941363,18.299999
1684926130.952138,18.200001
1684926130.961382,18.299999
1684926130.972178,18.299999
1684926130.982426,18.100000
1684926130.992140,18.299999
1684926131.001382,18.500000
1684926131.012095,18.500000
1684926131.022282,18.799999
1684926131.032093,18.799999
1684926131.041389,19.000000
1684926131.052063,19.000000
1684926131.061430,19.299999
1684926131.072061,19.299999
1684926131.081428,19.600000
1684926131.092016,19.500000
1684926131.101496,20.000000
1684926131.112095,19.900000
1684926131.121361,19.900000
1684926131.131990,20.000000
1684926131.141534,20.000000
1684926131.152076,19.900000
1684926131.161567,20.000000
1684926131.171941,20.000000
1684926131.181601,20.100000
1684926131.191915,20.200001
1684926131.201382,20.299999
1684926131.211885,20.400000
1684926131.221389,20.500000
1684926131.232037,20.700001
1684926131.241403,20.799999
1684926131.251994,20.600000
1684926131.261384,20.799999
1684926131.272862,20.799999
1684926131.281339,21.000000
1684926131.291878,20.799999
1684926131.301359,20.799999
1684926131.311869,20.900000
1684926131.321408,20.799999
1684926131.331869,20.799999
1684926131.341328,21.000000
1684926131.351871,20.799999
1684926131.362553,20.799999
1684926131.371869,21.000000
1684926131.381429,20.799999
1684926131.391866,20.799999
1684926131.401454,20.799999
1684926131.412706,20.799999
1684926131.421328,21.000000
1684926131.432661,20.900000
1684926131.441494,20.799999
1684926131.452662,20.799999
1684926131.461537,20.799999
1684926131.471917,20.799999
1684926131.481416,21.100000
1684926131.491880,20.799999
1684926131.502293,20.799999
1684926131.512706,20.799999
1684926131.521348,20.799999
1684926131.531886,21.000000
1684926131.541323,21.100000
1684926131.551891,20.799999
1684926131.561355,20.799999
1684926131.571898,20.799999
1684926131.581352,20.799999
1684926131.591933,21.000000
1684926131.601389,21.100000
1684926131.612536,21.100000
1684926131.621411,20.799999
1684926131.631896,20.799999
1684926131.641394,20.799999
1684926131.652536,20.799999
1684926131.661328,21.000000
1684926131.671900,21.100000
1684926131.681425,21.100000
1684926131.691919,20.799999
1684926131.701418,20.799999
1684926131.711921,20.799999
1684926131.721370,21.000000
1684926131.732515,20.799999
1684926131.741462,20.799999
1684926131.752082,20.799999
1684926131.761509,21.000000
1684926131.772209,21.100000
1684926131.781393,20.799999
1684926131.791916,20.799999
1684926131.801371,20.799999
1684926131.812400,21.000000
1684926131.821485,21.100000
1684926131.831933,21.100000
1684926131.841424,20.799999
1684926131.851926,20.799999
1684926131.861332,20.799999
1684926131.872041,20.799999
1684926131.881436,20.799999
1684926131.891927,20.799999
1684926131.901991,21.000000
1684926131.912230,21.100000
1684926131.921397,20.799999
1684926131.932150,20.799999
1684926131.941404,20.799999
1684926131.952170,21.000000
1684926131.961364,21.100000
1684926131.972112,21.100000
1684926131.981437,20.799999
1684926131.992097,20.799999
1684926132.001527,20.799999
1684926132.012084,20.799999
1684926132.021639,20.799999
1684926132.032157,21.100000
1684926132.041410,21.100000
1684926132.052074,20.799999
1684926132.061482,20.799999
1684926132.072139,20.799999
1684926132.081362,20.799999
1684926132.092032,20.799999
1684926132.102178,21.100000
1684926132.112222,21.100000
1684926132.121359,21.100000
1684926132.132191,21.100000
1684926132.141465,20.600000
1684926132.152009,20.500000
1684926132.162193,20.299999
1684926132.172210,20.299999
1684926132.181439,20.000000
1684926132.191894,20.000000
1684926132.202200,19.400000
1684926132.212221,18.900000
1684926132.222143,18.799999
1684926132.232419,18.299999
1684926132.242313,18.100000
1684926132.252279,18.000000
1684926132.262285,17.500000
1684926132.272324,17.200001
1684926132.282329,16.700001
1684926132.292788,16.700001
1684926132.301376,16.500000
1684926132.312429,16.100000
1684926132.322261,16.100000
1684926132.332141,15.600000
1684926132.342139,15.600000
1684926132.352136,15.200000
1684926132.362185,15.100000
1684926132.372155,14.600000
1684926132.382141,14.500000
1684926132.392901,14.000000
1684926132.402141,13.800000
1684926132.413162,13.400000
1684926132.422010,13.200000
1684926132.433135,12.800000
1684926132.442126,12.600000
1684926132.453154,12.100000
1684926132.462264,11.800000
1684926132.473185,11.600000
1684926132.482313,11.300000
1684926132.493015,11.000000
1684926132.501483,11.000000
1684926132.513205,10.800000
1684926132.521427,10.800000
1684926132.533219,10.500000
1684926132.541427,10.700000
1684926132.552275,10.500000
1684926132.561385,10.500000
1684926132.572275,10.500000
1684926132.581461,10.200000
1684926132.592024,10.200000
1684926132.601452,10.200000
1684926132.612308,10.500000
1684926132.621406,10.200000
1684926132.632135,10.200000
1684926132.641474,10.200000
1684926132.652140,9.900000
1684926132.661474,9.900000
1684926132.672098,10.100000
1684926132.681450,9.900000
1684926132.692081,10.000000
1684926132.701474,9.700000
1684926132.712108,9.900000
1684926132.721474,9.700000
1684926132.732077,9.700000
1684926132.741407,9.400000
1684926132.752079,9.600000
1684926132.761400,9.700000
1684926132.772134,9.700000
1684926132.781458,9.700000
1684926132.792152,9.400000
1684926132.801500,9.700000
1684926132.812165,9.700000
1684926132.821458,9.400000
1684926132.832208,9.600000
1684926132.841546,9.700000
1684926132.852270,9.400000
1684926132.861515,9.700000
1684926132.872272,9.400000
1684926132.881520,9.700000
1684926132.892332,9.400000
1684926132.901523,9.700000
1684926132.912075,9.400000
1684926132.921434,9.700000
1684926132.932028,9.400000
1684926132.941454,9.600000
1684926132.952044,9.700000
1684926132.961442,9.400000
1684926132.972044,9.700000
1684926132.981454,9.400000
1684926132.992068,9.400000
1684926133.001480,9.700000
1684926133.012039,9.400000
1684926133.021447,9.600000
1684926133.032051,9.700000
1684926133.041505,9.400000
1684926133.052046,9.600000
1684926133.061489,9.700000
1684926133.072080,9.400000
1684926133.081484,9.600000
1684926133.092121,9.700000
1684926133.101547,9.400000
1684926133.112153,9.700000
1684926133.121445,9.700000
1684926133.132172,9.400000
1684926133.141462,9.700000
1684926133.152061,9.400000
1684926133.161414,9.700000
1684926133.172218,9.400000
1684926133.181459,9.400000
1684926133.192151,9.700000
1684926133.201480,9.400000
1684926133.212150,9.700000
1684926133.221506,9.600000
1684926133.232074,9.700000
1684926133.241492,9.400000
1684926133.252069,9.700000
1684926133.261527,9.400000
1684926133.272065,9.700000
1684926133.281441,9.400000
1684926133.292093,9.700000
1684926133.301502,9.400000
1684926133.312121,9.400000
1684926133.321465,9.600000
1684926133.332124,9.400000
1684926133.341426,9.600000
1684926133.352093,9.400000
1684926133.361445,9.700000
1684926133.372096,9.400000
1684926133.381492,9.400000
1684926133.392097,9.700000
1684926133.401461,9.400000
1684926133.412149,9.600000
1684926133.421423,9.400000
1684926133.432095,9.600000
1684926133.441496,9.400000
1684926133.452099,9.600000
1684926133.461400,9.400000
1684926133.472102,9.400000
1684926133.481448,9.700000
1684926133.492123,9.400000
1684926133.501492,9.700000
1684926133.512120,9.400000
1684926133.521490,9.700000
1684926133.532151,9.400000
1684926133.541469,9.600000
1684926133.552153,9.400000
1684926133.561496,9.600000
1684926133.572137,9.400000
1684926133.581530,9.600000
1684926133.592153,9.400000
1684926133.601528,9.600000
1684926133.611542,9.400000
1684926133.621595,9.600000
1684926133.632158,9.400000
1684926133.641510,9.600000
1684926133.652155,9.700000
1684926133.661509,9.400000
1684926133.672156,9.700000
1684926133.681508,9.400000
1684926133.692159,9.600000
1684926133.701513,9.400000
1684926133.712065,9.600000
1684926133.722014,9.700000
1684926133.732159,9.400000
1684926133.741499,9.700000
1684926133.752211,9.400000
1684926133.761535,9.700000
1684926133.772219,9.400000
1684926133.781910,9.600000
1684926133.792161,9.400000
1684926133.801928,9.600000
1684926133.811869,9.700000
1684926133.821785,9.400000
1684926133.832937,9.700000
1684926133.841566,9.400000
1684926133.851875,9.700000
1684926133.861907,9.400000
1684926133.872150,9.700000
1684926133.881915,9.400000
1684926133.892080,9.600000
1684926133.901911,9.400000
1684926133.911923,9.400000
1684926133.921787,9.700000
1684926133.932932,9.400000
1684926133.941959,9.700000
1684926133.952981,9.400000
1684926133.962004,9.600000
1684926133.972052,9.700000
1684926133.982052,9.400000
1684926133.992176,9.700000
1684926134.002060,9.400000
1684926134.012081,9.700000
1684926134.021931,9.400000
1684926134.032097,9.600000
1684926134.042008,9.400000
1684926134.053066,9.400000
1684926134.062085,9.700000
1684926134.073164,9.400000
1684926134.082251,9.700000
1684926134.093208,9.400000
1684926134.102339,9.400000
1684926134.113199,9.700000
1684926134.122463,9.400000
1684926134.133219,9.700000
1684926134.141526,9.400000
1684926134.152266,9.700000
1684926134.161536,9.400000
1684926134.172191,9.700000
1684926134.181483,9.400000
1684926134.192192,9.600000
1684926134.201517,9.400000
1684926134.212191,9.400000
1684926134.221526,9.700000
1684926134.232198,9.400000
1684926134.241496,9.700000
1684926134.252189,9.400000
1684926134.261525,9.700000
1684926134.272216,9.400000
1684926134.281545,9.600000
1684926134.292190,9.400000
1684926134.301541,9.400000
1684926134.312326,9.700000
1684926134.321590,9.400000
1684926134.332202,9.700000
1684926134.341528,9.400000
1684926134.352217,9.700000
1684926134.361571,9.400000
1684926134.372207,9.700000
1684926134.381524,9.400000
1684926134.392224,9.700000
1684926134.401548,9.400000
1684926134.412189,9.700000
1684926134.421532,9.400000
1684926134.432190,9.700000
1684926134.441556,9.400000
1684926134.452217,9.400000
1684926134.461545,9.400000
1684926134.472223,9.100000
1684926134.481585,9.100000
1684926134.492260,9.100000
1684926134.501623,8.900000
1684926134.512223,8.900000
1684926134.521570,8.600000
1684926134.532215,8.300000
1684926134.541567,8.100000
1684926134.552231,8.100000
1684926134.561571,7.800000
1684926134.572228,7.800000
1684926134.581582,7.800000
1684926134.592246,7.500000
1684926134.601589,7.500000
1684926134.612239,7.500000
1684926134.621554,7.500000
1684926134.632216,7.300000
1684926134.641608,7.300000
1684926134.652250,7.200000
1684926134.661567,7.300000
1684926134.672239,7.300000
1684926134.681526,7.000000
1684926134.692239,7.000000
1684926134.701611,6.900000
1684926134.712244,7.000000
1684926134.721575,7.000000
1684926134.732223,6.700000
1684926134.741532,6.700000
1684926134.752238,6.700000
1684926134.761528,6.500000
1684926134.772237,6.700000
1684926134.781520,6.700000
1684926134.792310,6.500000
1684926134.801529,6.500000
1684926134.812243,6.500000
1684926134.821706,6.500000
1684926134.832819,6.500000
1684926134.841952,6.200000
1684926134.852875,6.300000
1684926134.861862,6.500000
1684926134.873019,6.200000
1684926134.881927,6.200000
1684926134.891923,6.200000
1684926134.901725,6.200000
1684926134.912720,5.900000
1684926134.921550,5.900000
1684926134.931701,5.900000
1684926134.941828,5.600000
1684926134.952680,5.700000
1684926134.961802,5.700000
1684926134.972267,5.400000
1684926134.981664,5.200000
1684926134.992806,5.300000
1684926135.001596,5.100000
1684926135.012805,5.100000
1684926135.021876,5.100000
1684926135.032845,5.100000
1684926135.042082,5.100000
1684926135.052845,5.100000
1684926135.061825,5.100000
1684926135.072304,5.100000
1684926135.082452,5.100000
1684926135.092297,5.100000
1684926135.102478,5.100000
1684926135.112289,5.000000
1684926135.122483,5.100000
1684926135.132284,5.100000
1684926135.142479,5.100000
1684926135.152300,5.100000
1684926135.162472,4.800000
1684926135.172298,5.000000
1684926135.182506,5.100000
1684926135.192311,4.800000
1684926135.202504,5.100000
1684926135.212311,4.800000
1684926135.222544,5.100000
1684926135.232318,4.800000
1684926135.242522,5.000000
1684926135.252311,5.100000
1684926135.262519,5.000000
1684926135.272309,5.100000
1684926135.281600,4.800000
1684926135.292328,5.100000
1684926135.301561,4.800000
1684926135.312545,5.100000
1684926135.321602,5.100000
1684926135.332455,4.800000
1684926135.341552,5.100000
1684926135.352323,4.800000
1684926135.361615,5.000000
1684926135.372317,5.100000
1684926135.381634,4.800000
1684926135.392336,5.100000
1684926135.401572,4.800000
1684926135.412756,5.100000
1684926135.421646,4.800000
1684926135.432306,5.100000
1684926135.441679,4.800000
1684926135.452314,5.100000
1684926135.461643,4.800000
1684926135.472621,4.800000
1684926135.481598,5.000000
1684926135.492584,4.800000
1684926135.501553,5.100000
1684926135.512587,4.800000
1684926135.521588,5.100000
1684926135.532585,4.800000
1684926135.541584,4.800000
1684926135.552587,5.000000
1684926135.561604,4.800000
1684926135.572571,5.100000
1684926135.581562,4.800000
1684926135.592603,5.000000
1684926135.601580,4.800000
1684926135.612592,5.000000
1684926135.622461,4.800000
1684926135.632605,4.800000
1684926135.641613,4.800000
1684926135.652648,4.800000
1684926135.661690,4.800000
1684926135.672671,4.800000
1684926135.681680,4.800000
1684926135.692713,4.800000
1684926135.701695,4.800000
1684926135.712769,4.800000
1684926135.721797,4.600000
1684926135.732858,4.800000
1684926135.741905,4.800000
1684926135.752900,4.700000
1684926135.761969,4.800000
1684926135.772019,4.600000
1684926135.782132,4.800000
1684926135.793149,4.800000
1684926135.802190,4.800000
1684926135.813258,4.800000
1684926135.821625,4.800000
1684926135.833359,4.800000
1684926135.841659,4.800000
1684926135.852433,4.600000
1684926135.861693,4.800000
1684926135.872389,4.800000
1684926135.881605,4.700000
1684926135.892379,4.800000
1684926135.901613,4.600000
1684926135.912392,4.800000
1684926135.921570,4.600000
1684926135.932392,4.800000
1684926135.941582,4.800000
1684926135.952442,4.800000
1684926135.961590,4.800000
1684926135.972391,4.700000
1684926135.981629,4.800000
1684926135.992383,4.600000
1684926136.001652,4.800000
1684926136.012364,4.600000
1684926136.021634,4.800000
1684926136.032436,4.600000
1684926136.041592,4.800000
1684926136.052394,4.600000
1684926136.061648,4.800000
1684926136.072404,4.600000
1684926136.081620,4.800000
1684926136.092407,4.600000
1684926136.101633,4.800000
1684926136.112398,4.600000
1684926136.121685,4.800000
1684926136.132416,4.800000
1684926136.141666,4.600000
1684926136.152421,4.800000
1684926136.161637,4.600000
1684926136.172385,4.600000
1684926136.181663,4.600000
1684926136.192431,4.600000
1684926136.201660,4.000000
1684926136.212409,4.000000
1684926136.221658,3.800000
1684926136.232387,3.800000
1684926136.241627,3.500000
1684926136.252415,3.500000
1684926136.261661,3.200000
1684926136.272432,3.200000
1684926136.281657,3.000000
1684926136.292413,3.100000
1684926136.301574,3.000000
1684926136.312431,2.700000
1684926136.321692,3.000000
1684926136.332409,2.700000
1684926136.341734,2.900000
1684926136.352434,2.700000
1684926136.361682,2.900000
1684926136.372423,2.700000
1684926136.381644,2.700000
1684926136.392453,2.400000
1684926136.401665,2.600000
1684926136.412432,2.700000
1684926136.421721,2.400000
1684926136.432448,2.400000
1684926136.441730,2.200000
1684926136.452418,2.400000
1684926136.461705,2.200000
1684926136.472431,2.300000
1684926136.481686,2.200000
1684926136.492454,2.200000
1684926136.501705,1.900000
1684926136.512444,2.000000
1684926136.521649,1.900000
1684926136.532441,1.900000
1684926136.541625,1.900000
1684926136.552453,1.800000
1684926136.561660,1.600000
1684926136.572439,1.800000
1684926136.581662,1.600000
1684926136.592482,1.600000
1684926136.601668,1.500000
1684926136.612447,1.600000
1684926136.621669,1.600000
1684926136.632452,1.600000
1684926136.641683,1.600000
1684926136.652461,1.600000
1684926136.661643,1.400000
1684926136.672453,1.600000
1684926136.681705,1.400000
1684926136.692453,1.300000
1684926136.701692,1.400000
1684926136.712470,1.300000
1684926136.721711,1.400000
1684926136.732476,1.100000
1684926136.741686,1.100000
1684926136.752466,1.100000
1684926136.761630,1.100000
1684926136.772467,0.800000
1684926136.781695,0.800000
1684926136.792491,0.500000
1684926136.801624,0.500000
1684926136.812487,0.300000
1684926136.821711,0.000000
1684926136.832489,-0.100000
1684926136.841675,-0.300000
1684926136.852462,-0.700000
1684926136.861710,-1.000000
1684926136.872479,-1.500000
1684926136.881651,-2.000000
1684926136.892483,-2.300000
1684926136.901643,-2.800000
1684926136.912510,-3.100000
1684926136.921730,-3.600000
1684926136.932477,-3.900000
1684926136.941734,-4.400000
1684926136.952483,-4.700000
1684926136.961663,-5.000000
1684926136.972488,-5.500000
1684926136.981691,-5.800000
1684926136.992479,-6.100000
1684926137.001727,-6.200000
1684926137.012493,-6.600000
1684926137.021697,-6.600000
1684926137.032504,-6.900000
1684926137.041692,-6.900000
1684926137.052481,-6.900000
1684926137.061708,-7.200000
1684926137.072483,-7.400000
1684926137.081736,-7.700000
1684926137.092504,-7.700000
1684926137.101691,-8.000000
1684926137.112876,-8.000000
1684926137.121738,-8.400000
1684926137.132510,-8.500000
1684926137.141737,-9.000000
1684926137.152740,-9.200000
1684926137.161753,-9.800000
1684926137.172517,-10.100000
1684926137.181656,-10.600000
1684926137.192529,-10.900000
1684926137.202303,-11.400000
1684926137.212303,-11.700000
1684926137.222159,-12.200000
1684926137.232332,-12.700000
1684926137.242299,-12.800000
1684926137.252349,-13.300000
1684926137.262409,-13.600000
1684926137.272468,-13.900000
1684926137.282506,-14.100000
1684926137.292575,-14.400000
1684926137.302658,-14.700000
1684926137.312678,-14.700000
1684926137.321742,-14.900000
1684926137.332855,-14.900000
1684926137.341869,-15.200000
1684926137.352964,-15.500000
1684926137.361970,-15.700000
1684926137.373074,-15.700000
1684926137.382130,-16.200001
1684926137.392168,-16.299999
1684926137.402393,-16.600000
1684926137.412259,-17.000000
1684926137.422361,-17.100000
1684926137.432658,-17.600000
1684926137.442517,-17.600000
1684926137.452530,-18.100000
1684926137.462648,-18.200001
1684926137.473588,-18.600000
1684926137.481742,-18.700001
1684926137.493572,-19.000000
1684926137.501740,-19.200001
1684926137.512567,-19.200001
1684926137.521768,-19.500000
1684926137.532579,-20.000000
1684926137.541744,-20.200001
1684926137.552555,-20.600000
1684926137.561675,-20.799999
1684926137.572764,-21.400000
1684926137.581724,-21.600000
1684926137.592930,-22.200001
1684926137.601665,-22.600000
1684926137.612573,-23.200001
1684926137.621717,-23.700001
1684926137.632576,-24.000000
1684926137.641703,-24.600000
1684926137.652560,-24.900000
1684926137.661717,-25.100000
1684926137.672562,-25.700001
1684926137.681774,-25.900000
1684926137.692575,-26.000000
1684926137.701729,-26.500000
1684926137.712587,-26.500000
1684926137.721732,-26.799999
1684926137.732575,-26.500000
1684926137.741764,-26.799999
1684926137.752560,-26.799999
1684926137.761703,-26.500000
1684926137.772710,-26.799999
1684926137.781733,-26.799999
1684926137.792608,-26.799999
1684926137.801784,-26.799999
1684926137.812578,-26.600000
1684926137.821764,-26.799999
1684926137.832581,-26.799999
1684926137.841757,-27.000000
1684926137.852587,-26.799999
1684926137.861742,-26.799999
1684926137.872601,-27.000000
1684926137.881784,-27.000000
1684926137.892603,-26.799999
1684926137.902228,-27.000000
1684926137.912607,-26.900000
1684926137.921786,-27.000000
1684926137.932602,-27.000000
1684926137.941746,-27.000000
1684926137.952579,-27.000000
1684926137.961725,-27.000000
1684926137.972629,-27.000000
1684926137.981752,-27.100000
1684926137.992629,-27.000000
1684926138.002311,-27.000000
1684926138.012605,-27.000000
1684926138.021747,-27.000000
1684926138.032624,-26.799999
1684926138.041719,-27.000000
1684926138.052603,-27.000000
1684926138.061744,-27.000000
1684926138.072604,-26.799999
1684926138.082759,-27.000000
1684926138.092625,-27.000000
1684926138.102280,-27.000000
1684926138.112613,-27.000000
1684926138.122727,-27.000000
1684926138.132629,-26.900000
1684926138.142670,-27.000000
1684926138.152606,-27.000000
1684926138.162654,-27.000000
1684926138.172630,-27.000000
1684926138.182627,-27.100000
1684926138.192707,-27.000000
1684926138.202528,-27.000000
1684926138.212631,-27.100000
1684926138.222609,-27.000000
1684926138.232628,-27.000000
1684926138.242592,-27.100000
1684926138.252633,-27.000000
1684926138.262550,-27.000000
1684926138.272630,-27.000000
1684926138.282548,-27.000000
1684926138.292653,-27.000000
1684926138.302585,-27.000000
1684926138.312630,-27.000000
1684926138.322566,-27.000000
1684926138.332640,-27.100000
1684926138.342619,-27.000000
1684926138.352647,-27.000000
1684926138.362603,-27.000000
1684926138.372670,-27.000000
1684926138.382614,-26.900000
1684926138.392653,-27.000000
1684926138.402640,-27.000000
1684926138.412636,-27.100000
1684926138.422608,-27.000000
1684926138.432676,-27.000000
1684926138.442617,-27.000000
1684926138.452637,-27.000000
1684926138.462654,-26.799999
1684926138.472666,-26.799999
1684926138.482652,-26.500000
1684926138.492657,-26.200001
1684926138.502630,-26.299999
1684926138.512742,-26.000000
1684926138.522799,-25.700001
1684926138.532655,-25.700001
1684926138.542683,-25.500000
1684926138.552656,-25.700001
1684926138.562683,-25.400000
1684926138.572685,-25.200001
1684926138.582680,-25.200001
1684926138.592677,-24.900000
1684926138.602681,-24.900000
1684926138.612264,-24.600000
1684926138.622146,-24.600000
1684926138.632694,-24.500000
1684926138.642699,-24.200001
1684926138.652718,-24.100000
1684926138.662038,-23.799999
1684926138.673073,-23.600000
1684926138.682059,-23.299999
1684926138.693057,-23.100000
1684926138.702033,-23.100000
1684926138.712014,-23.000000
1684926138.721902,-22.700001
1684926138.733054,-22.500000
1684926138.742087,-22.200001
1684926138.753039,-22.200001
1684926138.762016,-21.900000
1684926138.773065,-21.700001
1684926138.782013,-21.700001
1684926138.793012,-21.400000
1684926138.802062,-21.400000
1684926138.812126,-21.400000
1684926138.821932,-21.100000
1684926138.832092,-20.900000
1684926138.842135,-20.400000
1684926138.853163,-20.400000
1684926138.862118,-19.900000
1684926138.872159,-19.799999
1684926138.882181,-19.500000
1684926138.892185,-19.299999
1684926138.902237,-19.299999
1684926138.913262,-19.000000
1684926138.922108,-18.799999
1684926138.932272,-18.500000
1684926138.942241,-18.200001
1684926138.952318,-18.400000
1684926138.962322,-18.200001
1684926138.977304,-18.200001
1684926138.982435,-18.200001
1684926138.992508,-18.000000
1684926139.002558,-17.900000
1684926139.012623,-18.200001
1684926139.022660,-18.000000
1684926139.032950,-17.900000
1684926139.042775,-17.900000
1684926139.052935,-18.200001
1684926139.062743,-17.900000
1684926139.072918,-17.900000
1684926139.082704,-18.000000
1684926139.092941,-17.900000
1684926139.102742,-18.100000
1684926139.112937,-17.900000
1684926139.122679,-17.900000
1684926139.133125,-17.900000
1684926139.142688,-17.900000
1684926139.153069,-18.000000
1684926139.162668,-17.900000
1684926139.173102,-17.900000
1684926139.182803,-17.900000
1684926139.194125,-17.700001
1684926139.202608,-17.900000
1684926139.215870,-17.700001
1684926139.222668,-17.900000
1684926139.233127,-17.700001
1684926139.242553,-17.900000
1684926139.252144,-17.700001
1684926139.262522,-17.900000
1684926139.273144,-17.900000
1684926139.282478,-17.900000
1684926139.293163,-17.900000
1684926139.302518,-17.700001
1684926139.312147,-17.900000
1684926139.322474,-17.700001
1684926139.332180,-17.900000
1684926139.342450,-17.600000
1684926139.352171,-17.900000
1684926139.362432,-17.600000
1684926139.372142,-17.700001
1684926139.382398,-17.500000
1684926139.393319,-17.600000
1684926139.402398,-17.400000
1684926139.412362,-17.400000
1684926139.422375,-17.100000
1684926139.432316,-17.100000
1684926139.442369,-16.799999
1684926139.452328,-16.700001
1684926139.462319,-16.400000
1684926139.472372,-16.299999
1684926139.482301,-16.100000
1684926139.492460,-15.800000
1684926139.502374,-16.000000
1684926139.512362,-15.800000
1684926139.522346,-15.800000
1684926139.532361,-15.500000
1684926139.542373,-15.600000
1684926139.552367,-15.500000
1684926139.562373,-15.500000
1684926139.572358,-15.500000
1684926139.582216,-15.200000
1684926139.592406,-15.300000
1684926139.602443,-15.200000
1684926139.612444,-15.300000
1684926139.622466,-15.200000
1684926139.632450,-15.000000
1684926139.642443,-15.200000
1684926139.652455,-15.200000
1684926139.662459,-15.200000
1684926139.672454,-15.200000
1684926139.682095,-15.000000
1684926139.692482,-15.200000
1684926139.702480,-15.100000
1684926139.712473,-15.200000
1684926139.722460,-15.000000
1684926139.732487,-15.200000
1684926139.742491,-15.200000
1684926139.752468,-15.200000
1684926139.762482,-15.200000
1684926139.772489,-15.200000
1684926139.781995,-15.200000
1684926139.792508,-15.200000
1684926139.802508,-15.200000
1684926139.812517,-15.200000
1684926139.822526,-15.200000
1684926139.832511,-15.200000
1684926139.841906,-15.200000
1684926139.852534,-15.200000
1684926139.862515,-15.100000
1684926139.872532,-15.200000
1684926139.881879,-15.100000
1684926139.892536,-15.200000
1684926139.902529,-15.000000
1684926139.912547,-15.200000
1684926139.922554,-14.900000
1684926139.932540,-15.000000
1684926139.942557,-14.700000
1684926139.952548,-14.500000
1684926139.962555,-14.200000
1684926139.972551,-14.200000
1684926139.982803,-13.700000
1684926139.992569,-13.600000
1684926140.002583,-13.300000
1684926140.012636,-13.300000
1684926140.022568,-13.100000
1684926140.032582,-13.100000
1684926140.042614,-13.100000
1684926140.052636,-13.100000
1684926140.062598,-13.100000
1684926140.072634,-13.100000
1684926140.082725,-13.100000
1684926140.092640,-13.100000
1684926140.102599,-13.100000
1684926140.112671,-13.100000
1684926140.122621,-13.100000
1684926140.132641,-13.100000
1684926140.142972,-13.100000
1684926140.152636,-13.100000
1684926140.162646,-13.100000
1684926140.172635,-13.100000
1684926140.182764,-13.100000
1684926140.192644,-12.900000
1684926140.202667,-13.100000
1684926140.212682,-13.200000
1684926140.222648,-13.100000
1684926140.232585,-12.800000
1684926140.242665,-12.900000
1684926140.252658,-12.800000
1684926140.262688,-12.800000
1684926140.272681,-12.600000
1684926140.282672,-12.600000
1684926140.292678,-12.400000
1684926140.302682,-12.300000
1684926140.312683,-12.300000
1684926140.322705,-12.300000
1684926140.332684,-12.300000
1684926140.342682,-12.000000
1684926140.352707,-12.200000
1684926140.362704,-12.000000
1684926140.372712,-12.200000
1684926140.383314,-12.100000
1684926140.392716,-12.000000
1684926140.402708,-12.300000
1684926140.412724,-12.000000
1684926140.422746,-12.200000
1684926140.432380,-12.000000
1684926140.442721,-11.700000
1684926140.452754,-11.700000
1684926140.462731,-11.500000
1684926140.472750,-11.200000
1684926140.482914,-11.300000
1684926140.492749,-11.000000
1684926140.502892,-10.700000
1684926140.512757,-10.400000
1684926140.522748,-10.200000
1684926140.532892,-10.000000
1684926140.542766,-9.700000
1684926140.552897,-9.800000
1684926140.562835,-9.600000
1684926140.572964,-9.600000
1684926140.582851,-9.800000
1684926140.592986,-9.600000
1684926140.603173,-9.600000
1684926140.613105,-9.600000
1684926140.622790,-9.600000
1684926140.632228,-9.300000
1684926140.642718,-9.600000
1684926140.652297,-9.600000
1684926140.662688,-9.300000
1684926140.672430,-9.600000
1684926140.682671,-9.300000
1684926140.692530,-9.300000
1684926140.702688,-9.400000
1684926140.712611,-9.300000
1684926140.722711,-9.300000
1684926140.732782,-9.300000
1684926140.742875,-9.300000
1684926140.752878,-9.400000
1684926140.763004,-9.300000
1684926140.772989,-9.300000
1684926140.783076,-9.300000
1684926140.793086,-9.400000
1684926140.803150,-9.300000
1684926140.813220,-9.300000
1684926140.822294,-9.300000
1684926140.832988,-9.300000
1684926140.842410,-9.400000
1684926140.852491,-9.300000
1684926140.862536,-9.400000
1684926140.872561,-9.300000
1684926140.882594,-9.300000
1684926140.892650,-9.300000
1684926140.903714,-9.300000
1684926140.913790,-9.300000
1684926140.921869,-9.300000
1684926140.932930,-9.300000
1684926140.942933,-9.300000
1684926140.952963,-9.300000
1684926140.961936,-9.300000
1684926140.972991,-9.300000
1684926140.981898,-9.300000
1684926140.992947,-9.300000
1684926141.002971,-9.300000
1684926141.012947,-9.400000
1684926141.023028,-9.300000
1684926141.032969,-9.300000
1684926141.043006,-9.300000
1684926141.052956,-9.300000
1684926141.062973,-9.300000
1684926141.073067,-9.300000
1684926141.081902,-9.400000
1684926141.092971,-9.300000
1684926141.101902,-9.400000
1684926141.112963,-9.300000
1684926141.123029,-9.600000
1684926141.132965,-9.300000
1684926141.142523,-9.300000
1684926141.152954,-9.300000
1684926141.161908,-9.300000
1684926141.172955,-9.400000
1684926141.181901,-9.300000
1684926141.192969,-9.300000
1684926141.201952,-9.300000
1684926141.212964,-9.300000
1684926141.221948,-9.400000
1684926141.232951,-9.300000
1684926141.243064,-9.300000
1684926141.252948,-9.300000
1684926141.261934,-9.300000
1684926141.272967,-9.600000
1684926141.281966,-9.600000
1684926141.292969,-9.600000
1684926141.303051,-9.800000
1684926141.312973,-10.100000
1684926141.321952,-10.400000
1684926141.332983,-10.600000
1684926141.341985,-10.900000
1684926141.352983,-10.900000
1684926141.361928,-11.200000
1684926141.372979,-11.200000
1684926141.381930,-11.200000
1684926141.392990,-11.400000
1684926141.401871,-11.700000
1684926141.412980,-11.700000
1684926141.421951,-12.000000
1684926141.432975,-11.700000
1684926141.441991,-12.000000
1684926141.453000,-12.000000
1684926141.461945,-12.000000
1684926141.472980,-12.000000
1684926141.481916,-12.000000
1684926141.493022,-12.300000
1684926141.501914,-12.500000
1684926141.513025,-12.800000
1684926141.521909,-12.500000
1684926141.532991,-12.800000
1684926141.542057,-12.800000
1684926141.553003,-12.800000
1684926141.561929,-13.100000
1684926141.573019,-13.300000
1684926141.581935,-13.600000
1684926141.593015,-13.600000
1684926141.601897,-13.900000
1684926141.612971,-13.900000
1684926141.621942,-14.100000
1684926141.633042,-14.400000
1684926141.641911,-14.400000
1684926141.652994,-14.700000
1684926141.661964,-14.700000
1684926141.673017,-14.900000
1684926141.681938,-14.900000
1684926141.693041,-14.900000
1684926141.701983,-15.200000
1684926141.712981,-15.000000
1684926141.721940,-15.200000
1684926141.733021,-15.200000
1684926141.741924,-15.500000
1684926141.753001,-15.500000
1684926141.762003,-15.500000
1684926141.773022,-15.700000
1684926141.782037,-16.000000
1684926141.793004,-16.000000
1684926141.801935,-16.299999
1684926141.813023,-16.400000
1684926141.821981,-16.500000
1684926141.833040,-16.600000
1684926141.841941,-17.100000
1684926141.852985,-17.100000
1684926141.861933,-17.100000
1684926141.873021,-17.100000
1684926141.882020,-17.400000
1684926141.893051,-17.400000
1684926141.901939,-17.400000
1684926141.913078,-17.400000
1684926141.921977,-17.600000
1684926141.933040,-17.600000
1684926141.942054,-17.400000
1684926141.953057,-17.400000
1684926141.962006,-17.600000
1684926141.973040,-17.500000
1684926141.981936,-17.400000
1684926141.993016,-17.400000
1684926142.001964,-17.400000
1684926142.013025,-17.600000
1684926142.021972,-17.400000
1684926142.033061,-17.600000
1684926142.042020,-17.400000
1684926142.053041,-17.400000
1684926142.061938,-17.600000
1684926142.073046,-17.400000
1684926142.081946,-17.600000
1684926142.093055,-17.400000
1684926142.101987,-17.400000
1684926142.113048,-17.600000
1684926142.122041,-17.400000
1684926142.133054,-17.400000
1684926142.142494,-17.600000
1684926142.153076,-17.400000
1684926142.162042,-17.400000
1684926142.173055,-17.600000
1684926142.182044,-17.400000
1684926142.193114,-17.400000
1684926142.202003,-17.600000
1684926142.213097,-17.400000
1684926142.222045,-17.600000
1684926142.233001,-17.400000
1684926142.242016,-17.400000
1684926142.253109,-17.400000
1684926142.262168,-17.400000
1684926142.273205,-17.600000
1684926142.282275,-17.400000
1684926142.293340,-17.100000
1684926142.302360,-16.900000
1684926142.312424,-16.600000
1684926142.322548,-16.100000
1684926142.332568,-16.000000
1684926142.342611,-15.600000
1684926142.352633,-15.500000
1684926142.362697,-15.100000
1684926142.372764,-14.700000
1684926142.382872,-14.500000
1684926142.392920,-14.200000
1684926142.402079,-14.200000
1684926142.413026,-13.900000
1684926142.422058,-13.900000
1684926142.433115,-14.000000
1684926142.442180,-13.900000
1684926142.453194,-13.900000
1684926142.462244,-13.700000
1684926142.472368,-13.600000
1684926142.482412,-13.600000
1684926142.492461,-13.400000
1684926142.502513,-13.600000
1684926142.512557,-13.300000
1684926142.523239,-13.300000
1684926142.532700,-12.800000
1684926142.542804,-12.800000
1684926142.552818,-12.500000
1684926142.563200,-12.500000
1684926142.572914,-12.300000
1684926142.581990,-12.300000
1684926142.593098,-12.000000
1684926142.602137,-11.700000
1684926142.613057,-11.700000
1684926142.621947,-11.600000
1684926142.633026,-11.700000
1684926142.641985,-11.500000
1684926142.653015,-11.500000
1684926142.661949,-11.200000
1684926142.673031,-11.300000
1684926142.681957,-11.200000
1684926142.693142,-11.200000
1684926142.701962,-11.000000
1684926142.713072,-10.800000
1684926142.721977,-10.900000
1684926142.733100,-10.600000
1684926142.742060,-10.700000
1684926142.753086,-10.500000
1684926142.762056,-10.600000
1684926142.773101,-10.400000
1684926142.782000,-10.400000
1684926142.793119,-10.400000
1684926142.802006,-10.400000
1684926142.813059,-10.400000
1684926142.821985,-10.400000
1684926142.833128,-10.400000
1684926142.842064,-10.400000
1684926142.853086,-10.400000
1684926142.862000,-10.400000
1684926142.873142,-10.400000
1684926142.882062,-10.400000
1684926142.893110,-10.400000
1684926142.902022,-10.400000
1684926142.913150,-10.400000
1684926142.922097,-10.400000
1684926142.933156,-10.500000
1684926142.942047,-10.400000
1684926142.953106,-10.400000
1684926142.962053,-10.400000
1684926142.973122,-10.400000
1684926142.982058,-10.400000
1684926142.993125,-10.200000
1684926143.002033,-10.400000
1684926143.013101,-10.400000
1684926143.022059,-10.400000
1684926143.033157,-10.400000
1684926143.042062,-10.400000
1684926143.053373,-10.400000
1684926143.062071,-10.400000
1684926143.073096,-10.400000
1684926143.082047,-10.200000
1684926143.093093,-10.400000
1684926143.102003,-10.400000
1684926143.113170,-10.400000
1684926143.122075,-10.400000
1684926143.133163,-10.400000
1684926143.142091,-10.400000
1684926143.153157,-10.400000
1684926143.162088,-10.400000
1684926143.173169,-10.400000
1684926143.182061,-10.400000
1684926143.193171,-10.400000
1684926143.202106,-10.400000
1684926143.213102,-10.200000
1684926143.221996,-10.400000
1684926143.233150,-10.400000
1684926143.242033,-10.400000
1684926143.253104,-10.400000
1684926143.262022,-10.400000
1684926143.273170,-10.400000
1684926143.282048,-10.400000
1684926143.293065,-10.400000
1684926143.302063,-10.400000
1684926143.313092,-10.400000
1684926143.321979,-10.200000
1684926143.333190,-10.400000
1684926143.342054,-10.200000
1684926143.353087,-10.400000
1684926143.362112,-10.200000
1684926143.373131,-10.400000
1684926143.382022,-10.400000
1684926143.393147,-10.400000
1684926143.402068,-10.400000
1684926143.413050,-10.900000
1684926143.422084,-10.900000
1684926143.433083,-10.900000
1684926143.442034,-11.200000
1684926143.453094,-11.400000
1684926143.461980,-11.400000
1684926143.473119,-11.700000
1684926143.482005,-11.700000
1684926143.493052,-12.000000
1684926143.502000,-12.000000
1684926143.513075,-11.700000
1684926143.522046,-12.000000
1684926143.533149,-12.000000
1684926143.542006,-12.000000
1684926143.553071,-12.200000
1684926143.562037,-12.300000
1684926143.573152,-12.200000
1684926143.582035,-12.300000
1684926143.593084,-12.300000
1684926143.602071,-12.500000
1684926143.613073,-12.800000
1684926143.622049,-12.800000
1684926143.633149,-13.100000
1684926143.641988,-13.300000
1684926143.653067,-13.600000
1684926143.662066,-14.100000
1684926143.673152,-14.100000
1684926143.682019,-14.400000
1684926143.693073,-14.800000
1684926143.702039,-14.900000
1684926143.713388,-15.500000
1684926143.722121,-15.500000
1684926143.733149,-15.700000
1684926143.742111,-16.000000
1684926143.753090,-16.000000
1684926143.762031,-16.500000
1684926143.773130,-16.600000
1684926143.783801,-16.600000
1684926143.793206,-16.600000
1684926143.802060,-17.100000
1684926143.813184,-17.100000
1684926143.822118,-17.299999
1684926143.833141,-17.600000
1684926143.842125,-17.600000
1684926143.853143,-17.900000
1684926143.862112,-17.900000
1684926143.873097,-18.400000
1684926143.882050,-18.600000
1684926143.893078,-18.700001
1684926143.902014,-19.200001
1684926143.913177,-19.200001
1684926143.922008,-19.500000
1684926143.933200,-20.000000
1684926143.942054,-20.200001
1684926143.953143,-20.299999
1684926143.962048,-20.799999
1684926143.973098,-21.100000
1684926143.982059,-21.299999
1684926143.993162,-21.400000
1684926144.002144,-21.700001
1684926144.013116,-21.700001
1684926144.022094,-21.700001
1684926144.033120,-21.700001
1684926144.042152,-21.700001
1684926144.053137,-21.700001
1684926144.062123,-21.700001
1684926144.073148,-21.700001
1684926144.082044,-21.700001
1684926144.093148,-21.900000
1684926144.102097,-21.700001
1684926144.113121,-21.700001
1684926144.122038,-21.700001
1684926144.133156,-21.700001
1684926144.142095,-21.700001
1684926144.153131,-21.700001
1684926144.162059,-21.700001
1684926144.173165,-21.700001
1684926144.182101,-21.799999
1684926144.193166,-21.700001
1684926144.202078,-21.700001
1684926144.213131,-21.700001
1684926144.222066,-21.700001
1684926144.233161,-21.700001
1684926144.242085,-21.900000
1684926144.253082,-21.700001
1684926144.262070,-21.700001
1684926144.273111,-21.799999
1684926144.282127,-21.700001
1684926144.293143,-21.700001
1684926144.302087,-21.900000
1684926144.313108,-21.700001
1684926144.322083,-21.700001
1684926144.333240,-21.900000
1684926144.342128,-22.200001
1684926144.353125,-22.200001
1684926144.362061,-22.200001
1684926144.373160,-22.200001
1684926144.382054,-22.200001
1684926144.393164,-22.200001
1684926144.402062,-22.500000
1684926144.413165,-22.500000
1684926144.422127,-22.299999
1684926144.433193,-22.400000
1684926144.442137,-22.500000
1684926144.453168,-22.299999
1684926144.462093,-22.500000
1684926144.473149,-22.500000
1684926144.482145,-22.500000
1684926144.493193,-22.200001
1684926144.502083,-22.500000
1684926144.513148,-22.500000
1684926144.522111,-22.200001
1684926144.533132,-22.500000
1684926144.542113,-22.500000
1684926144.553173,-22.500000
1684926144.562107,-22.200001
1684926144.573165,-22.500000
1684926144.582125,-22.500000
1684926144.593187,-22.200001
1684926144.602135,-22.500000
1684926144.613209,-22.299999
1684926144.622132,-22.500000
1684926144.633261,-22.500000
1684926144.642125,-22.500000
1684926144.653238,-22.500000
1684926144.662128,-22.500000
1684926144.673210,-22.500000
1684926144.682158,-22.500000
1684926144.693193,-22.500000
1684926144.702155,-22.500000
1684926144.713176,-22.700001
1684926144.722097,-22.500000
1684926144.733214,-22.700001
1684926144.742125,-22.600000
1684926144.753175,-22.700001
1684926144.762134,-22.700001
1684926144.773189,-22.700001
1684926144.782166,-23.000000
1684926144.793209,-22.700001
1684926144.802127,-22.900000
1684926144.813209,-23.000000
1684926144.822134,-22.799999
1684926144.833252,-23.000000
1684926144.842129,-22.799999
1684926144.853195,-23.000000
1684926144.862150,-22.799999
1684926144.873169,-23.000000
1684926144.882207,-23.000000
1684926144.893221,-22.700001
1684926144.902167,-23.000000
1684926144.913234,-22.700001
1684926144.922208,-23.000000
1684926144.933260,-22.799999
1684926144.942174,-23.000000
1684926144.953178,-23.000000
1684926144.962215,-23.000000
1684926144.973175,-22.700001
1684926144.982131,-23.000000
1684926144.993153,-22.700001
1684926145.002150,-23.000000
1684926145.013150,-22.799999
1684926145.022137,-23.000000
1684926145.033177,-22.799999
1684926145.042148,-23.000000
1684926145.053296,-22.900000
1684926145.062161,-23.000000
1684926145.073218,-23.000000
1684926145.082140,-22.799999
1684926145.093242,-23.000000
1684926145.102160,-22.900000
1684926145.113237,-23.000000
1684926145.122263,-23.000000
1684926145.133343,-22.700001
1684926145.142474,-23.000000
1684926145.153473,-23.000000
1684926145.162469,-22.700001
1684926145.173554,-23.000000
1684926145.182574,-22.799999
1684926145.192631,-23.000000
1684926145.202699,-22.799999
1684926145.212810,-23.000000
1684926145.222786,-23.000000
1684926145.232883,-22.799999
1684926145.242980,-23.000000
1684926145.252970,-22.799999
1684926145.263032,-23.000000
1684926145.273119,-23.000000
1684926145.283197,-22.799999
1684926145.293275,-22.700001
1684926145.302313,-23.000000
1684926145.313420,-23.000000
1684926145.322410,-22.799999
1684926145.333244,-23.000000
1684926145.342206,-23.000000
1684926145.353222,-22.799999
1684926145.362430,-22.700001
1684926145.373205,-23.000000
1684926145.382123,-22.900000
1684926145.393260,-22.700001
1684926145.402202,-23.000000
1684926145.413229,-22.799999
1684926145.422136,-22.700001
1684926145.433221,-23.000000
1684926145.442161,-23.000000
1684926145.453214,-22.799999
1684926145.462186,-22.700001
1684926145.473315,-23.000000
1684926145.482144,-23.000000
1684926145.493317,-22.799999
1684926145.502110,-23.000000
1684926145.513307,-23.000000
1684926145.523208,-22.799999
1684926145.533307,-23.000000
1684926145.542206,-23.000000
1684926145.553308,-22.700001
1684926145.562178,-23.000000
1684926145.573294,-22.900000
1684926145.582227,-23.000000
1684926145.593228,-23.000000
1684926145.602208,-23.000000
1684926145.613252,-23.000000
1684926145.622106,-22.700001
1684926145.633301,-23.000000
1684926145.642151,-22.799999
1684926145.653312,-23.000000
1684926145.662147,-23.000000
1684926145.673203,-22.799999
1684926145.682144,-23.000000
1684926145.693209,-23.000000
1684926145.702145,-23.000000
1684926145.713235,-23.299999
1684926145.723016,-23.000000
1684926145.733295,-23.400000
1684926145.742144,-23.500000
1684926145.753294,-23.500000
1684926145.762188,-23.600000
1684926145.773183,-23.799999
1684926145.782125,-23.799999
1684926145.793246,-24.100000
1684926145.802163,-24.299999
1684926145.813251,-24.600000
1684926145.822192,-24.900000
1684926145.833191,-25.000000
1684926145.842150,-25.400000
1684926145.853277,-25.600000
1684926145.862156,-26.100000
1684926145.873251,-26.400000
1684926145.882210,-26.600000
1684926145.893290,-27.200001
1684926145.902215,-27.299999
1684926145.913230,-27.600000
1684926145.923422,-28.000000
1684926145.933238,-28.299999
1684926145.942174,-28.400000
1684926145.953228,-28.900000
1684926145.962172,-28.900000
1684926145.973242,-28.900000
1684926145.982130,-28.900000
1684926145.993277,-29.200001
1684926146.002166,-29.200001
1684926146.013221,-29.200001
1684926146.022235,-29.200001
1684926146.033213,-29.200001
1684926146.042140,-29.200001
1684926146.053260,-29.200001
1684926146.062198,-29.200001
1684926146.073211,-29.200001
1684926146.082158,-29.200001
1684926146.093259,-29.200001
1684926146.102217,-29.200001
1684926146.113245,-29.200001
1684926146.122571,-29.400000
1684926146.133294,-29.200001
1684926146.142175,-29.200001
1684926146.153308,-29.400000
1684926146.162231,-29.400000
1684926146.173311,-29.400000
1684926146.182175,-29.400000
1684926146.193252,-29.700001
1684926146.202192,-29.700001
1684926146.213286,-29.500000
1684926146.222204,-29.500000
1684926146.233300,-29.700001
1684926146.242175,-29.700001
1684926146.253340,-30.000000
1684926146.262181,-30.000000
1684926146.273237,-30.299999
1684926146.282214,-30.299999
1684926146.293293,-30.299999
1684926146.302218,-30.500000
1684926146.313290,-30.799999
1684926146.322536,-31.000000
1684926146.333315,-31.100000
1684926146.342293,-31.299999
1684926146.353328,-31.299999
1684926146.362235,-31.299999
1684926146.373294,-31.799999
1684926146.382233,-31.900000
1684926146.393295,-31.900000
1684926146.402193,-31.700001
1684926146.413260,-31.900000
1684926146.422252,-31.900000
1684926146.433232,-31.900000
1684926146.442282,-31.900000
1684926146.453339,-31.900000
1684926146.462254,-31.900000
1684926146.473287,-31.900000
1684926146.482382,-31.900000
1684926146.493412,-31.900000
1684926146.502486,-31.900000
1684926146.513585,-32.099998
1684926146.522592,-31.900000
1684926146.533662,-31.900000
1684926146.542714,-32.000000
1684926146.552769,-31.900000
1684926146.562865,-31.900000
1684926146.572895,-31.900000
1684926146.582988,-32.099998
1684926146.593007,-31.900000
1684926146.603076,-31.900000
1684926146.613156,-32.099998
1684926146.623173,-31.900000
1684926146.633260,-32.099998
1684926146.642300,-32.099998
1684926146.653348,-32.099998
1684926146.662480,-32.099998
1684926146.673498,-32.099998
1684926146.682201,-32.400002
1684926146.693306,-32.200001
1684926146.702205,-32.099998
1684926146.713309,-32.400002
1684926146.722244,-32.299999
1684926146.733341,-32.099998
1684926146.742242,-32.099998
1684926146.753328,-32.400002
1684926146.762228,-32.400002
1684926146.773381,-32.200001
1684926146.782233,-32.099998
1684926146.793295,-32.099998
1684926146.802227,-32.099998
1684926146.813307,-32.400002
1684926146.822177,-32.400002
1684926146.833290,-32.299999
1684926146.842189,-32.099998
1684926146.853299,-32.099998
1684926146.862283,-32.099998
1684926146.873262,-32.400002
1684926146.882219,-32.400002
1684926146.893304,-32.299999
1684926146.902185,-32.099998
1684926146.913298,-32.099998
1684926146.922289,-32.400002
1684926146.933290,-32.200001
1684926146.942288,-32.099998
1684926146.953241,-32.099998
1684926146.962246,-32.400002
1684926146.973318,-32.099998
1684926146.982264,-32.099998
1684926146.993302,-32.400002
1684926147.002264,-32.200001
1684926147.013291,-32.099998
1684926147.022245,-32.400002
1684926147.033359,-32.200001
1684926147.042238,-32.099998
1684926147.053330,-32.099998
1684926147.062249,-32.400002
1684926147.073369,-32.299999
1684926147.082253,-32.099998
1684926147.093375,-32.099998
1684926147.102296,-32.400002
1684926147.113337,-32.299999
1684926147.122228,-32.099998
1684926147.133333,-32.400002
1684926147.142275,-32.400002
1684926147.153336,-32.099998
1684926147.162254,-32.400002
1684926147.173380,-32.299999
1684926147.182313,-32.099998
1684926147.193350,-32.400002
1684926147.202225,-32.200001
1684926147.213336,-32.099998
1684926147.222249,-32.000000
1684926147.233277,-32.099998
1684926147.242613,-31.900000
1684926147.253261,-31.900000
1684926147.262213,-31.900000
1684926147.273247,-31.600000
1684926147.282330,-31.600000
1684926147.293196,-31.299999
1684926147.302213,-31.400000
1684926147.313174,-31.299999
1684926147.322271,-31.100000
1684926147.333174,-30.799999
1684926147.342269,-30.600000
1684926147.353149,-30.799999
1684926147.362240,-30.500000
1684926147.373130,-30.299999
1684926147.382341,-30.000000
1684926147.393082,-30.100000
1684926147.402314,-30.000000
1684926147.413051,-29.700001
1684926147.422295,-29.500000
1684926147.433074,-29.500000
1684926147.442230,-29.200001
1684926147.453006,-29.200001
1684926147.462312,-29.000000
1684926147.473171,-28.900000
1684926147.482280,-28.799999
1684926147.493131,-28.600000
1684926147.502328,-28.900000
1684926147.512961,-28.600000
1684926147.522281,-28.500000
1684926147.532942,-28.400000
1684926147.542274,-28.400000
1684926147.552900,-28.400000
1684926147.562242,-28.100000
1684926147.572990,-28.000000
1684926147.582277,-27.799999
1684926147.592945,-27.799999
1684926147.602250,-27.600000
1684926147.612916,-27.299999
1684926147.622275,-27.100000
1684926147.632843,-27.299999
1684926147.642230,-27.000000
1684926147.652881,-26.900000
1684926147.662236,-26.799999
1684926147.672780,-26.500000
1684926147.682254,-26.500000
1684926147.692757,-26.200001
1684926147.702303,-26.000000
1684926147.712791,-25.700001
1684926147.722295,-25.400000
1684926147.732750,-25.200001
1684926147.742280,-24.700001
1684926147.752943,-24.400000
1684926147.762315,-24.100000
1684926147.773453,-24.100000
1684926147.782424,-23.799999
1684926147.793505,-23.600000
1684926147.802527,-23.100000
1684926147.813601,-23.100000
1684926147.822651,-23.000000
1684926147.833778,-22.900000
1684926147.842779,-22.700001
1684926147.852864,-22.700001
1684926147.862962,-22.600000
1684926147.872948,-22.700001
1684926147.883008,-22.700001
1684926147.893119,-22.700001
1684926147.903153,-22.700001
1684926147.913196,-22.500000
1684926147.922263,-22.700001
1684926147.933259,-22.700001
1684926147.942321,-22.700001
1684926147.953366,-22.500000
1684926147.962395,-22.700001
1684926147.973515,-22.700001
1684926147.982560,-22.500000
1684926147.993470,-22.700001
1684926148.002616,-22.700001
1684926148.013427,-22.600000
1684926148.022723,-22.700001
1684926148.033463,-22.700001
1684926148.042873,-22.700001
1684926148.053412,-22.500000
1684926148.062951,-22.700001
1684926148.073411,-22.700001
1684926148.083086,-22.500000
1684926148.093379,-22.700001
1684926148.103254,-22.500000
1684926148.113353,-22.299999
1684926148.122264,-22.299999
1684926148.134433,-22.000000
1684926148.142352,-21.900000
1684926148.153398,-21.900000
1684926148.162327,-21.700001
1684926148.173391,-21.400000
1684926148.182278,-21.100000
1684926148.193430,-21.100000
1684926148.202368,-21.100000
1684926148.213369,-20.900000
1684926148.222356,-20.900000
1684926148.233415,-21.100000
1684926148.242352,-21.100000
1684926148.253393,-20.900000
1684926148.262295,-21.100000
1684926148.273164,-21.100000
1684926148.282250,-21.100000
1684926148.293370,-20.900000
1684926148.302286,-21.100000
1684926148.313368,-21.100000
1684926148.322268,-20.900000
1684926148.333382,-21.100000
1684926148.342224,-21.100000
1684926148.353370,-20.900000
1684926148.362288,-20.900000
1684926148.373091,-21.100000
1684926148.382339,-21.100000
1684926148.393392,-20.900000
1684926148.402361,-20.900000
1684926148.413379,-21.100000
1684926148.422270,-21.100000
1684926148.433391,-20.900000
1684926148.442364,-20.900000
1684926148.453335,-20.900000
1684926148.462353,-21.100000
1684926148.472995,-21.100000
1684926148.482340,-21.100000
1684926148.493415,-20.900000
1684926148.502317,-20.900000
1684926148.513392,-20.900000
1684926148.522331,-21.100000
1684926148.533455,-21.100000
1684926148.542274,-21.000000
1684926148.553341,-20.900000
1684926148.562251,-20.900000
1684926148.572873,-21.100000
1684926148.582298,-21.100000
1684926148.593391,-21.100000
1684926148.602303,-20.900000
1684926148.613414,-20.900000
1684926148.622364,-20.900000
1684926148.633396,-21.100000
1684926148.642386,-21.100000
1684926148.653422,-21.100000
1684926148.662354,-20.900000
1684926148.672772,-21.100000
1684926148.682312,-21.100000
1684926148.693373,-21.000000
1684926148.702336,-20.900000
1684926148.713411,-21.100000
1684926148.722649,-21.100000
1684926148.733731,-21.100000
1684926148.742771,-21.000000
1684926148.752837,-20.900000
1684926148.762844,-20.900000
1684926148.773671,-21.100000
1684926148.782991,-21.100000
1684926148.793055,-20.900000
1684926148.803097,-21.400000
1684926148.813154,-21.400000
1684926148.823168,-21.100000
1684926148.833628,-21.100000
1684926148.842384,-21.400000
1684926148.854445,-21.400000
1684926148.862380,-21.400000
1684926148.873617,-21.400000
1684926148.882350,-21.700001
1684926148.893428,-21.700001
1684926148.902319,-21.700001
1684926148.913773,-21.900000
1684926148.922382,-21.700001
1684926148.933432,-22.200001
1684926148.942344,-22.200001
1684926148.953360,-22.200001
1684926148.962294,-22.500000
1684926148.973473,-22.500000
1684926148.982335,-23.000000
1684926148.993472,-23.000000
1684926149.002360,-23.200001
1684926149.013450,-23.500000
1684926149.022427,-23.700001
1684926149.033483,-23.799999
1684926149.042415,-24.100000
1684926149.053476,-24.100000
1684926149.062410,-24.100000
1684926149.073468,-24.299999
1684926149.082404,-24.299999
1684926149.093472,-24.299999
1684926149.102322,-24.200001
1684926149.113484,-24.299999
1684926149.122390,-24.299999
1684926149.133420,-24.299999
1684926149.143378,-24.299999
1684926149.153412,-24.299999
1684926149.162407,-24.299999
1684926149.173389,-24.299999
1684926149.182410,-24.299999
1684926149.193401,-24.299999
1684926149.202430,-24.400000
1684926149.213400,-24.299999
1684926149.222383,-24.299999
1684926149.233424,-24.299999
1684926149.242330,-24.299999
1684926149.253404,-24.299999
1684926149.262409,-24.299999
1684926149.273401,-24.299999
1684926149.282310,-24.299999
1684926149.293443,-24.100000
1684926149.302384,-24.299999
1684926149.313474,-24.299999
1684926149.322403,-24.299999
1684926149.333426,-24.100000
1684926149.343154,-24.299999
1684926149.353425,-24.299999
1684926149.362411,-24.299999
1684926149.373393,-24.299999
1684926149.382387,-24.299999
1684926149.393496,-24.299999
1684926149.402368,-24.100000
1684926149.413428,-24.299999
1684926149.422323,-24.299999
1684926149.433491,-24.200001
1684926149.442372,-24.299999
1684926149.453494,-24.299999
1684926149.462394,-24.100000
1684926149.473470,-24.100000
1684926149.482352,-23.900000
1684926149.493433,-23.700001
1684926149.502372,-23.600000
1684926149.513504,-23.400000
1684926149.522415,-23.299999
1684926149.533451,-23.299999
1684926149.542956,-23.000000
1684926149.553493,-22.700001
1684926149.562366,-22.700001
1684926149.573496,-22.500000
1684926149.582372,-22.299999
1684926149.593496,-22.200001
1684926149.602387,-22.200001
1684926149.613414,-21.900000
1684926149.622411,-21.700001
1684926149.633475,-21.400000
1684926149.642360,-21.400000
1684926149.653436,-21.100000
1684926149.662437,-20.900000
1684926149.673479,-20.900000
1684926149.682348,-20.400000
1684926149.693494,-20.100000
1684926149.702418,-20.000000
1684926149.713494,-19.600000
1684926149.722396,-19.400000
1684926149.733491,-19.000000
1684926149.742723,-19.000000
1684926149.753431,-18.700001
1684926149.762440,-18.700001
1684926149.773452,-18.400000
1684926149.782523,-18.200001
1684926149.793427,-18.200001
1684926149.802407,-18.200001
1684926149.813453,-18.200001
1684926149.822354,-17.900000
1684926149.833414,-17.700001
1684926149.842439,-17.900000
1684926149.853477,-17.700001
1684926149.862374,-17.600000
1684926149.873516,-17.900000
1684926149.882463,-17.700001
1684926149.893505,-17.600000
1684926149.902438,-17.600000
1684926149.913509,-17.600000
1684926149.922432,-17.400000
1684926149.933431,-17.500000
1684926149.942518,-17.400000
1684926149.953461,-17.100000
1684926149.962397,-17.400000
1684926149.973502,-17.100000
1684926149.982435,-16.900000
1684926149.993756,-17.100000
1684926150.002394,-16.799999
1684926150.013455,-16.799999
1684926150.022397,-16.799999
1684926150.033479,-16.600000
1684926150.042430,-16.299999
1684926150.053463,-16.299999
1684926150.062411,-16.000000
1684926150.073462,-15.600000
1684926150.082418,-15.600000
1684926150.093489,-15.300000
1684926150.102384,-15.000000
1684926150.113451,-14.700000
1684926150.122397,-14.700000
1684926150.133466,-14.400000
1684926150.143035,-14.200000
1684926150.153499,-14.200000
1684926150.162439,-14.100000
1684926150.173513,-13.900000
1684926150.182475,-13.600000
1684926150.193630,-13.600000
1684926150.202440,-13.400000
1684926150.213478,-13.100000
1684926150.222403,-13.100000
1684926150.233486,-12.800000
1684926150.242469,-12.600000
1684926150.253463,-12.500000
1684926150.262444,-12.100000
1684926150.273462,-12.000000
1684926150.282586,-11.700000
1684926150.293668,-11.200000
1684926150.302708,-11.200000
1684926150.313140,-10.700000
1684926150.322833,-10.700000
1684926150.332985,-10.400000
1684926150.342940,-10.000000
1684926150.353047,-9.900000
1684926150.363086,-9.800000
1684926150.373273,-9.600000
1684926150.383198,-9.300000
1684926150.393274,-9.300000
1684926150.403368,-9.000000
1684926150.413321,-9.000000
1684926150.423340,-8.600000
1684926150.433422,-8.500000
1684926150.442471,-8.100000
1684926150.453598,-8.000000
1684926150.462622,-7.500000
1684926150.473654,-7.200000
1684926150.482741,-6.700000
1684926150.493767,-6.400000
1684926150.502841,-5.900000
1684926150.512933,-5.600000
1684926150.522951,-5.100000
1684926150.533045,-4.300000
1684926150.543129,-4.000000
1684926150.553135,-3.400000
1684926150.563230,-3.200000
1684926150.573302,-2.700000
1684926150.583304,-2.600000
1684926150.593376,-2.200000
1684926150.602466,-1.800000
1684926150.613557,-1.800000
1684926150.622448,-1.800000
1684926150.634552,-1.500000
1684926150.642439,-1.800000
1684926150.653554,-1.800000
1684926150.662499,-1.800000
1684926150.673577,-1.500000
1684926150.682491,-1.800000
1684926150.693557,-1.500000
1684926150.702508,-1.500000
1684926150.713547,-1.600000
1684926150.722497,-1.500000
1684926150.733590,-1.300000
1684926150.742512,-1.200000
1684926150.753555,-1.200000
1684926150.762473,-1.300000
1684926150.773499,-1.200000
1684926150.782496,-1.200000
1684926150.793480,-1.400000
1684926150.802498,-1.200000
1684926150.813490,-1.200000
1684926150.822430,-1.200000
1684926150.833545,-1.200000
1684926150.842482,-1.200000
1684926150.853558,-1.200000
1684926150.862450,-1.200000
1684926150.873477,-1.200000
1684926150.882460,-1.200000
1684926150.893550,-1.200000
1684926150.902431,-1.300000
1684926150.913522,-1.200000
1684926150.922416,-1.200000
1684926150.933553,-1.200000
1684926150.942487,-1.300000
1684926150.953500,-1.200000
1684926150.962497,-1.200000
1684926150.973497,-1.000000
1684926150.982433,-1.000000
1684926150.993504,-1.200000
1684926151.002497,-1.200000
1684926151.013558,-1.000000
1684926151.022451,-1.200000
1684926151.033557,-1.000000
1684926151.042459,-1.200000
1684926151.053557,-1.200000
1684926151.062419,-1.000000
1684926151.073485,-1.200000
1684926151.082437,-1.000000
1684926151.093478,-1.200000
1684926151.102462,-1.200000
1684926151.113497,-1.200000
1684926151.122475,-1.200000
1684926151.133559,-1.000000
1684926151.142478,-1.200000
1684926151.153509,-1.200000
1684926151.162436,-1.000000
1684926151.173525,-1.200000
1684926151.182510,-1.100000
1684926151.193574,-1.200000
1684926151.202457,-1.200000
1684926151.213561,-1.000000
1684926151.222477,-1.200000
1684926151.233603,-1.000000
1684926151.242504,-1.200000
1684926151.253557,-1.000000
1684926151.262489,-1.200000
1684926151.273559,-1.000000
1684926151.282498,-1.200000
1684926151.293501,-1.100000
1684926151.302480,-1.200000
1684926151.313591,-1.200000
1684926151.322502,-1.200000
1684926151.333572,-1.200000
1684926151.342509,-1.200000
1684926151.353635,-1.200000
1684926151.362516,-1.200000
1684926151.373628,-1.100000
1684926151.382580,-1.200000
1684926151.393568,-1.100000
1684926151.402520,-1.200000
1684926151.413591,-1.200000
1684926151.422431,-1.000000
1684926151.433561,-1.200000
1684926151.442491,-1.000000
1684926151.453514,-1.200000
1684926151.462481,-1.000000
1684926151.473582,-1.200000
1684926151.482520,-1.200000
1684926151.493601,-1.000000
1684926151.502565,-1.200000
1684926151.513519,-1.200000
1684926151.522524,-1.000000
1684926151.533514,-1.200000
1684926151.542524,-1.200000
1684926151.553590,-1.000000
1684926151.562439,-1.200000
1684926151.573649,-1.200000
1684926151.582506,-1.000000
1684926151.593567,-1.200000
1684926151.602461,-1.200000
1684926151.613597,-1.000000
1684926151.622459,-1.200000
1684926151.633564,-1.200000
1684926151.642509,-1.000000
1684926151.653634,-1.200000
1684926151.662453,-1.000000
1684926151.673510,-1.200000
1684926151.682548,-1.000000
1684926151.693566,-1.200000
1684926151.702548,-1.200000
1684926151.713611,-1.000000
1684926151.722462,-1.200000
1684926151.733587,-1.200000
1684926151.742489,-1.000000
1684926151.753564,-1.200000
1684926151.762442,-1.100000
1684926151.773611,-1.000000
1684926151.782512,-1.200000
1684926151.793555,-1.000000
1684926151.802451,-1.200000
1684926151.813572,-1.200000
1684926151.822528,-1.000000
1684926151.833564,-1.000000
1684926151.842706,-1.200000
1684926151.853570,-1.000000
1684926151.862509,-1.200000
1684926151.873719,-1.000000
1684926151.882546,-1.200000
1684926151.893652,-1.000000
1684926151.902617,-1.200000
1684926151.913780,-1.000000
1684926151.922718,-1.200000
1684926151.933845,-1.000000
1684926151.942818,-1.200000
1684926151.953908,-1.000000
1684926151.962929,-1.200000
1684926151.972999,-1.200000
1684926151.983011,-1.000000
1684926151.993068,-1.100000
1684926152.003131,-1.200000
1684926152.013251,-1.100000
1684926152.023263,-1.200000
1684926152.033372,-1.200000
1684926152.043364,-1.500000
1684926152.053446,-1.300000
1684926152.062516,-1.500000
1684926152.073606,-1.500000
1684926152.082618,-1.800000
1684926152.093696,-1.800000
1684926152.102721,-2.000000
1684926152.113804,-2.000000
1684926152.122867,-2.300000
1684926152.132893,-2.300000
1684926152.142971,-2.600000
1684926152.153013,-2.600000
1684926152.163036,-2.800000
1684926152.173100,-2.800000
1684926152.183208,-3.100000
1684926152.193324,-3.100000
1684926152.203324,-3.600000
1684926152.213346,-3.700000
1684926152.223572,-3.900000
1684926152.233475,-3.700000
1684926152.242538,-3.900000
1684926152.254651,-3.900000
1684926152.262559,-4.200000
1684926152.273612,-4.400000
1684926152.282552,-4.500000
1684926152.293578,-4.700000
1684926152.302608,-5.000000
1684926152.313584,-5.300000
1684926152.322498,-5.500000
1684926152.333568,-5.800000
1684926152.342538,-6.100000
1684926152.353621,-6.300000
1684926152.362578,-6.600000
1684926152.373629,-6.600000
1684926152.382581,-6.900000
1684926152.393659,-7.100000
1684926152.402585,-7.400000
1684926152.413710,-7.700000
1684926152.422619,-7.700000
1684926152.433581,-7.900000
1684926152.442521,-8.200000
1684926152.453600,-8.500000
1684926152.462539,-8.600000
1684926152.473691,-8.800000
1684926152.482600,-9.000000
1684926152.493579,-9.200000
1684926152.502534,-9.300000
1684926152.513625,-9.800000
1684926152.522528,-9.800000
1684926152.533584,-9.800000
1684926152.542501,-9.800000
1684926152.553608,-10.100000
1684926152.562540,-10.300000
1684926152.573635,-10.400000
1684926152.582539,-10.400000
1684926152.593582,-10.400000
1684926152.602499,-10.400000
1684926152.614038,-10.400000
1684926152.622583,-10.500000
1684926152.633581,-10.400000
1684926152.642530,-10.400000
1684926152.653648,-10.600000
1684926152.662543,-10.400000
1684926152.673648,-10.600000
1684926152.682519,-10.500000
1684926152.693602,-10.400000
1684926152.702580,-10.400000
1684926152.713603,-10.600000
1684926152.722589,-10.400000
1684926152.733630,-10.400000
1684926152.742520,-10.400000
1684926152.753689,-10.600000
1684926152.762506,-10.600000
1684926152.773590,-10.400000
1684926152.782568,-10.400000
1684926152.793586,-10.600000
1684926152.802571,-10.600000
1684926152.813554,-10.400000
1684926152.822562,-10.400000
1684926152.833584,-10.600000
1684926152.843189,-10.600000
1684926152.853585,-10.400000
1684926152.862585,-10.400000
1684926152.873609,-10.600000
1684926152.883584,-10.600000
1684926152.893610,-10.600000
1684926152.902553,-10.500000
1684926152.913588,-10.400000
1684926152.922502,-10.600000
1684926152.933608,-10.600000
1684926152.942501,-10.400000
1684926152.953697,-10.600000
1684926152.962565,-10.600000
1684926152.973698,-10.400000
1684926152.982594,-10.600000
1684926152.993668,-10.600000
1684926153.002538,-10.600000
1684926153.013653,-10.400000
1684926153.022599,-10.600000
1684926153.033659,-10.600000
1684926153.042627,-10.600000
1684926153.053594,-10.600000
1684926153.062543,-10.500000
1684926153.073712,-10.600000
1684926153.083257,-10.600000
1684926153.093711,-10.600000
1684926153.102551,-10.500000
1684926153.113630,-10.600000
1684926153.122607,-10.600000
1684926153.133637,-10.600000
1684926153.142608,-10.600000
1684926153.153690,-10.500000
1684926153.162587,-10.600000
1684926153.173726,-10.600000
1684926153.182590,-10.600000
1684926153.193614,-10.600000
1684926153.202639,-10.400000
1684926153.213717,-10.600000
1684926153.222545,-10.600000
1684926153.233610,-10.600000
1684926153.242635,-10.400000
1684926153.253639,-10.600000
1684926153.262659,-10.600000
1684926153.273729,-10.600000
1684926153.282612,-10.600000
1684926153.293712,-10.600000
1684926153.302575,-10.500000
1684926153.313699,-10.600000
1684926153.322523,-10.600000
1684926153.333640,-10.400000
1684926153.342683,-10.200000
1684926153.353665,-10.000000
1684926153.362546,-9.900000
1684926153.373629,-9.600000
1684926153.382553,-9.400000
1684926153.393661,-9.300000
1684926153.402596,-9.300000
1684926153.413662,-9.100000
1684926153.422620,-8.900000
1684926153.433616,-8.800000
1684926153.442588,-8.500000
1684926153.453663,-8.800000
1684926153.462633,-8.500000
1684926153.473736,-8.500000
1684926153.482635,-8.300000
1684926153.493638,-8.500000
1684926153.502575,-8.200000
1684926153.513657,-8.000000
1684926153.522614,-7.700000
1684926153.533595,-7.700000
1684926153.542647,-7.500000
1684926153.553663,-7.200000
1684926153.562593,-7.200000
1684926153.573640,-6.900000
1684926153.582613,-6.600000
1684926153.593659,-6.600000
1684926153.603117,-6.400000
1684926153.613102,-6.100000
1684926153.623121,-6.300000
1684926153.633112,-6.100000
1684926153.643176,-6.100000
1684926153.653217,-5.900000
1684926153.663323,-5.800000
1684926153.673309,-5.900000
1684926153.683413,-5.800000
1684926153.693530,-5.600000
1684926153.703531,-5.800000
1684926153.713618,-5.500000
1684926153.722599,-5.800000
1684926153.733743,-5.500000
1684926153.742728,-5.500000
1684926153.753789,-5.700000
1684926153.762851,-5.500000
1684926153.773940,-5.600000
1684926153.782972,-5.500000
1684926153.793017,-5.500000
1684926153.803110,-5.500000
1684926153.813106,-5.500000
1684926153.823189,-5.500000
1684926153.833225,-5.300000
1684926153.843319,-5.500000
1684926153.853374,-5.500000
1684926153.863417,-5.300000
1684926153.873510,-5.500000
1684926153.883507,-5.400000
1684926153.894732,-5.500000
1684926153.902644,-5.500000
1684926153.914694,-5.300000
1684926153.922619,-5.500000
1684926153.933696,-5.300000
1684926153.942601,-5.300000
1684926153.953627,-5.400000
1684926153.962583,-5.300000
1684926153.973697,-5.000000
1684926153.982560,-5.300000
1684926153.993712,-5.100000
1684926154.002561,-5.000000
1684926154.013734,-5.100000
1684926154.022652,-5.000000
1684926154.033730,-5.000000
1684926154.042665,-4.700000
1684926154.053747,-5.000000
1684926154.062668,-5.000000
1684926154.073708,-4.700000
1684926154.082649,-4.700000
1684926154.096244,-4.500000
1684926154.102647,-4.700000
1684926154.113749,-4.500000
1684926154.122565,-4.200000
1684926154.133671,-4.000000
1684926154.144967,-3.900000
1684926154.153730,-3.900000
1684926154.162583,-3.700000
1684926154.173675,-3.400000
1684926154.182626,-3.100000
1684926154.193656,-3.100000
1684926154.202627,-2.900000
1684926154.213671,-2.600000
1684926154.222603,-2.200000
1684926154.233650,-2.200000
1684926154.242634,-1.900000
1684926154.253652,-1.600000
1684926154.262671,-1.300000
1684926154.273697,-1.000000
1684926154.282610,-1.000000
1684926154.293754,-0.700000
1684926154.302649,-0.500000
1684926154.313733,-0.500000
1684926154.322647,-0.300000
1684926154.333689,-0.200000
1684926154.342671,-0.200000
1684926154.353729,-0.200000
1684926154.362691,0.000000
1684926154.373722,-0.200000
1684926154.382625,0.000000
1684926154.393670,-0.200000
1684926154.402603,0.000000
1684926154.413715,0.200000
1684926154.422590,0.000000
1684926154.433692,0.300000
1684926154.442694,0.000000
1684926154.453674,0.200000
1684926154.462632,0.300000
1684926154.473745,0.300000
1684926154.482653,0.300000
1684926154.493681,0.300000
1684926154.502608,0.300000
1684926154.513735,0.300000
1684926154.522627,0.300000
1684926154.533701,0.300000
1684926154.542633,0.300000
1684926154.553735,0.500000
1684926154.562822,0.300000
1684926154.573737,0.500000
1684926154.582666,0.500000
1684926154.593699,0.500000
1684926154.602639,0.800000
1684926154.613678,0.500000
1684926154.622723,0.800000
1684926154.633699,1.100000
1684926154.644878,1.200000
1684926154.653752,1.300000
1684926154.662717,1.600000
1684926154.673748,1.300000
1684926154.682659,1.600000
1684926154.693784,1.600000
1684926154.702672,1.800000
1684926154.713770,2.000000
1684926154.722700,1.900000
1684926154.733742,1.900000
1684926154.742658,2.100000
1684926154.753786,1.900000
1684926154.762636,1.900000
1684926154.773725,2.200000
1684926154.782700,1.900000
1684926154.793768,1.900000
1684926154.802740,2.000000
1684926154.813707,2.200000
1684926154.822679,2.200000
1684926154.833705,1.900000
1684926154.842750,2.000000
1684926154.853746,2.200000
1684926154.862634,1.900000
1684926154.873788,1.900000
1684926154.882734,2.200000
1684926154.893737,2.200000
1684926154.902719,1.900000
1684926154.913718,1.900000
1684926154.922631,2.100000
1684926154.933755,2.200000
1684926154.942725,1.900000
1684926154.953724,2.100000
1684926154.962664,2.200000
1684926154.973789,1.900000
1684926154.982654,2.000000
1684926154.993723,2.200000
1684926155.002785,1.900000
1684926155.013734,2.100000
1684926155.022769,2.200000
1684926155.033741,1.900000
1684926155.042614,2.100000
1684926155.053742,2.200000
1684926155.062676,1.900000
1684926155.073775,2.100000
1684926155.082644,2.200000
1684926155.093765,1.900000
1684926155.102668,2.100000
1684926155.113747,2.200000
1684926155.122702,1.900000
1684926155.133741,1.900000
1684926155.142687,2.100000
1684926155.153750,2.200000
1684926155.162706,1.900000
1684926155.173763,2.100000
1684926155.182657,2.200000
1684926155.193747,1.900000
1684926155.202704,2.200000
1684926155.213748,1.900000
1684926155.222633,1.900000
1684926155.233747,2.100000
1684926155.242643,2.200000
1684926155.253843,1.900000
1684926155.262665,2.100000
1684926155.273702,2.200000
1684926155.282644,1.900000
1684926155.293786,2.100000
1684926155.302702,2.200000
1684926155.313743,1.900000
1684926155.322727,2.100000
1684926155.333770,1.900000
1684926155.343483,2.100000
1684926155.353534,2.200000
1684926155.363495,1.900000
1684926155.373542,1.900000
1684926155.383518,2.200000
1684926155.393476,2.200000
1684926155.403517,1.900000
1684926155.413551,1.900000
1684926155.423515,2.100000
1684926155.433642,2.200000
1684926155.443630,1.900000
1684926155.453696,1.900000
1684926155.462774,2.100000
1684926155.473757,2.200000
1684926155.482813,1.900000
1684926155.493892,2.000000
1684926155.502967,2.200000
1684926155.514017,2.200000
1684926155.523042,1.900000
1684926155.534169,1.900000
1684926155.543200,2.200000
1684926155.553296,2.200000
1684926155.563288,1.900000
1684926155.573371,1.900000
1684926155.583419,1.900000
1684926155.593504,2.200000
1684926155.603574,1.900000
1684926155.613629,1.900000
1684926155.623676,1.900000
1684926155.634793,1.900000
1684926155.642746,1.900000
1684926155.654940,1.900000
1684926155.662731,1.900000
1684926155.673820,1.600000
1684926155.682757,1.900000
1684926155.693834,1.900000
1684926155.702724,1.600000
1684926155.713822,1.800000
1684926155.722689,1.900000
1684926155.733877,1.600000
1684926155.742754,1.600000
1684926155.753887,1.900000
1684926155.762710,1.600000
1684926155.773816,1.600000
1684926155.782689,1.900000
1684926155.793836,1.600000
1684926155.802693,1.800000
1684926155.813850,1.600000
1684926155.822693,1.600000
1684926155.833882,1.800000
1684926155.842737,1.600000
1684926155.853878,1.600000
1684926155.862713,1.500000
1684926155.873798,1.600000
1684926155.882675,1.600000
1684926155.893758,1.400000
1684926155.902681,1.600000
1684926155.913822,1.400000
1684926155.922650,1.400000
1684926155.933867,1.100000
1684926155.942688,1.100000
1684926155.953873,1.100000
1684926155.962732,0.800000
1684926155.973942,0.800000
1684926155.982753,0.500000
1684926155.993841,0.500000
1684926156.002761,0.300000
1684926156.013735,0.300000
1684926156.022778,0.000000
1684926156.033785,-0.200000
1684926156.042697,-0.200000
1684926156.053840,-0.200000
1684926156.062757,-0.200000
1684926156.073764,-0.200000
1684926156.082742,-0.400000
1684926156.093758,-0.400000
1684926156.102782,-0.400000
1684926156.113732,-0.400000
1684926156.122770,-0.400000
1684926156.133767,-0.400000
1684926156.142752,-0.400000
1684926156.153898,-0.400000
1684926156.162750,-0.200000
1684926156.173854,-0.400000
1684926156.182729,-0.400000
1684926156.193866,-0.400000
1684926156.202718,-0.400000
1684926156.213806,-0.400000
1684926156.222758,-0.200000
1684926156.233779,-0.400000
1684926156.242774,-0.400000
1684926156.253785,-0.400000
1684926156.262777,-0.200000
1684926156.273806,-0.400000
1684926156.282762,-0.400000
1684926156.293893,-0.400000
1684926156.302734,-0.400000
1684926156.313417,-0.400000
1684926156.322715,-0.400000
1684926156.333803,-0.400000
1684926156.342700,-0.700000
1684926156.353891,-0.600000
1684926156.362758,-0.400000
1684926156.373827,-0.700000
1684926156.382757,-0.700000
1684926156.393894,-0.700000
1684926156.403758,-0.700000
1684926156.413430,-0.700000
1684926156.423776,-0.700000
1684926156.433813,-0.700000
1684926156.443942,-0.700000
1684926156.453925,-0.800000
1684926156.463922,-0.700000
1684926156.473954,-0.700000
1684926156.483969,-0.700000
1684926156.493346,-1.000000
1684926156.503355,-0.700000
1684926156.513346,-0.700000
1684926156.523377,-0.700000
1684926156.533387,-1.000000
1684926156.543371,-1.000000
1684926156.553382,-1.000000
1684926156.563960,-1.000000
1684926156.573398,-1.000000
1684926156.583408,-1.000000
1684926156.593420,-1.000000
1684926156.603415,-1.000000
1684926156.613432,-1.000000
1684926156.623426,-1.100000
1684926156.633429,-1.000000
1684926156.643430,-1.000000
1684926156.653441,-1.000000
1684926156.663452,-1.200000
1684926156.673458,-1.000000
1684926156.683472,-1.000000
1684926156.693464,-1.000000
1684926156.703493,-1.200000
1684926156.713522,-1.200000
1684926156.723454,-1.100000
1684926156.733515,-1.000000
1684926156.743371,-1.000000
1684926156.753514,-1.200000
1684926156.763361,-1.200000
1684926156.773622,-1.000000
1684926156.783352,-1.000000
1684926156.793586,-1.000000
1684926156.803340,-1.200000
1684926156.813519,-1.100000
1684926156.823314,-1.000000
1684926156.833513,-1.000000
1684926156.843291,-1.200000
1684926156.853518,-1.200000
1684926156.863270,-1.000000
1684926156.873816,-1.000000
1684926156.882828,-1.200000
1684926156.893840,-1.200000
1684926156.903838,-1.000000
1684926156.913833,-1.000000
1684926156.923847,-1.200000
1684926156.933834,-1.000000
1684926156.942929,-1.000000
1684926156.953865,-1.000000
1684926156.962919,-1.200000
1684926156.973859,-1.200000
1684926156.983024,-1.000000
1684926156.993902,-1.000000
1684926157.003109,-1.000000
1684926157.013893,-1.200000
1684926157.023265,-1.000000
1684926157.033890,-1.000000
1684926157.042923,-1.000000
1684926157.053891,-1.200000
1684926157.063481,-1.000000
1684926157.073893,-1.000000
1684926157.083584,-1.200000
1684926157.093858,-1.200000
1684926157.103689,-1.000000
1684926157.113922,-1.000000
1684926157.122862,-1.200000
1684926157.133920,-1.200000
1684926157.142949,-1.000000
1684926157.154022,-1.000000
1684926157.163966,-1.200000
1684926157.173149,-1.200000
1684926157.182918,-1.000000
1684926157.193215,-1.000000
1684926157.203928,-1.200000
1684926157.213368,-1.200000
1684926157.223898,-1.000000
1684926157.233438,-1.200000
1684926157.243980,-1.200000
1684926157.253577,-1.100000
1684926157.262880,-1.000000
1684926157.273651,-1.200000
1684926157.283822,-1.200000
1684926157.294871,-1.000000
1684926157.302797,-1.200000
1684926157.314910,-1.200000
1684926157.322796,-1.000000
1684926157.334896,-1.200000
1684926157.342925,-1.200000
1684926157.353826,-1.000000
1684926157.363773,-1.000000
1684926157.373938,-1.200000
1684926157.382772,-1.200000
1684926157.393915,-1.000000
1684926157.402773,-1.200000
1684926157.413866,-1.200000
1684926157.422783,-1.200000
1684926157.433904,-1.200000
1684926157.442942,-1.000000
1684926157.453911,-1.200000
1684926157.463655,-1.200000
1684926157.473953,-1.200000
1684926157.482836,-1.000000
1684926157.493844,-1.200000
1684926157.503597,-1.200000
1684926157.513944,-1.500000
1684926157.522848,-1.500000
1684926157.533934,-1.500000
1684926157.542964,-1.800000
1684926157.553921,-1.800000
1684926157.563571,-2.000000
1684926157.573825,-2.000000
1684926157.582815,-2.300000
1684926157.593819,-2.300000
1684926157.602810,-2.300000
1684926157.613903,-2.300000
1684926157.622778,-2.600000
1684926157.633906,-2.600000
1684926157.642883,-2.300000
1684926157.653905,-2.300000
1684926157.663436,-2.600000
1684926157.673913,-2.600000
1684926157.682858,-2.300000
1684926157.693974,-2.300000
1684926157.703400,-2.300000
1684926157.713923,-2.600000
1684926157.722846,-2.600000
1684926157.733908,-2.300000
1684926157.743005,-2.300000
1684926157.753926,-2.600000
1684926157.763340,-3.300000
1684926157.773930,-3.400000
1684926157.782842,-3.400000
1684926157.793927,-3.400000
1684926157.802821,-3.100000
1684926157.813952,-3.400000
1684926157.822843,-3.800000
1684926157.833914,-3.900000
1684926157.842912,-3.900000
1684926157.853910,-3.900000
1684926157.863308,-3.900000
1684926157.873932,-3.900000
1684926157.882803,-3.900000
1684926157.893920,-3.900000
1684926157.902893,-4.000000
1684926157.913887,-3.900000
1684926157.922820,-3.900000
1684926157.933952,-4.200000
1684926157.942801,-3.900000
1684926157.953963,-3.900000
1684926157.962877,-3.900000
1684926157.973917,-4.000000
1684926157.982825,-3.900000
1684926157.993870,-3.900000
1684926158.002780,-3.900000
1684926158.013915,-3.900000
1684926158.022887,-3.900000
1684926158.033986,-3.900000
1684926158.042813,-3.900000
1684926158.053911,-3.900000
1684926158.063108,-3.900000
1684926158.073972,-3.900000
1684926158.082873,-3.900000
1684926158.093956,-3.900000
1684926158.102823,-3.900000
1684926158.113964,-4.200000
1684926158.122893,-3.900000
1684926158.134166,-3.900000
1684926158.142912,-3.900000
1684926158.153934,-4.000000
1684926158.163076,-3.900000
1684926158.173954,-3.800000
1684926158.182812,-3.700000
1684926158.193922,-3.700000
1684926158.202896,-3.700000
1684926158.213859,-3.700000
1684926158.222889,-3.400000
1684926158.233959,-3.400000
1684926158.242911,-3.400000
1684926158.253935,-3.200000
1684926158.263165,-3.100000
1684926158.273897,-3.200000
1684926158.283123,-3.100000
1684926158.294141,-2.900000
1684926158.303168,-3.100000
1684926158.314142,-2.900000
1684926158.323125,-2.800000
1684926158.334163,-3.100000
1684926158.343127,-2.900000
1684926158.354144,-2.700000
1684926158.363140,-2.800000
1684926158.374170,-2.800000
1684926158.383165,-2.600000
1684926158.395562,-2.800000
1684926158.403172,-2.700000
1684926158.414173,-2.800000
1684926158.423154,-2.800000
1684926158.434190,-2.600000
1684926158.443171,-2.800000
1684926158.454185,-2.600000
1684926158.463164,-2.800000
1684926158.474188,-2.600000
1684926158.483211,-2.800000
1684926158.494187,-2.600000
1684926158.503197,-2.800000
1684926158.514187,-2.600000
1684926158.523168,-2.800000
1684926158.534584,-2.600000
1684926158.543220,-2.800000
1684926158.554192,-2.600000
1684926158.563214,-2.800000
1684926158.574231,-2.600000
1684926158.583311,-2.800000
1684926158.593309,-2.600000
1684926158.603427,-2.400000
1684926158.613503,-2.600000
1684926158.623543,-2.600000
1684926158.633568,-2.400000
1684926158.643634,-2.600000
1684926158.653670,-2.300000
1684926158.663754,-2.200000
1684926158.673794,-2.000000
1684926158.682821,-2.300000
1684926158.694967,-2.100000
1684926158.702851,-2.100000
1684926158.713919,-2.000000
1684926158.722818,-1.800000
1684926158.733887,-1.600000
1684926158.742863,-1.800000
1684926158.753922,-1.800000
1684926158.762872,-1.500000
1684926158.773955,-1.500000
1684926158.782929,-1.600000
1684926158.794011,-1.500000
1684926158.802872,-1.500000
1684926158.813922,-1.500000
1684926158.822866,-1.500000
1684926158.833926,-1.500000
1684926158.842811,-1.400000
1684926158.853950,-1.500000
1684926158.862922,-1.500000
1684926158.873919,-1.500000
1684926158.882839,-1.500000
1684926158.893984,-1.400000
1684926158.902917,-1.500000
1684926158.913954,-1.500000
1684926158.922860,-1.300000
1684926158.933926,-1.500000
1684926158.942915,-1.500000
1684926158.954008,-1.500000
1684926158.962920,-1.500000
1684926158.974023,-1.500000
1684926158.982983,-1.500000
1684926158.994283,-1.500000
1684926159.003035,-1.400000
1684926159.014061,-1.500000
1684926159.022983,-1.500000
1684926159.034302,-1.500000
1684926159.042998,-1.500000
1684926159.053947,-1.500000
1684926159.062922,-1.500000
1684926159.074316,-1.500000
1684926159.082965,-1.500000
1684926159.093994,-1.500000
1684926159.103024,-1.400000
1684926159.114028,-1.500000
1684926159.122922,-1.500000
1684926159.134317,-1.500000
1684926159.142983,-1.500000
1684926159.154033,-1.500000
1684926159.162944,-1.300000
1684926159.173998,-1.500000
1684926159.182926,-1.500000
1684926159.194051,-1.500000
1684926159.202983,-1.300000
1684926159.214057,-1.500000
1684926159.222986,-1.500000
1684926159.234073,-1.500000
1684926159.242952,-1.200000
1684926159.254078,-1.500000
1684926159.262985,-1.400000
1684926159.274018,-1.200000
1684926159.282925,-1.000000
1684926159.294086,-1.100000
1684926159.302922,-0.800000
1684926159.314073,-0.500000
1684926159.323025,-0.300000
1684926159.333997,-0.400000
1684926159.342947,-0.200000
1684926159.353996,-0.200000
1684926159.362926,-0.100000
1684926159.373993,-0.200000
1684926159.383054,-0.200000
1684926159.394075,-0.200000
1684926159.402996,-0.200000
1684926159.414049,-0.200000
1684926159.422942,-0.200000
1684926159.434056,0.000000
1684926159.442943,-0.200000
1684926159.454051,-0.200000
1684926159.462941,0.000000
1684926159.474057,-0.200000
1684926159.482966,-0.200000
1684926159.493995,0.000000
1684926159.502948,-0.200000
1684926159.514007,-0.200000
1684926159.523008,-0.200000
1684926159.534057,-0.200000
1684926159.542950,0.000000
1684926159.554014,-0.200000
1684926159.563012,-0.200000
1684926159.574057,-0.200000
1684926159.582953,-0.200000
1684926159.594056,-0.200000
1684926159.602945,-0.200000
1684926159.614066,-0.200000
1684926159.622940,0.000000
1684926159.634066,-0.200000
1684926159.642958,-0.200000
1684926159.654082,-0.200000
1684926159.662927,-0.200000
1684926159.674038,-0.200000
1684926159.682952,-0.200000
1684926159.694058,-0.200000
1684926159.702935,0.000000
1684926159.714067,-0.200000
1684926159.722969,-0.200000
1684926159.734057,-0.200000
1684926159.743041,-0.200000
1684926159.754078,-0.200000
1684926159.762957,-0.200000
1684926159.774062,-0.200000
1684926159.782970,-0.400000
1684926159.794101,-0.400000
1684926159.803025,-0.400000
1684926159.814186,-0.700000
1684926159.823020,-0.700000
1684926159.834087,-1.000000
1684926159.843029,-1.000000
1684926159.854062,-1.000000
1684926159.862994,-1.500000
1684926159.874089,-1.700000
1684926159.883033,-1.800000
1684926159.894086,-2.000000
1684926159.903043,-2.300000
1684926159.914064,-2.300000
1684926159.922996,-2.600000
1684926159.934090,-2.800000
1684926159.943079,-2.800000
1684926159.954026,-3.100000
1684926159.963064,-3.100000
1684926159.974051,-3.100000
1684926159.983141,-3.400000
1684926159.994066,-3.400000
1684926160.003042,-3.600000
1684926160.014041,-3.700000
1684926160.023035,-3.700000
1684926160.033530,-4.200000
1684926160.043029,-4.200000
1684926160.053529,-4.200000
1684926160.062954,-4.700000
1684926160.073551,-4.700000
1684926160.083022,-5.000000
1684926160.093521,-5.000000
1684926160.102999,-5.000000
1684926160.113554,-5.000000
1684926160.123963,-5.000000
1684926160.133571,-5.000000
1684926160.143942,-5.300000
1684926160.153561,-5.300000
1684926160.163920,-5.300000
1684926160.173552,-5.300000
1684926160.183982,-5.300000
1684926160.193586,-5.300000
1684926160.203061,-5.500000
1684926160.213567,-5.800000
1684926160.223158,-6.300000
1684926160.233590,-6.300000
1684926160.243316,-6.600000
1684926160.253590,-7.100000
1684926160.263365,-7.600000
1684926160.273574,-7.900000
1684926160.283485,-8.700000
1684926160.293565,-9.200000
1684926160.303627,-9.800000
1684926160.313676,-10.100000
1684926160.323703,-10.500000
1684926160.333757,-11.300000
1684926160.343966,-11.700000
1684926160.353883,-12.200000
1684926160.363946,-13.000000
1684926160.375055,-13.500000
1684926160.383024,-14.100000
1684926160.395049,-15.100000
1684926160.403035,-15.900000
1684926160.414053,-16.799999
1684926160.423070,-17.799999
1684926160.434071,-18.600000
1684926160.442977,-19.200001
1684926160.454070,-20.100000
1684926160.463042,-20.700001
1684926160.474069,-21.100000
1684926160.483007,-21.600000
1684926160.494093,-21.700001
1684926160.502968,-21.700001
1684926160.514169,-21.900000
1684926160.522972,-21.900000
1684926160.533963,-21.700001
1684926160.542923,-21.900000
1684926160.554014,-21.900000
1684926160.562943,-21.900000
1684926160.574015,-21.900000
1684926160.582970,-21.799999
1684926160.594031,-21.900000
1684926160.602955,-21.900000
1684926160.614028,-21.900000
1684926160.622967,-21.900000
1684926160.634075,-21.799999
1684926160.642998,-21.900000
1684926160.654029,-21.900000
1684926160.662962,-21.700001
1684926160.674071,-21.900000
1684926160.683069,-21.900000
1684926160.694096,-21.700001
1684926160.703089,-21.900000
1684926160.714080,-21.900000
1684926160.723011,-21.700001
1684926160.734091,-21.900000
1684926160.742988,-21.900000
1684926160.754038,-21.900000
1684926160.765902,-21.799999
1684926160.774090,-21.900000
1684926160.783013,-21.900000
1684926160.794036,-21.900000
1684926160.802950,-21.900000
1684926160.814033,-21.700001
1684926160.824093,-21.900000
1684926160.833704,-21.900000
1684926160.843712,-21.900000
1684926160.853701,-21.900000
1684926160.863183,-21.900000
1684926160.873701,-21.799999
1684926160.883717,-21.700001
1684926160.893722,-21.700001
1684926160.903723,-21.500000
1684926160.913728,-21.400000
1684926160.923740,-21.400000
1684926160.933727,-21.400000
1684926160.943763,-21.200001
1684926160.953748,-21.100000
1684926160.963079,-21.400000
1684926160.973810,-21.400000
1684926160.983101,-21.100000
1684926160.993755,-21.400000
1684926161.003223,-21.400000
1684926161.013860,-21.100000
1684926161.023335,-21.400000
1684926161.034108,-21.200001
1684926161.043767,-21.100000
1684926161.054293,-21.400000
1684926161.063576,-21.200001
1684926161.073753,-21.100000
1684926161.083665,-21.400000
1684926161.093779,-21.100000
1684926161.103004,-21.100000
1684926161.113995,-21.400000
1684926161.123959,-21.100000
1684926161.135101,-21.100000
1684926161.143028,-20.900000
1684926161.155082,-21.100000
1684926161.163059,-21.100000
1684926161.174150,-20.900000
1684926161.183025,-21.100000
1684926161.194043,-21.100000
1684926161.202962,-21.100000
1684926161.214108,-20.900000
1684926161.222948,-21.100000
1684926161.234049,-21.100000
1684926161.242947,-21.100000
1684926161.254102,-21.100000
1684926161.263082,-21.100000
1684926161.274105,-21.100000
1684926161.282959,-20.900000
1684926161.294044,-21.100000
1684926161.303078,-21.100000
1684926161.314125,-21.100000
1684926161.322973,-20.900000
1684926161.334090,-21.100000
1684926161.342969,-21.100000
1684926161.354047,-20.900000
1684926161.363035,-21.100000
1684926161.374107,-21.100000
1684926161.383079,-21.100000
1684926161.394087,-21.100000
1684926161.403003,-21.100000
1684926161.414070,-20.900000
1684926161.423025,-21.100000
1684926161.434128,-21.100000
1684926161.442945,-20.900000
1684926161.454140,-21.100000
1684926161.463088,-21.100000
1684926161.474129,-21.100000
1684926161.483099,-21.000000
1684926161.494111,-20.900000
1684926161.502961,-21.100000
1684926161.514055,-21.100000
1684926161.523079,-21.100000
1684926161.534080,-21.000000
1684926161.543100,-21.100000
1684926161.554109,-21.100000
1684926161.562977,-21.100000
1684926161.574049,-20.900000
1684926161.583083,-20.900000
1684926161.594086,-21.100000
1684926161.603002,-20.900000
1684926161.614047,-20.600000
1684926161.622998,-20.700001
1684926161.634114,-20.600000
1684926161.643084,-20.299999
1684926161.654134,-20.100000
1684926161.663083,-19.799999
1684926161.674129,-19.799999
1684926161.683145,-19.600000
1684926161.694130,-19.299999
1684926161.703113,-19.100000
1684926161.714153,-19.200001
1684926161.723083,-19.000000
1684926161.734088,-19.000000
1684926161.743025,-19.000000
1684926161.754088,-19.000000
1684926161.762982,-19.000000
1684926161.774091,-19.000000
1684926161.783085,-19.000000
1684926161.794131,-18.799999
1684926161.802995,-19.000000
1684926161.814115,-19.000000
1684926161.822989,-19.000000
1684926161.834138,-18.799999
1684926161.843020,-19.000000
1684926161.854118,-19.000000
1684926161.863009,-19.000000
1684926161.874068,-19.000000
1684926161.883051,-19.000000
1684926161.894099,-19.000000
1684926161.903086,-19.000000
1684926161.914144,-19.000000
1684926161.922987,-19.000000
1684926161.934152,-18.700001
1684926161.943053,-18.600000
1684926161.954092,-18.700001
1684926161.963085,-18.400000
1684926161.974084,-18.299999
1684926161.983092,-18.200001
1684926161.994102,-18.200001
1684926162.003090,-17.900000
1684926162.014076,-17.500000
1684926162.023090,-17.100000
1684926162.034038,-16.799999
1684926162.043014,-16.600000
1684926162.054132,-16.600000
1684926162.063083,-16.299999
1684926162.074133,-16.000000
1684926162.083022,-16.000000
1684926162.094151,-16.000000
1684926162.103087,-16.000000
1684926162.114118,-16.000000
1684926162.122992,-15.800000
1684926162.133885,-16.000000
1684926162.143061,-16.000000
1684926162.154183,-15.800000
1684926162.163033,-15.700000
1684926162.174140,-16.000000
1684926162.183051,-16.000000
1684926162.194187,-15.900000
1684926162.203093,-16.000000
1684926162.214135,-16.000000
1684926162.223091,-16.000000
1684926162.234342,-15.800000
1684926162.243095,-16.000000
1684926162.254095,-16.000000
1684926162.263042,-16.000000
1684926162.274160,-15.800000
1684926162.283099,-15.700000
1684926162.294135,-16.000000
1684926162.303102,-16.000000
1684926162.314088,-15.800000
1684926162.323074,-16.000000
1684926162.334122,-16.000000
1684926162.343070,-16.000000
1684926162.354200,-16.000000
1684926162.363096,-16.000000
1684926162.374188,-16.299999
1684926162.383121,-16.000000
1684926162.394181,-16.000000
1684926162.403102,-16.000000
1684926162.414181,-16.299999
1684926162.423094,-16.100000
1684926162.434151,-16.299999
1684926162.443073,-16.500000
1684926162.454165,-16.600000
1684926162.463117,-16.700001
1684926162.474165,-17.200001
1684926162.483076,-17.600000
1684926162.494177,-18.100000
1684926162.503099,-18.900000
1684926162.514164,-19.500000
1684926162.523093,-20.000000
1684926162.534180,-20.700001
1684926162.543097,-21.400000
1684926162.554138,-21.900000
1684926162.563074,-22.100000
1684926162.574145,-22.299999
1684926162.584428,-22.500000
1684926162.594191,-22.500000
1684926162.603098,-22.500000
1684926162.614165,-22.500000
1684926162.623105,-22.500000
1684926162.634103,-22.200001
1684926162.643134,-22.500000
1684926162.654144,-22.500000
1684926162.663100,-22.500000
1684926162.674126,-22.200001
1684926162.683126,-22.500000
1684926162.694130,-22.500000
1684926162.703135,-22.500000
1684926162.714134,-22.500000
1684926162.723128,-22.500000
1684926162.735164,-22.500000
1684926162.743127,-22.500000
1684926162.754214,-22.500000
1684926162.763362,-22.500000
1684926162.774168,-22.500000
1684926162.783457,-22.500000
1684926162.794149,-22.500000
1684926162.803550,-22.500000
1684926162.814145,-22.500000
1684926162.823668,-22.500000
1684926162.835166,-22.500000
1684926162.845200,-22.500000
1684926162.855173,-22.500000
1684926162.865284,-22.500000
1684926162.875167,-22.500000
1684926162.885048,-22.500000
1684926162.895167,-22.500000
1684926162.903039,-22.500000
1684926162.915210,-22.500000
1684926162.924211,-22.500000
1684926162.934197,-22.500000
1684926162.943210,-22.500000
1684926162.954346,-22.500000
1684926162.963060,-22.500000
1684926162.975199,-22.500000
1684926162.983066,-22.700001
1684926162.995251,-22.700001
1684926163.003106,-22.700001
1684926163.015209,-23.000000
1684926163.023103,-23.500000
1684926163.035244,-23.799999
1684926163.043237,-24.000000
1684926163.055233,-24.100000
1684926163.063064,-24.600000
1684926163.074191,-24.600000
1684926163.083108,-24.600000
1684926163.095233,-24.900000
1684926163.103125,-24.900000
1684926163.115235,-24.700001
1684926163.123127,-24.900000
1684926163.135231,-24.900000
1684926163.143225,-24.600000
1684926163.155235,-24.900000
1684926163.163153,-24.900000
1684926163.174253,-24.700001
1684926163.183109,-24.900000
1684926163.194240,-24.700001
1684926163.203105,-24.500000
1684926163.214267,-24.400000
1684926163.223074,-24.200001
1684926163.234248,-23.900000
1684926163.243274,-23.600000
1684926163.254256,-23.299999
1684926163.263046,-23.299999
1684926163.274282,-23.000000
1684926163.285290,-22.700001
1684926163.294267,-22.500000
1684926163.303034,-22.500000
1684926163.315262,-22.200001
1684926163.323097,-22.000000
1684926163.335299,-21.799999
1684926163.343271,-21.900000
1684926163.354347,-21.700001
1684926163.363366,-21.700001
1684926163.374281,-21.600000
1684926163.383122,-21.700001
1684926163.395293,-21.400000
1684926163.403106,-21.400000
1684926163.415295,-21.400000
1684926163.423108,-21.400000
1684926163.434308,-21.100000
1684926163.443305,-21.400000
1684926163.454324,-21.100000
1684926163.463097,-21.100000
1684926163.474303,-21.100000
1684926163.483131,-20.900000
1684926163.494328,-21.100000
1684926163.503089,-20.900000
1684926163.514322,-20.600000
1684926163.523098,-20.400000
1684926163.534322,-20.600000
1684926163.543314,-20.299999
1684926163.554343,-20.100000
1684926163.563156,-20.100000
1684926163.574329,-19.799999
1684926163.583097,-19.600000
1684926163.594336,-19.299999
1684926163.603081,-19.400000
1684926163.614356,-19.100000
1684926163.623116,-18.799999
1684926163.634373,-19.000000
1684926163.643326,-18.700001
1684926163.655367,-18.400000
1684926163.663157,-18.200001
1684926163.674346,-17.900000
1684926163.683091,-17.900000
1684926163.694362,-17.600000
1684926163.703094,-17.400000
1684926163.714352,-17.100000
1684926163.723162,-17.100000
1684926163.734376,-16.799999
1684926163.743368,-16.600000
1684926163.754370,-16.600000
1684926163.763113,-16.400000
1684926163.774425,-16.100000
1684926163.783141,-16.299999
1684926163.794385,-16.000000
1684926163.803141,-15.800000
1684926163.814184,-15.500000
1684926163.823179,-15.500000
1684926163.835296,-15.200000
1684926163.843161,-15.000000
1684926163.855299,-14.800000
1684926163.863195,-14.500000
1684926163.875241,-14.000000
1684926163.883166,-13.900000
1684926163.895241,-13.400000
1684926163.903161,-13.200000
1684926163.914268,-12.800000
1684926163.923177,-12.300000
1684926163.934350,-12.100000
1684926163.943396,-11.800000
1684926163.954488,-11.500000
1684926163.963162,-11.200000
1684926163.975240,-10.900000
1684926163.983141,-10.500000
1684926163.995243,-10.400000
1684926164.003181,-10.200000
1684926164.014204,-9.900000
1684926164.023176,-9.900000
1684926164.035264,-9.600000
1684926164.043183,-9.100000
1684926164.055220,-9.100000
1684926164.063237,-8.500000
1684926164.074274,-8.100000
1684926164.083412,-8.000000
1684926164.094500,-7.500000
1684926164.103418,-7.000000
1684926164.114481,-6.500000
1684926164.123453,-6.200000
1684926164.135117,-5.700000
1684926164.143435,-5.100000
1684926164.154465,-4.600000
1684926164.163450,-4.500000
1684926164.174453,-4.000000
1684926164.183459,-3.700000
1684926164.194471,-3.200000
1684926164.203479,-2.900000
1684926164.214480,-2.900000
1684926164.223462,-2.400000
1684926164.234459,-2.200000
1684926164.243470,-1.900000
1684926164.254475,-1.900000
1684926164.263505,-1.800000
1684926164.274501,-1.500000
1684926164.283472,-1.400000
1684926164.294497,-1.200000
1684926164.303508,-1.300000
1684926164.314502,-1.200000
1684926164.323498,-1.000000
1684926164.334520,-1.000000
1684926164.343498,-0.700000
1684926164.354501,-0.800000
1684926164.363502,-0.700000
1684926164.374502,-0.400000
1684926164.383509,-0.500000
1684926164.394535,-0.300000
1684926164.403494,-0.200000
1684926164.414502,-0.200000
1684926164.423686,0.000000
1684926164.434502,0.000000
1684926164.443536,0.000000
1684926164.454530,0.000000
1684926164.463530,0.200000
1684926164.474530,0.300000
1684926164.484687,0.200000
1684926164.494635,0.300000
1684926164.504810,0.000000
1684926164.514550,0.300000
1684926164.524949,0.300000
1684926164.535558,0.200000
1684926164.555470,0.300000
1684926164.556560,0.300000
1684926164.563157,0.200000
1684926164.575575,0.300000
1684926164.583108,0.300000
1684926164.595567,0.300000
1684926164.603083,0.300000
1684926164.615626,0.300000
1684926164.623149,0.300000
1684926164.635575,0.300000
1684926164.643546,0.300000
1684926164.655571,0.300000
1684926164.663177,0.300000
1684926164.675625,0.300000
1684926164.683147,0.300000
1684926164.695585,0.300000
1684926164.703183,0.300000
1684926164.714588,0.300000
1684926164.723082,0.300000
1684926164.734573,0.300000
1684926164.743585,0.300000
1684926164.754633,0.200000
1684926164.763197,0.300000
1684926164.774603,0.500000
1684926164.783075,0.300000
1684926164.794643,0.400000
1684926164.804286,0.300000
1684926164.814635,0.300000
1684926164.824281,0.200000
1684926164.834650,0.300000
1684926164.843592,0.400000
1684926164.854637,0.300000
1684926164.863191,0.300000
1684926164.874632,0.500000
1684926164.883148,0.300000
1684926164.894628,0.300000
1684926164.903132,0.300000
1684926164.914647,0.500000
1684926164.923175,0.300000
1684926164.934633,0.300000
1684926164.943663,0.300000
1684926164.954638,0.300000
1684926164.963159,0.300000
1684926164.974639,0.300000
1684926164.983180,0.300000
1684926164.994639,0.300000
1684926165.003163,0.300000
1684926165.014650,0.500000
1684926165.023135,0.300000
1684926165.034635,0.300000
1684926165.043655,0.300000
1684926165.054663,0.300000
1684926165.064223,0.500000
1684926165.074651,0.300000
1684926165.084223,0.300000
1684926165.094673,0.300000
1684926165.104240,0.300000
1684926165.114764,0.300000
1684926165.124261,0.300000
1684926165.134699,0.300000
1684926165.143175,0.500000
1684926165.154680,0.300000
1684926165.163111,0.300000
1684926165.174703,0.300000
1684926165.183153,0.300000
1684926165.194688,0.300000
1684926165.203141,0.300000
1684926165.214717,0.400000
1684926165.223133,0.500000
1684926165.234698,0.300000
1684926165.243695,0.300000
1684926165.254696,0.300000
1684926165.264205,0.300000
1684926165.274715,0.300000
1684926165.284206,0.300000
1684926165.294723,0.500000
1684926165.304188,0.300000
1684926165.314728,0.300000
1684926165.324266,0.300000
1684926165.334783,0.300000
1684926165.344748,0.300000
1684926165.354724,0.400000
1684926165.364157,0.500000
1684926165.374749,0.300000
1684926165.384161,0.300000
1684926165.394770,0.300000
1684926165.404186,0.300000
1684926165.414741,0.500000
1684926165.424225,0.300000
1684926165.434758,0.300000
1684926165.443723,0.300000
1684926165.454741,0.400000
1684926165.464296,0.300000
1684926165.474784,0.300000
1684926165.483228,0.300000
1684926165.494743,0.500000
1684926165.503240,0.300000
1684926165.514755,0.300000
1684926165.523530,0.300000
1684926165.534600,0.300000
1684926165.544554,0.500000
1684926165.554559,0.500000
1684926165.564565,0.300000
1684926165.574607,0.300000
1684926165.584569,0.300000
1684926165.594556,0.300000
1684926165.604619,0.500000
1684926165.614659,0.300000
1684926165.624597,0.300000
1684926165.633793,0.300000
1684926165.644143,0.300000
1684926165.654145,0.300000
1684926165.664116,0.500000
1684926165.674151,0.300000
1684926165.684101,0.300000
1684926165.694141,0.300000
1684926165.704163,0.300000
1684926165.714254,0.500000
1684926165.724643,0.300000
1684926165.734373,0.300000
1684926165.744395,0.300000
1684926165.754457,0.300000
1684926165.764522,0.500000
1684926165.774587,0.300000
1684926165.783654,0.300000
1684926165.794685,0.300000
1684926165.803833,0.500000
1684926165.814827,0.300000
1684926165.823816,0.300000
1684926165.833815,0.300000
1684926165.843837,0.300000
1684926165.853918,0.300000
1684926165.863837,0.500000
1684926165.873849,0.300000
1684926165.883893,0.300000
1684926165.893862,0.300000
1684926165.903917,0.300000
1684926165.913868,0.300000
1684926165.923894,0.500000
1684926165.933835,0.300000
1684926165.943854,0.300000
1684926165.954902,0.300000
1684926165.963904,0.300000
1684926165.973873,0.300000
1684926165.983897,0.500000
1684926165.993867,0.300000
1684926166.003857,0.300000
1684926166.014878,0.300000
1684926166.023891,0.300000
1684926166.033877,0.300000
1684926166.043911,0.300000
1684926166.054873,0.300000
1684926166.063881,0.400000
1684926166.074902,0.500000
1684926166.083928,0.300000
1684926166.094899,0.300000
1684926166.104921,0.300000
1684926166.114918,0.300000
1684926166.124919,0.300000
1684926166.134173,0.300000
1684926166.144929,0.300000
1684926166.154926,0.500000
1684926166.164939,0.300000
1684926166.174952,0.300000
1684926166.185045,0.300000
1684926166.194903,0.300000
1684926166.205035,0.400000
1684926166.214919,0.500000
1684926166.225069,0.500000
1684926166.234944,0.300000
1684926166.244940,0.300000
1684926166.254930,0.300000
1684926166.264058,0.300000
1684926166.273926,0.500000
1684926166.284067,0.300000
1684926166.293952,0.300000
1684926166.304146,0.300000
1684926166.314970,0.500000
1684926166.324141,0.300000
1684926166.333926,0.300000
1684926166.343928,0.400000
1684926166.353932,0.300000
1684926166.364178,0.300000
1684926166.373935,0.300000
1684926166.384240,0.300000
1684926166.393959,0.300000
1684926166.404038,0.300000
1684926166.413964,0.300000
1684926166.424111,0.400000
1684926166.433951,0.300000
1684926166.443989,0.300000
1684926166.453960,0.300000
1684926166.463973,0.300000
1684926166.473968,0.400000
1684926166.484022,0.300000
1684926166.493972,0.300000
1684926166.503972,0.300000
1684926166.513988,0.300000
1684926166.524134,0.300000
1684926166.533975,0.300000
1684926166.544034,0.500000
1684926166.553967,0.300000
1684926166.564029,0.300000
1684926166.574002,0.300000
1684926166.584065,0.300000
1684926166.593984,0.500000
1684926166.604076,0.300000
1684926166.613987,0.300000
1684926166.624176,0.300000
1684926166.634015,0.300000
1684926166.644014,0.500000
1684926166.654039,0.500000
1684926166.666110,0.300000
1684926166.673995,0.300000
1684926166.684198,0.300000
1684926166.694008,0.300000
1684926166.704031,0.400000
1684926166.714049,0.500000
1684926166.724198,0.300000
1684926166.734011,0.300000
1684926166.744030,0.300000
1684926166.754014,0.300000
1684926166.764049,0.300000
1684926166.774079,0.000000
1684926166.784086,0.000000
1684926166.794056,0.000000
1684926166.804033,0.000000
1684926166.814035,0.000000
1684926166.824236,-0.200000
1684926166.835063,-0.200000
1684926166.844065,-0.200000
1684926166.854065,-0.200000
1684926166.864067,0.000000
1684926166.874038,-0.200000
1684926166.884065,-0.200000
1684926166.894056,-0.200000
1684926166.904049,-0.200000
1684926166.914055,-0.200000
1684926166.924258,-0.200000
1684926166.934083,-0.200000
1684926166.944086,-0.200000
1684926166.954107,-0.200000
1684926166.964128,-0.200000
1684926166.974081,-0.200000
1684926166.984072,-0.200000
1684926166.994056,-0.200000
1684926167.004080,-0.200000
1684926167.014097,-0.200000
1684926167.023730,-0.200000
1684926167.034075,-0.200000
1684926167.044121,-0.300000
1684926167.054099,-0.200000
1684926167.064098,-0.200000
1684926167.074132,-0.200000
1684926167.084097,-0.200000
1684926167.094094,-0.200000
1684926167.104134,-0.200000
1684926167.114285,-0.200000
1684926167.123333,-0.200000
1684926167.134718,-0.200000
1684926167.144415,-0.200000
1684926167.154475,-0.300000
1684926167.163536,-0.200000
1684926167.173603,-0.200000
1684926167.183673,-0.200000
1684926167.193687,-0.200000
1684926167.203772,-0.200000
1684926167.213838,-0.200000
1684926167.223884,-0.200000
1684926167.233944,-0.200000
1684926167.244123,-0.200000
1684926167.254022,-0.200000
1684926167.264157,-0.200000
1684926167.274152,-0.400000
1684926167.283247,-0.200000
1684926167.294293,-0.200000
1684926167.304332,-0.200000
1684926167.314574,-0.200000
1684926167.323546,-0.300000
1684926167.334585,-0.200000
1684926167.343661,-0.200000
1684926167.354671,-0.200000
1684926167.363705,-0.200000
1684926167.373788,-0.200000
1684926167.383859,-0.200000
1684926167.393936,-0.200000
1684926167.403997,-0.400000
1684926167.414039,-0.200000
1684926167.424080,-0.200000
1684926167.434126,-0.200000
1684926167.444165,-0.200000
1684926167.454296,-0.200000
1684926167.463293,-0.200000
1684926167.473375,-0.200000
1684926167.484478,-0.200000
1684926167.494504,-0.200000
1684926167.504500,-0.200000
1684926167.514630,-0.200000
1684926167.523651,-0.200000
1684926167.533707,-0.200000
1684926167.543785,-0.200000
1684926167.553918,-0.200000
1684926167.563916,-0.200000
1684926167.573944,-0.200000
1684926167.584038,-0.200000
1684926167.594125,-0.200000
1684926167.604211,-0.200000
1684926167.614223,-0.200000
1684926167.624199,-0.200000
1684926167.634236,-0.200000
1684926167.644209,-0.400000
1684926167.654242,-0.200000
1684926167.664302,-0.200000
1684926167.674212,-0.200000
1684926167.684216,-0.200000
1684926167.694239,-0.200000
1684926167.704230,-0.200000
1684926167.714240,-0.300000
1684926167.724234,-0.200000
1684926167.734241,-0.200000
1684926167.744256,-0.200000
1684926167.754075,-0.200000
1684926167.764257,-0.200000
1684926167.774241,-0.200000
1684926167.784252,-0.200000
1684926167.794291,-0.200000
1684926167.804258,-0.200000
1684926167.814919,-0.200000
1684926167.824419,-0.300000
1684926167.834294,-0.200000
1684926167.844278,-0.200000
1684926167.854997,-0.200000
1684926167.864280,-0.300000
1684926167.874275,-0.200000
1684926167.884356,-0.200000
1684926167.894265,-0.200000
1684926167.904268,-0.200000
1684926167.914259,-0.200000
1684926167.924291,-0.200000
1684926167.934303,-0.200000
1684926167.944299,-0.200000
1684926167.954863,-0.200000
1684926167.964296,-0.200000
1684926167.974299,-0.200000
1684926167.984292,-0.300000
1684926167.993300,-0.200000
1684926168.004279,-0.200000
1684926168.015323,-0.200000
1684926168.024302,-0.200000
1684926168.034301,-0.200000
1684926168.044311,-0.200000
1684926168.053744,-0.200000
1684926168.064347,-0.200000
1684926168.074358,-0.200000
1684926168.084299,-0.200000
1684926168.094352,-0.200000
1684926168.104323,-0.200000
1684926168.114308,-0.200000
1684926168.123316,-0.200000
1684926168.134336,-0.200000
1684926168.144342,-0.200000
1684926168.154652,-0.200000
1684926168.164302,-0.200000
1684926168.173325,-0.200000
1684926168.183336,-0.200000
1684926168.194341,-0.200000
1684926168.204357,-0.200000
1684926168.214357,-0.200000
1684926168.224366,-0.200000
1684926168.234346,-0.200000
1684926168.244342,-0.300000
1684926168.254536,-0.200000
1684926168.264371,-0.200000
1684926168.274355,-0.200000
1684926168.284341,-0.200000
1684926168.294378,-0.200000
1684926168.303367,-0.200000
1684926168.314352,-0.200000
1684926168.324379,-0.200000
1684926168.334355,-0.200000
1684926168.343381,-0.200000
1684926168.354613,-0.200000
1684926168.363381,-0.200000
1684926168.374395,-0.200000
1684926168.383375,-0.200000
1684926168.394380,-0.200000
1684926168.403375,-0.200000
1684926168.414429,-0.200000
1684926168.423392,-0.200000
1684926168.434422,-0.200000
1684926168.443436,-0.200000
1684926168.454424,-0.200000
1684926168.463412,-0.200000
1684926168.474434,-0.200000
1684926168.483373,-0.200000
1684926168.494425,-0.200000
1684926168.503410,-0.200000
1684926168.514463,-0.200000
1684926168.523393,-0.200000
1684926168.534442,-0.300000
1684926168.543414,-0.200000
1684926168.554425,-0.200000
1684926168.563390,-0.200000
1684926168.574428,-0.300000
1684926168.583403,-0.200000
1684926168.594426,-0.200000
1684926168.603390,-0.200000
1684926168.614436,-0.200000
1684926168.623418,-0.200000
1684926168.634433,-0.200000
1684926168.643431,0.000000
1684926168.654432,-0.200000
1684926168.663424,-0.200000
1684926168.674433,-0.200000
1684926168.683441,-0.300000
1684926168.694481,-0.200000
1684926168.703441,-0.200000
1684926168.714440,-0.200000
1684926168.723464,-0.200000
1684926168.734462,-0.200000
1684926168.743469,-0.200000
1684926168.753985,-0.200000
1684926168.763453,-0.200000
1684926168.774486,-0.200000
1684926168.783456,-0.200000
1684926168.794454,-0.200000
1684926168.803462,-0.200000
1684926168.814480,-0.200000
1684926168.823454,-0.200000
1684926168.834475,-0.200000
1684926168.843465,-0.200000
1684926168.854603,-0.200000
1684926168.863636,-0.200000
1684926168.874668,-0.200000
1684926168.883685,-0.200000
1684926168.894734,-0.300000
1684926168.903795,-0.200000
1684926168.913897,-0.200000
1684926168.923942,-0.200000
1684926168.934003,-0.200000
1684926168.944061,-0.300000
1684926168.953820,-0.200000
1684926168.964160,-0.200000
1684926168.974245,-0.200000
1684926168.984266,-0.200000
1684926168.994318,-0.200000
1684926169.003377,-0.200000
1684926169.013503,-0.200000
1684926169.023530,-0.200000
1684926169.034633,-0.200000
1684926169.043663,-0.200000
1684926169.054790,-0.200000
1684926169.063774,-0.200000
1684926169.073933,-0.200000
1684926169.083880,-0.200000
1684926169.093935,-0.200000
1684926169.103983,-0.200000
1684926169.114105,-0.200000
1684926169.124082,-0.200000
1684926169.134210,-0.300000
1684926169.144256,-0.200000
1684926169.154356,-0.200000
1684926169.164421,-0.200000
1684926169.174439,-0.200000
1684926169.184567,-0.200000
1684926169.193544,-0.200000
1684926169.204575,-0.200000
1684926169.214592,-0.200000
1684926169.224656,-0.200000
1684926169.234567,-0.200000
1684926169.244576,-0.200000
1684926169.254585,-0.200000
1684926169.264557,-0.200000
1684926169.273566,-0.200000
1684926169.284591,-0.200000
1684926169.294572,-0.200000
1684926169.304730,-0.300000
1684926169.314610,-0.200000
1684926169.324614,-0.200000
1684926169.334639,-0.200000
1684926169.343592,-0.200000
1684926169.354586,-0.200000
1684926169.364707,-0.200000
1684926169.374609,-0.200000
1684926169.384592,0.000000
1684926169.394630,-0.200000
1684926169.404615,-0.200000
1684926169.413598,-0.200000
1684926169.424610,0.000000
1684926169.435627,-0.200000
1684926169.444656,0.000000
1684926169.455634,0.000000
1684926169.464328,-0.200000
1684926169.474612,0.000000
1684926169.483625,0.000000
1684926169.494628,0.000000
1684926169.503612,-0.200000
1684926169.514639,0.000000
1684926169.523612,0.000000
1684926169.534673,0.000000
1684926169.543651,0.000000
1684926169.554641,0.000000
1684926169.563696,0.000000
1684926169.574656,0.000000
1684926169.583890,0.000000
1684926169.593656,0.000000
1684926169.603697,0.000000
1684926169.613655,0.000000
1684926169.623698,0.000000
1684926169.633632,0.000000
1684926169.643654,0.000000
1684926169.654661,0.000000
1684926169.664071,0.000000
1684926169.674677,0.200000
1684926169.683657,0.000000
1684926169.694704,0.000000
1684926169.703701,0.000000
1684926169.714656,0.000000
1684926169.723659,0.000000
1684926169.734685,0.000000
1684926169.743662,0.200000
1684926169.754678,0.000000
1684926169.763693,0.000000
1684926169.774683,0.200000
1684926169.783673,0.000000
1684926169.793680,0.000000
1684926169.803709,0.200000
1684926169.813684,0.000000
1684926169.823709,0.000000
1684926169.833678,0.000000
1684926169.843724,0.000000
1684926169.854822,0.200000
1684926169.863863,0.000000
1684926169.873727,0.000000
1684926169.883702,0.000000
1684926169.893708,0.000000
1684926169.903704,0.200000
1684926169.914728,0.000000
1684926169.923710,0.000000
1684926169.934722,0.200000
1684926169.943704,0.000000
1684926169.954719,0.000000
1684926169.963719,0.000000
1684926169.974739,0.000000
1684926169.983725,0.000000
1684926169.994730,0.000000
1684926170.003743,0.000000
1684926170.013727,0.000000
1684926170.023738,0.000000
1684926170.033737,0.200000
1684926170.043739,0.000000
1684926170.053726,0.000000
1684926170.063723,0.300000
1684926170.074771,0.000000
1684926170.083749,0.000000
1684926170.093744,0.000000
1684926170.103762,0.000000
1684926170.113748,0.200000
1684926170.123766,0.000000
1684926170.134778,0.000000
1684926170.143748,0.300000
1684926170.153790,0.000000
1684926170.163747,0.000000
1684926170.173767,0.000000
1684926170.183791,0.000000
1684926170.194792,0.300000
1684926170.203778,0.000000
1684926170.213773,0.000000
1684926170.223774,0.000000
1684926170.233770,0.200000
1684926170.243792,0.000000
1684926170.254796,0.000000
1684926170.263827,0.000000
1684926170.273798,0.000000
1684926170.283831,0.200000
1684926170.293796,0.300000
1684926170.303842,0.000000
1684926170.313796,0.000000
1684926170.324103,0.000000
1684926170.333812,0.000000
1684926170.343833,0.000000
1684926170.353797,0.000000
1684926170.363831,0.200000
1684926170.373847,0.000000
1684926170.383825,0.000000
1684926170.394026,0.000000
1684926170.403841,0.000000
1684926170.413846,0.000000
1684926170.423829,0.000000
1684926170.433853,0.000000
1684926170.443828,0.000000
1684926170.453831,0.000000
1684926170.463825,0.000000
1684926170.473836,0.200000
1684926170.483840,0.000000
1684926170.493836,0.000000
1684926170.503851,0.000000
1684926170.513894,0.300000
1684926170.523951,0.000000
1684926170.534015,0.000000
1684926170.544089,0.000000
1684926170.554115,0.000000
1684926170.564163,0.000000
1684926170.574415,0.000000
1684926170.584342,0.200000
1684926170.594333,0.000000
1684926170.604418,0.000000
1684926170.614519,0.000000
1684926170.623519,0.000000
1684926170.634586,0.000000
1684926170.643650,0.000000
1684926170.654693,0.000000
1684926170.664049,0.000000
1684926170.674847,0.000000
1684926170.683918,0.300000
1684926170.693961,0.000000
1684926170.704003,0.000000
1684926170.714110,0.000000
1684926170.724125,0.000000
1684926170.734145,0.300000
1684926170.744236,0.000000
1684926170.754379,0.000000
1684926170.764463,0.000000
1684926170.774489,0.300000
1684926170.784548,0.000000
1684926170.794585,0.000000
1684926170.804626,0.000000
1684926170.814735,0.300000
1684926170.824838,0.000000
1684926170.834959,0.000000
1684926170.844967,0.000000
1684926170.854922,0.000000
1684926170.864940,0.000000
1684926170.874962,0.200000
1684926170.885058,0.000000
1684926170.894964,0.000000
1684926170.904983,0.000000
1684926170.914968,0.300000
1684926170.924962,0.000000
1684926170.934983,0.000000
1684926170.944982,0.000000
1684926170.954970,0.000000
1684926170.965037,0.000000
1684926170.974983,0.000000
1684926170.984967,0.200000
1684926170.997180,0.000000
1684926171.004984,0.000000
1684926171.014969,0.000000
1684926171.024985,0.300000
1684926171.034984,0.000000
1684926171.045004,0.000000
1684926171.054992,0.200000
1684926171.065006,0.000000
1684926171.074995,0.000000
1684926171.084987,0.000000
1684926171.095007,0.200000
1684926171.105005,0.000000
1684926171.113999,0.000000
1684926171.124080,0.000000
1684926171.133992,0.000000
1684926171.143987,0.000000
1684926171.155013,0.200000
1684926171.164008,0.000000
1684926171.174047,0.000000
1684926171.184029,0.200000
1684926171.194023,0.000000
1684926171.204006,0.000000
1684926171.214038,0.200000
1684926171.224010,0.000000
1684926171.234012,0.000000
1684926171.244050,0.000000
1684926171.254023,0.000000
1684926171.264017,0.200000
1684926171.274033,0.000000
1684926171.284032,0.000000
1684926171.294015,0.300000
1684926171.304031,0.000000
1684926171.314065,0.000000
1684926171.324027,0.000000
1684926171.334033,0.000000
1684926171.344034,0.000000
1684926171.354049,0.000000
1684926171.364030,0.000000
1684926171.374036,0.000000
1684926171.384059,0.300000
1684926171.394072,0.000000
1684926171.404058,0.000000
1684926171.414096,0.200000
1684926171.424057,0.000000
1684926171.434096,0.000000
1684926171.444053,0.200000
1684926171.454059,0.000000
1684926171.464053,0.000000
1684926171.474094,0.000000
1684926171.484095,0.000000
1684926171.494099,0.000000
1684926171.504078,0.000000
1684926171.514093,0.000000
1684926171.524097,0.000000
1684926171.534092,0.000000
1684926171.544069,0.000000
1684926171.554059,0.200000
1684926171.564057,0.000000
1684926171.574037,0.000000
1684926171.584061,0.000000
1684926171.594057,0.000000
1684926171.604038,0.300000
1684926171.613920,0.000000
1684926171.624036,0.000000
1684926171.634045,0.000000
1684926171.644063,0.000000
1684926171.654052,0.200000
1684926171.664038,0.000000
1684926171.674041,0.000000
1684926171.684040,0.200000
1684926171.694076,0.000000
1684926171.704084,0.000000
1684926171.713982,0.000000
1684926171.724118,0.000000
1684926171.734145,0.000000
1684926171.744166,0.200000
1684926171.754167,0.000000
1684926171.764155,0.000000
1684926171.774172,0.000000
1684926171.784145,0.000000
1684926171.794131,0.000000
1684926171.804175,0.000000
1684926171.814166,0.000000
1684926171.824148,0.200000
1684926171.834042,0.000000
1684926171.844030,0.000000
1684926171.854044,0.000000
1684926171.864026,0.000000
1684926171.873999,0.300000
1684926171.884015,0.000000
1684926171.894021,0.000000
1684926171.904025,0.000000
1684926171.913893,0.000000
1684926171.923975,0.200000
1684926171.933982,0.000000
1684926171.944016,0.000000
1684926171.954019,0.000000
1684926171.963980,0.000000
1684926171.974019,0.000000
1684926171.984020,0.000000
1684926171.994020,0.000000
1684926172.004039,0.000000
1684926172.013913,0.000000
1684926172.024058,0.300000
1684926172.034111,0.000000
1684926172.044132,0.000000
1684926172.054132,0.200000
1684926172.064152,0.000000
1684926172.074158,0.000000
1684926172.084162,0.200000
1684926172.094174,0.300000
1684926172.104186,0.000000
1684926172.113852,0.000000
1684926172.123979,0.000000
1684926172.133968,0.000000
1684926172.143983,0.000000
1684926172.153961,0.000000
1684926172.163976,0.000000
1684926172.173960,0.000000
1684926172.183976,0.300000
1684926172.193971,0.000000
1684926172.203979,0.000000
1684926172.213827,0.000000
1684926172.224036,0.300000
1684926172.234250,0.000000
1684926172.243965,0.000000
1684926172.253986,0.000000
1684926172.264277,0.000000
1684926172.274129,0.200000
1684926172.284194,0.300000
1684926172.294233,0.000000
1684926172.304288,0.000000
1684926172.314343,0.000000
1684926172.324383,0.000000
1684926172.334488,0.000000
1684926172.344481,0.000000
1684926172.354572,0.000000
1684926172.364669,0.000000
1684926172.374670,0.200000
1684926172.384741,0.300000
1684926172.394794,0.300000
1684926172.404844,0.300000
1684926172.414926,0.300000
1684926172.423986,0.000000
1684926172.434049,0.000000
1684926172.444104,0.000000
1684926172.454166,0.000000
1684926172.464225,0.000000
1684926172.474254,0.000000
1684926172.484319,0.300000
1684926172.494398,0.000000
1684926172.504403,0.000000
1684926172.514489,0.000000
1684926172.524585,0.000000
1684926172.534876,0.300000
1684926172.544925,0.300000
1684926172.554906,0.000000
1684926172.564904,0.000000
1684926172.574924,0.000000
1684926172.584978,0.000000
1684926172.594964,0.300000
1684926172.604989,0.000000
1684926172.614886,0.000000
1684926172.625003,0.000000
1684926172.635062,0.000000
1684926172.645072,0.000000
1684926172.655074,0.000000
1684926172.665084,0.300000
1684926172.675109,0.000000
1684926172.685137,0.000000
1684926172.694876,0.000000
1684926172.703873,0.000000
1684926172.715785,0.200000
1684926172.723878,0.300000
1684926172.734862,0.000000
1684926172.743844,0.000000
1684926172.755880,0.000000
1684926172.763852,0.000000
1684926172.774864,0.300000
1684926172.783858,0.000000
1684926172.794864,0.000000
1684926172.803853,0.000000
1684926172.814739,0.000000
1684926172.823844,0.000000
1684926172.834868,0.000000
1684926172.843871,0.300000
1684926172.853885,0.300000
1684926172.863890,0.000000
1684926172.873909,0.000000
1684926172.883947,0.000000
1684926172.893950,0.000000
1684926172.903989,0.000000
1684926172.913864,0.000000
1684926172.923990,0.000000
1684926172.933990,0.300000
1684926172.944011,0.000000
1684926172.954092,0.000000
1684926172.964052,0.000000
1684926172.974078,0.000000
1684926172.983804,0.000000
1684926172.994849,0.200000
1684926173.003796,0.000000
1684926173.014683,0.000000
1684926173.023803,0.000000
1684926173.034829,0.000000
1684926173.044814,0.300000
1684926173.054870,0.000000
1684926173.063825,0.000000
1684926173.074785,0.000000
1684926173.083787,0.300000
1684926173.094783,0.000000
1684926173.103783,0.000000
1684926173.114678,0.000000
1684926173.123787,0.000000
1684926173.134820,0.300000
1684926173.143812,0.000000
1684926173.154844,0.000000
1684926173.163834,0.000000
1684926173.174877,0.000000
1684926173.183893,0.000000
1684926173.194900,0.000000
1684926173.203902,0.300000
1684926173.213813,0.000000
1684926173.223940,0.000000
1684926173.233974,0.000000
1684926173.243983,0.300000
1684926173.254770,0.000000
1684926173.264789,0.000000
1684926173.274769,0.200000
1684926173.283747,0.000000
1684926173.294765,0.000000
1684926173.304743,0.000000
1684926173.314611,0.000000
1684926173.323750,0.300000
1684926173.334751,0.000000
1684926173.344751,0.000000
1684926173.354746,0.000000
1684926173.363724,0.000000
1684926173.374744,0.300000
1684926173.383758,0.000000
1684926173.394768,0.000000
1684926173.403742,0.200000
1684926173.414666,0.000000
1684926173.423765,0.000000
1684926173.434813,0.000000
1684926173.444811,0.300000
1684926173.454874,0.000000
1684926173.463830,0.000000
1684926173.474872,0.000000
1684926173.483849,0.200000
1684926173.494889,0.000000
1684926173.503896,0.000000
1684926173.514811,0.000000
1684926173.523937,0.300000
1684926173.534947,0.000000
1684926173.543693,0.000000
1684926173.554708,0.200000
1684926173.563713,0.000000
1684926173.574693,0.000000
1684926173.584706,0.000000
1684926173.594707,0.000000
1684926173.603688,0.000000
1684926173.614564,0.000000
1684926173.623724,0.000000
1684926173.634745,0.200000
1684926173.644684,0.000000
1684926173.654708,0.000000
1684926173.663666,0.000000
1684926173.674670,0.200000
1684926173.684746,0.000000
1684926173.694706,0.000000
1684926173.703698,0.000000
1684926173.714587,0.000000
1684926173.723735,0.000000
1684926173.734767,0.000000
1684926173.744791,0.000000
1684926173.754819,0.000000
1684926173.763804,0.000000
1684926173.774832,0.300000
1684926173.783820,0.300000
1684926173.793858,0.000000
1684926173.804876,0.000000
1684926173.814795,0.000000
1684926173.824695,0.000000
1684926173.834698,0.000000
1684926173.843687,0.000000
1684926173.854695,0.000000
1684926173.864168,0.000000
1684926173.874171,0.000000
1684926173.884227,0.300000
1684926173.894198,0.000000
1684926173.904172,0.000000
1684926173.914236,0.000000
1684926173.924248,0.000000
1684926173.934266,0.200000
1684926173.944262,0.000000
1684926173.954261,0.000000
1684926173.964255,0.000000
1684926173.974263,0.000000
1684926173.984283,0.200000
1684926173.994258,0.000000
1684926174.004281,0.000000
1684926174.014270,0.000000
1684926174.024279,0.300000
1684926174.034281,0.000000
1684926174.044314,0.000000
1684926174.054277,0.200000
1684926174.064306,0.000000
1684926174.074376,0.000000
1684926174.084437,0.000000
1684926174.094506,0.000000
1684926174.104568,0.200000
1684926174.114657,0.000000
1684926174.124629,0.000000
1684926174.134322,0.200000
1684926174.144637,0.000000
1684926174.154631,0.000000
1684926174.164633,0.200000
1684926174.174943,0.000000
1684926174.184579,0.000000
1684926174.194616,0.200000
1684926174.204630,0.000000
1684926174.214449,0.000000
1684926174.224629,0.300000
1684926174.234450,0.000000
1684926174.244595,0.000000
1684926174.254608,0.000000
1684926174.264580,0.000000
1684926174.274620,0.000000
1684926174.284635,0.000000
1684926174.294636,0.200000
1684926174.304656,0.000000
1684926174.314595,0.000000
1684926174.324719,0.200000
1684926174.334633,0.000000
1684926174.344719,0.000000
1684926174.354761,0.000000
1684926174.364745,0.000000
1684926174.374781,0.200000
1684926174.384783,0.000000
1684926174.394620,0.000000
1684926174.404634,0.300000
1684926174.413649,0.000000
1684926174.425638,0.000000
1684926174.435659,0.300000
1684926174.445682,0.000000
1684926174.455661,0.000000
1684926174.465684,0.300000
1684926174.475688,0.000000
1684926174.484785,0.000000
1684926174.494793,0.200000
1684926174.504789,0.000000
1684926174.514785,0.000000
1684926174.524800,0.000000
1684926174.534802,0.300000
1684926174.544789,0.000000
1684926174.553780,0.000000
1684926174.564833,0.000000
1684926174.574813,0.000000
1684926174.584807,0.000000
1684926174.594804,0.000000
1684926174.604824,0.000000
1684926174.614836,0.000000
1684926174.624804,0.000000
1684926174.634830,0.000000
1684926174.644837,0.000000
1684926174.654829,0.000000
1684926174.664825,0.000000
1684926174.674895,0.300000
1684926174.684886,0.000000
1684926174.694890,0.000000
1684926174.704929,0.000000
1684926174.714865,0.200000
1684926174.724889,0.000000
1684926174.734887,0.000000
1684926174.744896,0.000000
1684926174.754886,0.300000
1684926174.764868,0.000000
1684926174.774904,0.000000
1684926174.784940,0.000000
1684926174.794912,0.000000
1684926174.804895,0.000000
1684926174.814887,0.000000
1684926174.823898,0.300000
1684926174.834930,0.000000
1684926174.844913,0.000000
1684926174.854907,0.000000
1684926174.864949,0.200000
1684926174.874929,0.000000
1684926174.883908,0.000000
1684926174.894950,0.000000
1684926174.904928,0.200000
1684926174.914957,0.000000
1684926174.924951,0.000000
1684926174.934955,0.000000
1684926174.944968,0.300000
1684926174.954948,0.000000
1684926174.964982,0.000000
1684926174.975125,0.000000
1684926174.984978,0.000000
1684926174.994971,0.000000
1684926175.004982,0.000000
1684926175.015016,0.000000
1684926175.025024,0.000000
1684926175.035041,0.000000
1684926175.045126,0.200000
1684926175.054126,0.000000
1684926175.064234,0.000000
1684926175.074276,0.000000
1684926175.084357,0.000000
1684926175.094397,0.000000
1684926175.104422,0.000000
1684926175.114523,0.200000
1684926175.124547,0.000000
1684926175.134578,0.000000
1684926175.144647,0.200000
1684926175.154675,0.000000
1684926175.164736,0.000000
1684926175.174891,0.000000
1684926175.184907,0.000000
1684926175.194907,0.200000
1684926175.204014,0.000000
1684926175.214249,0.000000
1684926175.224253,0.200000
1684926175.234396,0.000000
1684926175.244403,0.000000
1684926175.254452,0.200000
1684926175.264543,0.000000
1684926175.274609,0.000000
1684926175.284643,0.300000
1684926175.294690,0.000000
1684926175.303739,0.000000
1684926175.314790,0.300000
1684926175.323819,0.000000
1684926175.334892,0.000000
1684926175.344980,0.000000
1684926175.354082,0.000000
1684926175.364099,0.000000
1684926175.375102,0.000000
1684926175.384103,0.000000
1684926175.395144,0.000000
1684926175.404167,0.000000
1684926175.415426,0.300000
1684926175.424149,0.000000
1684926175.435192,0.000000
1684926175.444155,0.200000
1684926175.454171,0.000000
1684926175.464174,0.000000
1684926175.474046,0.200000
1684926175.484154,0.000000
1684926175.494043,0.000000
1684926175.504193,0.000000
1684926175.514042,0.000000
1684926175.524204,0.000000
1684926175.534021,0.000000
1684926175.545188,0.300000
1684926175.555028,0.000000
1684926175.564193,0.000000
1684926175.574983,0.300000
1684926175.584188,0.000000
1684926175.595032,0.000000
1684926175.604193,0.200000
1684926175.614939,0.000000
1684926175.625223,0.000000
1684926175.634905,0.000000
1684926175.645232,0.200000
1684926175.654945,0.000000
1684926175.665285,0.000000
1684926175.674955,0.000000
1684926175.685290,0.000000
1684926175.695028,0.000000
1684926175.705323,0.000000
1684926175.715012,0.000000
1684926175.725297,0.000000
1684926175.735844,0.000000
1684926175.745278,0.000000
1684926175.755070,0.000000
1684926175.765278,0.200000
1684926175.775021,0.000000
1684926175.785320,0.000000
1684926175.795040,0.300000
1684926175.805305,0.000000
1684926175.815744,0.200000
1684926175.825299,0.000000
1684926175.835700,0.000000
1684926175.845320,0.000000
1684926175.854678,0.000000
1684926175.864285,0.300000
1684926175.874690,0.000000
1684926175.884280,0.000000
1684926175.894635,0.000000
1684926175.904322,0.000000
1684926175.914594,0.000000
1684926175.924275,0.000000
1684926175.934602,0.000000
1684926175.944286,0.000000
1684926175.954580,0.000000
1684926175.964301,0.000000
1684926175.974529,0.200000
1684926175.984323,0.000000
1684926175.994525,0.000000
1684926176.004339,0.000000
1684926176.014528,0.200000
1684926176.024363,0.000000
1684926176.034526,0.000000
1684926176.044384,0.000000
1684926176.054527,0.000000
1684926176.064389,0.000000
1684926176.074426,0.200000
1684926176.084391,0.000000
1684926176.094406,0.000000
1684926176.104394,0.000000
1684926176.114414,0.300000
1684926176.124287,0.000000
1684926176.134388,0.000000
1684926176.144292,0.300000
1684926176.154366,0.000000
1684926176.164283,0.000000
1684926176.174374,0.200000
1684926176.184229,0.000000
1684926176.194321,0.000000
1684926176.204278,0.000000
1684926176.214366,0.300000
1684926176.224230,0.000000
1684926176.234403,0.200000
1684926176.244225,0.000000
1684926176.254264,0.000000
1684926176.264289,0.000000
1684926176.274262,0.200000
1684926176.284289,0.000000
1684926176.294291,0.000000
1684926176.304350,0.300000
1684926176.314198,0.000000
1684926176.324372,0.000000
1684926176.334375,0.300000
1684926176.344373,0.000000
1684926176.354417,0.000000
1684926176.364410,0.200000
1684926176.374433,0.000000
1684926176.384452,0.000000
1684926176.394443,0.000000
1684926176.404205,0.000000
1684926176.415134,0.200000
1684926176.424179,0.000000
1684926176.434183,0.000000
1684926176.444231,0.000000
1684926176.454219,0.300000
1684926176.465230,0.000000
1684926176.474204,0.000000
1684926176.485181,0.000000
1684926176.494207,0.000000
1684926176.505219,0.000000
1684926176.514316,0.000000
1684926176.525178,0.000000
1684926176.534410,0.000000
1684926176.545189,0.000000
1684926176.554534,0.000000
1684926176.565203,0.000000
1684926176.575215,0.000000
1684926176.584259,0.000000
1684926176.595206,0.000000
1684926176.604289,0.200000
1684926176.615188,0.000000
1684926176.624332,0.000000
1684926176.634318,0.000000
1684926176.644336,0.300000
1684926176.654332,0.000000
1684926176.664354,0.000000
1684926176.674381,0.000000
1684926176.684373,0.000000
1684926176.694398,0.000000
1684926176.704471,0.000000
1684926176.714541,0.300000
1684926176.724568,0.000000
1684926176.734707,0.000000
1684926176.744705,0.100000
1684926176.755275,0.000000
1684926176.765228,0.000000
1684926176.775267,0.000000
1684926176.784293,0.000000
1684926176.795253,0.200000
1684926176.805294,0.000000
1684926176.814708,0.000000
1684926176.825235,0.000000
1684926176.834838,0.200000
1684926176.845335,0.000000
1684926176.855262,0.000000
1684926176.864326,0.000000
1684926176.875279,0.000000
1684926176.884498,0.200000
1684926176.894622,0.300000
1684926176.904601,0.000000
1684926176.914631,0.000000
1684926176.924695,0.000000
1684926176.934796,0.300000
1684926176.944810,0.000000
1684926176.954897,0.000000
1684926176.964920,0.000000
1684926176.975132,0.000000
1684926176.985168,0.000000
1684926176.995153,0.300000
1684926177.005089,0.000000
1684926177.014962,0.000000
1684926177.025086,0.000000
1684926177.035080,0.000000
1684926177.045084,0.000000
1684926177.055091,0.000000
1684926177.065085,0.300000
1684926177.075114,0.000000
1684926177.085063,0.000000
1684926177.095062,0.000000
1684926177.105112,0.300000
1684926177.114966,0.000000
1684926177.125089,0.000000
1684926177.135111,0.000000
1684926177.145111,0.000000
1684926177.155124,0.000000
1684926177.165154,0.000000
1684926177.175190,0.000000
1684926177.185200,0.300000
1684926177.195203,0.000000
1684926177.205191,0.000000
1684926177.215117,0.300000
1684926177.225331,0.000000
1684926177.235295,0.000000
1684926177.245198,0.200000
1684926177.255072,0.300000
1684926177.265023,0.000000
1684926177.275070,0.000000
1684926177.285064,0.000000
1684926177.295045,0.000000
1684926177.305074,0.200000
1684926177.315133,0.000000
1684926177.325227,0.000000
1684926177.335412,0.000000
1684926177.345412,0.000000
1684926177.355363,0.000000
1684926177.365534,0.000000
1684926177.375391,0.000000
1684926177.385467,0.200000
1684926177.395370,0.000000
1684926177.405425,0.000000
1684926177.415370,0.000000
1684926177.425417,0.000000
1684926177.435395,0.000000
1684926177.445393,0.000000
1684926177.455391,0.000000
1684926177.465423,0.300000
1684926177.475379,0.000000
1684926177.485422,0.000000
1684926177.495431,0.000000
1684926177.505451,0.000000
1684926177.515384,0.000000
1684926177.525422,0.000000
1684926177.535382,0.300000
1684926177.545423,0.000000
1684926177.555386,0.000000
1684926177.564449,0.000000
1684926177.575412,0.300000
1684926177.585429,0.000000
1684926177.595433,0.000000
1684926177.605447,0.200000
1684926177.614843,0.000000
1684926177.625509,0.000000
1684926177.634970,0.200000
1684926177.644798,0.000000
1684926177.655474,0.000000
1684926177.665438,0.000000
1684926177.675415,0.000000
1684926177.685449,0.000000
1684926177.695435,0.000000
1684926177.705448,0.200000
1684926177.714895,0.000000
1684926177.725436,0.000000
1684926177.735075,0.300000
1684926177.744702,0.000000
1684926177.755465,0.000000
1684926177.765468,0.000000
1684926177.775469,0.000000
1684926177.785449,0.000000
1684926177.795476,0.000000
1684926177.804533,0.000000
1684926177.815475,0.000000
1684926177.824966,0.000000
1684926177.834990,0.000000
1684926177.844602,0.000000
1684926177.854950,0.000000
1684926177.864945,0.000000
1684926177.874929,0.000000
1684926177.884948,0.000000
1684926177.894930,0.300000
1684926177.905076,0.000000
1684926177.914796,0.000000
1684926177.924935,0.000000
1684926177.934951,0.000000
1684926177.945478,0.000000
1684926177.954950,0.000000
1684926177.964934,0.200000
1684926177.974948,0.000000
1684926177.984972,0.000000
1684926177.994997,0.000000
1684926178.005009,0.000000
1684926178.014873,0.000000
1684926178.025052,0.000000
1684926178.035036,0.200000
1684926178.045496,0.000000
1684926178.055532,0.000000
1684926178.065494,0.000000
1684926178.074933,0.000000
1684926178.084967,0.000000
1684926178.095049,0.300000
1684926178.105515,0.000000
1684926178.115520,0.000000
1684926178.125250,0.200000
1684926178.135305,0.000000
1684926178.145533,0.000000
1684926178.155540,0.000000
1684926178.165511,0.000000
1684926178.175547,0.200000
1684926178.184830,0.000000
1684926178.194709,0.000000
1684926178.204740,0.000000
1684926178.214725,0.200000
1684926178.224868,0.000000
1684926178.234848,0.000000
1684926178.245562,0.200000
1684926178.254899,0.000000
1684926178.264935,0.000000
1684926178.274898,0.200000
1684926178.284938,0.000000
1684926178.294987,0.000000
1684926178.304945,0.000000
1684926178.314849,0.300000
1684926178.324973,0.000000
1684926178.334980,0.000000
1684926178.345211,0.000000
1684926178.355027,0.000000
1684926178.365049,0.000000
1684926178.375097,0.000000
1684926178.385089,0.000000
1684926178.394896,0.000000
1684926178.404833,0.300000
1684926178.414703,0.000000
1684926178.424880,0.200000
1684926178.434834,0.300000
1684926178.444993,0.000000
1684926178.454879,0.000000
1684926178.465832,0.300000
1684926178.474829,0.000000
1684926178.484853,0.000000
1684926178.494829,0.000000
1684926178.505864,0.000000
1684926178.515718,0.000000
1684926178.524816,0.000000
1684926178.534835,0.000000
1684926178.544964,0.200000
1684926178.555878,0.000000
1684926178.564860,0.000000
1684926178.574905,0.200000
1684926178.585990,0.000000
1684926178.595916,0.000000
1684926178.605956,0.000000
1684926178.615860,0.300000
1684926178.626007,0.000000
1684926178.636006,0.000000
1684926178.646042,0.000000
1684926178.656087,0.000000
1684926178.666025,0.000000
1684926178.676085,0.000000
1684926178.685826,0.000000
1684926178.695798,0.300000
1684926178.705817,0.000000
1684926178.715651,0.000000
1684926178.725831,0.000000
1684926178.735818,0.300000
1684926178.745810,0.000000
1684926178.755804,0.000000
1684926178.765790,0.000000
1684926178.775806,0.200000
1684926178.785812,0.000000
1684926178.795834,0.000000
1684926178.805807,0.000000
1684926178.815703,0.000000
1684926178.824755,0.000000
1684926178.834778,0.000000
1684926178.845844,0.200000
1684926178.854847,0.000000
1684926178.865840,0.000000
1684926178.874850,0.000000
1684926178.884863,0.000000
1684926178.895923,0.300000
1684926178.904895,0.000000
1684926178.914800,0.000000
1684926178.925938,0.000000
1684926178.934943,0.000000
1684926178.945968,0.200000
1684926178.954963,0.000000
1684926178.965765,0.000000
1684926178.974756,0.000000
1684926178.984757,0.000000
1684926178.995778,0.200000
1684926179.004743,0.000000
1684926179.015712,0.000000
1684926179.025766,0.000000
1684926179.034741,0.000000
1684926179.045797,0.000000
1684926179.054761,0.300000
1684926179.065717,0.000000
1684926179.075719,0.000000
1684926179.085773,0.000000
1684926179.095739,0.000000
1684926179.105794,0.300000
1684926179.115973,0.000000
1684926179.125782,0.000000
1684926179.134783,0.000000
1684926179.145826,0.000000
1684926179.155864,0.000000
1684926179.164821,0.000000
1684926179.175868,0.300000
1684926179.185862,0.000000
1684926179.195891,0.000000
1684926179.205914,0.000000
1684926179.214822,0.000000
1684926179.225949,0.000000
1684926179.235949,0.000000
1684926179.245950,0.000000
1684926179.255779,0.200000
1684926179.265767,0.000000
1684926179.275822,0.000000
1684926179.285803,0.300000
1684926179.295779,0.000000
1684926179.305780,0.000000
1684926179.315792,0.300000
1684926179.325814,0.000000
1684926179.335701,0.000000
1684926179.345842,0.000000
1684926179.355828,0.000000
1684926179.365818,0.000000
1684926179.375806,0.000000
1684926179.385802,0.000000
1684926179.395828,0.200000
1684926179.405808,0.000000
1684926179.415828,0.000000
1684926179.425802,0.000000
1684926179.435955,0.000000
1684926179.445787,0.000000
1684926179.455909,0.000000
1684926179.465830,0.000000
1684926179.475826,0.000000
1684926179.485952,0.000000
1684926179.495931,0.000000
1684926179.505953,0.000000
1684926179.516059,0.000000
1684926179.525805,0.000000
1684926179.535682,0.300000
1684926179.545827,0.000000
1684926179.555834,0.300000
1684926179.565829,0.000000
1684926179.575850,0.000000
1684926179.585828,0.000000
1684926179.595830,0.000000
1684926179.605664,0.300000
1684926179.615520,0.000000
1684926179.625637,0.000000
1684926179.635620,0.300000
1684926179.645620,0.000000
1684926179.655649,0.000000
1684926179.665642,0.300000
1684926179.675622,0.000000
1684926179.685661,0.000000
1684926179.695701,0.300000
1684926179.705710,0.000000
1684926179.715724,0.000000
1684926179.725762,0.300000
1684926179.735708,0.000000
1684926179.745741,0.000000
1684926179.755767,0.200000
1684926179.765765,0.000000
1684926179.775768,0.000000
1684926179.785810,0.000000
1684926179.795833,0.000000
1684926179.805827,0.000000
1684926179.815749,0.000000
1684926179.825745,0.000000
1684926179.835754,0.000000
1684926179.845909,0.300000
1684926179.855896,0.000000
1684926179.865954,0.000000
1684926179.875913,0.300000
1684926179.885941,0.000000
1684926179.895933,0.000000
1684926179.905922,0.000000
1684926179.915932,0.000000
1684926179.925946,0.000000
1684926179.935945,0.000000
1684926179.945954,0.300000
1684926179.955951,0.000000
1684926179.965936,0.000000
1684926179.975938,0.200000
1684926179.985944,0.000000
1684926179.995966,0.000000
1684926180.005956,0.000000
1684926180.015969,0.000000
1684926180.025965,0.000000
1684926180.035978,0.000000
1684926180.045992,0.000000
1684926180.055978,0.000000
1684926180.065992,0.000000
1684926180.075999,0.200000
1684926180.086005,0.000000
1684926180.096000,0.000000
1684926180.106075,0.000000
1684926180.116033,0.000000
1684926180.125526,0.200000
1684926180.136009,0.000000
1684926180.146005,0.000000
1684926180.156003,0.300000
1684926180.166008,0.000000
1684926180.176021,0.000000
1684926180.186020,0.000000
1684926180.196024,0.000000
1684926180.206065,0.200000
1684926180.216110,0.000000
1684926180.226026,0.000000
1684926180.236042,0.200000
1684926180.246127,0.000000
1684926180.256093,0.000000
1684926180.266081,0.300000
1684926180.276086,0.000000
1684926180.286108,0.000000
1684926180.296088,0.200000
1684926180.306093,0.000000
1684926180.316109,0.000000
1684926180.326119,0.200000
1684926180.336108,0.000000
1684926180.346083,0.200000
1684926180.356133,0.000000
1684926180.366083,0.200000
1684926180.376114,0.000000
1684926180.384084,0.000000
1684926180.396112,0.200000
1684926180.406117,0.000000
1684926180.416105,0.000000
1684926180.426125,0.000000
1684926180.436126,0.000000
1684926180.446129,0.000000
1684926180.456130,0.000000
1684926180.466155,0.300000
1684926180.476134,0.000000
1684926180.484190,0.000000
1684926180.496191,0.000000
1684926180.506231,0.300000
1684926180.516207,0.000000
1684926180.526217,0.000000
1684926180.536218,0.000000
1684926180.544191,0.000000
1684926180.556214,0.000000
1684926180.566257,0.000000
1684926180.576234,0.000000
1684926180.586245,0.300000
1684926180.596277,0.000000
1684926180.606260,0.000000
1684926180.616236,0.000000
1684926180.624244,0.200000
1684926180.636241,0.000000
1684926180.646262,0.000000
1684926180.656288,0.000000
1684926180.666275,0.200000
1684926180.676294,0.000000
1684926180.686349,0.000000
1684926180.696261,0.000000
1684926180.706263,0.300000
1684926180.716264,0.000000
1684926180.724262,0.000000
1684926180.736328,0.000000
1684926180.744238,0.000000
1684926180.756289,0.000000
1684926180.766286,0.000000
1684926180.776287,0.000000
1684926180.786304,0.200000
1684926180.796307,0.000000
1684926180.804263,0.000000
1684926180.816344,0.000000
1684926180.824287,0.300000
1684926180.836341,0.000000
1684926180.844306,0.000000
1684926180.856328,0.200000
1684926180.864288,0.000000
1684926180.876343,0.000000
1684926180.884294,0.000000
1684926180.896339,0.000000
1684926180.904458,0.000000
1684926180.916485,0.000000
1684926180.925567,0.200000
1684926180.936493,0.000000
1684926180.944466,0.000000
1684926180.955523,0.200000
1684926180.964509,0.000000
1684926180.976552,0.000000
1684926180.984507,0.000000
1684926180.996557,0.000000
1684926181.005541,0.000000
1684926181.016573,0.200000
1684926181.024531,0.000000
1684926181.036571,0.000000
1684926181.044536,0.000000
1684926181.056570,0.000000
1684926181.064553,0.000000
1684926181.075594,0.000000
1684926181.084598,0.000000
1684926181.096605,0.200000
1684926181.104610,0.000000
1684926181.116657,0.000000
1684926181.124603,0.200000
1684926181.135607,0.000000
1684926181.144601,0.000000
1684926181.155616,0.000000
1684926181.164595,0.000000
1684926181.175603,0.000000
1684926181.184593,0.000000
1684926181.195626,0.000000
1684926181.204688,0.000000
1684926181.215620,0.000000
1684926181.224636,0.000000
1684926181.235617,0.000000
1684926181.244329,0.200000
1684926181.256349,0.000000
1684926181.264307,0.000000
1684926181.276352,0.000000
1684926181.284343,0.000000
1684926181.296436,0.000000
1684926181.304495,0.000000
1684926181.316575,0.300000
1684926181.324574,0.000000
1684926181.334668,0.000000
1684926181.344716,0.200000
1684926181.355835,0.000000
1684926181.364807,0.000000
1684926181.375870,0.200000
1684926181.384937,0.000000
1684926181.396013,0.000000
1684926181.404022,0.000000
1684926181.416125,0.000000
1684926181.426223,0.300000
1684926181.436252,0.000000
1684926181.446289,0.000000
1684926181.456351,0.000000
1684926181.465419,0.000000
1684926181.475495,0.300000
1684926181.486525,0.000000
1684926181.496641,0.000000
1684926181.504758,0.000000
1684926181.516750,0.000000
1684926181.526747,0.300000
1684926181.536809,0.000000
1684926181.546797,0.000000
1684926181.556792,0.000000
1684926181.564825,0.000000
1684926181.576765,0.000000
1684926181.584747,0.000000
1684926181.596772,0.000000
1684926181.604760,0.300000
1684926181.616785,0.000000
1684926181.624776,0.000000
1684926181.636789,0.200000
1684926181.644775,0.000000
1684926181.656793,0.000000
1684926181.666979,0.000000
1684926181.674984,0.000000
1684926181.686977,0.000000
1684926181.696977,0.200000
1684926181.706996,0.000000
1684926181.714980,0.000000
1684926181.727143,0.000000
1684926181.737056,0.000000
1684926181.747057,0.000000
1684926181.756997,0.000000
1684926181.767051,0.300000
1684926181.777030,0.000000
1684926181.785999,0.000000
1684926181.796045,0.000000
1684926181.806115,0.300000
1684926181.816034,0.000000
1684926181.826045,0.000000
1684926181.836041,0.000000
1684926181.846052,0.000000
1684926181.856046,0.000000
1684926181.866071,0.300000
1684926181.876040,0.000000
1684926181.886049,0.000000
1684926181.896049,0.000000
1684926181.906124,0.000000
1684926181.916131,0.000000
1684926181.924001,0.000000
1684926181.936129,0.000000
1684926181.946152,0.000000
1684926181.956132,0.300000
1684926181.964063,0.000000
1684926181.976156,0.000000
1684926181.984105,0.000000
1684926181.996117,0.000000
1684926182.004064,0.000000
1684926182.016107,0.000000
1684926182.024063,0.000000
1684926182.036124,0.000000
1684926182.044064,0.000000
1684926182.056109,0.200000
1684926182.064027,0.000000
1684926182.076174,0.000000
1684926182.084085,0.000000
1684926182.096170,0.000000
1684926182.104070,0.000000
1684926182.116153,0.000000
1684926182.124064,0.300000
1684926182.136168,0.000000
1684926182.146118,0.000000
1684926182.156247,0.300000
1684926182.164066,0.000000
1684926182.176119,0.000000
1684926182.184112,0.300000
1684926182.196184,0.000000
1684926182.206070,0.000000
1684926182.216213,0.200000
1684926182.226051,0.000000
1684926182.236176,0.000000
1684926182.246031,0.000000
1684926182.256167,0.000000
1684926182.265983,0.300000
1684926182.276207,0.000000
1684926182.284974,0.000000
1684926182.296203,0.000000
1684926182.304919,0.300000
1684926182.316152,0.000000
1684926182.324903,0.000000
1684926182.336163,0.000000
1684926182.344862,0.000000
1684926182.356203,0.000000
1684926182.364869,0.000000
1684926182.376170,0.000000
1684926182.384821,0.000000
1684926182.396113,0.200000
1684926182.404837,0.000000
1684926182.416251,0.000000
1684926182.424941,0.000000
1684926182.436113,0.200000
1684926182.444780,0.000000
1684926182.456213,0.000000
1684926182.464754,0.200000
1684926182.476157,0.000000
1684926182.484897,0.000000
1684926182.496170,0.000000
1684926182.504731,0.000000
1684926182.516125,0.000000
1684926182.524736,0.000000
1684926182.536155,0.300000
1684926182.544675,0.000000
1684926182.556155,0.000000
1684926182.564657,0.000000
1684926182.576156,0.000000
1684926182.584651,0.000000
1684926182.596178,0.300000
1684926182.604606,0.000000
1684926182.616220,0.000000
1684926182.624589,0.000000
1684926182.636133,0.200000
1684926182.644593,0.000000
1684926182.656198,0.000000
1684926182.664564,0.000000
1684926182.676229,0.200000
1684926182.684511,0.000000
1684926182.696223,0.000000
1684926182.704490,0.000000
1684926182.716181,0.000000
1684926182.724523,0.000000
1684926182.736230,0.000000
1684926182.744476,0.200000
1684926182.756250,0.000000
1684926182.764432,0.000000
1684926182.776182,0.000000
1684926182.784582,0.200000
1684926182.796198,0.000000
1684926182.804383,0.000000
1684926182.816200,0.000000
1684926182.824389,0.000000
1684926182.836240,0.300000
1684926182.844346,0.000000
1684926182.856159,0.000000
1684926182.865074,0.000000
1684926182.876189,0.200000
1684926182.885118,0.000000
1684926182.896183,0.000000
1684926182.904140,0.000000
1684926182.916192,0.000000
1684926182.924180,0.200000
1684926182.936224,0.300000
1684926182.944241,0.000000
1684926182.956290,0.000000
1684926182.964232,0.000000
1684926182.976329,0.200000
1684926182.984362,0.000000
1684926182.996367,0.000000
1684926183.004408,0.000000
1684926183.016504,0.000000
1684926183.024510,0.000000
1684926183.036618,0.000000
1684926183.044682,0.000000
1684926183.055724,-0.200000
1684926183.064795,0.000000
1684926183.075811,0.000000
1684926183.084958,0.000000
1684926183.095989,0.000000
1684926183.105034,0.000000
1684926183.116076,0.000000
1684926183.124085,0.000000
1684926183.136256,0.000000
1684926183.144105,0.000000
1684926183.156332,-0.200000
1684926183.164481,0.000000
1684926183.176463,0.000000
1684926183.184999,0.000000
1684926183.196568,-0.200000
1684926183.205003,0.000000
1684926183.214625,0.000000
1684926183.225994,0.000000
1684926183.235789,-0.200000
1684926183.245957,0.000000
1684926183.255896,0.000000
1684926183.264924,-0.200000
1684926183.276032,0.000000
1684926183.285998,0.000000
1684926183.296083,0.000000
1684926183.304080,-0.200000
1684926183.317181,0.000000
1684926183.324162,0.000000
1684926183.337252,0.000000
1684926183.344188,0.000000
1684926183.357179,-0.200000
1684926183.364075,0.000000
1684926183.377257,0.000000
1684926183.384129,-0.200000
1684926183.397214,0.000000
1684926183.404123,0.000000
1684926183.415166,-0.200000
1684926183.424100,0.000000
1684926183.437224,0.000000
1684926183.444151,0.000000
1684926183.455235,0.000000
1684926183.464142,-0.200000
1684926183.477237,0.000000
1684926183.484143,0.000000
1684926183.497257,0.000000
1684926183.504152,0.000000
1684926183.515167,0.000000
1684926183.524117,0.000000
1684926183.537251,0.000000
1684926183.544070,0.000000
1684926183.556277,0.000000
1684926183.564062,-0.200000
1684926183.575142,0.000000
1684926183.584083,0.000000
1684926183.595145,0.000000
1684926183.604120,-0.200000
1684926183.615186,0.000000
1684926183.624150,0.000000
1684926183.635193,-0.200000
1684926183.644129,0.000000
1684926183.655218,0.000000
1684926183.664168,-0.200000
1684926183.675176,0.000000
1684926183.684110,0.000000
1684926183.695165,-0.200000
1684926183.704128,0.000000
1684926183.715128,0.000000
1684926183.724121,0.000000
1684926183.735220,0.000000
1684926183.744132,-0.200000
1684926183.755158,0.000000
1684926183.764193,0.000000
1684926183.775189,-0.200000
1684926183.784185,0.000000
1684926183.795214,-0.200000
1684926183.804109,0.000000
1684926183.815254,0.000000
1684926183.824167,-0.200000
1684926183.835210,0.000000
1684926183.844153,-0.200000
1684926183.855211,0.000000
1684926183.864114,0.000000
1684926183.875229,-0.200000
1684926183.884131,0.000000
1684926183.895169,0.000000
1684926183.904079,-0.200000
1684926183.915156,0.000000
1684926183.924102,0.000000
1684926183.935214,0.000000
1684926183.944193,0.000000
1684926183.955230,-0.200000
1684926183.964169,-0.200000
1684926183.975172,0.000000
1684926183.984096,0.000000
1684926183.995148,-0.200000
1684926184.004107,0.000000
1684926184.015194,0.000000
1684926184.024152,-0.200000
1684926184.035233,0.000000
1684926184.044180,0.000000
1684926184.055169,0.000000
1684926184.064157,-0.200000
1684926184.075169,0.000000
1684926184.084177,0.000000
1684926184.095178,0.000000
1684926184.104091,-0.200000
1684926184.115208,0.000000
1684926184.124088,0.000000
1684926184.135221,-0.200000
1684926184.144133,-0.200000
1684926184.155269,0.000000
1684926184.164158,0.000000
1684926184.175255,0.000000
1684926184.184168,-0.200000
1684926184.195195,0.000000
1684926184.204227,0.000000
1684926184.215220,-0.200000
1684926184.224153,0.000000
1684926184.235246,0.000000
1684926184.244165,-0.200000
1684926184.255220,0.000000
1684926184.264131,0.000000
1684926184.275206,-0.200000
1684926184.284134,0.000000
1684926184.295218,0.000000
1684926184.304149,-0.200000
1684926184.315254,0.000000
1684926184.324183,0.000000
1684926184.335279,0.000000
1684926184.344223,-0.200000
1684926184.355275,0.000000
1684926184.364206,0.000000
1684926184.375263,-0.200000
1684926184.384210,0.000000
1684926184.395257,0.000000
1684926184.404195,-0.200000
1684926184.415357,0.000000
1684926184.424239,0.000000
1684926184.435277,-0.200000
1684926184.444161,0.000000
1684926184.455233,0.000000
1684926184.464152,0.000000
1684926184.475198,-0.200000
1684926184.484138,0.000000
1684926184.495257,0.000000
1684926184.504716,0.000000
1684926184.515372,-0.200000
1684926184.524727,0.000000
1684926184.535438,0.000000
1684926184.544759,0.000000
1684926184.555558,-0.200000
1684926184.564739,0.000000
1684926184.574677,0.000000
1684926184.584822,-0.200000
1684926184.594783,0.000000
1684926184.604882,0.000000
1684926184.614937,-0.200000
1684926184.625021,0.000000
1684926184.635064,0.000000
1684926184.645093,-0.200000
1684926184.655183,0.000000
1684926184.664199,0.000000
1684926184.675260,-0.200000
1684926184.684408,-0.200000
1684926184.695415,0.000000
1684926184.704485,-0.200000
1684926184.715518,0.000000
1684926184.724555,0.000000
1684926184.734632,-0.200000
1684926184.744649,0.000000
1684926184.754699,0.000000
1684926184.764745,0.000000
1684926184.775271,0.000000
1684926184.785006,-0.200000
1684926184.794915,0.000000
1684926184.804997,0.000000
1684926184.816083,-0.200000
1684926184.826144,0.000000
1684926184.837264,0.000000
1684926184.844204,-0.200000
1684926184.857328,0.000000
1684926184.864264,0.000000
1684926184.875250,-0.200000
1684926184.884265,0.000000
1684926184.895282,-0.200000
1684926184.904207,0.000000
1684926184.915269,-0.200000
1684926184.924169,0.000000
1684926184.935270,0.000000
1684926184.944185,-0.200000
1684926184.955319,0.000000
1684926184.964247,-0.200000
1684926184.975272,0.000000
1684926184.984208,0.000000
1684926184.995266,0.000000
1684926185.004275,0.000000
1684926185.015368,-0.200000
1684926185.024270,0.000000
1684926185.035310,0.000000
1684926185.044244,-0.200000
1684926185.055311,0.000000
1684926185.064206,-0.200000
1684926185.075270,0.000000
1684926185.084228,0.000000
1684926185.095308,-0.200000
1684926185.104209,0.000000
1684926185.115230,0.000000
1684926185.124201,-0.200000
1684926185.135353,0.000000
1684926185.144299,0.000000
1684926185.155267,0.000000
1684926185.164187,-0.200000
1684926185.175286,0.000000
1684926185.184254,0.000000
1684926185.195274,0.000000
1684926185.204267,-0.200000
1684926185.215312,-0.200000
1684926185.224259,0.000000
1684926185.235274,0.000000
1684926185.244276,-0.200000
1684926185.255340,-0.200000
1684926185.264583,-0.200000
1684926185.275330,0.000000
1684926185.284167,0.000000
1684926185.295343,0.000000
1684926185.304192,-0.200000
1684926185.315271,0.000000
1684926185.324208,0.000000
1684926185.335350,-0.200000
1684926185.344196,0.000000
1684926185.355283,0.000000
1684926185.364199,0.000000
1684926185.375278,-0.200000
1684926185.384152,-0.200000
1684926185.395289,0.000000
1684926185.404222,0.000000
1684926185.415274,0.000000
1684926185.424268,-0.200000
1684926185.435342,0.000000
1684926185.444270,0.000000
1684926185.455312,0.000000
1684926185.464229,-0.200000
1684926185.475317,0.000000
1684926185.484272,0.000000
1684926185.495317,-0.200000
1684926185.506147,0.000000
1684926185.515261,0.000000
1684926185.524246,-0.200000
1684926185.535315,0.000000
1684926185.544228,-0.200000
1684926185.555303,0.000000
1684926185.564231,0.000000
1684926185.575339,0.000000
1684926185.584244,0.000000
1684926185.595343,-0.200000
1684926185.604171,0.000000
1684926185.615287,-0.200000
1684926185.624268,0.000000
1684926185.635275,0.000000
1684926185.644252,-0.200000
1684926185.655338,0.000000
1684926185.664208,0.000000
1684926185.675292,0.000000
1684926185.684272,0.000000
1684926185.695286,0.000000
1684926185.704288,0.000000
1684926185.715235,-0.200000
1684926185.724214,0.000000
1684926185.735360,-0.200000
1684926185.744207,0.000000
1684926185.755308,-0.200000
1684926185.764220,0.000000
1684926185.775288,0.000000
1684926185.784178,-0.200000
1684926185.795301,-0.200000
1684926185.804231,0.000000
1684926185.815297,0.000000
1684926185.824242,0.000000
1684926185.835285,-0.200000
1684926185.844346,0.000000
1684926185.855300,0.000000
1684926185.864190,-0.200000
1684926185.875346,0.000000
1684926185.884260,0.000000
1684926185.895357,-0.200000
1684926185.904289,0.000000
1684926185.915280,0.000000
1684926185.924298,-0.200000
1684926185.935382,0.000000
1684926185.944326,0.000000
1684926185.955400,0.000000
1684926185.964238,0.000000
1684926185.975317,-0.200000
1684926185.984274,0.000000
1684926185.995338,0.000000
1684926186.004214,-0.200000
1684926186.015338,0.000000
1684926186.024242,0.000000
1684926186.035362,-0.200000
1684926186.044289,0.000000
1684926186.055274,-0.200000
1684926186.064192,0.000000
1684926186.075306,0.000000
1684926186.084237,-0.200000
1684926186.095302,0.000000
1684926186.104266,0.000000
1684926186.115332,-0.200000
1684926186.124335,0.000000
1684926186.137287,-0.200000
1684926186.144274,0.000000
1684926186.155339,0.000000
1684926186.164285,-0.200000
1684926186.175366,0.000000
1684926186.184301,0.000000
1684926186.195386,-0.200000
1684926186.204408,0.000000
1684926186.215475,0.000000
1684926186.224531,-0.200000
1684926186.235595,0.000000
1684926186.244638,0.000000
1684926186.254782,-0.200000
1684926186.264766,0.000000
1684926186.274801,0.000000
1684926186.284871,0.000000
1684926186.294936,0.000000
1684926186.304996,-0.200000
1684926186.315030,0.000000
1684926186.325069,0.000000
1684926186.335159,-0.200000
1684926186.345183,0.000000
1684926186.355286,-0.200000
1684926186.364283,0.000000
1684926186.375364,-0.200000
1684926186.384443,0.000000
1684926186.395514,0.000000
1684926186.404557,-0.200000
1684926186.415603,0.000000
1684926186.424687,-0.200000
1684926186.435799,0.000000
1684926186.444839,0.000000
1684926186.454824,-0.200000
1684926186.464904,0.000000
1684926186.474928,0.000000
1684926186.485066,-0.200000
1684926186.496133,0.000000
1684926186.505182,0.000000
1684926186.517390,-0.200000
1684926186.524288,0.000000
1684926186.535329,-0.200000
1684926186.544327,0.000000
1684926186.555408,0.000000
1684926186.564336,-0.200000
1684926186.575388,0.000000
1684926186.584286,0.000000
1684926186.595307,0.000000
1684926186.604259,-0.200000
1684926186.615422,0.000000
1684926186.624284,0.000000
1684926186.635392,-0.200000
1684926186.644335,-0.200000
1684926186.655329,0.000000
1684926186.664269,0.000000
1684926186.675355,-0.200000
1684926186.684295,0.000000
1684926186.695331,0.000000
1684926186.704425,-0.200000
1684926186.715329,0.000000
1684926186.724268,0.000000
1684926186.735362,-0.200000
1684926186.744288,0.000000
1684926186.755359,0.000000
1684926186.764278,-0.200000
1684926186.775440,0.000000
1684926186.784357,0.000000
1684926186.795409,-0.200000
1684926186.804425,0.000000
1684926186.815440,-0.200000
1684926186.824265,0.000000
1684926186.835406,0.000000
1684926186.844296,-0.200000
1684926186.855350,0.000000
1684926186.864285,0.000000
1684926186.875426,-0.200000
1684926186.884332,0.000000
1684926186.895411,0.000000
1684926186.904330,-0.200000
1684926186.915397,0.000000
1684926186.924330,-0.200000
1684926186.935410,0.000000
1684926186.944555,0.000000
1684926186.955418,-0.200000
1684926186.964348,0.000000
1684926186.975416,0.000000
1684926186.984459,-0.200000
1684926186.995432,0.000000
1684926187.004311,-0.200000
1684926187.015360,0.000000
1684926187.024329,-0.200000
1684926187.035420,0.000000
1684926187.044462,0.000000
1684926187.055564,-0.200000
1684926187.064608,0.000000
1684926187.075684,0.000000
1684926187.084717,-0.200000
1684926187.094826,0.000000
1684926187.104835,0.000000
1684926187.114850,-0.200000
1684926187.124934,0.000000
1684926187.134988,-0.200000
1684926187.145071,0.000000
1684926187.155201,0.000000
1684926187.165165,0.000000
1684926187.175210,0.000000
1684926187.185296,-0.200000
1684926187.195334,0.000000
1684926187.204390,0.000000
1684926187.215450,0.000000
1684926187.224511,0.000000
1684926187.235587,0.000000
1684926187.244633,-0.200000
1684926187.255730,0.000000
1684926187.264780,0.000000
1684926187.274826,0.000000
1684926187.284846,-0.200000
1684926187.295078,0.000000
1684926187.304996,0.000000
1684926187.315053,0.000000
1684926187.325088,0.000000
1684926187.336146,0.000000
1684926187.346208,-0.200000
1684926187.357363,0.000000
1684926187.366338,0.000000
1684926187.377476,0.000000
1684926187.384295,-0.200000
1684926187.395407,0.000000
1684926187.404371,0.000000
1684926187.415485,-0.200000
1684926187.424380,-0.200000
1684926187.435374,0.000000
1684926187.444369,0.000000
1684926187.455367,0.000000
1684926187.464301,-0.200000
1684926187.475461,-0.200000
1684926187.484299,0.000000
1684926187.495343,0.000000
1684926187.504401,0.000000
1684926187.515356,0.000000
1684926187.524300,-0.200000
1684926187.535343,0.000000
1684926187.544280,0.000000
1684926187.555418,0.000000
1684926187.564354,-0.200000
1684926187.575374,-0.200000
1684926187.584736,0.000000
1684926187.595419,0.000000
1684926187.604353,0.000000
1684926187.615364,0.000000
1684926187.624343,-0.200000
1684926187.635344,-0.200000
1684926187.644328,-0.200000
1684926187.655328,0.000000
1684926187.664371,0.000000
1684926187.675674,0.000000
1684926187.684362,-0.200000
1684926187.695497,0.000000
1684926187.704311,0.000000
1684926187.715424,0.000000
1684926187.724361,-0.200000
1684926187.735270,-0.200000
1684926187.744365,0.000000
1684926187.755426,0.000000
1684926187.764392,0.000000
1684926187.775445,0.000000
1684926187.784389,-0.200000
1684926187.795093,-0.200000
1684926187.804408,0.000000
1684926187.815485,0.000000
1684926187.824352,-0.200000
1684926187.835117,-0.200000
1684926187.844326,0.000000
1684926187.855134,0.000000
1684926187.864391,-0.200000
1684926187.875432,0.000000
1684926187.884389,0.000000
1684926187.895470,-0.200000
1684926187.904319,-0.200000
1684926187.915376,0.000000
1684926187.924341,0.000000
1684926187.935028,-0.200000
1684926187.944346,0.000000
1684926187.955374,0.000000
1684926187.964398,0.000000
1684926187.975436,0.000000
1684926187.984345,-0.200000
1684926187.995473,-0.200000
1684926188.004363,-0.200000
1684926188.015425,0.000000
1684926188.024345,0.000000
1684926188.034928,0.000000
1684926188.044410,-0.200000
1684926188.054932,0.000000
1684926188.064386,0.000000
1684926188.075469,0.000000
1684926188.084362,0.000000
1684926188.095455,-0.200000
1684926188.104418,-0.200000
1684926188.115452,0.000000
1684926188.124407,0.000000
1684926188.134832,0.000000
1684926188.144410,-0.200000
1684926188.155451,0.000000
1684926188.164337,0.000000
1684926188.175431,0.000000
1684926188.184398,-0.200000
1684926188.195427,-0.200000
1684926188.204420,0.000000
1684926188.215473,0.000000
1684926188.224434,0.000000
1684926188.235750,0.000000
1684926188.244417,0.000000
1684926188.255786,-0.200000
1684926188.264434,0.000000
1684926188.275378,0.000000
1684926188.284387,-0.200000
1684926188.295432,0.000000
1684926188.304407,0.000000
1684926188.315414,-0.200000
1684926188.324325,0.000000
1684926188.335809,0.000000
1684926188.344409,0.000000
1684926188.355434,-0.200000
1684926188.364343,0.000000
1684926188.375493,0.000000
1684926188.384349,-0.200000
1684926188.395517,0.000000
1684926188.404420,0.000000
1684926188.415435,0.000000
1684926188.424347,-0.200000
1684926188.437286,0.000000
1684926188.444379,0.000000
1684926188.455160,-0.200000
1684926188.464388,0.000000
1684926188.475453,0.000000
1684926188.484455,-0.200000
1684926188.495559,0.000000
1684926188.504457,0.000000
1684926188.515583,0.000000
1684926188.524623,-0.200000
1684926188.535684,0.000000
1684926188.544685,0.000000
1684926188.555786,-0.200000
1684926188.564847,0.000000
1684926188.574946,-0.200000
1684926188.584993,0.000000
1684926188.595081,0.000000
1684926188.605062,-0.200000
1684926188.615156,0.000000
1684926188.625187,0.000000
1684926188.635230,-0.200000
1684926188.645307,-0.200000
1684926188.655349,0.000000
1684926188.664394,-0.200000
1684926188.675455,0.000000
1684926188.684546,0.000000
1684926188.695586,-0.200000
1684926188.704613,0.000000
1684926188.715718,-0.200000
1684926188.724754,0.000000
1684926188.735204,0.000000
1684926188.744855,-0.200000
1684926188.754936,0.000000
1684926188.765022,0.000000
1684926188.775066,-0.200000
1684926188.785087,0.000000
1684926188.795190,0.000000
1684926188.805209,-0.200000
1684926188.815285,-0.200000
1684926188.826331,0.000000
1684926188.836582,0.000000
1684926188.844443,-0.200000
1684926188.856487,0.000000
1684926188.864456,0.000000
1684926188.875485,0.000000
1684926188.884400,-0.200000
1684926188.895447,0.000000
1684926188.904383,0.000000
1684926188.915501,0.000000
1684926188.924476,-0.200000
1684926188.935565,0.000000
1684926188.944417,0.000000
1684926188.955510,0.000000
1684926188.964362,0.000000
1684926188.975436,-0.200000
1684926188.984402,0.000000
1684926188.995420,0.000000
1684926189.004419,-0.200000
1684926189.015464,-0.200000
1684926189.024459,0.000000
1684926189.035492,0.000000
1684926189.044455,-0.200000
1684926189.055563,-0.200000
1684926189.064382,0.000000
1684926189.075496,0.000000
1684926189.084467,-0.200000
1684926189.095465,0.000000
1684926189.104436,0.000000
1684926189.115464,-0.200000
1684926189.124462,0.000000
1684926189.135568,0.000000
1684926189.144443,-0.200000
1684926189.155486,0.000000
1684926189.164455,0.000000
1684926189.175469,-0.200000
1684926189.185287,0.000000
1684926189.195474,0.000000
1684926189.204401,-0.200000
1684926189.215580,0.000000
1684926189.224834,-0.200000
1684926189.235671,0.000000
1684926189.244392,0.000000
1684926189.255568,-0.200000
1684926189.264384,0.000000
1684926189.275570,0.000000
1684926189.284467,-0.200000
1684926189.295570,0.000000
1684926189.304450,-0.200000
1684926189.315540,0.000000
1684926189.324554,0.000000
1684926189.335569,-0.200000
1684926189.344530,0.000000
1684926189.355589,0.000000
1684926189.364520,-0.200000
1684926189.375564,0.000000
1684926189.384456,0.000000
1684926189.395591,0.000000
1684926189.404464,0.000000
1684926189.415511,-0.200000
1684926189.424474,0.000000
1684926189.435550,-0.200000
1684926189.444469,0.000000
1684926189.455571,-0.200000
1684926189.464394,0.000000
1684926189.475572,0.000000
1684926189.484429,0.000000
1684926189.495489,0.000000
1684926189.504422,-0.200000
1684926189.515499,0.000000
1684926189.524455,0.000000
1684926189.535519,0.000000
1684926189.544489,0.000000
1684926189.555572,-0.200000
1684926189.564410,0.000000
1684926189.575454,-0.200000
1684926189.584428,0.000000
1684926189.595467,0.000000
1684926189.604391,0.000000
1684926189.615491,0.000000
1684926189.624469,-0.200000
1684926189.635608,0.000000
1684926189.644399,0.000000
1684926189.655495,-0.200000
1684926189.664475,0.000000
1684926189.675531,0.000000
1684926189.684634,-0.200000
1684926189.695580,-0.200000
1684926189.704496,0.000000
1684926189.715627,0.000000
1684926189.724416,-0.200000
1684926189.735505,-0.200000
1684926189.744475,0.000000
1684926189.755529,0.000000
1684926189.764473,0.000000
1684926189.775496,0.000000
1684926189.784456,0.000000
1684926189.795499,-0.200000
1684926189.804453,-0.200000
1684926189.815570,0.000000
1684926189.824456,0.000000
1684926189.835574,0.000000
1684926189.844474,0.000000
1684926189.855483,-0.200000
1684926189.864497,-0.200000
1684926189.875456,0.000000
1684926189.884494,0.000000
1684926189.895577,0.000000
1684926189.904419,-0.200000
1684926189.915532,-0.200000
1684926189.924405,0.000000
1684926189.935572,0.000000
1684926189.944434,-0.200000
1684926189.955516,-0.200000
1684926189.964520,0.000000
1684926189.975591,0.000000
1684926189.984489,0.000000
1684926189.995500,-0.200000
1684926190.004446,0.000000
1684926190.015502,0.000000
1684926190.024437,0.000000
1684926190.035503,0.000000
1684926190.044456,-0.200000
1684926190.055536,0.000000
1684926190.064474,0.000000
1684926190.075517,-0.200000
1684926190.084450,0.000000
1684926190.095578,0.000000
1684926190.104432,0.000000
1684926190.115542,0.000000
1684926190.124471,-0.200000
1684926190.135576,-0.200000
1684926190.144496,0.000000
1684926190.155558,0.000000
1684926190.164427,-0.200000
1684926190.175505,0.000000
1684926190.184494,0.000000
1684926190.195606,-0.200000
1684926190.204490,0.000000
1684926190.215584,0.000000
1684926190.224558,-0.200000
1684926190.235688,0.000000
1684926190.244681,0.000000
1684926190.255718,-0.200000
1684926190.264745,0.000000
1684926190.275830,-0.200000
1684926190.284868,-0.200000
1684926190.294956,0.000000
1684926190.304971,0.000000
1684926190.315066,-0.200000
1684926190.325150,0.000000
1684926190.335267,0.000000
1684926190.345226,-0.200000
1684926190.355311,0.000000
1684926190.365355,0.000000
1684926190.375440,-0.200000
1684926190.384509,0.000000
1684926190.395560,0.000000
1684926190.404606,0.000000
1684926190.415640,-0.200000
1684926190.424688,0.000000
1684926190.435753,0.000000
1684926190.444849,0.000000
1684926190.454857,-0.200000
1684926190.464931,-0.200000
1684926190.474914,0.000000
1684926190.485021,0.000000
1684926190.495080,-0.200000
1684926190.505114,0.000000
1684926190.515956,-0.200000
1684926190.526260,-0.200000
1684926190.536608,0.000000
1684926190.546340,0.000000
1684926190.555420,-0.200000
1684926190.566499,0.000000
1684926190.576639,-0.200000
1684926190.584468,0.000000
1684926190.596618,0.000000
1684926190.604569,-0.200000
1684926190.615591,0.000000
1684926190.624507,0.000000
1684926190.635617,-0.200000
1684926190.644505,0.000000
1684926190.655613,0.000000
1684926190.664505,-0.200000
1684926190.675609,0.000000
1684926190.684466,-0.200000
1684926190.695582,0.000000
1684926190.704548,-0.200000
1684926190.715543,0.000000
1684926190.724541,0.000000
1684926190.735573,-0.200000
1684926190.744565,0.000000
1684926190.755522,0.000000
1684926190.764521,0.000000
1684926190.775593,0.000000
1684926190.784546,-0.200000
1684926190.795630,0.000000
1684926190.804537,-0.200000
1684926190.815620,0.000000
1684926190.824535,-0.200000
1684926190.835614,0.000000
1684926190.844543,-0.200000
1684926190.855553,0.000000
1684926190.864549,-0.200000
1684926190.875548,0.000000
1684926190.884547,0.000000
1684926190.895545,-0.200000
1684926190.904572,0.000000
1684926190.915586,-0.200000
1684926190.924555,0.000000
1684926190.935725,0.000000
1684926190.944571,-0.200000
1684926190.955611,0.000000
1684926190.964568,0.000000
1684926190.975599,-0.200000
1684926190.984598,0.000000
1684926190.995589,0.000000
1684926191.004593,-0.200000
1684926191.015605,0.000000
1684926191.024534,0.000000
1684926191.035632,-0.200000
1684926191.044531,0.000000
1684926191.055667,-0.200000
1684926191.064528,0.000000
1684926191.075558,0.000000
1684926191.084554,-0.200000
1684926191.095615,0.000000
1684926191.104554,0.000000
1684926191.115675,-0.200000
1684926191.124507,-0.200000
1684926191.135649,0.000000
1684926191.144568,0.000000
1684926191.155647,0.000000
1684926191.164505,0.000000
1684926191.175668,-0.200000
1684926191.184536,0.000000
1684926191.195593,0.000000
1684926191.204570,0.000000
1684926191.215667,-0.200000
1684926191.224556,-0.200000
1684926191.235592,0.000000
1684926191.244540,0.000000
1684926191.255669,0.000000
1684926191.264580,-0.200000
1684926191.275881,0.000000
1684926191.284549,0.000000
1684926191.295571,0.000000
1684926191.304562,-0.200000
1684926191.315533,0.000000
1684926191.324578,0.000000
1684926191.335512,0.000000
1684926191.344599,-0.200000
1684926191.355510,0.000000
1684926191.364601,0.000000
1684926191.375496,0.000000
1684926191.384587,-0.200000
1684926191.395540,-0.200000
1684926191.404538,0.000000
1684926191.415428,0.000000
1684926191.424574,-0.200000
1684926191.435424,-0.200000
1684926191.444561,0.000000
1684926191.455389,0.000000
1684926191.464506,0.000000
1684926191.475384,-0.200000
1684926191.484539,0.000000
1684926191.495369,0.000000
1684926191.504560,-0.200000
1684926191.515320,0.000000
1684926191.524494,-0.200000
1684926191.535327,0.000000
1684926191.544571,0.000000
1684926191.555284,-0.200000
1684926191.564551,0.000000
1684926191.575262,0.000000
1684926191.584600,-0.200000
1684926191.595247,0.000000
1684926191.604599,-0.200000
1684926191.615223,0.000000
1684926191.624515,0.000000
1684926191.635245,-0.200000
1684926191.644589,0.000000
1684926191.655220,0.000000
1684926191.664530,0.000000
1684926191.675163,-0.200000
1684926191.684508,0.000000
1684926191.695161,0.000000
1684926191.704472,-0.200000
1684926191.715126,0.000000
1684926191.724560,0.000000
1684926191.735117,-0.200000
1684926191.744536,0.000000
1684926191.755106,0.000000
1684926191.764535,-0.200000
1684926191.775080,0.000000
1684926191.784536,0.000000
1684926191.795036,-0.200000
1684926191.804557,0.000000
1684926191.815017,0.000000
1684926191.824557,-0.200000
1684926191.836034,0.000000
1684926191.844624,0.000000
1684926191.855075,-0.200000
1684926191.864558,0.000000
1684926191.875035,0.000000
1684926191.884595,-0.200000
1684926191.895160,0.000000
1684926191.904597,0.000000
1684926191.915566,0.000000
1684926191.924596,0.000000
1684926191.935642,-0.200000
1684926191.944754,-0.200000
1684926191.955787,0.000000
1684926191.964855,0.000000
1684926191.975892,-0.200000
1684926191.984938,0.000000
1684926191.996042,0.000000
1684926192.005064,0.000000
1684926192.015223,-0.200000
1684926192.025225,0.000000
1684926192.035287,0.000000
1684926192.045330,0.000000
1684926192.055402,-0.200000
1684926192.065478,-0.200000
1684926192.075547,0.000000
1684926192.085579,0.000000
1684926192.095777,0.000000
1684926192.104682,-0.200000
1684926192.115736,-0.200000
1684926192.124816,0.000000
1684926192.135729,0.000000
1684926192.144925,-0.200000
1684926192.155692,-0.200000
1684926192.165043,-0.200000
1684926192.175662,0.000000
1684926192.185155,0.000000
1684926192.195742,-0.200000
1684926192.206334,-0.200000
1684926192.215649,0.000000
1684926192.226393,0.000000
1684926192.235606,0.000000
1684926192.244568,-0.200000
1684926192.256729,-0.200000
1684926192.264593,0.000000
1684926192.276715,0.000000
1684926192.284647,0.000000
1684926192.296726,-0.200000
1684926192.304545,0.000000
1684926192.316734,0.000000
1684926192.324583,-0.200000
1684926192.335742,0.000000
1684926192.344561,0.000000
1684926192.355688,0.000000
1684926192.364548,-0.200000
1684926192.375679,0.000000
1684926192.384524,0.000000
1684926192.395660,-0.200000
1684926192.404556,0.000000
1684926192.415667,0.000000
1684926192.424582,-0.200000
1684926192.435614,0.000000
1684926192.444667,0.000000
1684926192.455709,-0.200000
1684926192.464566,-0.200000
1684926192.475624,0.000000
1684926192.484608,0.000000
1684926192.495690,-0.200000
1684926192.504636,-0.200000
1684926192.515650,0.000000
1684926192.524573,0.000000
1684926192.535645,-0.200000
1684926192.544603,0.000000
1684926192.555632,0.000000
1684926192.564574,-0.200000
1684926192.575627,0.000000
1684926192.584629,0.000000
1684926192.595758,-0.200000
1684926192.604620,0.000000
1684926192.615669,0.000000
1684926192.624587,-0.200000
1684926192.635666,0.000000
1684926192.644583,-0.200000
1684926192.655669,0.000000
1684926192.664660,0.000000
1684926192.675774,-0.200000
1684926192.684620,0.000000
1684926192.695737,-0.200000
1684926192.704628,0.000000
1684926192.715705,0.000000
1684926192.724584,-0.200000
1684926192.735695,0.000000
1684926192.744637,0.000000
1684926192.755691,0.000000
1684926192.764607,-0.200000
1684926192.775649,0.000000
1684926192.784723,0.000000
1684926192.795698,-0.200000
1684926192.804680,0.000000
1684926192.815653,0.000000
1684926192.824675,-0.200000
1684926192.835697,-0.100000
1684926192.844648,0.000000
1684926192.855731,0.000000
1684926192.864684,0.000000
1684926192.875747,-0.200000
1684926192.884655,0.000000
1684926192.895736,0.000000
1684926192.904610,0.000000
1684926192.915692,-0.200000
1684926192.924597,0.000000
1684926192.935758,-0.200000
1684926192.944682,-0.200000
1684926192.955673,0.000000
1684926192.964631,0.000000
1684926192.975684,-0.200000
1684926192.984595,0.000000
1684926192.995662,0.000000
1684926193.004611,-0.200000
1684926193.015671,0.000000
1684926193.024594,0.000000
1684926193.035694,0.000000
1684926193.044662,0.000000
1684926193.055762,0.000000
1684926193.064677,0.000000
1684926193.075775,0.000000
1684926193.084618,0.000000
1684926193.095706,0.000000
1684926193.104657,0.000000
1684926193.115490,0.000000
1684926193.124681,0.000000
1684926193.135655,0.000000
1684926193.144658,0.000000
1684926193.155740,0.000000
1684926193.164655,0.000000
1684926193.175738,0.000000
1684926193.184661,0.000000
1684926193.195693,0.000000
1684926193.204615,0.000000
1684926193.215738,0.000000
1684926193.224611,0.000000
1684926193.235725,0.200000
1684926193.244594,0.000000
1684926193.255741,0.000000
1684926193.264667,0.200000
1684926193.275698,0.000000
1684926193.284628,0.000000
1684926193.295740,0.000000
1684926193.304684,0.000000
1684926193.315677,0.000000
1684926193.324702,0.000000
1684926193.335762,0.000000
1684926193.344708,0.300000
1684926193.355767,0.000000
1684926193.364600,0.000000
1684926193.375659,0.300000
1684926193.384682,0.000000
1684926193.395700,0.000000
1684926193.404658,0.000000
1684926193.415701,0.000000
1684926193.424681,0.000000
1684926193.435764,0.300000
1684926193.444621,0.000000
1684926193.455689,0.000000
1684926193.464641,0.200000
1684926193.475701,0.000000
1684926193.484637,0.000000
1684926193.495699,0.000000
1684926193.504676,0.000000
1684926193.515734,0.000000
1684926193.524718,0.000000
1684926193.535709,0.300000
1684926193.544657,0.000000
1684926193.555784,0.000000
1684926193.564665,0.200000
1684926193.575747,0.000000
1684926193.584663,0.000000
1684926193.595686,0.000000
1684926193.604789,0.200000
1684926193.615241,0.300000
1684926193.624916,0.000000
1684926193.635163,0.000000
1684926193.645061,0.000000
1684926193.655144,0.300000
1684926193.665115,0.000000
1684926193.675364,0.000000
1684926193.685263,0.200000
1684926193.695314,0.000000
1684926193.705382,0.000000
1684926193.715418,0.000000
1684926193.725455,0.000000
1684926193.735537,0.000000
1684926193.745615,0.200000
1684926193.755645,0.300000
1684926193.764687,0.000000
1684926193.775717,0.000000
1684926193.784767,0.200000
1684926193.795883,0.000000
1684926193.805038,0.000000
1684926193.815127,0.000000
1684926193.825165,0.200000
1684926193.835346,0.000000
1684926193.845280,0.000000
1684926193.855367,0.000000
1684926193.866454,0.000000
1684926193.876496,0.300000
1684926193.885636,0.000000
1684926193.895603,0.000000
1684926193.904695,0.000000
1684926193.916735,0.000000
1684926193.924664,0.300000
1684926193.936793,0.300000
1684926193.944774,0.000000
1684926193.955753,0.000000
1684926193.964685,0.000000
1684926193.975750,0.000000
1684926193.984666,0.300000
1684926193.995751,0.000000
1684926194.004715,0.000000
1684926194.015674,0.000000
1684926194.024685,0.000000
1684926194.035689,0.300000
1684926194.044708,0.000000
1684926194.055686,0.000000
1684926194.064626,0.000000
1684926194.075778,0.000000
1684926194.084650,0.000000
1684926194.095749,0.300000
1684926194.104620,0.300000
1684926194.115159,0.300000
1684926194.124630,0.000000
1684926194.135778,0.000000
1684926194.144690,0.000000
1684926194.156029,0.000000
1684926194.164639,0.000000
1684926194.175713,0.300000
1684926194.184699,0.000000
1684926194.195794,0.000000
1684926194.204709,0.000000
1684926194.215976,0.200000
1684926194.224677,0.000000
1684926194.235775,0.000000
1684926194.244628,0.000000
1684926194.255822,0.000000
1684926194.264628,0.300000
1684926194.275792,0.000000
1684926194.284760,0.000000
1684926194.295792,0.000000
1684926194.304751,0.200000
1684926194.315773,0.000000
1684926194.324688,0.000000
1684926194.335869,0.000000
1684926194.344652,0.000000
1684926194.355783,0.300000
1684926194.364703,0.000000
1684926194.375778,0.000000
1684926194.384678,0.000000
1684926194.395774,0.000000
1684926194.404695,0.000000
1684926194.415773,0.300000
1684926194.424674,0.000000
1684926194.435781,0.000000
1684926194.444704,0.000000
1684926194.455760,0.300000
1684926194.464711,0.000000
1684926194.475950,0.000000
1684926194.484730,0.000000
1684926194.495734,0.300000
1684926194.504702,0.000000
1684926194.515782,0.000000
1684926194.524746,0.300000
1684926194.535778,0.000000
1684926194.544747,0.200000
1684926194.555820,0.000000
1684926194.564701,0.000000
1684926194.575740,0.000000
1684926194.584693,0.000000
1684926194.595823,0.000000
1684926194.604701,0.300000
1684926194.615752,0.000000
1684926194.624699,0.000000
1684926194.635767,0.300000
1684926194.644684,0.000000
1684926194.655740,0.000000
1684926194.664693,0.300000
1684926194.675740,0.000000
1684926194.684676,0.000000
1684926194.695763,0.200000
1684926194.704696,0.000000
1684926194.715761,0.000000
1684926194.724716,0.000000
1684926194.735820,0.000000
1684926194.744756,0.000000
1684926194.755821,0.200000
1684926194.764695,0.000000
1684926194.775757,0.000000
1684926194.784718,0.000000
1684926194.795780,0.300000
1684926194.804685,0.000000
1684926194.815802,0.200000
1684926194.824777,0.000000
1684926194.835781,0.000000
1684926194.844738,0.200000
1684926194.855763,0.000000
1684926194.864822,0.000000
1684926194.875715,0.300000
1684926194.884762,0.000000
1684926194.895718,0.000000
1684926194.904734,0.000000
1684926194.915823,0.000000
1684926194.924671,0.000000
1684926194.935824,0.200000
1684926194.944757,0.000000
1684926194.955864,0.000000
1684926194.964718,0.200000
1684926194.975800,0.000000
1684926194.984780,0.000000
1684926194.995741,0.000000
1684926195.004732,0.300000
1684926195.015742,0.000000
1684926195.024687,0.000000
1684926195.035765,0.300000
1684926195.044746,0.000000
1684926195.055766,0.000000
1684926195.064738,0.200000
1684926195.075781,0.000000
1684926195.084698,0.000000
1684926195.095849,0.000000
1684926195.104671,0.300000
1684926195.115517,0.000000
1684926195.124810,0.000000
1684926195.135769,0.000000
1684926195.144701,0.300000
1684926195.155803,0.000000
1684926195.164713,0.000000
1684926195.175880,0.000000
1684926195.184800,0.000000
1684926195.195813,0.300000
1684926195.204784,0.000000
1684926195.215851,0.000000
1684926195.224874,0.300000
1684926195.235823,0.000000
1684926195.244946,0.000000
1684926195.256017,0.300000
1684926195.265010,0.000000
1684926195.276076,0.000000
1684926195.285112,0.300000
1684926195.296182,0.000000
1684926195.305257,0.000000
1684926195.315289,0.000000
1684926195.325347,0.300000
1684926195.335411,0.000000
1684926195.345502,0.000000
1684926195.355632,0.000000
1684926195.365558,0.200000
1684926195.375656,0.000000
1684926195.385681,0.000000
1684926195.395754,0.000000
1684926195.404807,0.000000
1684926195.416635,0.000000
1684926195.426722,0.000000
1684926195.436680,0.000000
1684926195.444707,0.200000
1684926195.456814,0.000000
1684926195.464761,0.000000
1684926195.475882,0.000000
1684926195.484773,0.300000
1684926195.495829,0.000000
1684926195.504747,0.000000
1684926195.515795,0.000000
1684926195.524760,0.000000
1684926195.535792,0.000000
1684926195.544785,0.300000
1684926195.555833,0.000000
1684926195.564783,0.000000
1684926195.575810,0.300000
1684926195.584732,0.000000
1684926195.595860,0.000000
1684926195.604766,0.200000
1684926195.615797,0.000000
1684926195.624707,0.000000
1684926195.635808,0.300000
1684926195.645782,0.000000
1684926195.655785,0.200000
1684926195.664804,0.000000
1684926195.675869,0.000000
1684926195.684770,0.200000
1684926195.695828,0.000000
1684926195.704805,0.000000
1684926195.715779,0.000000
1684926195.724789,0.300000
1684926195.735774,0.000000
1684926195.744835,0.000000
1684926195.755814,0.000000
1684926195.764811,0.000000
1684926195.775811,0.000000
1684926195.784716,0.000000
1684926195.795816,0.300000
1684926195.804713,0.000000
1684926195.815915,0.000000
1684926195.824806,0.000000
1684926195.835811,0.000000
1684926195.844830,0.000000
1684926195.855788,0.000000
1684926195.864834,0.000000
1684926195.875912,0.300000
1684926195.884690,0.000000
1684926195.895860,0.000000
1684926195.904788,0.000000
1684926195.915818,0.000000
1684926195.924763,0.200000
1684926195.935839,0.000000
1684926195.945093,0.000000
1684926195.955855,0.200000
1684926195.964894,0.000000
1684926195.975944,0.000000
1684926195.985020,0.000000
1684926195.996061,0.300000
1684926196.005148,0.000000
1684926196.015213,0.000000
1684926196.025274,0.300000
1684926196.035285,0.000000
1684926196.045356,0.000000
1684926196.055401,0.300000
1684926196.065460,0.000000
1684926196.075532,0.000000
1684926196.085541,0.200000
1684926196.095649,0.000000
1684926196.105700,0.000000
1684926196.115233,0.200000
1684926196.124812,0.000000
1684926196.135995,0.000000
1684926196.144943,0.300000
1684926196.156000,0.000000
1684926196.165065,0.000000
1684926196.176148,0.000000
1684926196.185152,0.200000
1684926196.195248,0.000000
1684926196.205327,0.000000
1684926196.215365,0.000000
1684926196.225417,0.000000
1684926196.236522,0.300000
1684926196.246549,0.300000
1684926196.256586,0.000000
1684926196.265634,0.000000
1684926196.276741,0.000000
1684926196.286756,0.000000
1684926196.296909,0.300000
1684926196.304810,0.000000
1684926196.316820,0.000000
1684926196.324772,0.000000
1684926196.336925,0.000000
1684926196.344798,0.000000
1684926196.355857,0.000000
1684926196.364782,0.000000
1684926196.375902,0.000000
1684926196.384799,0.000000
1684926196.395916,0.000000
1684926196.404848,0.000000
1684926196.415882,0.300000
1684926196.424798,0.000000
1684926196.435902,0.000000
1684926196.444798,0.000000
1684926196.455908,0.300000
1684926196.464821,0.000000
1684926196.475820,0.000000
1684926196.484819,0.000000
1684926196.495858,0.200000
1684926196.504797,0.000000
1684926196.515897,0.000000
1684926196.524824,0.000000
1684926196.535811,0.300000
1684926196.544735,0.000000
1684926196.555849,0.000000
1684926196.564820,0.000000
1684926196.575808,0.200000
1684926196.584806,0.300000
1684926196.595892,0.000000
1684926196.604904,0.000000
1684926196.615819,0.000000
1684926196.624816,0.000000
1684926196.635905,0.300000
1684926196.644779,0.000000
1684926196.655907,0.000000
1684926196.664863,0.000000
1684926196.675904,0.300000
1684926196.684822,0.000000
1684926196.695946,0.000000
1684926196.704775,0.000000
1684926196.715843,0.300000
1684926196.724788,0.000000
1684926196.735844,0.000000
1684926196.744781,0.000000
1684926196.755867,0.000000
1684926196.764797,0.000000
1684926196.775841,0.300000
1684926196.785791,0.000000
1684926196.795910,0.000000
1684926196.804826,0.000000
1684926196.815882,0.000000
1684926196.825786,0.300000
1684926196.835908,0.000000
1684926196.845775,0.000000
1684926196.855883,0.000000
1684926196.864819,0.000000
1684926196.875903,0.200000
1684926196.884909,0.000000
1684926196.895960,0.000000
1684926196.904843,0.000000
1684926196.915897,0.000000
1684926196.925707,0.300000
1684926196.935907,0.000000
1684926196.944860,0.000000
1684926196.955918,0.000000
1684926196.964856,0.000000
1684926196.975911,0.200000
1684926196.984869,0.000000
1684926196.995868,0.000000
1684926197.004805,0.000000
1684926197.015926,0.000000
1684926197.025662,0.300000
1684926197.035903,0.000000
1684926197.045536,0.000000
1684926197.055850,0.000000
1684926197.064818,0.000000
1684926197.075903,0.300000
1684926197.084837,0.000000
1684926197.095914,0.000000
1684926197.104823,0.000000
1684926197.115846,0.000000
1684926197.125473,0.200000
1684926197.135912,0.300000
1684926197.144846,0.000000
1684926197.155909,0.000000
1684926197.164805,0.000000
1684926197.175912,0.300000
1684926197.184820,0.000000
1684926197.195874,0.000000
1684926197.204787,0.000000
1684926197.215947,0.000000
1684926197.225407,0.300000
1684926197.235937,0.000000
1684926197.245326,0.200000
1684926197.255931,0.300000
1684926197.264879,0.000000
1684926197.275895,0.000000
1684926197.284848,0.300000
1684926197.295935,0.000000
1684926197.304873,0.000000
1684926197.315922,0.000000
1684926197.325426,0.000000
1684926197.335892,0.000000
1684926197.344846,0.000000
1684926197.355910,0.300000
1684926197.364851,0.300000
1684926197.375962,0.000000
1684926197.384810,0.000000
1684926197.395896,0.000000
1684926197.404914,0.000000
1684926197.415968,0.000000
1684926197.425159,0.300000
1684926197.436193,0.000000
1684926197.445143,0.000000
1684926197.455936,0.000000
1684926197.464905,0.000000
1684926197.475859,0.300000
1684926197.484857,0.000000
1684926197.495936,0.000000
1684926197.504908,0.000000
1684926197.515866,0.300000
1684926197.525687,0.000000
1684926197.535969,0.000000
1684926197.544908,0.300000
1684926197.555992,0.000000
1684926197.564911,0.000000
1684926197.575943,0.000000
1684926197.584831,0.300000
1684926197.595900,0.300000
1684926197.604831,0.000000
1684926197.615981,0.000000
1684926197.625734,0.000000
1684926197.635913,0.000000
1684926197.645756,0.000000
1684926197.655727,0.300000
1684926197.665750,0.300000
1684926197.675730,0.000000
1684926197.685729,0.000000
1684926197.695818,0.000000
1684926197.705724,0.200000
1684926197.715727,0.000000
1684926197.725834,0.000000
1684926197.735821,0.000000
1684926197.745757,0.300000
1684926197.755982,0.000000
1684926197.764974,0.000000
1684926197.776090,0.300000
1684926197.785794,0.000000
1684926197.796210,0.000000
1684926197.805246,0.200000
1684926197.815291,0.000000
1684926197.825792,0.000000
1684926197.835427,0.000000
1684926197.845794,0.300000
1684926197.855519,0.000000
1684926197.866647,0.000000
1684926197.876650,0.200000
1684926197.885729,0.300000
1684926197.896774,0.000000
1684926197.904864,0.000000
1684926197.916960,0.200000
1684926197.924875,0.000000
1684926197.937002,0.000000
1684926197.944879,0.000000
1684926197.955898,0.300000
1684926197.964837,0.000000
1684926197.975922,0.000000
1684926197.984839,0.200000
1684926197.995920,0.300000
1684926198.004860,0.000000
1684926198.015921,0.000000
1684926198.024862,0.200000
1684926198.037314,0.000000
1684926198.044919,0.000000
1684926198.056045,0.000000
1684926198.064916,0.300000
1684926198.075961,0.000000
1684926198.084868,0.000000
1684926198.096016,0.300000
1684926198.104844,0.000000
1684926198.115968,0.200000
1684926198.124915,0.000000
1684926198.136024,0.000000
1684926198.144921,0.200000
1684926198.155995,0.000000
1684926198.164943,0.000000
1684926198.176007,0.000000
1684926198.184921,0.000000
1684926198.195990,0.300000
1684926198.204921,0.000000
1684926198.216051,0.000000
1684926198.224920,0.000000
1684926198.235969,0.300000
1684926198.245027,0.000000
1684926198.255924,0.000000
1684926198.264920,0.000000
1684926198.275879,0.200000
1684926198.284919,0.300000
1684926198.296024,0.000000
1684926198.304863,0.000000
1684926198.315970,0.000000
1684926198.324944,0.000000
1684926198.335987,0.300000
1684926198.344980,0.000000
1684926198.355990,0.000000
1684926198.364928,0.000000
1684926198.376009,0.200000
1684926198.384992,0.300000
1684926198.396004,0.000000
1684926198.404925,0.000000
1684926198.415943,0.000000
1684926198.425004,0.200000
1684926198.435948,0.000000
1684926198.445049,0.000000
1684926198.455902,0.000000
1684926198.464864,0.300000
1684926198.475986,0.000000
1684926198.484930,0.000000
1684926198.495956,0.000000
1684926198.504875,0.300000
1684926198.516026,0.000000
1684926198.525185,0.000000
1684926198.536009,0.000000
1684926198.545089,0.000000
1684926198.555994,0.000000
1684926198.564931,0.000000
1684926198.575966,0.000000
1684926198.584930,0.300000
1684926198.595999,0.000000
1684926198.604872,0.000000
1684926198.616007,0.200000
1684926198.624945,0.000000
1684926198.635955,0.000000
1684926198.644941,0.000000
1684926198.656021,0.300000
1684926198.664931,0.000000
1684926198.675986,0.000000
1684926198.684946,0.200000
1684926198.695990,0.300000
1684926198.704945,0.000000
1684926198.716011,0.000000
1684926198.724946,0.200000
1684926198.735964,0.300000
1684926198.745225,0.000000
1684926198.755973,0.000000
1684926198.764924,0.000000
1684926198.775993,0.200000
1684926198.784922,0.300000
1684926198.795991,0.000000
1684926198.804889,0.000000
1684926198.816050,0.000000
1684926198.824870,0.200000
1684926198.835950,0.000000
1684926198.844953,0.000000
1684926198.855969,0.000000
1684926198.864928,0.000000
1684926198.875932,0.300000
1684926198.884869,0.000000
1684926198.895974,0.000000
1684926198.904893,0.000000
1684926198.915954,0.000000
1684926198.925070,0.000000
1684926198.936021,0.000000
1684926198.945329,0.300000
1684926198.956009,0.300000
1684926198.964927,0.000000
1684926198.975996,0.000000
1684926198.984930,0.000000
1684926198.995994,0.000000
1684926199.004894,0.300000
1684926199.016019,0.000000
1684926199.024930,0.000000
1684926199.036023,0.000000
1684926199.044935,0.200000
1684926199.056039,0.000000
1684926199.064935,0.000000
1684926199.075974,0.000000
1684926199.084978,0.000000
1684926199.096042,0.300000
1684926199.104931,0.000000
1684926199.116025,0.000000
1684926199.124973,0.000000
1684926199.136273,0.300000
1684926199.145113,0.000000
1684926199.156204,0.000000
1684926199.165226,0.200000
1684926199.176351,0.000000
1684926199.185327,0.000000
1684926199.196051,0.000000
1684926199.204995,0.200000
1684926199.216066,0.000000
1684926199.225334,0.000000
1684926199.236024,0.000000
1684926199.245297,0.000000
1684926199.255974,0.300000
1684926199.264947,0.000000
1684926199.275977,0.000000
1684926199.284912,0.000000
1684926199.296052,0.300000
1684926199.305076,0.000000
1684926199.316126,0.000000
1684926199.325183,0.000000
1684926199.336238,0.300000
1684926199.345344,0.000000
1684926199.356346,0.000000
1684926199.365499,0.300000
1684926199.375499,0.000000
1684926199.385524,0.000000
1684926199.395493,0.000000
1684926199.405495,0.300000
1684926199.416565,0.000000
1684926199.425559,0.000000
1684926199.435527,0.200000
1684926199.445516,0.000000
1684926199.455519,0.000000
1684926199.465564,0.000000
1684926199.475522,0.000000
1684926199.485555,0.300000
1684926199.495543,0.000000
1684926199.505554,0.000000
1684926199.515523,0.000000
1684926199.525600,0.300000
1684926199.535594,0.000000
1684926199.545621,0.000000
1684926199.555591,0.200000
1684926199.565612,0.000000
1684926199.575607,0.000000
1684926199.585602,0.000000
1684926199.595606,0.200000
1684926199.606688,0.000000
1684926199.616746,0.000000
1684926199.626834,0.300000
1684926199.635862,0.000000
1684926199.645633,0.000000
1684926199.657003,0.300000
1684926199.664953,0.000000
1684926199.677026,0.000000
1684926199.685013,0.000000
1684926199.696114,0.300000
1684926199.704935,0.000000
1684926199.716047,0.000000
1684926199.724981,0.200000
1684926199.736042,0.000000
1684926199.745705,0.000000
1684926199.756104,0.000000
1684926199.764965,0.300000
1684926199.776083,0.000000
1684926199.784998,0.000000
1684926199.796049,0.300000
1684926199.805058,0.000000
1684926199.816059,0.000000
1684926199.824966,0.300000
1684926199.836070,0.000000
1684926199.845854,0.000000
1684926199.856001,0.000000
1684926199.864938,0.000000
1684926199.876070,0.000000
1684926199.885064,0.200000
1684926199.896067,0.000000
1684926199.904968,0.000000
1684926199.916042,0.000000
1684926199.924988,0.300000
1684926199.935977,0.000000
1684926199.945884,0.000000
1684926199.956065,0.300000
1684926199.964972,0.000000
1684926199.976061,0.000000
1684926199.985058,0.300000
1684926199.996065,0.000000
1684926200.005066,0.000000
1684926200.016128,0.300000
1684926200.025098,0.000000
1684926200.036088,0.200000
1684926200.045083,0.300000
1684926200.056092,0.000000
1684926200.065102,0.000000
1684926200.076109,0.000000
1684926200.085088,0.000000
1684926200.096152,0.200000
1684926200.105151,0.000000
1684926200.116297,0.000000
1684926200.125105,0.300000
1684926200.136131,0.000000
1684926200.145108,0.000000
1684926200.156134,0.300000
1684926200.165138,0.000000
1684926200.176156,0.000000
1684926200.185130,0.200000
1684926200.196138,0.000000
1684926200.205193,0.000000
1684926200.216194,0.000000
1684926200.225160,0.300000
1684926200.236196,0.000000
1684926200.245164,0.000000
1684926200.256197,0.000000
1684926200.265148,0.200000
1684926200.276260,0.300000
1684926200.285264,0.000000
1684926200.296299,0.000000
1684926200.305253,0.300000
1684926200.316285,0.000000
1684926200.325460,0.200000
1684926200.336290,0.000000
1684926200.345298,0.000000
1684926200.356303,0.200000
1684926200.366316,0.000000
1684926200.376443,0.000000
1684926200.385402,0.000000
1684926200.395449,0.000000
1684926200.405538,0.000000
1684926200.415612,0.200000
1684926200.425729,0.000000
1684926200.435767,0.000000
1684926200.445915,0.300000
1684926200.455845,0.000000
1684926200.465865,0.000000
1684926200.475945,0.000000
1684926200.485967,0.000000
1684926200.496098,0.000000
1684926200.506147,0.000000
1684926200.516155,0.000000
1684926200.526263,0.000000
1684926200.536280,0.200000
1684926200.545395,0.300000
1684926200.555538,0.000000
1684926200.565457,0.000000
1684926200.575514,0.000000
1684926200.585582,0.200000
1684926200.595625,0.300000
1684926200.605969,0.000000
1684926200.616070,0.000000
1684926200.625078,0.000000
1684926200.636146,0.000000
1684926200.646238,0.000000
1684926200.656263,0.300000
1684926200.665441,0.000000
1684926200.675412,0.000000
1684926200.685433,0.000000
1684926200.695465,0.000000
1684926200.706487,0.000000
1684926200.716487,0.000000
1684926200.726581,0.300000
1684926200.736605,0.000000
1684926200.746645,0.000000
1684926200.756765,0.000000
1684926200.766634,0.000000
1684926200.776604,0.300000
1684926200.785602,0.000000
1684926200.796622,0.000000
1684926200.805607,0.000000
1684926200.816646,0.000000
1684926200.825636,0.300000
1684926200.835622,0.000000
1684926200.845634,0.000000
1684926200.856647,0.000000
1684926200.865633,0.000000
1684926200.875617,0.200000
1684926200.885725,0.300000
1684926200.895643,0.000000
1684926200.905574,0.000000
1684926200.915667,0.000000
1684926200.925514,0.000000
1684926200.935641,0.000000
1684926200.945505,0.000000
1684926200.955639,0.300000
1684926200.965481,0.300000
1684926200.975667,0.000000
1684926200.985492,0.000000
1684926200.995683,0.000000
1684926201.005585,0.000000
1684926201.015697,0.000000
1684926201.025442,0.200000
1684926201.035692,0.300000
1684926201.045441,0.000000
1684926201.055744,0.000000
1684926201.065370,0.000000
1684926201.075747,0.100000
1684926201.085362,-0.400000
1684926201.095731,-0.600000
1684926201.105331,-1.100000
1684926201.116326,-1.600000
1684926201.125332,-2.400000
1684926201.135723,-3.000000
1684926201.148468,-3.600000
1684926201.155740,-4.300000
1684926201.165298,-4.900000
1684926201.175776,-5.500000
1684926201.185280,-6.300000
1684926201.195774,-6.800000
1684926201.205283,-7.400000
1684926201.215769,-7.700000
1684926201.225206,-8.100000
1684926201.235785,-8.400000
1684926201.246233,-8.600000
1684926201.255780,-9.000000
1684926201.265207,-9.300000
1684926201.275799,-9.500000
1684926201.285140,-9.600000
1684926201.296026,-9.700000
1684926201.305130,-10.100000
1684926201.315792,-10.300000
1684926201.325137,-10.600000
1684926201.335837,-10.900000
1684926201.346092,-11.200000
1684926201.355822,-11.900000
1684926201.366104,-12.400000
1684926201.375840,-12.900000
1684926201.385064,-13.500000
1684926201.395838,-14.300000
1684926201.405071,-15.100000
1684926201.415836,-16.400000
1684926201.426032,-17.299999
1684926201.435967,-18.299999
1684926201.446191,-19.400000
1684926201.455957,-20.600000
1684926201.466002,-21.799999
1684926201.475982,-23.100000
1684926201.486028,-24.000000
1684926201.496005,-24.799999
1684926201.506005,-25.500000
1684926201.515980,-26.100000
1684926201.526001,-26.500000
1684926201.535995,-27.000000
1684926201.546021,-27.000000
1684926201.555994,-27.299999
1684926201.566026,-27.299999
1684926201.576043,-27.600000
1684926201.586030,-27.799999
1684926201.596017,-28.600000
1684926201.606023,-29.299999
1684926201.616038,-30.100000
1684926201.626024,-31.100000
1684926201.636022,-32.500000
1684926201.646077,-33.500000
1684926201.656043,-35.099998
1684926201.666085,-36.500000
1684926201.676043,-37.900002
1684926201.686068,-39.200001
1684926201.696045,-40.099998
1684926201.706068,-41.299999
1684926201.716088,-42.000000
1684926201.726093,-42.700001
1684926201.736085,-43.099998
1684926201.746082,-43.599998
1684926201.756082,-44.099998
1684926201.766089,-44.200001
1684926201.776084,-44.500000
1684926201.786111,-44.700001
1684926201.796086,-44.900002
1684926201.806110,-45.299999
1684926201.816096,-45.500000
1684926201.826108,-45.599998
1684926201.836110,-45.799999
1684926201.846126,-45.799999
1684926201.856116,-45.799999
1684926201.866111,-46.099998
1684926201.876130,-46.099998
1684926201.886159,-46.099998
1684926201.896135,-45.799999
1684926201.909368,-45.799999
1684926201.916141,-45.799999
1684926201.926209,-45.799999
1684926201.936206,-45.799999
1684926201.945135,-45.799999
1684926201.956270,-45.799999
1684926201.966209,-45.799999
1684926201.976173,-45.799999
1684926201.986209,-46.400002
1684926201.996222,-46.400002
1684926202.005332,-46.400002
1684926202.016228,-46.599998
1684926202.025343,-46.700001
1684926202.036238,-46.700001
1684926202.046233,-46.900002
1684926202.056276,-46.900002
1684926202.065215,-46.900002
1684926202.076180,-46.700001
1684926202.086265,-46.900002
1684926202.096238,-46.900002
1684926202.105219,-46.900002
1684926202.116197,-46.700001
1684926202.125132,-46.900002
1684926202.136215,-46.900002
1684926202.145131,-46.700001
1684926202.156234,-46.400002
1684926202.165164,-46.200001
1684926202.176251,-46.000000
1684926202.185251,-46.000000
1684926202.196339,-45.799999
1684926202.205237,-45.599998
1684926202.216466,-45.299999
1684926202.225213,-45.599998
1684926202.235563,-45.599998
1684926202.245186,-45.299999
1684926202.255647,-45.500000
1684926202.265151,-45.599998
1684926202.275801,-45.599998
1684926202.285137,-45.599998
1684926202.295887,-45.299999
1684926202.305094,-45.299999
1684926202.316008,-45.799999
1684926202.326092,-46.299999
1684926202.336144,-46.900002
1684926202.346154,-47.299999
1684926202.356218,-47.900002
1684926202.366019,-48.400002
1684926202.376349,-49.000000
1684926202.385385,-49.500000
1684926202.396443,-49.799999
1684926202.405490,-50.099998
1684926202.416547,-50.099998
1684926202.425611,-50.099998
1684926202.435657,-50.099998
1684926202.446742,-50.400002
1684926202.456873,-50.599998
1684926202.466858,-50.700001
1684926202.476905,-50.700001
1684926202.486986,-50.700001
1684926202.496913,-50.700001
1684926202.507100,-50.700001
1684926202.517185,-50.700001
1684926202.525154,-50.400002
1684926202.536935,-50.299999
1684926202.545191,-49.900002
1684926202.557276,-49.700001
1684926202.565222,-49.500000
1684926202.575813,-48.900002
1684926202.585161,-48.400002
1684926202.597242,-47.799999
1684926202.605222,-47.099998
1684926202.616249,-46.500000
1684926202.625212,-45.700001
1684926202.635724,-44.700001
1684926202.645153,-43.799999
1684926202.656280,-42.799999
1684926202.665137,-42.000000
1684926202.676677,-40.900002
1684926202.685160,-39.599998
1684926202.696304,-38.299999
1684926202.705145,-36.900002
1684926202.715662,-35.599998
1684926202.725258,-34.200001
1684926202.736259,-32.900002
1684926202.745250,-31.299999
1684926202.756260,-29.900000
1684926202.765280,-28.600000
1684926202.776280,-27.200001
1684926202.785280,-25.900000
1684926202.796290,-24.799999
1684926202.805183,-23.700001
1684926202.816282,-22.700001
1684926202.825198,-21.600000
1684926202.836337,-20.500000
1684926202.845200,-19.900000
1684926202.856301,-18.900000
1684926202.865221,-18.100000
1684926202.876204,-17.200001
1684926202.885245,-16.900000
1684926202.896294,-16.200001
1684926202.905157,-15.600000
1684926202.916574,-15.300000
1684926202.925458,-14.800000
1684926202.936281,-14.300000
1684926202.945179,-14.100000
1684926202.956408,-13.600000
1684926202.965225,-12.900000
1684926202.976326,-12.600000
1684926202.985282,-11.900000
1684926202.996392,-11.100000
1684926203.005183,-10.700000
1684926203.016289,-10.000000
1684926203.025250,-9.400000
1684926203.036397,-8.900000
1684926203.045224,-8.300000
1684926203.056325,-7.600000
1684926203.065161,-7.200000
1684926203.076230,-6.900000
1684926203.085169,-6.600000
1684926203.096230,-6.600000
1684926203.105125,-6.400000
1684926203.116211,-6.200000
1684926203.125159,-6.100000
1684926203.136288,-6.100000
1684926203.145226,-6.100000
1684926203.156332,-6.100000
1684926203.165247,-6.200000
1684926203.176298,-6.100000
1684926203.185242,-6.100000
1684926203.196317,-6.100000
1684926203.205247,-6.100000
1684926203.216328,-6.100000
1684926203.225301,-6.100000
1684926203.236313,-6.100000
1684926203.245329,-6.100000
1684926203.256265,-6.100000
1684926203.265226,-5.900000
1684926203.276286,-6.100000
1684926203.285230,-6.100000
1684926203.296310,-6.100000
1684926203.305302,-6.100000
1684926203.316331,-6.100000
1684926203.325294,-6.100000
1684926203.336314,-6.100000
1684926203.345243,-6.100000
1684926203.356342,-6.100000
1684926203.365295,-6.100000
1684926203.376360,-6.100000
1684926203.385301,-5.900000
1684926203.396358,-6.300000
1684926203.405295,-6.300000
1684926203.416356,-6.600000
1684926203.425275,-6.600000
1684926203.436379,-7.100000
1684926203.445236,-7.400000
1684926203.456334,-7.400000
1684926203.465280,-7.800000
1684926203.476302,-8.000000
1684926203.485234,-8.000000
1684926203.496367,-8.200000
1684926203.505228,-8.200000
1684926203.516324,-8.200000
1684926203.525295,-8.200000
1684926203.536315,-8.000000
1684926203.545296,-8.200000
1684926203.556323,-8.200000
1684926203.565304,-8.200000
1684926203.576396,-8.000000
1684926203.585281,-8.200000
1684926203.596389,-8.000000
1684926203.605282,-7.700000
1684926203.616333,-7.500000
1684926203.625279,-7.200000
1684926203.636316,-6.700000
1684926203.646176,-6.500000
1684926203.656221,-6.100000
1684926203.665313,-6.100000
1684926203.676339,-5.800000
1684926203.685364,-5.500000
1684926203.696438,-5.500000
1684926203.705485,-5.500000
1684926203.716593,-5.500000
1684926203.725593,-5.500000
1684926203.736652,-5.500000
1684926203.745667,-5.500000
1684926203.755776,-5.500000
1684926203.766854,-5.500000
1684926203.776887,-5.400000
1684926203.786959,-5.500000
1684926203.797004,-5.500000
1684926203.807041,-5.500000
1684926203.817110,-5.400000
1684926203.827155,-5.300000
1684926203.837264,-5.300000
1684926203.845346,-5.300000
1684926203.857391,-5.300000
1684926203.865358,-5.000000
1684926203.877384,-5.300000
1684926203.885375,-5.100000
1684926203.897489,-5.000000
1684926203.905360,-4.700000
1684926203.917396,-5.000000
1684926203.925355,-4.800000
1684926203.937385,-4.700000
1684926203.945233,-4.700000
1684926203.956362,-4.600000
1684926203.965326,-4.500000
1684926203.976316,-4.200000
1684926203.985298,-4.200000
1684926203.997434,-3.700000
1684926204.005290,-3.200000
1684926204.016401,-3.000000
1684926204.025304,-2.500000
1684926204.036338,-1.900000
1684926204.045308,-1.400000
1684926204.056456,-0.600000
1684926204.065361,0.100000
1684926204.076358,0.700000
1684926204.085310,1.700000
1684926204.096363,2.600000
1684926204.105259,3.200000
1684926204.116359,4.100000
1684926204.125301,4.900000
1684926204.137380,5.600000
1684926204.145314,6.500000
1684926204.157386,7.400000
1684926204.165365,8.100000
1684926204.177408,8.800000
1684926204.185245,9.600000
1684926204.197398,10.100000
1684926204.205293,11.100000
1684926204.216409,12.200000
1684926204.225290,13.200000
1684926204.237380,14.300000
1684926204.245328,15.100000
1684926204.257416,16.200001
1684926204.265310,17.100000
1684926204.277421,17.900000
1684926204.285360,18.900000
1684926204.297446,20.100000
1684926204.305277,20.600000
1684926204.316406,21.299999
1684926204.325408,21.799999
1684926204.336384,22.100000
1684926204.345314,22.400000
1684926204.356340,22.700001
1684926204.365241,22.400000
1684926204.376403,22.400000
1684926204.385294,22.600000
1684926204.396366,22.700001
1684926204.405300,22.700001
1684926204.416342,22.400000
1684926204.425373,22.400000
1684926204.437451,22.700001
1684926204.445329,22.900000
1684926204.456648,23.200001
1684926204.465368,23.400000
1684926204.477383,23.700001
1684926204.485361,24.000000
1684926204.497469,24.299999
1684926204.505375,24.500000
1684926204.517414,25.000000
1684926204.525295,25.400000
1684926204.537408,25.900000
1684926204.545303,26.299999
1684926204.557470,26.799999
1684926204.565362,27.400000
1684926204.577558,27.900000
1684926204.585292,28.500000
1684926204.596411,29.100000
1684926204.605398,29.500000
1684926204.617467,30.100000
1684926204.625301,30.700001
1684926204.636394,31.400000
1684926204.645333,32.200001
1684926204.656320,32.799999
1684926204.665305,33.599998
1684926204.676428,34.099998
1684926204.685370,34.900002
1684926204.696342,35.700001
1684926204.705375,36.599998
1684926204.717429,37.400002
1684926204.725369,38.200001
1684926204.737556,38.799999
1684926204.745296,39.299999
1684926204.756427,39.799999
1684926204.765244,40.299999
1684926204.777432,40.299999
1684926204.785314,40.400002
1684926204.797370,40.400002
1684926204.805340,40.400002
1684926204.816348,40.599998
1684926204.825309,40.700001
1684926204.837372,40.700001
1684926204.845327,40.700001
1684926204.856431,40.700001
1684926204.865327,40.400002
1684926204.877411,40.400002
1684926204.885366,40.400002
1684926204.897413,40.400002
1684926204.905379,40.400002
1684926204.917467,40.400002
1684926204.925350,40.599998
1684926204.937449,40.700001
1684926204.945348,40.700001
1684926204.956414,40.700001
1684926204.965356,40.400002
1684926204.976566,39.900002
1684926204.985302,39.500000
1684926204.996377,39.099998
1684926205.005352,38.599998
1684926205.017414,37.900002
1684926205.025327,37.299999
1684926205.037394,36.700001
1684926205.045350,35.900002
1684926205.057398,35.200001
1684926205.065349,34.700001
1684926205.077497,34.299999
1684926205.085390,34.000000
1684926205.097408,33.599998
1684926205.105367,33.400002
1684926205.117461,33.400002
1684926205.125383,33.400002
1684926205.137456,33.400002
1684926205.145348,33.400002
1684926205.156371,33.400002
1684926205.165365,33.400002
1684926205.177372,33.400002
1684926205.185373,33.299999
1684926205.197479,33.200001
1684926205.205483,33.200001
1684926205.216526,32.900002
1684926205.225547,32.700001
1684926205.236623,32.599998
1684926205.245664,32.400002
1684926205.256703,31.900000
1684926205.265767,31.400000
1684926205.276982,30.900000
1684926205.285846,30.400000
1684926205.296937,30.000000
1684926205.306010,29.400000
1684926205.317018,28.600000
1684926205.326086,28.100000
1684926205.337198,27.600000
1684926205.346191,27.100000
1684926205.357363,26.799999
1684926205.366316,26.500000
1684926205.377379,26.000000
1684926205.385444,25.700001
1684926205.396539,25.400000
1684926205.405524,25.200001
1684926205.416589,25.100000
1684926205.425740,24.700001
1684926205.436703,24.600000
1684926205.445712,24.400000
1684926205.455794,24.299999
1684926205.466883,24.000000
1684926205.476954,23.799999
1684926205.487011,23.500000
1684926205.497045,23.299999
1684926205.507132,23.000000
1684926205.517179,22.500000
1684926205.527241,22.200001
1684926205.537294,21.700001
1684926205.547315,21.200001
1684926205.557400,20.900000
1684926205.565427,20.500000
1684926205.577509,20.100000
1684926205.585422,20.000000
1684926205.597406,19.400000
1684926205.605398,19.100000
1684926205.617418,18.600000
1684926205.625328,18.500000
1684926205.637424,18.299999
1684926205.645361,18.299999
1684926205.657450,17.900000
1684926205.665335,17.700001
1684926205.677416,17.700001
1684926205.685439,17.600000
1684926205.697527,17.200001
1684926205.705461,17.200001
1684926205.717524,17.100000
1684926205.725382,16.900000
1684926205.737559,16.700001
1684926205.745455,16.700001
1684926205.757497,16.700001
1684926205.765397,16.700001
1684926205.777381,16.400000
1684926205.785429,16.400000
1684926205.797460,16.400000
1684926205.805349,16.299999
1684926205.817399,16.400000
1684926205.825380,16.400000
1684926205.837507,16.400000
1684926205.845361,16.100000
1684926205.857446,16.400000
1684926205.865317,16.400000
1684926205.877419,16.400000
1684926205.885355,16.299999
1684926205.897447,16.400000
1684926205.905362,16.400000
1684926205.917367,16.400000
1684926205.925386,16.400000
1684926205.937490,16.400000
1684926205.945426,16.400000
1684926205.957459,16.299999
1684926205.969296,16.400000
1684926205.977465,16.100000
1684926205.985348,16.100000
1684926205.997488,16.100000
1684926206.005386,15.900000
1684926206.016188,15.600000
1684926206.025400,15.300000
1684926206.037526,15.300000
1684926206.045399,15.100000
1684926206.057477,14.800000
1684926206.065366,14.500000
1684926206.077539,14.300000
1684926206.085380,14.200000
1684926206.097126,13.700000
1684926206.105387,13.700000
1684926206.117159,13.400000
1684926206.125429,13.400000
1684926206.137089,13.700000
1684926206.145473,13.400000
1684926206.157482,13.400000
1684926206.165448,13.400000
1684926206.177033,13.700000
1684926206.185422,13.700000
1684926206.197540,13.400000
1684926206.205450,13.600000
1684926206.217006,13.700000
1684926206.225446,13.400000
1684926206.237483,13.400000
1684926206.245417,13.600000
1684926206.257507,13.700000
1684926206.265447,13.400000
1684926206.277552,13.400000
1684926206.285381,13.400000
1684926206.297513,13.700000
1684926206.305364,13.400000
1684926206.316883,13.400000
1684926206.325404,13.400000
1684926206.337426,13.600000
1684926206.345467,13.700000
1684926206.357447,13.400000
1684926206.365508,13.400000
1684926206.377511,13.400000
1684926206.385470,13.200000
1684926206.397550,13.200000
1684926206.405402,13.200000
1684926206.416952,12.900000
1684926206.425467,12.500000
1684926206.437464,12.200000
1684926206.445468,11.600000
1684926206.457478,11.300000
1684926206.465379,11.000000
1684926206.477567,10.800000
1684926206.485471,10.200000
1684926206.497525,9.700000
1684926206.505443,9.400000
1684926206.517533,8.900000
1684926206.525533,8.400000
1684926206.537621,8.100000
1684926206.545645,7.800000
1684926206.556670,7.300000
1684926206.565786,7.000000
1684926206.576759,6.700000
1684926206.585799,6.500000
1684926206.596887,6.500000
1684926206.606027,6.200000
1684926206.617005,6.200000
1684926206.626050,6.300000
1684926206.637099,6.500000
1684926206.646161,6.200000
1684926206.657223,6.200000
1684926206.666218,6.400000
1684926206.677328,6.500000
1684926206.685410,6.200000
1684926206.697465,6.400000
1684926206.705448,6.500000
1684926206.717497,6.600000
1684926206.725591,6.900000
1684926206.736649,7.100000
1684926206.745643,7.200000
1684926206.756725,7.500000
1684926206.767061,7.900000
1684926206.777410,8.300000
1684926206.787156,8.300000
1684926206.797364,8.800000
1684926206.807308,9.100000
1684926206.817406,9.100000
1684926206.825454,9.400000
1684926206.837458,9.600000
1684926206.845392,9.400000
1684926206.857481,9.400000
1684926206.865399,9.400000
1684926206.877577,9.700000
1684926206.885447,9.400000
1684926206.897492,9.400000
1684926206.905436,9.700000
1684926206.917584,9.400000
1684926206.925410,9.400000
1684926206.937516,9.600000
1684926206.945439,9.400000
1684926206.957495,9.400000
1684926206.965438,9.400000
1684926206.977524,9.400000
1684926206.985471,9.400000
1684926206.997753,9.600000
1684926207.005437,9.400000
1684926207.016542,9.400000
1684926207.026518,9.400000
1684926207.036521,9.600000
1684926207.045442,9.700000
1684926207.056579,9.400000
1684926207.066523,9.400000
1684926207.076516,9.600000
1684926207.086498,9.800000
1684926207.096539,10.400000
1684926207.107397,11.000000
1684926207.116496,11.900000
1684926207.126516,13.000000
1684926207.136516,14.300000
1684926207.146537,15.600000
1684926207.156539,17.100000
1684926207.165483,18.799999
1684926207.177561,20.700001
1684926207.185505,21.900000
1684926207.197594,23.500000
1684926207.205517,24.700001
1684926207.217576,25.700001
1684926207.225451,26.799999
1684926207.237478,27.500000
1684926207.245409,27.900000
1684926207.257500,28.100000
1684926207.265402,28.100000
1684926207.277458,28.299999
1684926207.286497,28.299999
1684926207.297459,28.299999
1684926207.307371,28.299999
1684926207.316483,28.299999
1684926207.326472,28.299999
1684926207.336488,28.299999
1684926207.346462,28.299999
1684926207.356455,28.299999
1684926207.366461,28.299999
1684926207.376462,28.100000
1684926207.386440,28.200001
1684926207.396499,28.299999
1684926207.407330,28.299999
1684926207.416445,28.299999
1684926207.426463,28.299999
1684926207.436484,28.299999
1684926207.446485,28.100000
1684926207.456503,28.100000
1684926207.465415,28.100000
1684926207.476527,28.100000
1684926207.485436,28.200001
1684926207.497460,28.299999
1684926207.505435,28.299999
1684926207.517524,28.299999
1684926207.525379,28.299999
1684926207.537532,28.299999
1684926207.545394,28.299999
1684926207.557522,28.299999
1684926207.566418,28.299999
1684926207.576436,28.299999
1684926207.586435,28.299999
1684926207.596421,28.500000
1684926207.607311,28.799999
1684926207.616421,29.100000
1684926207.626399,29.100000
1684926207.636415,29.299999
1684926207.646398,29.700001
1684926207.656397,30.100000
1684926207.666419,30.400000
1684926207.676402,30.400000
1684926207.686399,30.600000
1684926207.696418,30.700001
1684926207.707312,31.000000
1684926207.716444,31.000000
1684926207.726427,31.200001
1684926207.736465,31.299999
1684926207.746463,31.500000
1684926207.756478,31.799999
1684926207.766526,32.099998
1684926207.777543,32.400002
1684926207.786527,32.799999
1684926207.796553,33.200001
1684926207.805466,33.599998
1684926207.817618,34.200001
1684926207.825533,34.500000
1684926207.837551,34.799999
1684926207.845471,34.799999
1684926207.856755,34.799999
1684926207.866364,34.799999
1684926207.876387,35.000000
1684926207.886363,35.000000
1684926207.896397,35.000000
1684926207.907297,34.799999
1684926207.916360,34.799999
1684926207.926341,34.799999
1684926207.936357,34.799999
1684926207.946360,34.799999
1684926207.956342,35.000000
1684926207.966466,35.000000
1684926207.976402,35.000000
1684926207.986552,34.900002
1684926207.996514,34.799999
1684926208.007276,34.799999
1684926208.016613,34.799999
1684926208.026377,35.000000
1684926208.036721,35.000000
1684926208.046422,35.000000
1684926208.057235,35.000000
1684926208.066949,34.799999
1684926208.076981,34.500000
1684926208.087302,34.500000
1684926208.097095,34.500000
1684926208.107274,34.500000
1684926208.116955,34.500000
1684926208.126276,34.500000
1684926208.137346,34.500000
1684926208.146441,34.200001
1684926208.156453,34.200001
1684926208.166490,34.200001
1684926208.176582,34.200001
1684926208.186641,34.200001
1684926208.196679,34.200001
1684926208.206763,34.200001
1684926208.216951,34.200001
1684926208.226797,34.000000
1684926208.236845,34.000000
1684926208.246936,34.000000
1684926208.255956,34.000000
1684926208.267035,34.099998
1684926208.277113,34.000000
1684926208.287177,33.700001
1684926208.296201,33.599998
1684926208.307313,33.400002
1684926208.316298,33.000000
1684926208.326391,32.900002
1684926208.336467,32.700001
1684926208.346466,32.599998
1684926208.356527,32.400002
1684926208.366617,32.400002
1684926208.376682,32.099998
1684926208.386728,31.799999
1684926208.396810,31.600000
1684926208.406869,31.600000
1684926208.416882,31.400000
1684926208.426950,31.299999
1684926208.437015,31.100000
1684926208.447311,31.000000
1684926208.457140,30.500000
1684926208.467287,30.299999
1684926208.477301,30.000000
1684926208.487282,29.799999
1684926208.497262,29.700001
1684926208.507119,29.400000
1684926208.517278,29.100000
1684926208.527289,28.900000
1684926208.537303,28.900000
1684926208.547281,28.700001
1684926208.557242,28.600000
1684926208.567286,28.600000
1684926208.577257,28.600000
1684926208.587290,28.600000
1684926208.596269,28.299999
1684926208.607168,28.299999
1684926208.616307,28.299999
1684926208.626327,28.100000
1684926208.636347,27.799999
1684926208.646345,27.500000
1684926208.656366,27.299999
1684926208.666387,27.000000
1684926208.676413,26.700001
1684926208.686464,26.200001
1684926208.696407,25.799999
1684926208.707707,25.400000
1684926208.716500,24.900000
1684926208.726282,24.400000
1684926208.736202,24.100000
1684926208.746232,23.400000
1684926208.756199,23.000000
1684926208.766202,22.700001
1684926208.776205,22.299999
1684926208.786204,21.900000
1684926208.796228,21.600000
1684926208.807083,21.400000
1684926208.816204,20.900000
1684926208.826186,20.799999
1684926208.836202,20.799999
1684926208.846186,20.400000
1684926208.856196,20.299999
1684926208.866252,20.299999
1684926208.876244,20.000000
1684926208.886383,20.000000
1684926208.896238,19.400000
1684926208.907163,19.100000
1684926208.916293,18.799999
1684926208.926287,18.799999
1684926208.936314,18.299999
1684926208.946336,18.100000
1684926208.956348,17.799999
1684926208.966373,17.700001
1684926208.976470,17.700001
1684926208.986396,17.700001
1684926208.996392,17.500000
1684926209.007096,16.900000
1684926209.016192,16.500000
1684926209.026168,16.100000
1684926209.037146,15.700000
1684926209.046168,15.600000
1684926209.056158,15.600000
1684926209.066147,15.100000
1684926209.076174,14.700000
1684926209.086166,14.300000
1684926209.096143,13.500000
1684926209.107021,13.400000
1684926209.116135,13.400000
1684926209.126132,13.200000
1684926209.136166,13.200000
1684926209.146142,13.200000
1684926209.157163,12.900000
1684926209.166166,12.600000
1684926209.176161,12.600000
1684926209.186186,12.600000
1684926209.196211,12.600000
1684926209.207264,12.600000
1684926209.216225,12.400000
1684926209.226229,12.600000
1684926209.236314,12.600000
1684926209.246292,12.400000
1684926209.256287,12.400000
1684926209.266312,12.400000
1684926209.276343,12.400000
1684926209.286330,12.100000
1684926209.297120,11.800000
1684926209.306000,12.000000
1684926209.317129,11.800000
1684926209.326102,11.800000
1684926209.337109,11.600000
1684926209.346114,11.300000
1684926209.357105,11.300000
1684926209.366083,10.900000
1684926209.377122,10.800000
1684926209.386088,10.500000
1684926209.397090,10.500000
1684926209.405962,10.100000
1684926209.417145,10.000000
1684926209.426069,9.700000
1684926209.437111,9.400000
1684926209.446107,9.200000
1684926209.457164,8.700000
1684926209.466153,8.600000
1684926209.476164,8.100000
1684926209.486166,7.900000
1684926209.496186,7.500000
1684926209.507086,7.300000
1684926209.516204,7.000000
1684926209.526234,6.600000
1684926209.536254,6.500000
1684926209.546290,6.000000
1684926209.556273,5.900000
1684926209.566312,5.600000
1684926209.576318,5.700000
1684926209.586059,5.400000
1684926209.597044,5.100000
1684926209.605924,5.100000
1684926209.616090,4.600000
1684926209.626069,4.600000
1684926209.636051,4.300000
1684926209.646071,4.300000
1684926209.656041,4.000000
1684926209.666024,4.000000
1684926209.677066,3.800000
1684926209.686024,3.500000
1684926209.696055,3.200000
1684926209.705909,3.500000
1684926209.717055,3.200000
1684926209.726031,3.000000
1684926209.736052,2.700000
1684926209.746070,2.400000
1684926209.756075,2.000000
1684926209.766093,1.900000
1684926209.776095,1.400000
1684926209.786130,1.400000
1684926209.796133,1.100000
1684926209.806262,1.100000
1684926209.817170,0.900000
1684926209.826248,1.000000
1684926209.836209,0.800000
1684926209.846338,0.800000
1684926209.856604,0.500000
1684926209.866239,0.800000
1684926209.876301,0.800000
1684926209.886454,0.800000
1684926209.896497,0.800000
1684926209.906463,0.500000
1684926209.916634,0.700000
1684926209.925588,0.500000
1684926209.936668,0.500000
1684926209.945703,0.800000
1684926209.956803,0.500000
1684926209.965819,0.500000
1684926209.975891,0.500000
1684926209.985944,0.500000
1684926209.996993,0.500000
1684926210.006345,0.500000
1684926210.016135,0.500000
1684926210.026219,0.800000
1684926210.036264,0.500000
1684926210.046307,0.700000
1684926210.056410,0.500000
1684926210.066427,0.500000
1684926210.076448,0.500000
1684926210.086569,0.300000
1684926210.096545,0.300000
1684926210.106650,0.000000
1684926210.116730,0.000000
1684926210.126733,-0.600000
1684926210.136843,-1.100000
1684926210.146949,-2.000000
1684926210.156967,-2.700000
1684926210.166962,-3.500000
1684926210.176965,-4.000000
1684926210.187032,-4.600000
1684926210.196995,-5.400000
1684926210.206809,-6.000000
1684926210.215869,-6.800000
1684926210.226963,-7.100000
1684926210.236859,-7.400000
1684926210.246942,-7.400000
1684926210.256807,-7.200000
1684926210.265938,-7.400000
1684926210.277830,-7.400000
1684926210.285934,-7.400000
1684926210.297755,-7.400000
1684926210.305793,-7.400000
1684926210.317785,-7.200000
1684926210.325949,-7.400000
1684926210.337743,-7.400000
1684926210.346016,-7.000000
1684926210.357019,-6.700000
1684926210.366006,-6.500000
1684926210.376739,-6.100000
1684926210.386090,-5.600000
1684926210.396671,-5.400000
1684926210.406009,-5.100000
1684926210.416685,-4.600000
1684926210.426162,-4.100000
1684926210.436616,-3.900000
1684926210.445882,-3.400000
1684926210.456615,-3.100000
1684926210.465911,-2.900000
1684926210.476640,-2.900000
1684926210.485934,-2.800000
1684926210.496724,-2.800000
1684926210.505744,-3.100000
1684926210.516551,-2.900000
1684926210.525923,-2.800000
1684926210.536493,-2.800000
1684926210.545936,-2.800000
1684926210.556486,-2.800000
1684926210.565866,-2.900000
1684926210.576469,-2.800000
1684926210.585888,-2.800000
1684926210.596458,-3.100000
1684926210.605802,-2.900000
1684926210.616448,-2.800000
1684926210.625946,-2.800000
1684926210.636405,-2.900000
1684926210.645999,-2.800000
1684926210.656402,-2.800000
1684926210.666007,-2.600000
1684926210.676362,-2.800000
1684926210.686031,-2.600000
1684926210.696346,-2.600000
1684926210.705981,-2.600000
1684926210.716326,-2.600000
1684926210.725868,-2.600000
1684926210.736345,-2.400000
1684926210.745824,-2.300000
1684926210.756279,-2.600000
1684926210.765851,-2.300000
1684926210.777350,-2.300000
1684926210.785830,-2.600000
1684926210.797250,-2.300000
1684926210.805679,-2.100000
1684926210.817263,-2.100000
1684926210.825830,-2.000000
1684926210.836244,-1.800000
1684926210.845842,-2.000000
1684926210.857200,-1.800000
1684926210.865818,-1.500000
1684926210.877210,-1.400000
1684926210.885851,-1.500000
1684926210.897173,-1.200000
1684926210.905746,-1.100000
1684926210.917156,-1.000000
1684926210.925931,-1.000000
1684926210.937124,-0.800000
1684926210.945960,-0.700000
1684926210.957135,-0.400000
1684926210.965971,-0.500000
1684926210.976869,-0.400000
1684926210.985991,-0.200000
1684926210.996888,0.000000
1684926211.005993,-0.200000
1684926211.017076,0.000000
1684926211.025805,0.000000
1684926211.036866,0.200000
1684926211.045994,0.400000
1684926211.056886,0.400000
1684926211.065840,0.700000
1684926211.077040,1.000000
1684926211.085820,1.000000
1684926211.097206,1.100000
1684926211.105612,1.300000
1684926211.117328,1.300000
1684926211.126599,1.500000
1684926211.136441,1.300000
1684926211.146602,1.600000
1684926211.156932,1.800000
1684926211.166598,1.900000
1684926211.176680,1.600000
1684926211.185777,1.600000
1684926211.196797,1.900000
1684926211.205944,1.800000
1684926211.216838,1.900000
1684926211.225999,1.900000
1684926211.236875,2.100000
1684926211.246043,1.900000
1684926211.256956,1.900000
1684926211.266103,2.100000
1684926211.276789,1.900000
1684926211.286248,2.100000
1684926211.296722,1.900000
1684926211.306306,2.100000
1684926211.316724,2.000000
1684926211.326455,2.300000
1684926211.336715,2.600000
1684926211.346631,2.600000
1684926211.356916,2.800000
1684926211.366737,2.900000
1684926211.376746,3.200000
1684926211.386768,3.500000
1684926211.396734,3.500000
1684926211.406589,3.900000
1684926211.416761,3.900000
1684926211.426733,4.300000
1684926211.436714,4.600000
1684926211.446728,4.600000
1684926211.456976,4.700000
1684926211.466789,4.600000
1684926211.476752,4.800000
1684926211.486791,4.800000
1684926211.496813,4.600000
1684926211.506699,4.800000
1684926211.517881,4.600000
1684926211.525839,4.800000
1684926211.537906,4.600000
1684926211.545944,4.800000
1684926211.556983,4.600000
1684926211.565879,4.700000
1684926211.576949,4.800000
1684926211.585667,4.700000
1684926211.596714,4.800000
1684926211.606586,4.700000
1684926211.616702,4.800000
1684926211.625691,4.600000
1684926211.636704,4.800000
1684926211.645648,4.800000
1684926211.657030,4.600000
1684926211.665671,4.800000
1684926211.676716,4.800000
1684926211.685691,4.700000
1684926211.696688,4.800000
1684926211.706522,4.600000
1684926211.716689,4.800000
1684926211.725684,4.800000
1684926211.736699,4.700000
1684926211.745695,4.800000
1684926211.757022,4.800000
1684926211.765715,4.800000
1684926211.776757,4.800000
1684926211.785773,4.800000
1684926211.796778,4.800000
1684926211.805699,5.100000
1684926211.816839,4.800000
1684926211.825796,5.100000
1684926211.836871,4.800000
1684926211.845837,5.100000
1684926211.857060,4.800000
1684926211.865854,5.100000
1684926211.876648,5.100000
1684926211.886614,5.300000
1684926211.896702,5.100000
1684926211.906512,5.400000
1684926211.916656,5.400000
1684926211.926698,5.600000
1684926211.936610,5.800000
1684926211.946611,6.100000
1684926211.956654,6.200000
1684926211.966629,6.200000
1684926211.976638,6.400000
1684926211.986632,6.400000
1684926211.996630,6.900000
1684926212.006492,6.900000
1684926212.016636,7.200000
1684926212.026661,7.200000
1684926212.036648,7.400000
1684926212.045653,7.300000
1684926212.056677,7.500000
1684926212.065653,7.500000
1684926212.076730,7.700000
1684926212.085719,7.800000
1684926212.096747,7.500000
1684926212.106635,7.800000
1684926212.116784,7.500000
1684926212.125755,7.700000
1684926212.136815,7.800000
1684926212.145827,7.500000
1684926212.156614,7.800000
1684926212.166603,7.800000
1684926212.176771,7.700000
1684926212.186588,7.800000
1684926212.196678,7.500000
1684926212.206470,7.800000
1684926212.216772,7.800000
1684926212.226594,7.700000
1684926212.236596,7.800000
1684926212.246585,7.500000
1684926212.256596,7.800000
1684926212.266585,7.500000
1684926212.276570,7.800000
1684926212.286582,7.500000
1684926212.296570,7.800000
1684926212.306467,7.500000
1684926212.316648,7.800000
1684926212.325644,7.500000
1684926212.336639,7.800000
1684926212.346632,7.700000
1684926212.356710,7.800000
1684926212.365672,7.700000
1684926212.376699,7.500000
1684926212.385730,7.800000
1684926212.396729,7.700000
1684926212.406617,7.500000
1684926212.416773,7.800000
1684926212.425757,7.500000
1684926212.436837,7.800000
1684926212.445766,7.700000
1684926212.456530,7.500000
1684926212.465740,7.500000
1684926212.476537,7.300000
1684926212.485763,7.300000
1684926212.496538,6.800000
1684926212.505755,6.500000
1684926212.516521,6.200000
1684926212.525756,5.800000
1684926212.536521,5.400000
1684926212.545784,5.400000
1684926212.556545,4.900000
1684926212.565759,4.800000
1684926212.576495,4.700000
1684926212.585741,4.600000
1684926212.596203,4.800000
1684926212.605675,4.600000
1684926212.617241,4.500000
1684926212.625834,4.600000
1684926212.637238,4.600000
1684926212.645950,4.600000
1684926212.657317,4.600000
1684926212.666071,4.500000
1684926212.677229,4.600000
1684926212.686183,4.600000
1684926212.696251,4.600000
1684926212.706341,4.600000
1684926212.717370,4.600000
1684926212.726472,4.600000
1684926212.736494,4.300000
1684926212.746478,4.300000
1684926212.756476,4.300000
1684926212.766517,4.000000
1684926212.776454,4.000000
1684926212.786471,4.000000
1684926212.796469,3.800000
1684926212.806326,3.300000
1684926212.816554,2.700000
1684926212.826505,2.700000
1684926212.836455,2.400000
1684926212.846455,2.400000
1684926212.856470,2.000000
1684926212.866475,1.600000
1684926212.876483,0.900000
1684926212.886486,0.600000
1684926212.897520,0.000000
1684926212.907418,-0.600000
1684926212.917537,-1.200000
1684926212.926608,-1.200000
1684926212.937572,-1.500000
1684926212.947628,-1.500000
1684926212.957650,-2.000000
1684926212.966655,-2.000000
1684926212.977665,-2.300000
1684926212.986644,-2.100000
1684926212.997701,-2.300000
1684926213.006580,-2.000000
1684926213.017434,-2.200000
1684926213.026441,-2.000000
1684926213.037456,-2.100000
1684926213.046415,-2.000000
1684926213.057452,-2.100000
1684926213.066433,-2.000000
1684926213.076412,-2.000000
1684926213.086396,-2.000000
1684926213.096465,-2.100000
1684926213.106326,-2.000000
1684926213.116413,-2.100000
1684926213.126445,-2.000000
1684926213.136409,-2.100000
1684926213.146392,-2.000000
1684926213.156434,-2.100000
1684926213.166413,-2.000000
1684926213.176436,-2.000000
1684926213.186461,-2.000000
1684926213.196470,-2.000000
1684926213.206906,-2.000000
1684926213.216472,-2.000000
1684926213.226580,-2.000000
1684926213.236521,-2.300000
1684926213.246529,-2.600000
1684926213.256540,-2.600000
1684926213.266580,-2.600000
1684926213.276578,-2.600000
1684926213.286610,-2.600000
1684926213.296637,-3.100000
1684926213.306258,-3.300000
1684926213.317374,-3.600000
1684926213.326349,-3.700000
1684926213.336386,-3.500000
1684926213.346421,-3.700000
1684926213.356384,-3.700000
1684926213.366378,-3.900000
1684926213.377374,-3.900000
1684926213.386353,-4.200000
1684926213.397401,-4.200000
1684926213.406521,-4.200000
1684926213.417351,-4.200000
1684926213.425849,-4.200000
1684926213.438246,-4.200000
1684926213.446551,-4.200000
1684926213.456398,-4.200000
1684926213.466542,-4.200000
1684926213.476424,-4.200000
1684926213.486576,-3.900000
1684926213.496474,-4.200000
1684926213.505831,-3.900000
1684926213.516475,-4.200000
1684926213.525830,-4.200000
1684926213.536505,-4.200000
1684926213.545856,-4.200000
1684926213.556528,-4.000000
1684926213.565854,-4.200000
1684926213.576563,-4.200000
1684926213.585872,-4.200000
1684926213.597455,-4.200000
1684926213.606580,-4.200000
1684926213.617414,-4.200000
1684926213.625895,-4.000000
1684926213.637364,-4.200000
1684926213.645853,-4.000000
1684926213.657353,-4.200000
1684926213.666502,-3.900000
1684926213.677299,-4.200000
1684926213.686412,-4.000000
1684926213.697345,-4.200000
1684926213.705903,-4.200000
1684926213.717314,-4.200000
1684926213.725874,-4.200000
1684926213.737229,-4.000000
1684926213.746418,-4.200000
1684926213.757216,-4.200000
1684926213.766455,-4.200000
1684926213.777219,-4.200000
1684926213.786448,-4.200000
1684926213.797177,-4.200000
1684926213.806548,-4.200000
1684926213.817167,-4.200000
1684926213.825879,-4.300000
1684926213.837160,-4.200000
1684926213.846483,-4.200000
1684926213.857127,-4.200000
1684926213.866272,-4.200000
1684926213.877092,-4.500000
1684926213.886466,-4.200000
1684926213.897091,-4.500000
1684926213.905879,-4.300000
1684926213.917068,-4.200000
1684926213.925886,-4.500000
1684926213.937066,-4.700000
1684926213.946484,-5.000000
1684926213.957093,-5.000000
1684926213.966475,-5.000000
1684926213.977261,-5.000000
1684926213.986503,-5.000000
1684926213.997279,-5.000000
1684926214.006135,-5.500000
1684926214.017323,-5.500000
1684926214.026304,-5.800000
1684926214.037294,-5.800000
1684926214.046303,-5.800000
1684926214.057333,-5.800000
1684926214.066358,-6.100000
1684926214.076339,-6.000000
1684926214.086688,-5.800000
1684926214.097401,-6.100000
1684926214.106950,-6.100000
1684926214.117426,-6.300000
1684926214.126421,-6.300000
1684926214.137485,-6.300000
1684926214.146442,-6.300000
1684926214.156471,-6.300000
1684926214.166603,-6.400000
1684926214.176244,-6.300000
1684926214.186553,-6.200000
1684926214.197238,-6.300000
1684926214.207570,-6.300000
1684926214.217224,-6.300000
1684926214.227637,-6.300000
1684926214.237234,-6.300000
1684926214.247736,-6.200000
1684926214.257238,-6.300000
1684926214.266361,-6.300000
1684926214.277211,-6.400000
1684926214.285754,-6.300000
1684926214.297218,-6.300000
1684926214.305838,-6.400000
1684926214.317330,-6.300000
1684926214.325753,-6.300000
1684926214.337259,-6.300000
1684926214.345814,-6.400000
1684926214.357290,-6.300000
1684926214.365754,-6.300000
1684926214.377326,-6.200000
1684926214.385765,-6.300000
1684926214.397339,-6.300000
1684926214.406544,-6.300000
1684926214.417367,-6.300000
1684926214.426573,-6.300000
1684926214.437400,-6.600000
1684926214.445760,-6.600000
1684926214.456865,-6.600000
1684926214.466154,-6.900000
1684926214.477174,-6.900000
1684926214.485733,-7.100000
1684926214.497154,-7.400000
1684926214.505757,-7.400000
1684926214.517187,-7.600000
1684926214.525801,-7.900000
1684926214.537278,-8.000000
1684926214.545794,-8.000000
1684926214.556910,-8.000000
1684926214.566161,-8.000000
1684926214.577152,-8.000000
1684926214.585797,-8.200000
1684926214.597185,-8.200000
1684926214.605828,-8.200000
1684926214.617194,-8.200000
1684926214.625798,-8.200000
1684926214.637290,-8.200000
1684926214.645828,-8.500000
1684926214.656907,-8.500000
1684926214.666278,-8.200000
1684926214.677300,-8.200000
1684926214.685844,-8.500000
1684926214.697330,-8.200000
1684926214.706617,-8.200000
1684926214.716345,-8.500000
1684926214.725823,-8.500000
1684926214.737135,-8.200000
1684926214.745837,-8.200000
1684926214.757140,-8.500000
1684926214.765846,-8.200000
1684926214.777140,-8.200000
1684926214.785885,-8.500000
1684926214.797096,-8.500000
1684926214.805767,-8.500000
1684926214.817098,-8.300000
1684926214.825824,-8.200000
1684926214.837119,-8.200000
1684926214.845860,-8.200000
1684926214.857087,-8.500000
1684926214.866217,-8.500000
1684926214.877081,-8.500000
1684926214.886398,-8.200000
1684926214.897218,-8.200000
1684926214.906283,-8.500000
1684926214.917138,-8.500000
1684926214.926135,-8.200000
1684926214.937305,-8.200000
1684926214.945778,-8.500000
1684926214.957229,-8.300000
1684926214.966344,-8.200000
1684926214.976870,-8.200000
1684926214.986273,-8.500000
1684926214.997280,-8.500000
1684926215.007167,-8.500000
1684926215.017321,-8.200000
1684926215.026068,-8.200000
1684926215.037211,-8.500000
1684926215.045820,-8.300000
1684926215.057072,-8.200000
1684926215.066212,-8.300000
1684926215.077073,-8.200000
1684926215.086215,-8.200000
1684926215.097101,-8.000000
1684926215.107056,-7.800000
1684926215.117214,-7.400000
1684926215.126013,-7.200000
1684926215.137157,-7.200000
1684926215.145869,-7.100000
1684926215.157161,-6.900000
1684926215.165868,-6.900000
1684926215.177249,-6.400000
1684926215.185865,-5.700000
1684926215.197392,-5.300000
1684926215.206027,-4.600000
1684926215.216872,-4.500000
1684926215.226022,-4.000000
1684926215.236833,-3.400000
1684926215.246059,-2.900000
1684926215.256833,-1.900000
1684926215.266026,-1.400000
1684926215.276849,-0.600000
1684926215.286043,-0.200000
1684926215.296847,0.000000
1684926215.306044,0.200000
1684926215.316954,0.300000
1684926215.326057,0.300000
1684926215.336912,0.300000
1684926215.346062,0.300000
1684926215.356899,0.300000
1684926215.366055,0.300000
1684926215.376956,0.300000
1684926215.388228,0.500000
1684926215.396894,0.300000
1684926215.406093,0.400000
1684926215.416915,0.300000
1684926215.426078,0.300000
1684926215.436919,0.500000
1684926215.446142,0.300000
1684926215.456897,0.300000
1684926215.466106,0.300000
1684926215.476853,0.300000
1684926215.486106,0.300000
1684926215.496996,0.300000
1684926215.506119,0.300000
1684926215.516916,0.300000
1684926215.526123,0.300000
1684926215.536912,0.300000
1684926215.546146,0.300000
1684926215.556972,0.500000
1684926215.566157,0.300000
1684926215.576931,0.300000
1684926215.586141,0.300000
1684926215.596837,0.300000
1684926215.606263,0.400000
1684926215.616875,0.300000
1684926215.626163,0.300000
1684926215.636986,0.500000
1684926215.646196,0.300000
1684926215.657128,0.300000
1684926215.666221,0.400000
1684926215.676960,0.300000
1684926215.686223,0.300000
1684926215.696971,0.300000
1684926215.706227,0.300000
1684926215.716952,0.500000
1684926215.726222,0.300000
1684926215.736999,0.300000
1684926215.746213,0.300000
1684926215.756898,0.300000
1684926215.766273,0.500000
1684926215.777048,0.300000
1684926215.786295,0.300000
1684926215.797043,0.300000
1684926215.806168,0.300000
1684926215.817111,0.300000
1684926215.826259,0.300000
1684926215.837129,0.400000
1684926215.846252,0.300000
1684926215.856879,0.300000
1684926215.867249,0.300000
1684926215.876920,0.300000
1684926215.887417,0.300000
1684926215.896922,0.300000
1684926215.907305,0.300000
1684926215.916946,0.300000
1684926215.927630,0.300000
1684926215.936894,0.000000
1684926215.946013,0.000000
1684926215.957956,0.200000
1684926215.966090,0.300000
1684926215.977946,0.300000
1684926215.986040,0.000000
1684926215.997931,0.000000
1684926216.006149,0.000000
1684926216.017921,0.000000
1684926216.025881,0.000000
1684926216.036935,-0.200000
1684926216.045874,-0.200000
1684926216.056952,-0.200000
1684926216.066090,-0.200000
1684926216.076960,-0.200000
1684926216.086113,-0.200000
1684926216.097008,-0.400000
1684926216.105903,-0.300000
1684926216.117036,-0.200000
1684926216.125927,-0.400000
1684926216.137053,-0.200000
1684926216.146185,-0.400000
1684926216.156969,-0.400000
1684926216.165925,-0.200000
1684926216.176943,-0.400000
1684926216.185856,-0.400000
1684926216.196980,-0.200000
1684926216.206129,-0.200000
1684926216.216985,-0.400000
1684926216.225957,-0.400000
1684926216.236965,-0.200000
1684926216.246100,-0.400000
1684926216.257114,-0.400000
1684926216.265851,-0.400000
1684926216.276985,-0.200000
1684926216.285859,-0.400000
1684926216.296979,-0.400000
1684926216.306083,-0.400000
1684926216.316983,-0.500000
1684926216.325858,-0.400000
1684926216.336989,-0.400000
1684926216.345845,-0.400000
1684926216.356985,-0.700000
1684926216.366107,-0.700000
1684926216.377012,-0.700000
1684926216.386177,-0.400000
1684926216.397007,-0.400000
1684926216.406152,-0.400000
1684926216.417009,-0.700000
1684926216.426154,-0.500000
1684926216.437045,-0.400000
1684926216.446164,-0.400000
1684926216.456924,-0.700000
1684926216.465967,-0.700000
1684926216.476956,-0.400000
1684926216.485940,-0.400000
1684926216.497046,-0.700000
1684926216.506150,-0.600000
1684926216.517021,-0.400000
1684926216.525855,-0.700000
1684926216.537011,-0.700000
1684926216.545874,-0.700000
1684926216.556952,-0.700000
1684926216.565923,-1.000000
1684926216.576941,-1.000000
1684926216.585908,-1.000000
1684926216.597031,-1.000000
1684926216.606174,-1.500000
1684926216.616988,-1.500000
1684926216.625810,-1.700000
1684926216.636928,-1.800000
1684926216.645873,-2.000000
1684926216.657109,-2.300000
1684926216.665855,-2.600000
1684926216.677058,-2.700000
1684926216.685859,-2.800000
1684926216.697060,-3.400000
1684926216.705823,-3.600000
1684926216.717110,-3.900000
1684926216.725880,-3.900000
1684926216.736966,-4.500000
1684926216.745943,-4.700000
1684926216.756972,-5.000000
1684926216.765869,-5.500000
1684926216.776997,-5.900000
1684926216.785891,-6.100000
1684926216.797015,-6.600000
1684926216.806176,-6.600000
1684926216.816988,-6.600000
1684926216.825911,-7.000000
1684926216.836990,-7.100000
1684926216.846034,-7.100000
1684926216.857008,-7.200000
1684926216.865863,-7.100000
1684926216.877008,-7.100000
1684926216.885858,-7.400000
1684926216.896911,-7.200000
1684926216.905885,-7.100000
1684926216.917013,-7.100000
1684926216.925881,-7.200000
1684926216.936903,-7.100000
1684926216.945885,-7.100000
1684926216.957015,-7.100000
1684926216.965886,-7.400000
1684926216.977284,-7.200000
1684926216.985954,-7.100000
1684926216.996937,-7.400000
1684926217.006195,-7.400000
1684926217.017014,-7.200000
1684926217.026144,-7.400000
1684926217.037012,-7.400000
1684926217.046127,-7.400000
1684926217.057158,-7.200000
1684926217.066184,-7.100000
1684926217.077024,-7.400000
1684926217.086140,-7.400000
1684926217.097155,-7.200000
1684926217.106136,-7.100000
1684926217.117062,-7.400000
1684926217.126161,-7.400000
1684926217.136943,-7.200000
1684926217.146142,-7.100000
1684926217.157169,-7.400000
1684926217.166137,-7.400000
1684926217.176942,-7.300000
1684926217.186238,-7.100000
1684926217.197186,-7.400000
1684926217.206166,-7.400000
1684926217.217183,-7.200000
1684926217.226158,-7.100000
1684926217.237185,-7.400000
1684926217.246182,-7.400000
1684926217.257189,-7.200000
1684926217.266240,-7.100000
1684926217.277183,-7.400000
1684926217.286205,-7.400000
1684926217.297230,-7.200000
1684926217.306186,-7.100000
1684926217.317244,-7.400000
1684926217.326202,-7.300000
1684926217.337238,-7.100000
1684926217.346202,-7.100000
1684926217.357203,-7.200000
1684926217.366210,-7.100000
1684926217.377247,-7.100000
1684926217.386184,-7.100000
1684926217.397229,-7.200000
1684926217.406206,-7.100000
1684926217.417243,-6.900000
1684926217.426202,-7.100000
1684926217.437203,-7.100000
1684926217.446207,-6.900000
1684926217.457234,-7.100000
1684926217.466208,-7.100000
1684926217.477245,-7.100000
1684926217.486228,-7.200000
1684926217.497252,-7.100000
1684926217.506253,-7.100000
1684926217.517278,-7.100000
1684926217.526289,-7.100000
1684926217.537241,-7.100000
1684926217.546288,-7.100000
1684926217.557394,-7.100000
1684926217.567493,-7.100000
1684926217.577535,-7.200000
1684926217.587589,-7.100000
1684926217.597667,-7.000000
1684926217.606730,-7.100000
1684926217.617775,-7.100000
1684926217.627816,-6.900000
1684926217.638006,-7.100000
1684926217.645878,-7.100000
1684926217.658044,-6.900000
1684926217.665913,-7.100000
1684926217.678000,-7.000000
1684926217.685894,-6.900000
1684926217.698002,-6.900000
1684926217.705876,-6.700000
1684926217.716989,-6.900000
1684926217.725953,-6.600000
1684926217.737004,-6.600000
1684926217.745952,-6.600000
1684926217.757020,-6.400000
1684926217.765986,-6.600000
1684926217.777029,-6.400000
1684926217.785943,-6.300000
1684926217.796959,-6.400000
1684926217.805975,-6.300000
1684926217.817029,-6.400000
1684926217.825947,-6.300000
1684926217.836981,-6.100000
1684926217.845921,-6.100000
1684926217.856976,-6.100000
1684926217.865999,-6.100000
1684926217.877085,-5.800000
1684926217.885998,-5.800000
1684926217.897039,-5.500000
1684926217.905917,-5.300000
1684926217.917104,-5.100000
1684926217.925993,-4.800000
1684926217.937098,-4.700000
1684926217.945978,-4.300000
1684926217.957042,-4.200000
1684926217.966001,-3.700000
1684926217.977052,-3.400000
1684926217.985932,-3.200000
1684926217.997022,-2.600000
1684926218.005921,-2.400000
1684926218.017044,-2.100000
1684926218.025995,-1.800000
1684926218.037028,-1.400000
1684926218.045922,-1.300000
1684926218.056993,-0.800000
1684926218.065915,-0.800000
1684926218.077045,-0.500000
1684926218.086012,-0.200000
1684926218.097010,-0.200000
1684926218.106127,0.000000
1684926218.117050,0.300000
1684926218.125923,0.500000
1684926218.137007,1.000000
1684926218.145939,1.000000
1684926218.157063,1.600000
1684926218.165919,2.000000
1684926218.177071,2.300000
1684926218.185946,2.800000
1684926218.196963,3.100000
1684926218.205997,3.700000
1684926218.217041,4.200000
1684926218.225995,4.700000
1684926218.237007,5.100000
1684926218.245967,5.500000
1684926218.257024,5.600000
1684926218.266001,5.900000
1684926218.276982,6.300000
1684926218.285997,6.200000
1684926218.297001,6.400000
1684926218.306273,6.200000
1684926218.317127,6.400000
1684926218.325944,6.500000
1684926218.337066,6.400000
1684926218.345949,6.500000
1684926218.357047,6.300000
1684926218.365941,6.500000
1684926218.377024,6.400000
1684926218.385966,6.500000
1684926218.396994,6.300000
1684926218.405996,6.500000
1684926218.417026,6.300000
1684926218.426001,6.500000
1684926218.436986,6.500000
1684926218.445947,6.400000
1684926218.457010,6.500000
1684926218.465951,6.400000
1684926218.477004,6.500000
1684926218.486005,6.500000
1684926218.497052,6.400000
1684926218.505946,6.500000
1684926218.517021,6.200000
1684926218.525957,6.500000
1684926218.537032,6.500000
1684926218.546000,6.400000
1684926218.557051,6.500000
1684926218.566005,6.500000
1684926218.577168,6.400000
1684926218.585968,6.500000
1684926218.597133,6.400000
1684926218.606327,6.500000
1684926218.617172,6.400000
1684926218.626404,6.500000
1684926218.637057,6.400000
1684926218.646461,6.500000
1684926218.657537,6.400000
1684926218.666502,6.500000
1684926218.677072,6.200000
1684926218.687503,6.500000
1684926218.697585,6.500000
1684926218.706414,6.200000
1684926218.717090,6.400000
1684926218.727512,6.500000
1684926218.737128,6.500000
1684926218.747537,6.200000
1684926218.757532,6.500000
1684926218.766388,6.500000
1684926218.777132,6.200000
1684926218.786510,6.400000
1684926218.797557,6.500000
1684926218.806383,6.500000
1684926218.817138,6.300000
1684926218.826511,6.500000
1684926218.837116,6.500000
1684926218.846537,6.500000
1684926218.857563,6.200000
1684926218.867506,6.300000
1684926218.877074,6.500000
1684926218.886532,6.500000
1684926218.897527,6.200000
1684926218.906437,6.200000
1684926218.917101,6.200000
1684926218.926534,6.200000
1684926218.937034,5.900000
1684926218.946549,5.800000
1684926218.957601,5.500000
1684926218.966582,5.100000
1684926218.977569,4.800000
1684926218.986573,4.800000
1684926218.997602,4.600000
1684926219.006429,4.300000
1684926219.017572,4.000000
1684926219.026578,3.800000
1684926219.037577,3.500000
1684926219.046543,3.500000
1684926219.056553,3.200000
1684926219.066564,3.000000
1684926219.077591,3.000000
1684926219.086584,2.700000
1684926219.097596,2.400000
1684926219.106454,2.400000
1684926219.117601,2.200000
1684926219.126589,2.200000
1684926219.137594,2.200000
1684926219.146587,1.900000
1684926219.156584,1.900000
1684926219.166578,1.600000
1684926219.176601,1.400000
1684926219.187637,1.400000
1684926219.196585,0.900000
1684926219.207485,0.800000
1684926219.217621,0.600000
1684926219.227613,0.100000
1684926219.237683,0.000000
1684926219.247975,0.000000
1684926219.257837,-0.200000
1684926219.267601,-0.200000
1684926219.278062,-0.400000
1684926219.286593,-0.300000
1684926219.298033,-0.200000
1684926219.306639,-0.400000
1684926219.318097,-0.300000
1684926219.326644,-0.200000
1684926219.338017,-0.400000
1684926219.346636,-0.400000
1684926219.358081,-0.200000
1684926219.366622,-0.400000
1684926219.377085,-0.400000
1684926219.386643,-0.200000
1684926219.397124,-0.400000
1684926219.406633,-0.400000
1684926219.417083,-0.300000
1684926219.426647,-0.400000
1684926219.437142,-0.400000
1684926219.446637,-0.400000
1684926219.457287,-0.200000
1684926219.466639,-0.400000
1684926219.477023,-0.400000
1684926219.486618,-0.200000
1684926219.497102,-0.400000
1684926219.506637,-0.400000
1684926219.517180,-0.200000
1684926219.526664,-0.400000
1684926219.537065,-0.400000
1684926219.546658,-0.200000
1684926219.557149,-0.400000
1684926219.566658,-0.400000
1684926219.577101,-0.700000
1684926219.586695,-0.700000
1684926219.597192,-0.700000
1684926219.606666,-0.700000
1684926219.617099,-1.000000
1684926219.626663,-1.000000
1684926219.637044,-1.000000
1684926219.646711,-1.000000
1684926219.657146,-1.200000
1684926219.666711,-1.200000
1684926219.677089,-1.300000
1684926219.686683,-1.600000
1684926219.697109,-1.500000
1684926219.706719,-1.500000
1684926219.717044,-1.500000
1684926219.726686,-1.800000
1684926219.737063,-1.800000
1684926219.746730,-1.500000
1684926219.757053,-1.500000
1684926219.766177,-1.800000
1684926219.777096,-1.800000
1684926219.786707,-1.800000
1684926219.797095,-1.800000
1684926219.806750,-1.800000
1684926219.817146,-1.800000
1684926219.826743,-1.800000
1684926219.837149,-2.000000
1684926219.846704,-2.000000
1684926219.857131,-2.300000
1684926219.866794,-2.800000
1684926219.877109,-2.800000
1684926219.886775,-2.800000
1684926219.897168,-3.400000
1684926219.906098,-3.400000
1684926219.917166,-3.700000
1684926219.926035,-4.200000
1684926219.937102,-4.400000
1684926219.946096,-4.500000
1684926219.957188,-4.700000
1684926219.966137,-4.700000
1684926219.977152,-4.700000
1684926219.986247,-5.300000
1684926219.997144,-5.500000
1684926220.006354,-5.800000
1684926220.017201,-6.100000
1684926220.026412,-6.100000
1684926220.037191,-5.800000
1684926220.046580,-6.100000
1684926220.057240,-6.300000
1684926220.066152,-6.300000
1684926220.077176,-6.600000
1684926220.086141,-6.400000
1684926220.097190,-6.300000
1684926220.106543,-6.300000
1684926220.117176,-6.600000
1684926220.126047,-6.600000
1684926220.137172,-6.600000
1684926220.146124,-6.300000
1684926220.157174,-6.600000
1684926220.166068,-6.600000
1684926220.177190,-6.800000
1684926220.186082,-6.700000
1684926220.197188,-6.900000
1684926220.206499,-6.900000
1684926220.217156,-6.900000
1684926220.226142,-7.100000
1684926220.237151,-7.400000
1684926220.246443,-7.400000
1684926220.257321,-7.500000
1684926220.266138,-7.400000
1684926220.277166,-7.400000
1684926220.286037,-7.700000
1684926220.297143,-7.700000
1684926220.306349,-7.500000
1684926220.317172,-7.400000
1684926220.326097,-7.700000
1684926220.337235,-7.500000
1684926220.346574,-7.400000
1684926220.357337,-7.700000
1684926220.366569,-7.400000
1684926220.377461,-7.700000
1684926220.386584,-7.700000
1684926220.397589,-7.500000
1684926220.406776,-7.400000
1684926220.417694,-7.700000
1684926220.426856,-7.700000
1684926220.437250,-7.400000
1684926220.446832,-7.700000
1684926220.456861,-7.500000
1684926220.466877,-7.400000
1684926220.477250,-7.700000
1684926220.486922,-7.500000
1684926220.496898,-7.700000
1684926220.506870,-7.700000
1684926220.517237,-7.500000
1684926220.526864,-7.700000
1684926220.537206,-7.700000
1684926220.546906,-7.400000
1684926220.556921,-7.700000
1684926220.566910,-7.700000
1684926220.577142,-7.400000
1684926220.586896,-7.700000
1684926220.596906,-7.500000
1684926220.606901,-7.700000
1684926220.617170,-7.700000
1684926220.626878,-7.400000
1684926220.637215,-7.700000
1684926220.647065,-7.700000
1684926220.656922,-7.400000
1684926220.666902,-7.700000
1684926220.677225,-7.700000
1684926220.686900,-7.700000
1684926220.696933,-7.700000
1684926220.706947,-7.400000
1684926220.717257,-7.700000
1684926220.726924,-7.700000
1684926220.736922,-7.500000
1684926220.746927,-7.700000
1684926220.756925,-7.700000
1684926220.767035,-7.700000
1684926220.777946,-7.500000
1684926220.786916,-7.400000
1684926220.800828,-7.700000
1684926220.806944,-7.700000
1684926220.816943,-7.500000
1684926220.826947,-7.700000
1684926220.836943,-7.700000
1684926220.846924,-7.700000
1684926220.856950,-7.400000
1684926220.866950,-7.400000
1684926220.876946,-7.700000
1684926220.886947,-7.700000
1684926220.896944,-7.700000
1684926220.906971,-7.700000
1684926220.916996,-7.700000
1684926220.926966,-7.600000
1684926220.936952,-7.400000
1684926220.946968,-7.400000
1684926220.956987,-7.700000
1684926220.967995,-7.700000
1684926220.978002,-7.700000
1684926220.988005,-7.700000
1684926220.998029,-7.700000
1684926221.008100,-7.600000
1684926221.018196,-7.400000
1684926221.026099,-7.400000
1684926221.038206,-7.700000
1684926221.046194,-7.700000
1684926221.058299,-7.700000
1684926221.066172,-7.500000
1684926221.078249,-7.400000
1684926221.086168,-7.700000
1684926221.097295,-7.700000
1684926221.106654,-7.500000
1684926221.117300,-7.700000
1684926221.126154,-7.700000
1684926221.137238,-7.700000
1684926221.146147,-7.500000
1684926221.157216,-7.700000
1684926221.166382,-7.700000
1684926221.177299,-7.700000
1684926221.186181,-7.400000
1684926221.197242,-7.700000
1684926221.206152,-7.700000
1684926221.217290,-7.400000
1684926221.226195,-7.700000
1684926221.237307,-7.700000
1684926221.246192,-7.700000
1684926221.257278,-7.700000
1684926221.266173,-7.400000
1684926221.277290,-7.700000
1684926221.286197,-7.700000
1684926221.297292,-7.500000
1684926221.306177,-7.400000
1684926221.317250,-7.700000
1684926221.326202,-7.700000
1684926221.337221,-7.700000
1684926221.346222,-7.400000
1684926221.357243,-7.400000
1684926221.366152,-7.700000
1684926221.377294,-7.700000
1684926221.386162,-7.700000
1684926221.397240,-7.700000
1684926221.406364,-7.700000
1684926221.417256,-7.700000
1684926221.426194,-7.900000
1684926221.437282,-8.000000
1684926221.446190,-8.000000
1684926221.457327,-8.200000
1684926221.466199,-8.500000
1684926221.477327,-8.500000
1684926221.486185,-8.500000
1684926221.497222,-8.500000
1684926221.506328,-8.800000
1684926221.517275,-8.800000
1684926221.526388,-8.800000
1684926221.537263,-8.800000
1684926221.546372,-8.800000
1684926221.557245,-8.600000
1684926221.566362,-8.800000
1684926221.577243,-8.800000
1684926221.586411,-8.800000
1684926221.597243,-8.800000
1684926221.606362,-8.500000
1684926221.617292,-8.800000
1684926221.626137,-8.800000
1684926221.637493,-8.800000
1684926221.646122,-8.800000
1684926221.657275,-8.800000
1684926221.666166,-8.800000
1684926221.677273,-8.500000
1684926221.686138,-8.800000
1684926221.697225,-8.800000
1684926221.706381,-8.800000
1684926221.717305,-8.800000
1684926221.726279,-8.800000
1684926221.737340,-9.000000
1684926221.746470,-9.000000
1684926221.757307,-9.000000
1684926221.766408,-9.000000
1684926221.777313,-8.800000
1684926221.786536,-8.800000
1684926221.797287,-9.000000
1684926221.806364,-9.000000
1684926221.817249,-9.000000
1684926221.826179,-8.900000
1684926221.837296,-8.800000
1684926221.846207,-9.000000
1684926221.857275,-9.000000
1684926221.866159,-8.900000
1684926221.877249,-8.800000
1684926221.886207,-9.000000
1684926221.897245,-9.000000
1684926221.906224,-9.000000
1684926221.917244,-9.000000
1684926221.926138,-8.800000
1684926221.937206,-8.800000
1684926221.946224,-9.000000
1684926221.957287,-9.000000
1684926221.966183,-9.000000
1684926221.977265,-8.800000
1684926221.986128,-8.800000
1684926221.997210,-8.800000
1684926222.006304,-9.000000
1684926222.017373,-9.000000
1684926222.026173,-9.000000
1684926222.037231,-9.000000
1684926222.046249,-8.800000
1684926222.057288,-8.800000
1684926222.066171,-9.000000
1684926222.077331,-9.000000
1684926222.086217,-8.800000
1684926222.097235,-8.800000
1684926222.106370,-9.000000
1684926222.117259,-9.000000
1684926222.126734,-9.000000
1684926222.137321,-8.800000
1684926222.146785,-8.800000
1684926222.157275,-9.000000
1684926222.166786,-9.000000
1684926222.177353,-8.800000
1684926222.186789,-9.000000
1684926222.197297,-8.900000
1684926222.206783,-8.800000
1684926222.217314,-9.000000
1684926222.226795,-8.800000
1684926222.237189,-9.000000
1684926222.246768,-8.800000
1684926222.257251,-9.000000
1684926222.266788,-9.000000
1684926222.277249,-8.800000
1684926222.286783,-9.000000
1684926222.297246,-9.000000
1684926222.306786,-8.800000
1684926222.317313,-8.800000
1684926222.326789,-9.000000
1684926222.337337,-8.800000
1684926222.346787,-8.600000
1684926222.357302,-8.600000
1684926222.366787,-8.300000
1684926222.377326,-8.000000
1684926222.386765,-7.500000
1684926222.396995,-7.400000
1684926222.407084,-6.900000
1684926222.417301,-6.400000
1684926222.426791,-6.200000
1684926222.437294,-5.600000
1684926222.446797,-5.400000
1684926222.457317,-4.800000
1684926222.466813,-4.200000
1684926222.476962,-3.800000
1684926222.486810,-3.400000
1684926222.496983,-2.900000
1684926222.506793,-2.600000
1684926222.517004,-2.100000
1684926222.526812,-1.600000
1684926222.537052,-1.600000
1684926222.546804,-1.300000
1684926222.557096,-1.000000
1684926222.566801,-1.000000
1684926222.577088,-1.000000
1684926222.586797,-1.000000
1684926222.597132,-0.800000
1684926222.606814,-1.000000
1684926222.617649,-1.000000
1684926222.627856,-1.000000
1684926222.637754,-0.700000
1684926222.647813,-1.000000
1684926222.657261,-1.000000
1684926222.667944,-0.800000
1684926222.678155,-0.700000
1684926222.688107,-0.700000
1684926222.697233,-0.300000
1684926222.708251,0.000000
1684926222.718286,0.300000
1684926222.726294,0.700000
1684926222.738351,0.800000
1684926222.746294,1.300000
1684926222.758299,2.000000
1684926222.766290,2.400000
1684926222.778319,3.100000
1684926222.786215,3.600000
1684926222.797299,4.200000
1684926222.806242,4.400000
1684926222.817340,5.000000
1684926222.826193,5.600000
1684926222.837318,6.100000
1684926222.846259,6.400000
1684926222.857342,6.500000
1684926222.866204,6.700000
1684926222.877350,7.000000
1684926222.886290,6.700000
1684926222.897356,7.000000
1684926222.906292,7.000000
1684926222.917301,6.700000
1684926222.926295,6.900000
1684926222.937351,7.000000
1684926222.946303,7.000000
1684926222.957341,6.700000
1684926222.966294,6.900000
1684926222.977340,7.000000
1684926222.986278,7.000000
1684926222.997347,7.000000
1684926223.006308,7.000000
1684926223.017361,7.300000
1684926223.026298,7.500000
1684926223.037423,7.300000
1684926223.046281,7.500000
1684926223.057381,7.700000
1684926223.066244,7.900000
1684926223.077391,8.000000
1684926223.086293,8.300000
1684926223.097384,8.700000
1684926223.106294,9.100000
1684926223.117366,9.400000
1684926223.126298,9.900000
1684926223.137362,10.600000
1684926223.146301,11.200000
1684926223.157410,11.700000
1684926223.166312,12.600000
1684926223.177299,13.400000
1684926223.186419,14.200000
1684926223.197345,14.900000
1684926223.206451,15.300000
1684926223.217369,16.000000
1684926223.227516,16.500000
1684926223.237364,17.100000
1684926223.246486,17.299999
1684926223.257469,17.700001
1684926223.266220,18.000000
1684926223.277385,18.200001
1684926223.286277,18.000000
1684926223.297384,18.200001
1684926223.306221,18.299999
1684926223.317289,18.000000
1684926223.326214,18.200001
1684926223.337343,18.299999
1684926223.346300,18.299999
1684926223.357532,18.000000
1684926223.366314,18.200001
1684926223.377368,18.299999
1684926223.386317,18.299999
1684926223.397392,18.299999
1684926223.406528,18.000000
1684926223.421288,18.000000
1684926223.426510,18.299999
1684926223.437296,18.299999
1684926223.446271,18.299999
1684926223.457378,17.799999
1684926223.466214,17.700001
1684926223.477388,17.500000
1684926223.486277,17.200001
1684926223.497342,17.000000
1684926223.506312,16.700001
1684926223.517307,16.299999
1684926223.526235,15.600000
1684926223.537330,15.200000
1684926223.546376,14.800000
1684926223.557309,14.500000
1684926223.566246,14.300000
1684926223.577327,14.000000
1684926223.586264,13.500000
1684926223.597373,13.200000
1684926223.606302,12.900000
1684926223.617330,12.700000
1684926223.626304,12.600000
1684926223.637376,12.400000
1684926223.646300,12.100000
1684926223.657407,11.900000
1684926223.666330,11.800000
1684926223.677368,11.800000
1684926223.686279,11.600000
1684926223.697304,11.300000
1684926223.706218,11.300000
1684926223.717309,11.600000
1684926223.726323,11.600000
1684926223.737371,11.300000
1684926223.746845,11.300000
1684926223.757500,11.500000
1684926223.766799,11.300000
1684926223.777537,11.300000
1684926223.786812,11.300000
1684926223.797592,11.300000
1684926223.806723,11.300000
1684926223.817631,11.300000
1684926223.826699,11.300000
1684926223.837621,11.300000
1684926223.846750,11.000000
1684926223.857700,11.000000
1684926223.866687,11.300000
1684926223.877686,11.300000
1684926223.886843,10.800000
1684926223.897460,10.800000
1684926223.906635,10.800000
1684926223.917431,10.500000
1684926223.926635,10.300000
1684926223.937444,9.800000
1684926223.946601,9.500000
1684926223.957484,9.200000
1684926223.966554,8.700000
1684926223.977413,8.400000
1684926223.986571,8.100000
1684926223.997417,7.800000
1684926224.006540,7.600000
1684926224.017456,7.300000
1684926224.026533,7.100000
1684926224.037435,6.700000
1684926224.046468,6.700000
1684926224.057454,6.700000
1684926224.066468,6.500000
1684926224.077500,6.500000
1684926224.086523,6.500000
1684926224.097548,6.200000
1684926224.106671,6.200000
1684926224.117588,6.000000
1684926224.126581,5.700000
1684926224.137636,5.500000
1684926224.146600,5.400000
1684926224.157625,4.900000
1684926224.166431,4.600000
1684926224.177404,4.100000
1684926224.186369,3.800000
1684926224.197396,3.500000
1684926224.206522,3.200000
1684926224.217396,2.700000
1684926224.226376,2.300000
1684926224.237353,2.200000
1684926224.246361,1.900000
1684926224.257403,1.400000
1684926224.267283,0.900000
1684926224.277386,0.600000
1684926224.286370,0.300000
1684926224.297373,0.000000
1684926224.307281,-0.400000
1684926224.317394,-0.800000
1684926224.327430,-1.200000
1684926224.337419,-1.600000
1684926224.347194,-2.300000
1684926224.357504,-2.700000
1684926224.367186,-3.100000
1684926224.377455,-3.500000
1684926224.387603,-4.200000
1684926224.397505,-4.600000
1684926224.407658,-4.900000
1684926224.417532,-5.000000
1684926224.426328,-5.200000
1684926224.438580,-5.700000
1684926224.446329,-6.000000
1684926224.458400,-6.100000
1684926224.466337,-6.300000
1684926224.478502,-6.600000
1684926224.486620,-6.900000
1684926224.497366,-7.400000
1684926224.506311,-7.700000
1684926224.517444,-8.100000
1684926224.527024,-8.500000
1684926224.537470,-8.900000
1684926224.546586,-9.200000
1684926224.557457,-9.800000
1684926224.566600,-10.000000
1684926224.577470,-10.300000
1684926224.586587,-10.400000
1684926224.597315,-10.900000
1684926224.606543,-11.100000
1684926224.617357,-11.200000
1684926224.626318,-11.200000
1684926224.637436,-11.200000
1684926224.646374,-11.200000
1684926224.657441,-11.400000
1684926224.666353,-11.400000
1684926224.677460,-11.200000
1684926224.686584,-11.200000
1684926224.697462,-11.200000
1684926224.706579,-11.400000
1684926224.717509,-11.400000
1684926224.726582,-11.700000
1684926224.737417,-11.700000
1684926224.746544,-12.000000
1684926224.757300,-12.700000
1684926224.766459,-13.200000
1684926224.777427,-13.700000
1684926224.786567,-14.300000
1684926224.797301,-15.300000
1684926224.806439,-16.200001
1684926224.817486,-17.299999
1684926224.826601,-18.500000
1684926224.837462,-19.900000
1684926224.846589,-21.200001
1684926224.857496,-22.299999
1684926224.866609,-23.200001
1684926224.877454,-24.200001
1684926224.886525,-25.299999
1684926224.897324,-25.900000
1684926224.906477,-26.600000
1684926224.917422,-27.200001
1684926224.926521,-27.799999
1684926224.937445,-28.100000
1684926224.946615,-28.299999
1684926224.957432,-28.600000
1684926224.966369,-28.600000
1684926224.977471,-29.200001
1684926224.986399,-29.400000
1684926224.997859,-29.700001
1684926225.006506,-29.700001
1684926225.017449,-30.200001
1684926225.026354,-30.299999
1684926225.037423,-30.500000
1684926225.046355,-30.500000
1684926225.057377,-30.799999
1684926225.067471,-31.100000
1684926225.077416,-31.100000
1684926225.086334,-31.100000
1684926225.097503,-31.100000
1684926225.107487,-31.100000
1684926225.117448,-31.100000
1684926225.126396,-31.100000
1684926225.137465,-31.100000
1684926225.146298,-31.299999
1684926225.157467,-31.299999
1684926225.167067,-31.299999
1684926225.177491,-31.600000
1684926225.186423,-32.099998
1684926225.197424,-32.400002
1684926225.206544,-32.799999
1684926225.217442,-33.400002
1684926225.226354,-34.000000
1684926225.237425,-34.900002
1684926225.247099,-36.000000
1684926225.257379,-36.799999
1684926225.267091,-37.599998
1684926225.277419,-38.299999
1684926225.287075,-39.099998
1684926225.297416,-39.900002
1684926225.307066,-40.400002
1684926225.317209,-40.900002
1684926225.327113,-41.000000
1684926225.337204,-41.299999
1684926225.347187,-41.400002
1684926225.357192,-41.299999
1684926225.367153,-41.299999
1684926225.377189,-41.299999
1684926225.387142,-41.299999
1684926225.397199,-41.299999
1684926225.407327,-41.099998
1684926225.417180,-41.299999
1684926225.427104,-41.299999
1684926225.437157,-41.299999
1684926225.447127,-41.500000
1684926225.457433,-41.299999
1684926225.467097,-41.299999
1684926225.477202,-41.299999
1684926225.487110,-41.099998
1684926225.497262,-41.299999
1684926225.507130,-41.299999
1684926225.517259,-41.299999
1684926225.527116,-41.299999
1684926225.537318,-41.299999
1684926225.547115,-41.299999
1684926225.557322,-41.299999
1684926225.567122,-41.299999
1684926225.577385,-41.099998
1684926225.587098,-41.000000
1684926225.597114,-40.700001
1684926225.607236,-40.700001
1684926225.617293,-40.500000
1684926225.627142,-40.099998
1684926225.637143,-39.700001
1684926225.647112,-39.700001
1684926225.657116,-39.400002
1684926225.667138,-39.099998
1684926225.677114,-39.099998
1684926225.688159,-39.099998
1684926225.698157,-38.900002
1684926225.708196,-38.599998
1684926225.718224,-38.599998
1684926225.728319,-38.299999
1684926225.738342,-37.900002
1684926225.746451,-37.799999
1684926225.758118,-37.400002
1684926225.766380,-36.900002
1684926225.778448,-36.299999
1684926225.786325,-36.000000
1684926225.798434,-35.400002
1684926225.806335,-34.599998
1684926225.817429,-33.900002
1684926225.826338,-33.500000
1684926225.837543,-32.799999
1684926225.846344,-32.000000
1684926225.857429,-31.400000
1684926225.866320,-30.700001
1684926225.877419,-30.400000
1684926225.886369,-29.900000
1684926225.898078,-29.299999
1684926225.906426,-28.799999
1684926225.917436,-28.700001
1684926225.926431,-28.200001
1684926225.937462,-27.900000
1684926225.946446,-27.600000
1684926225.957077,-27.600000
1684926225.966393,-27.200001
1684926225.977429,-26.799999
1684926225.987162,-26.500000
1684926225.998079,-26.500000
1684926226.006391,-26.200001
1684926226.017423,-25.799999
1684926226.027181,-25.500000
1684926226.037518,-25.400000
1684926226.046372,-24.900000
1684926226.057114,-24.600000
1684926226.066301,-24.400000
1684926226.077410,-24.200001
1684926226.086408,-24.100000
1684926226.097159,-23.799999
1684926226.107157,-23.600000
1684926226.117484,-23.799999
1684926226.127162,-23.500000
1684926226.137502,-23.500000
1684926226.147163,-23.500000
1684926226.157554,-23.500000
1684926226.167231,-23.500000
1684926226.177418,-23.500000
1684926226.187163,-23.500000
1684926226.198011,-23.500000
1684926226.207161,-23.500000
1684926226.217460,-23.299999
1684926226.226594,-23.500000
1684926226.237430,-23.500000
1684926226.246592,-23.500000
1684926226.258013,-23.299999
1684926226.267182,-23.299999
1684926226.278016,-23.500000
1684926226.287179,-23.500000
1684926226.298014,-23.500000
1684926226.307150,-23.299999
1684926226.318049,-23.299999
1684926226.326914,-23.500000
1684926226.337518,-23.299999
1684926226.347024,-23.299999
1684926226.357159,-23.500000
1684926226.366411,-23.299999
1684926226.377522,-23.100000
1684926226.386435,-22.799999
1684926226.397497,-22.600000
1684926226.406659,-22.700001
1684926226.417686,-22.500000
1684926226.426766,-22.200001
1684926226.437668,-21.900000
1684926226.446660,-21.900000
1684926226.457677,-21.700001
1684926226.466762,-21.400000
1684926226.477826,-21.200001
1684926226.486827,-20.900000
1684926226.498099,-20.600000
1684926226.507076,-20.200001
1684926226.517499,-20.100000
1684926226.527239,-19.600000
1684926226.537929,-19.000000
1684926226.547227,-18.500000
1684926226.557708,-18.000000
1684926226.567203,-17.500000
1684926226.578065,-16.900000
1684926226.587233,-16.200001
1684926226.597672,-15.400000
1684926226.607224,-14.700000
1684926226.617771,-14.200000
1684926226.627221,-13.500000
1684926226.637833,-12.700000
1684926226.647246,-12.000000
1684926226.658057,-11.200000
1684926226.667201,-10.800000
1684926226.677553,-10.200000
1684926226.687233,-9.400000
1684926226.697465,-9.100000
1684926226.707236,-8.400000
1684926226.717470,-8.000000
1684926226.727238,-7.300000
1684926226.737478,-6.500000
1684926226.747248,-6.100000
1684926226.757924,-5.400000
1684926226.767279,-4.800000
1684926226.777965,-4.300000
1684926226.787257,-3.700000
1684926226.797914,-3.200000
1684926226.807285,-2.600000
1684926226.817955,-2.300000
1684926226.827269,-1.800000
1684926226.837937,-1.400000
1684926226.847273,-1.000000
1684926226.857927,-1.000000
1684926226.867233,-0.700000
1684926226.877960,-0.500000
1684926226.887310,-0.200000
1684926226.897939,0.000000
1684926226.906402,0.000000
1684926226.917945,-0.200000
1684926226.926478,0.000000
1684926226.938009,0.200000
1684926226.946581,0.300000
1684926226.958013,0.500000
1684926226.966747,0.500000
1684926226.978027,0.500000
1684926226.986882,0.500000
1684926226.998089,0.500000
1684926227.007255,0.800000
1684926227.018128,0.500000
1684926227.027256,0.800000
1684926227.037909,0.500000
1684926227.046858,0.500000
1684926227.057896,0.500000
1684926227.066898,0.800000
1684926227.077876,0.800000
1684926227.086880,0.500000
1684926227.097911,0.500000
1684926227.106937,0.500000
1684926227.117929,0.800000
1684926227.126905,0.500000
1684926227.137918,0.500000
1684926227.146916,0.800000
1684926227.157972,0.800000
1684926227.166924,0.500000
1684926227.177960,0.500000
1684926227.186928,0.800000
1684926227.197886,0.500000
1684926227.206954,0.800000
1684926227.217960,0.800000
1684926227.227062,0.800000
1684926227.237967,1.000000
1684926227.246946,1.300000
1684926227.258041,1.500000
1684926227.266938,1.900000
1684926227.278025,2.400000
1684926227.286949,2.600000
1684926227.298048,2.900000
1684926227.307299,3.400000
1684926227.317966,3.900000
1684926227.327985,4.000000
1684926227.337982,4.300000
1684926227.347985,4.600000
1684926227.358013,4.600000
1684926227.368005,4.600000
1684926227.378026,4.600000
1684926227.387978,4.600000
1684926227.397821,4.600000
1684926227.408023,4.600000
1684926227.418032,4.500000
1684926227.428057,4.600000
1684926227.438020,4.600000
1684926227.447022,4.600000
1684926227.458071,4.800000
1684926227.467041,4.600000
1684926227.478028,4.600000
1684926227.487056,4.600000
1684926227.498035,4.600000
1684926227.507174,4.600000
1684926227.518040,4.600000
1684926227.527048,4.800000
1684926227.538062,4.600000
1684926227.547064,4.600000
1684926227.558072,4.600000
1684926227.567051,4.600000
1684926227.578100,4.600000
1684926227.587084,4.600000
1684926227.598116,4.600000
1684926227.607220,4.600000
1684926227.618151,4.600000
1684926227.627153,4.600000
1684926227.638190,4.600000
1684926227.647199,4.600000
1684926227.658200,4.600000
1684926227.667150,4.300000
1684926227.677239,4.300000
1684926227.687233,4.300000
1684926227.697175,4.000000
1684926227.707171,4.000000
1684926227.717253,4.000000
1684926227.727210,4.000000
1684926227.737248,3.800000
1684926227.747220,3.800000
1684926227.757231,3.500000
1684926227.767207,3.400000
1684926227.778236,3.200000
1684926227.787239,2.500000
1684926227.797201,2.300000
1684926227.807224,1.800000
1684926227.817247,1.200000
1684926227.827228,0.400000
1684926227.837219,-0.300000
1684926227.847229,-1.400000
1684926227.857224,-2.400000
1684926227.867244,-3.400000
1684926227.877308,-4.500000
1684926227.887258,-5.600000
1684926227.897251,-6.900000
1684926227.907261,-8.300000
1684926227.917265,-9.600000
1684926227.927279,-11.000000
1684926227.937283,-12.100000
1684926227.947278,-13.200000
1684926227.957306,-14.500000
1684926227.967280,-15.300000
1684926227.977303,-16.200001
1684926227.987301,-16.900000
1684926227.997305,-17.700001
1684926228.007300,-18.400000
1684926228.017301,-19.100000
1684926228.027316,-19.700001
1684926228.037306,-20.700001
1684926228.047334,-21.299999
1684926228.057309,-22.100000
1684926228.067598,-23.100000
1684926228.077320,-24.100000
1684926228.087332,-25.000000
1684926228.098350,-26.000000
1684926228.107334,-27.100000
1684926228.118647,-28.500000
1684926228.127344,-29.600000
1684926228.137352,-30.900000
1684926228.147364,-32.200001
1684926228.157339,-33.299999
1684926228.167356,-34.599998
1684926228.177368,-36.200001
1684926228.187390,-37.599998
1684926228.197372,-38.900002
1684926228.207399,-40.299999
1684926228.217364,-41.400002
1684926228.227392,-42.700001
1684926228.237638,-44.000000
1684926228.247397,-45.599998
1684926228.257388,-47.500000
1684926228.267450,-49.599998
1684926228.277390,-51.400002
1684926228.287404,-52.900002
1684926228.297663,-54.500000
1684926228.307414,-56.099998
1684926228.317437,-58.099998
1684926228.327429,-60.099998
1684926228.337411,-62.099998
1684926228.347432,-63.599998
1684926228.357466,-65.000000
1684926228.367468,-66.300003
1684926228.377477,-67.699997
1684926228.387449,-69.300003
1684926228.397785,-71.099998
1684926228.407445,-72.699997
1684926228.417785,-74.599998
1684926228.427472,-76.500000
1684926228.437848,-78.500000
1684926228.447478,-80.500000
1684926228.457849,-82.599998
1684926228.467495,-84.699997
1684926228.477595,-86.900002
1684926228.487475,-89.000000
1684926228.497598,-91.000000
1684926228.506495,-92.900002
1684926228.517666,-94.699997
1684926228.527409,-96.400002
1684926228.537616,-98.000000
1684926228.547428,-99.400002
1684926228.557579,-100.500000
1684926228.567443,-101.500000
1684926228.577604,-102.800003
1684926228.587429,-104.199997
1684926228.597597,-105.800003
1684926228.607528,-107.400002
1684926228.617611,-108.800003
1684926228.626869,-109.900002
1684926228.637669,-111.000000
1684926228.646704,-112.400002
1684926228.657843,-114.000000
1684926228.666810,-116.300003
1684926228.677867,-118.199997
1684926228.686971,-119.900002
1684926228.698160,-121.500000
1684926228.707102,-123.099998
1684926228.718158,-124.699997
1684926228.727240,-126.500000
1684926228.737285,-129.000000
1684926228.747319,-131.300003
1684926228.758521,-133.199997
1684926228.767421,-134.899994
1684926228.777577,-136.600006
1684926228.787666,-138.399994
1684926228.796582,-140.300003
1684926228.806632,-142.100006
1684926228.817618,-144.199997
1684926228.827613,-146.199997
1684926228.836633,-148.300003
1684926228.846620,-150.199997
1684926228.857641,-151.899994
1684926228.866625,-153.699997
1684926228.877641,-155.000000
1684926228.887647,-156.199997
1684926228.897648,-157.500000
1684926228.907645,-159.100006
1684926228.917652,-160.199997
1684926228.926656,-160.899994
1684926228.937647,-161.500000
1684926228.947655,-161.500000
1684926228.957663,-161.500000
1684926228.967695,-161.500000
1684926228.977669,-161.800003
1684926228.987704,-161.800003
1684926228.997685,-161.500000
1684926229.007670,-161.500000
1684926229.017689,-161.800003
1684926229.027691,-161.800003
1684926229.037686,-161.899994
1684926229.047726,-162.199997
1684926229.057714,-163.300003
1684926229.067778,-164.500000
1684926229.077709,-165.800003
1684926229.086703,-167.300003
1684926229.098729,-169.100006
1684926229.107758,-170.699997
1684926229.118707,-172.300003
1684926229.126720,-174.199997
1684926229.138842,-175.800003
1684926229.146745,-177.399994
1684926229.157750,-179.000000
1684926229.166732,-180.100006
1684926229.177779,-181.000000
1684926229.186735,-181.399994
1684926229.197730,-181.899994
1684926229.206752,-181.899994
1684926229.217798,-181.699997
1684926229.226750,-181.899994
1684926229.237835,-181.699997
1684926229.246765,-181.399994
1684926229.257757,-180.699997
1684926229.267891,-180.100006
1684926229.277777,-179.800003
1684926229.286755,-179.100006
1684926229.297833,-178.500000
1684926229.306803,-177.800003
1684926229.317790,-177.000000
1684926229.326795,-176.399994
1684926229.337823,-175.399994
1684926229.346792,-174.300003
1684926229.357810,-173.199997
1684926229.367828,-172.699997
1684926229.377818,-171.899994
1684926229.386829,-171.100006
1684926229.397840,-170.199997
1684926229.406813,-169.399994
1684926229.417812,-168.800003
1684926229.426855,-168.100006
1684926229.437844,-167.500000
1684926229.446836,-166.899994
1684926229.457877,-166.500000
1684926229.467853,-166.399994
1684926229.477803,-165.899994
1684926229.486856,-165.500000
1684926229.497730,-165.300003
1684926229.506839,-164.600006
1684926229.517735,-164.000000
1684926229.526851,-163.399994
1684926229.537860,-162.899994
1684926229.546862,-162.800003
1684926229.557668,-162.800003
1684926229.567872,-162.600006
1684926229.577652,-162.600006
1684926229.586865,-162.800003
1684926229.597628,-162.600006
1684926229.606920,-162.600006
1684926229.617651,-162.600006
1684926229.626858,-163.000000
1684926229.637605,-163.800003
1684926229.646906,-164.600006
1684926229.657565,-165.199997
1684926229.667946,-165.699997
1684926229.677553,-166.199997
1684926229.686895,-166.800003
1684926229.697527,-167.500000
1684926229.706876,-168.399994
1684926229.717501,-169.000000
1684926229.726880,-169.300003
1684926229.737465,-169.500000
1684926229.746904,-169.600006
1684926229.757483,-169.800003
1684926229.766902,-170.199997
1684926229.777443,-170.399994
1684926229.786877,-170.399994
1684926229.797445,-170.500000
1684926229.806896,-171.000000
1684926229.817403,-171.300003
1684926229.826911,-171.600006
1684926229.837706,-172.399994
1684926229.846902,-173.399994
1684926229.857360,-174.500000
1684926229.867960,-175.500000
1684926229.877340,-176.600006
1684926229.886942,-177.500000
1684926229.897365,-178.399994
1684926229.906927,-179.100006
1684926229.917968,-179.500000
1684926229.926951,-180.000000
1684926229.937324,-180.000000
1684926229.946925,-180.000000
1684926229.957331,-180.300003
1684926229.967949,-180.500000
1684926229.977327,-180.600006
1684926229.987338,-180.800003
1684926229.997324,-181.100006
1684926230.007175,-181.100006
1684926230.017342,-181.100006
1684926230.027362,-181.100006
1684926230.037320,-181.100006
1684926230.047349,-181.100006
1684926230.057341,-180.899994
1684926230.067407,-180.899994
1684926230.077447,-180.399994
1684926230.087553,-179.800003
1684926230.097604,-179.399994
1684926230.106632,-179.000000
1684926230.117738,-178.699997
1684926230.126889,-178.399994
1684926230.137843,-178.399994
1684926230.146926,-178.300003
1684926230.157947,-177.800003
1684926230.168020,-177.000000
1684926230.178039,-176.100006
1684926230.187135,-175.300003
1684926230.198052,-174.500000
1684926230.207257,-174.000000
1684926230.218012,-173.899994
1684926230.227385,-173.399994
1684926230.237997,-173.100006
1684926230.247510,-172.600006
1684926230.258018,-172.300003
1684926230.267595,-172.199997
1684926230.277947,-172.000000
1684926230.287693,-172.000000
1684926230.296888,-171.600006
1684926230.307860,-171.300003
1684926230.318031,-170.699997
1684926230.328049,-169.699997
1684926230.338007,-168.800003
1684926230.348034,-167.800003
1684926230.358063,-167.199997
1684926230.368028,-166.199997
1684926230.378057,-165.100006
1684926230.388036,-163.899994
1684926230.398031,-162.699997
1684926230.408049,-161.399994
1684926230.418051,-160.199997
1684926230.428051,-158.800003
1684926230.438121,-157.399994
1684926230.448048,-155.800003
1684926230.458054,-154.500000
1684926230.468075,-152.899994
1684926230.478052,-151.000000
1684926230.488071,-149.199997
1684926230.498121,-147.600006
1684926230.508078,-145.899994
1684926230.518077,-144.000000
1684926230.528053,-142.399994
1684926230.538079,-140.800003
1684926230.548077,-139.000000
1684926230.558115,-137.600006
1684926230.568080,-136.000000
1684926230.578122,-134.600006
1684926230.588072,-133.500000
1684926230.598133,-132.199997
1684926230.607077,-131.199997
1684926230.618079,-130.699997
1684926230.628092,-130.100006
1684926230.638119,-129.800003
1684926230.648106,-129.800003
1684926230.658114,-129.600006
1684926230.667095,-129.800003
1684926230.678120,-129.800003
1684926230.687104,-129.699997
1684926230.698135,-130.100006
1684926230.707099,-130.300003
1684926230.718162,-130.800003
1684926230.727118,-130.899994
1684926230.738147,-131.100006
1684926230.747097,-131.600006
1684926230.758154,-131.899994
1684926230.768146,-132.699997
1684926230.778161,-133.199997
1684926230.787140,-133.800003
1684926230.798148,-134.300003
1684926230.807116,-135.300003
1684926230.818139,-136.100006
1684926230.827101,-137.199997
1684926230.838146,-138.199997
1684926230.847405,-139.300003
1684926230.857121,-140.899994
1684926230.867142,-142.399994
1684926230.878146,-144.100006
1684926230.887160,-145.899994
1684926230.898156,-147.600006
1684926230.907305,-148.899994
1684926230.918187,-150.300003
1684926230.927205,-151.399994
1684926230.938162,-152.399994
1684926230.947169,-154.000000
1684926230.957158,-155.100006
1684926230.967142,-156.000000
1684926230.978165,-156.600006
1684926230.987175,-157.399994
1684926230.998189,-157.899994
1684926231.007159,-158.699997
1684926231.018184,-159.199997
1684926231.027159,-160.000000
1684926231.038185,-160.399994
1684926231.047163,-160.399994
1684926231.057166,-160.399994
1684926231.067165,-160.399994
1684926231.078189,-160.699997
1684926231.087178,-160.699997
1684926231.097202,-160.699997
1684926231.107196,-161.000000
1684926231.118207,-161.199997
1684926231.127180,-161.199997
1684926231.138258,-161.899994
1684926231.147202,-162.500000
1684926231.157184,-163.300003
1684926231.167210,-164.500000
1684926231.178255,-165.600006
1684926231.187202,-166.699997
1684926231.198244,-168.000000
1684926231.207203,-169.800003
1684926231.218244,-171.399994
1684926231.227244,-173.500000
1684926231.238208,-175.199997
1684926231.247219,-177.100006
1684926231.257230,-178.899994
1684926231.267234,-180.899994
1684926231.278248,-182.699997
1684926231.287206,-184.399994
1684926231.298242,-186.199997
1684926231.307209,-187.399994
1684926231.318267,-188.399994
1684926231.327225,-189.300003
1684926231.338246,-189.800003
1684926231.347258,-190.199997
1684926231.358244,-190.500000
1684926231.367229,-190.899994
1684926231.378272,-191.100006
1684926231.387262,-191.100006
1684926231.398268,-191.100006
1684926231.407241,-191.300003
1684926231.418308,-191.300003
1684926231.427230,-191.199997
1684926231.438272,-191.100006
1684926231.447291,-191.300003
1684926231.457277,-191.300003
1684926231.467267,-191.199997
1684926231.477300,-191.100006
1684926231.487269,-191.300003
1684926231.498283,-191.300003
1684926231.507303,-191.300003
1684926231.517288,-191.100006
1684926231.527271,-191.300003
1684926231.538265,-191.300003
1684926231.547273,-191.300003
1684926231.557298,-191.100006
1684926231.567288,-191.100006
1684926231.577311,-191.100006
1684926231.587293,-191.300003
1684926231.598291,-191.300003
1684926231.607269,-191.300003
1684926231.618291,-191.100006
1684926231.627286,-191.100006
1684926231.638297,-191.100006
1684926231.647289,-191.300003
1684926231.657293,-191.300003
1684926231.667315,-191.199997
1684926231.678336,-191.100006
1684926231.687303,-191.100006
1684926231.697362,-191.100006
1684926231.707301,-191.100006
1684926231.717318,-191.300003
1684926231.727294,-191.300003
1684926231.737334,-191.300003
1684926231.747492,-191.100006
1684926231.757350,-191.100006
1684926231.767443,-191.100006
1684926231.778333,-191.100006
1684926231.787575,-191.300003
1684926231.797365,-191.300003
1684926231.807997,-191.100006
1684926231.818125,-191.100006
1684926231.827780,-191.100006
1684926231.838167,-191.300003
1684926231.846921,-191.300003
1684926231.858248,-191.600006
1684926231.868351,-191.800003
1684926231.877206,-192.300003
1684926231.888237,-193.000000
1684926231.898246,-193.800003
1684926231.908247,-194.699997
1684926231.917297,-195.800003
1684926231.928252,-197.000000
1684926231.937401,-198.500000
1684926231.947517,-200.000000
1684926231.957485,-201.800003
1684926231.967584,-203.500000
1684926231.977620,-205.100006
1684926231.987686,-206.699997
1684926231.997752,-208.000000
1684926232.007755,-209.600006
1684926232.017854,-211.000000
1684926232.027912,-212.600006
1684926232.037983,-214.199997
1684926232.048084,-215.600006
1684926232.057177,-216.899994
1684926232.067150,-218.100006
1684926232.078251,-219.300003
1684926232.087274,-220.699997
1684926232.097750,-222.000000
1684926232.107358,-223.600006
1684926232.117412,-225.000000
1684926232.127412,-226.300003
1684926232.137426,-227.699997
1684926232.147444,-229.000000
1684926232.157430,-230.300003
1684926232.167404,-231.699997
1684926232.177441,-233.300003
1684926232.187444,-234.899994
1684926232.197446,-236.300003
1684926232.207423,-237.800003
1684926232.218443,-239.399994
1684926232.228427,-241.000000
1684926232.238440,-242.800003
1684926232.248454,-244.600006
1684926232.258466,-246.199997
1684926232.268445,-247.800003
1684926232.278463,-249.399994
1684926232.288474,-251.100006
1684926232.298468,-252.199997
1684926232.308449,-253.399994
1684926232.318562,-254.699997
1684926232.328444,-255.199997
1684926232.338467,-256.100006
1684926232.348465,-256.200012
1684926232.358465,-256.399994
1684926232.367461,-256.200012
1684926232.377456,-256.500000
1684926232.387474,-256.700012
1684926232.397469,-256.700012
1684926232.407504,-256.700012
1684926232.417463,-257.100006
1684926232.427503,-257.299988
1684926232.437499,-257.299988
1684926232.447477,-257.299988
1684926232.457486,-257.500000
1684926232.467505,-257.500000
1684926232.477478,-257.500000
1684926232.487522,-257.600006
1684926232.497493,-257.500000
1684926232.507510,-257.500000
1684926232.517515,-257.799988
1684926232.527509,-257.500000
1684926232.537534,-257.399994
1684926232.547505,-257.100006
1684926232.557505,-256.799988
1684926232.567524,-256.500000
1684926232.577513,-256.000000
1684926232.587538,-255.699997
1684926232.597536,-255.399994
1684926232.607519,-255.199997
1684926232.617513,-254.699997
1684926232.627528,-254.500000
1684926232.637531,-254.100006
1684926232.647511,-253.800003
1684926232.657514,-253.800003
1684926232.667529,-253.800003
1684926232.677530,-253.600006
1684926232.687530,-253.800003
1684926232.697560,-253.800003
1684926232.707532,-253.600006
1684926232.717581,-254.000000
1684926232.727602,-254.500000
1684926232.737540,-255.199997
1684926232.747554,-256.299988
1684926232.757559,-257.200012
1684926232.767532,-258.399994
1684926232.777557,-259.700012
1684926232.787602,-261.299988
1684926232.797582,-262.700012
1684926232.807557,-264.000000
1684926232.817575,-265.899994
1684926232.827554,-267.200012
1684926232.837580,-268.299988
1684926232.847572,-269.399994
1684926232.857585,-270.799988
1684926232.867574,-271.700012
1684926232.877597,-272.500000
1684926232.887573,-273.600006
1684926232.898136,-274.299988
1684926232.908132,-274.899994
1684926232.918222,-275.700012
1684926232.928244,-276.500000
1684926232.938267,-277.299988
1684926232.947349,-278.299988
1684926232.957340,-279.399994
1684926232.967451,-280.700012
1684926232.977606,-281.799988
1684926232.987595,-283.000000
1684926233.001288,-284.500000
1684926233.007657,-286.100006
1684926233.017602,-287.399994
1684926233.027601,-288.899994
1684926233.037626,-290.100006
1684926233.047630,-291.200012
1684926233.057647,-292.000000
1684926233.067613,-292.899994
1684926233.077640,-293.399994
1684926233.087638,-293.500000
1684926233.097641,-293.500000
1684926233.107618,-293.500000
1684926233.117639,-293.500000
1684926233.127639,-293.799988
1684926233.137637,-293.600006
1684926233.147638,-293.399994
1684926233.157668,-293.100006
1684926233.167688,-293.000000
1684926233.177674,-292.500000
1684926233.187658,-292.000000
1684926233.197663,-291.500000
1684926233.207697,-290.899994
1684926233.217659,-290.200012
1684926233.227639,-289.600006
1684926233.237749,-288.600006
1684926233.247668,-287.500000
1684926233.257680,-286.200012
1684926233.267661,-285.100006
1684926233.277670,-284.299988
1684926233.287661,-283.200012
1684926233.297660,-282.100006
1684926233.307676,-280.899994
1684926233.317695,-279.700012
1684926233.327672,-278.700012
1684926233.337684,-277.600006
1684926233.347934,-276.500000
1684926233.357692,-275.500000
1684926233.367672,-274.399994
1684926233.377704,-273.600006
1684926233.387717,-272.700012
1684926233.397691,-271.899994
1684926233.407714,-271.100006
1684926233.417704,-270.299988
1684926233.427681,-269.500000
1684926233.437702,-269.200012
1684926233.447691,-268.399994
1684926233.457717,-267.700012
1684926233.467704,-267.100006
1684926233.477735,-266.100006
1684926233.487704,-265.000000
1684926233.497721,-263.700012
1684926233.507715,-262.600006
1684926233.517807,-261.200012
1684926233.527741,-259.899994
1684926233.537733,-258.600006
1684926233.547728,-257.200012
1684926233.557730,-255.899994
1684926233.567727,-254.800003
1684926233.577739,-253.199997
1684926233.587759,-251.800003
1684926233.597767,-250.300003
1684926233.607779,-249.000000
1684926233.617764,-247.699997
1684926233.627772,-246.399994
1684926233.647734,-244.100006
1684926233.657780,-242.899994
1684926233.667754,-241.800003
1684926233.677752,-240.899994
1684926233.687768,-240.000000
1684926233.697746,-239.199997
1684926233.707751,-238.399994
1684926233.717803,-237.600006
1684926233.727766,-236.800003
1684926233.737774,-236.100006
1684926233.747768,-235.500000
1684926233.757791,-235.000000
1684926233.768002,-234.500000
1684926233.777837,-233.800003
1684926233.787988,-233.399994
1684926233.797980,-233.000000
1684926233.808151,-232.699997
1684926233.818063,-232.699997
1684926233.828142,-232.699997
1684926233.838186,-232.699997
1684926233.848265,-232.699997
1684926233.857331,-232.699997
1684926233.867394,-232.399994
1684926233.877394,-232.399994
1684926233.887473,-232.699997
1684926233.897565,-232.699997
1684926233.907562,-232.699997
1684926233.917671,-232.699997
1684926233.927841,-232.399994
1684926233.937793,-232.399994
1684926233.947809,-232.199997
1684926233.957926,-231.500000
1684926233.967962,-231.100006
1684926233.978093,-230.699997
1684926233.988101,-230.300003
1684926233.998166,-229.800003
1684926234.007252,-229.300003
1684926234.017316,-228.800003
1684926234.027348,-228.300003
1684926234.037421,-227.899994
1684926234.047443,-227.399994
1684926234.057506,-227.100006
1684926234.067575,-227.100006
1684926234.077895,-227.100006
1684926234.087694,-227.100006
1684926234.098509,-227.100006
1684926234.107832,-226.800003
1684926234.117839,-226.800003
1684926234.127844,-226.800003
1684926234.137893,-226.800003
1684926234.147857,-227.000000
1684926234.157892,-227.100006
1684926234.167864,-227.100006
1684926234.177903,-227.100006
1684926234.187880,-226.800003
1684926234.197894,-226.600006
1684926234.207873,-226.300003
1684926234.217896,-226.000000
1684926234.227851,-225.600006
1684926234.237895,-225.199997
1684926234.248911,-224.699997
1684926234.258918,-224.199997
1684926234.268878,-223.899994
1684926234.278897,-223.399994
1684926234.288717,-223.199997
1684926234.298937,-222.899994
1684926234.308901,-222.500000
1684926234.318916,-222.000000
1684926234.326885,-221.699997
1684926234.337921,-221.399994
1684926234.347904,-221.000000
1684926234.357971,-220.500000
1684926234.367902,-220.000000
1684926234.377902,-219.300003
1684926234.387595,-218.600006
1684926234.397915,-218.000000
1684926234.407886,-217.500000
1684926234.417897,-216.699997
1684926234.427903,-216.100006
1684926234.437939,-215.600006
1684926234.447903,-215.000000
1684926234.457911,-214.300003
1684926234.467949,-213.800003
1684926234.477945,-213.399994
1684926234.487649,-212.899994
1684926234.496920,-212.399994
1684926234.507929,-211.899994
1684926234.517925,-211.500000
1684926234.527942,-211.000000
1684926234.537941,-210.699997
1684926234.547944,-210.699997
1684926234.557946,-210.399994
1684926234.567943,-210.199997
1684926234.577955,-210.100006
1684926234.587386,-210.100006
1684926234.597981,-210.100006
1684926234.607958,-210.100006
1684926234.617965,-210.100006
1684926234.627941,-209.899994
1684926234.637963,-209.600006
1684926234.647951,-209.399994
1684926234.657971,-208.899994
1684926234.667988,-208.300003
1684926234.677981,-207.600006
1684926234.688275,-206.800003
1684926234.697972,-206.000000
1684926234.707941,-205.199997
1684926234.717992,-204.000000
1684926234.727972,-203.000000
1684926234.736960,-201.699997
1684926234.748147,-201.100006
1684926234.756961,-200.100006
1684926234.767964,-199.300003
1684926234.778006,-198.500000
1684926234.788234,-197.699997
1684926234.798025,-197.100006
1684926234.808009,-196.699997
1684926234.818022,-196.199997
1684926234.827990,-195.899994
1684926234.838042,-195.699997
1684926234.846963,-195.600006
1684926234.858021,-195.399994
1684926234.868022,-195.399994
1684926234.878008,-195.100006
1684926234.888148,-194.600006
1684926234.898033,-193.899994
1684926234.908012,-193.300003
1684926234.918040,-192.500000
1684926234.928031,-191.699997
1684926234.938028,-190.699997
1684926234.948016,-189.899994
1684926234.958023,-189.100006
1684926234.968071,-188.500000
1684926234.978041,-187.899994
1684926234.988055,-187.399994
1684926234.998073,-187.100006
1684926235.008025,-186.800003
1684926235.018048,-186.600006
1684926235.028068,-186.500000
1684926235.038052,-186.500000
1684926235.048032,-186.500000
1684926235.058068,-186.699997
1684926235.068049,-186.800003
1684926235.078061,-186.500000
1684926235.088071,-186.500000
1684926235.098048,-186.500000
1684926235.108045,-186.500000
1684926235.118072,-186.500000
1684926235.128074,-186.300003
1684926235.138071,-186.199997
1684926235.148090,-186.399994
1684926235.158083,-186.500000
1684926235.167037,-186.300003
1684926235.178070,-186.199997
1684926235.187779,-186.199997
1684926235.198124,-186.199997
1684926235.208078,-186.399994
1684926235.218090,-186.300003
1684926235.228079,-186.199997
1684926235.238136,-186.199997
1684926235.248095,-186.199997
1684926235.258096,-186.199997
1684926235.267496,-186.399994
1684926235.278092,-186.199997
1684926235.287572,-186.199997
1684926235.298114,-186.199997
1684926235.308124,-186.199997
1684926235.318141,-186.199997
1684926235.328100,-186.199997
1684926235.338135,-186.399994
1684926235.348431,-186.199997
1684926235.358111,-186.199997
1684926235.368120,-186.199997
1684926235.378119,-186.199997
1684926235.388280,-186.300003
1684926235.398132,-186.199997
1684926235.408137,-186.199997
1684926235.418119,-186.199997
1684926235.428367,-186.199997
1684926235.438143,-186.500000
1684926235.448386,-186.199997
1684926235.458134,-186.199997
1684926235.468303,-186.199997
1684926235.478264,-186.199997
1684926235.487454,-186.199997
1684926235.498386,-186.199997
1684926235.507413,-186.000000
1684926235.517458,-185.699997
1684926235.527491,-185.199997
1684926235.541082,-184.899994
1684926235.547651,-184.199997
1684926235.557707,-183.600006
1684926235.567789,-182.899994
1684926235.577825,-182.300003
1684926235.588416,-181.800003
1684926235.598094,-181.199997
1684926235.608017,-180.500000
1684926235.618094,-179.800003
1684926235.628181,-179.399994
1684926235.638234,-178.800003
1684926235.648291,-178.100006
1684926235.658326,-177.399994
1684926235.667472,-176.699997
1684926235.678466,-175.899994
1684926235.687494,-175.000000
1684926235.697667,-173.899994
1684926235.707690,-172.699997
1684926235.717682,-171.600006
1684926235.727728,-171.000000
1684926235.737730,-169.899994
1684926235.747806,-168.699997
1684926235.757862,-167.600006
1684926235.767912,-166.800003
1684926235.779045,-165.699997
1684926235.788080,-164.500000
1684926235.798209,-163.300003
1684926235.808200,-162.399994
1684926235.818232,-161.300003
1684926235.828206,-160.100006
1684926235.838267,-159.000000
1684926235.848264,-158.100006
1684926235.858200,-157.100006
1684926235.868305,-156.500000
1684926235.878253,-155.899994
1684926235.888293,-155.199997
1684926235.898244,-154.800003
1684926235.908282,-154.300003
1684926235.918251,-154.000000
1684926235.928286,-154.000000
1684926235.938248,-154.000000
1684926235.948286,-153.699997
1684926235.958244,-153.699997
1684926235.968282,-153.600006
1684926235.978265,-153.699997
1684926235.988263,-153.699997
1684926235.998272,-153.699997
1684926236.008287,-153.699997
1684926236.018272,-153.699997
1684926236.028290,-153.600006
1684926236.038328,-153.399994
1684926236.048264,-153.199997
1684926236.058266,-153.199997
1684926236.068285,-152.899994
1684926236.078295,-152.699997
1684926236.088312,-152.100006
1684926236.098293,-151.399994
1684926236.108295,-151.100006
1684926236.118307,-150.300003
1684926236.128296,-149.300003
1684926236.138325,-148.500000
1684926236.148321,-147.600006
1684926236.158312,-146.600006
1684926236.168319,-145.500000
1684926236.178316,-144.699997
1684926236.188289,-143.399994
1684926236.198338,-142.399994
1684926236.208305,-141.500000
1684926236.218311,-140.500000
1684926236.228311,-139.600006
1684926236.238345,-138.800003
1684926236.248314,-138.000000
1684926236.258312,-137.399994
1684926236.268332,-136.800003
1684926236.278336,-136.500000
1684926236.288331,-136.100006
1684926236.298342,-135.800003
1684926236.308406,-135.699997
1684926236.318347,-136.000000
1684926236.328346,-135.699997
1684926236.338337,-135.699997
1684926236.348329,-135.800003
1684926236.358489,-135.699997
1684926236.368348,-135.699997
1684926236.378356,-135.699997
1684926236.388354,-135.699997
1684926236.398381,-135.699997
1684926236.408354,-135.699997
1684926236.418354,-135.800003
1684926236.428352,-135.699997
1684926236.438351,-135.699997
1684926236.448363,-135.699997
1684926236.458378,-136.000000
1684926236.468370,-135.699997
1684926236.478375,-135.699997
1684926236.488458,-135.699997
1684926236.498386,-135.699997
1684926236.508358,-136.000000
1684926236.518378,-135.800003
1684926236.528394,-135.699997
1684926236.538417,-135.699997
1684926236.548379,-135.699997
1684926236.558377,-135.500000
1684926236.568366,-135.500000
1684926236.578398,-135.199997
1684926236.588374,-134.800003
1684926236.598376,-134.399994
1684926236.608418,-133.800003
1684926236.618407,-133.399994
1684926236.628422,-132.800003
1684926236.638402,-132.100006
1684926236.648378,-131.500000
1684926236.658394,-130.899994
1684926236.668424,-130.199997
1684926236.678397,-129.699997
1684926236.688406,-129.100006
1684926236.698420,-128.500000
1684926236.708416,-128.000000
1684926236.718421,-127.500000
1684926236.728413,-127.400002
1684926236.738421,-127.099998
1684926236.748405,-126.900002
1684926236.758461,-126.699997
1684926236.768479,-126.599998
1684926236.778547,-126.800003
1684926236.787697,-126.800003
1684926236.798693,-126.800003
1684926236.807737,-126.599998
1684926236.817844,-126.599998
1684926236.827882,-126.800003
1684926236.837903,-126.800003
1684926236.847970,-126.599998
1684926236.858065,-126.599998
1684926236.868072,-126.599998
1684926236.878125,-126.300003
1684926236.888190,-126.099998
1684926236.898258,-125.599998
1684926236.908342,-125.400002
1684926236.918403,-124.699997
1684926236.928413,-124.000000
1684926236.938501,-123.300003
1684926236.948565,-122.400002
1684926236.958591,-121.400002
1684926236.968634,-120.300003
1684926236.977734,-119.199997
1684926236.987738,-118.400002
1684926236.997818,-117.400002
1684926237.007917,-116.800003
1684926237.017903,-116.000000
1684926237.027980,-115.099998
1684926237.038044,-114.699997
1684926237.048127,-114.400002
1684926237.058177,-114.400002
1684926237.068213,-114.400002
1684926237.078298,-114.599998
1684926237.088315,-114.500000
1684926237.098485,-114.400002
1684926237.108480,-114.400002
1684926237.118492,-114.400002
1684926237.128489,-114.400002
1684926237.138481,-114.199997
1684926237.148511,-113.900002
1684926237.158517,-113.400002
1684926237.168492,-112.900002
1684926237.178495,-112.300003
1684926237.188516,-111.500000
1684926237.198533,-110.900002
1684926237.208505,-110.000000
1684926237.218524,-109.099998
1684926237.228515,-108.099998
1684926237.238522,-107.300003
1684926237.248545,-106.599998
1684926237.258531,-106.300003
1684926237.268503,-105.800003
1684926237.278527,-105.599998
1684926237.288523,-105.500000
1684926237.298545,-105.500000
1684926237.308528,-105.500000
1684926237.318547,-105.500000
1684926237.328625,-105.300003
1684926237.338547,-105.199997
1684926237.348526,-105.500000
1684926237.358548,-105.500000
1684926237.368526,-105.500000
1684926237.378551,-105.500000
1684926237.388531,-105.300003
1684926237.398529,-105.500000
1684926237.408553,-105.500000
1684926237.418554,-105.500000
1684926237.428561,-105.500000
1684926237.438547,-105.300003
1684926237.448577,-105.199997
1684926237.458587,-105.199997
1684926237.468485,-105.500000
1684926237.478623,-105.300003
1684926237.488571,-105.199997
1684926237.498572,-105.000000
1684926237.508442,-104.699997
1684926237.518600,-104.400002
1684926237.528574,-104.199997
1684926237.538596,-104.000000
1684926237.548423,-103.699997
1684926237.558568,-103.699997
1684926237.568581,-103.400002
1684926237.578788,-103.199997
1684926237.588593,-103.099998
1684926237.598596,-102.800003
1684926237.608621,-102.599998
1684926237.618597,-102.500000
1684926237.628593,-102.300003
1684926237.638616,-102.300003
1684926237.648619,-102.099998
1684926237.658623,-102.300003
1684926237.668617,-102.000000
1684926237.678674,-102.000000
1684926237.688611,-101.699997
1684926237.698629,-101.500000
1684926237.708620,-101.199997
1684926237.718642,-100.800003
1684926237.728623,-100.400002
1684926237.738685,-99.900002
1684926237.748209,-99.199997
1684926237.758624,-98.699997
1684926237.768616,-98.000000
1684926237.778688,-97.500000
1684926237.788645,-97.000000
1684926237.798679,-96.199997
1684926237.808644,-95.400002
1684926237.818673,-94.599998
1684926237.828645,-94.199997
1684926237.838687,-93.599998
1684926237.848644,-93.000000
1684926237.858675,-92.500000
1684926237.868680,-91.900002
1684926237.878680,-91.800003
1684926237.888656,-91.500000
1684926237.898684,-91.300003
1684926237.908653,-91.300003
1684926237.918678,-91.199997
1684926237.928672,-91.300003
1684926237.938662,-91.300003
1684926237.947986,-91.300003
1684926237.958675,-91.300003
1684926237.968676,-91.000000
1684926237.978674,-91.199997
1684926237.988680,-91.000000
1684926237.998701,-90.699997
1684926238.008687,-90.500000
1684926238.018696,-90.000000
1684926238.028703,-89.900002
1684926238.038693,-89.699997
1684926238.048698,-89.400002
1684926238.058701,-89.000000
1684926238.068709,-88.699997
1684926238.078724,-88.599998
1684926238.088679,-88.500000
1684926238.098705,-88.599998
1684926238.108722,-88.599998
1684926238.118737,-88.300003
1684926238.128733,-88.300003
1684926238.138749,-88.300003
1684926238.148806,-88.300003
1684926238.158720,-88.599998
1684926238.168723,-88.599998
1684926238.178724,-88.599998
1684926238.188720,-88.599998
1684926238.198722,-88.599998
1684926238.208725,-88.599998
1684926238.218748,-88.599998
1684926238.228724,-88.300003
1684926238.238749,-88.300003
1684926238.248731,-88.300003
1684926238.258740,-88.300003
1684926238.268718,-88.599998
1684926238.278756,-88.599998
1684926238.288902,-88.599998
1684926238.298746,-88.599998
1684926238.308748,-88.599998
1684926238.318768,-88.300003
1684926238.328742,-88.300003
1684926238.338748,-88.300003
1684926238.348750,-88.599998
1684926238.358765,-88.599998
1684926238.368742,-88.300003
1684926238.378803,-88.199997
1684926238.388766,-88.000000
1684926238.398779,-88.000000
1684926238.408782,-87.599998
1684926238.418805,-87.300003
1684926238.428773,-86.699997
1684926238.438789,-86.199997
1684926238.448787,-85.900002
1684926238.458782,-85.400002
1684926238.468800,-84.699997
1684926238.478816,-84.300003
1684926238.488890,-83.500000
1684926238.498914,-82.599998
1684926238.508986,-81.800003
1684926238.519096,-81.199997
1684926238.528082,-80.400002
1684926238.538131,-79.500000
1684926238.548252,-78.699997
1684926238.558223,-78.099998
1684926238.568320,-77.400002
1684926238.578378,-76.500000
1684926238.588415,-75.800003
1684926238.598455,-75.199997
1684926238.608582,-74.900002
1684926238.618628,-74.500000
1684926238.628686,-74.099998
1684926238.638272,-73.800003
1684926238.648309,-73.599998
1684926238.658436,-73.699997
1684926238.668425,-73.800003
1684926238.678459,-73.500000
1684926238.688518,-73.500000
1684926238.698558,-73.500000
1684926238.708642,-73.500000
1684926238.718716,-73.800003
1684926238.728827,-73.500000
1684926238.738831,-73.300003
1684926238.748842,-73.000000
1684926238.758851,-72.599998
1684926238.768829,-72.300003
1684926238.779873,-71.800003
1684926238.788829,-71.199997
1684926238.798846,-70.400002
1684926238.808832,-69.599998
1684926238.818853,-68.900002
1684926238.828827,-68.000000
1684926238.838862,-67.000000
1684926238.848827,-66.099998
1684926238.858879,-65.099998
1684926238.868871,-63.799999
1684926238.878849,-62.700001
1684926238.888858,-61.599998
1684926238.898857,-60.500000
1684926238.908855,-59.200001
1684926238.918878,-58.099998
1684926238.928853,-56.799999
1684926238.938872,-55.500000
1684926238.948859,-54.299999
1684926238.958877,-53.299999
1684926238.968885,-52.200001
1684926238.978934,-51.299999
1684926238.988891,-50.299999
1684926238.998874,-49.400002
1684926239.008896,-48.799999
1684926239.018900,-48.099998
1684926239.028886,-47.299999
1684926239.038896,-46.700001
1684926239.048880,-46.400002
1684926239.058920,-45.900002
1684926239.068880,-45.400002
1684926239.078920,-44.900002
1684926239.088905,-44.799999
1684926239.098955,-44.500000
1684926239.108915,-44.200001
1684926239.118927,-44.000000
1684926239.128941,-43.700001
1684926239.138917,-43.700001
1684926239.148921,-43.400002
1684926239.158931,-43.200001
1684926239.168932,-42.700001
1684926239.178951,-42.200001
1684926239.188919,-41.799999
1684926239.198920,-41.299999
1684926239.208940,-40.799999
1684926239.218961,-40.299999
1684926239.228919,-39.700001
1684926239.238958,-39.200001
1684926239.248944,-38.599998
1684926239.258962,-38.099998
1684926239.268943,-37.599998
1684926239.278960,-37.299999
1684926239.288966,-36.799999
1684926239.298972,-36.299999
1684926239.308961,-35.799999
1684926239.318986,-35.200001
1684926239.328968,-34.599998
1684926239.338993,-33.900002
1684926239.348962,-33.299999
1684926239.358978,-32.700001
1684926239.368970,-32.000000
1684926239.378990,-31.700001
1684926239.388965,-31.200001
1684926239.399005,-30.700001
1684926239.408981,-30.299999
1684926239.419008,-30.000000
1684926239.428990,-30.000000
1684926239.439005,-29.700001
1684926239.449016,-29.500000
1684926239.459012,-29.500000
1684926239.469047,-29.500000
1684926239.479041,-29.700001
1684926239.488984,-29.600000
1684926239.498980,-29.500000
1684926239.509077,-29.400000
1684926239.519008,-29.400000
1684926239.528987,-29.700001
1684926239.539025,-29.700001
1684926239.549009,-29.500000
1684926239.559026,-29.400000
1684926239.569068,-29.400000
1684926239.579030,-29.700001
1684926239.589061,-29.500000
1684926239.599024,-29.500000
1684926239.609039,-29.200001
1684926239.619040,-28.900000
1684926239.629008,-28.700001
1684926239.639052,-28.600000
1684926239.649023,-28.200001
1684926239.659048,-27.700001
1684926239.669128,-27.299999
1684926239.679057,-26.799999
1684926239.689066,-26.799999
1684926239.699049,-26.299999
1684926239.709067,-26.000000
1684926239.719090,-25.700001
1684926239.729071,-25.200001
1684926239.739073,-24.900000
1684926239.749062,-24.500000
1684926239.759047,-24.200001
1684926239.769106,-23.900000
1684926239.779079,-23.600000
1684926239.789095,-23.299999
1684926239.799077,-22.799999
1684926239.809066,-22.200001
1684926239.819084,-21.700001
1684926239.829081,-21.299999
1684926239.839121,-21.000000
1684926239.849051,-20.400000
1684926239.859078,-19.600000
1684926239.869089,-19.000000
1684926239.879099,-18.600000
1684926239.889069,-18.000000
1684926239.899066,-17.500000
1684926239.909090,-17.000000
1684926239.919122,-16.299999
1684926239.929096,-16.100000
1684926239.939139,-15.600000
1684926239.949102,-15.300000
1684926239.959111,-15.000000
1684926239.969090,-14.700000
1684926239.979094,-14.700000
1684926239.989110,-14.400000
1684926239.999089,-14.200000
1684926240.009070,-13.900000
1684926240.019231,-13.600000
1684926240.029117,-13.700000
1684926240.039157,-13.400000
1684926240.049044,-13.200000
1684926240.059068,-12.800000
1684926240.069127,-12.400000
1684926240.079115,-11.900000
1684926240.089098,-11.600000
1684926240.099132,-11.000000
1684926240.109070,-10.400000
1684926240.119167,-9.700000
1684926240.129142,-8.900000
1684926240.139092,-8.400000
1684926240.149140,-7.600000
1684926240.159164,-6.700000
1684926240.169129,-5.700000
1684926240.179120,-4.900000
1684926240.189124,-4.100000
1684926240.199168,-3.200000
1684926240.209215,-2.400000
1684926240.219318,-1.900000
1684926240.229367,-1.100000
1684926240.238435,-0.600000
1684926240.248478,0.000000
1684926240.258534,0.000000
1684926240.268512,0.300000
1684926240.279669,0.500000
1684926240.288638,0.800000
1684926240.298707,0.800000
1684926240.308787,0.800000
1684926240.318841,0.800000
1684926240.328887,1.100000
1684926240.338966,1.100000
1684926240.348991,0.800000
1684926240.359052,1.000000
1684926240.369117,1.100000
1684926240.379153,1.100000
1684926240.389258,1.100000
1684926240.399283,1.100000
1684926240.407346,0.800000
1684926240.418632,1.100000
1684926240.428473,1.100000
1684926240.438532,1.100000
1684926240.448635,1.100000
1684926240.458653,1.100000
1684926240.468697,1.100000
1684926240.478746,1.100000
1684926240.488807,1.100000
1684926240.498843,1.100000
1684926240.508970,1.100000
1684926240.518970,1.100000
1684926240.527154,1.300000
1684926240.539099,1.400000
1684926240.549085,1.100000
1684926240.560176,1.100000
1684926240.569137,1.100000
1684926240.579157,1.100000
1684926240.589096,1.100000
1684926240.600162,1.100000
1684926240.609186,1.100000
1684926240.619122,1.100000
1684926240.629104,1.300000
1684926240.639100,1.100000
1684926240.649155,1.100000
1684926240.659140,1.100000
1684926240.669151,1.100000
1684926240.679186,1.300000
1684926240.689132,1.100000
1684926240.699101,1.100000
1684926240.709137,1.100000
1684926240.719193,1.100000
1684926240.729145,1.300000
1684926240.739121,1.100000
1684926240.749087,1.100000
1684926240.760225,1.100000
1684926240.769142,1.100000
1684926240.780124,1.300000
1684926240.789088,1.100000
1684926240.799121,1.100000
1684926240.809280,1.100000
1684926240.819278,1.300000
1684926240.829104,1.100000
1684926240.839124,1.100000
1684926240.849103,1.100000
1684926240.859204,1.100000
1684926240.869145,1.100000
1684926240.879147,1.100000
1684926240.889248,1.300000
1684926240.899183,1.100000
1684926240.909158,1.100000
1684926240.919164,1.200000
1684926240.929113,1.100000
1684926240.939159,1.100000
1684926240.949118,1.100000
1684926240.959162,1.300000
1684926240.967089,1.100000
1684926240.979115,1.100000
1684926240.989169,1.300000
1684926240.999224,1.100000
1684926241.007057,1.100000
1684926241.019192,1.300000
1684926241.029135,1.100000
1684926241.039172,0.800000
1684926241.047124,0.700000
1684926241.059204,0.500000
1684926241.069101,0.000000
1684926241.079142,-0.400000
1684926241.087160,-0.800000
1684926241.099268,-1.200000
1684926241.109158,-1.600000
1684926241.119161,-2.300000
1684926241.129148,-2.700000
1684926241.139187,-3.100000
1684926241.147089,-3.400000
1684926241.159144,-3.600000
1684926241.167083,-4.100000
1684926241.179205,-4.300000
1684926241.189095,-4.500000
1684926241.199236,-4.600000
1684926241.209208,-4.700000
1684926241.219165,-5.000000
1684926241.229089,-5.200000
1684926241.239144,-5.800000
1684926241.247129,-6.100000
1684926241.259212,-6.500000
1684926241.269143,-7.100000
1684926241.279176,-7.400000
1684926241.289218,-7.900000
1684926241.299143,-8.200000
1684926241.309144,-8.600000
1684926241.319163,-9.000000
1684926241.329103,-9.500000
1684926241.339229,-9.800000
1684926241.347315,-10.100000
1684926241.359203,-10.300000
1684926241.369128,-10.400000
1684926241.379164,-10.900000
1684926241.389301,-11.300000
1684926241.399195,-11.700000
1684926241.409151,-11.900000
1684926241.419168,-12.200000
1684926241.429265,-12.700000
1684926241.439139,-12.900000
1684926241.449141,-13.100000
1684926241.459183,-13.300000
1684926241.469135,-13.600000
1684926241.479509,-13.800000
1684926241.489129,-14.400000
1684926241.499204,-14.600000
1684926241.509150,-14.700000
1684926241.519163,-14.900000
1684926241.529202,-14.900000
1684926241.539143,-15.200000
1684926241.549201,-15.600000
1684926241.559205,-15.900000
1684926241.569147,-16.000000
1684926241.579211,-16.299999
1684926241.589210,-16.299999
1684926241.599227,-16.299999
1684926241.609213,-16.299999
1684926241.619124,-16.500000
1684926241.627746,-16.600000
1684926241.639188,-16.400000
1684926241.649151,-16.500000
1684926241.659211,-16.600000
1684926241.669137,-16.600000
1684926241.679207,-16.600000
1684926241.689206,-16.600000
1684926241.699167,-16.400000
1684926241.709278,-16.500000
1684926241.719335,-16.600000
1684926241.729390,-16.600000
1684926241.739481,-16.600000
1684926241.748499,-16.600000
1684926241.758524,-16.600000
1684926241.768615,-16.400000
1684926241.779673,-16.500000
1684926241.787706,-16.600000
1684926241.798757,-16.600000
1684926241.808844,-16.600000
1684926241.818837,-16.400000
1684926241.828835,-16.600000
1684926241.838977,-16.600000
1684926241.849022,-16.600000
1684926241.859058,-16.600000
1684926241.869070,-16.600000
1684926241.879350,-16.299999
1684926241.887221,-16.600000
1684926241.899252,-16.600000
1684926241.907250,-16.600000
1684926241.919368,-16.600000
1684926241.928448,-16.600000
1684926241.939504,-16.600000
1684926241.948549,-16.600000
1684926241.958668,-16.600000
1684926241.968679,-16.600000
1684926241.978727,-16.600000
1684926241.988797,-16.600000
1684926241.998838,-16.600000
1684926242.008937,-16.600000
1684926242.019993,-16.299999
1684926242.030015,-16.600000
1684926242.040064,-16.600000
1684926242.050153,-16.600000
1684926242.060184,-16.700001
1684926242.070152,-16.799999
1684926242.080232,-17.299999
1684926242.090274,-17.500000
1684926242.100213,-17.799999
1684926242.110174,-17.900000
1684926242.119171,-18.200001
1684926242.129127,-18.700001
1684926242.140234,-19.200001
1684926242.149208,-19.500000
1684926242.159207,-19.799999
1684926242.169139,-20.000000
1684926242.179143,-20.600000
1684926242.189229,-20.799999
1684926242.199213,-21.299999
1684926242.209156,-21.600000
1684926242.219171,-21.900000
1684926242.229132,-22.500000
1684926242.239241,-22.700001
1684926242.249187,-23.000000
1684926242.259176,-23.000000
1684926242.269192,-23.299999
1684926242.279167,-23.299999
1684926242.289253,-23.299999
1684926242.299214,-23.299999
1684926242.309157,-23.299999
1684926242.319283,-23.100000
1684926242.329192,-23.299999
1684926242.339218,-23.299999
1684926242.349174,-23.299999
1684926242.359173,-23.299999
1684926242.369335,-23.299999
1684926242.379190,-23.000000
1684926242.389211,-23.000000
1684926242.399256,-22.700001
1684926242.408111,-22.700001
1684926242.419247,-22.500000
1684926242.429233,-22.200001
1684926242.439247,-21.799999
1684926242.449235,-21.400000
1684926242.458152,-21.200001
1684926242.469241,-20.600000
1684926242.479248,-20.200001
1684926242.489284,-19.799999
1684926242.499217,-19.299999
1684926242.508133,-19.000000
1684926242.519289,-18.700001
1684926242.527219,-18.299999
1684926242.538183,-18.000000
1684926242.548160,-17.700001
1684926242.559474,-17.400000
1684926242.569196,-17.200001
1684926242.579322,-17.100000
1684926242.588172,-17.400000
1684926242.599216,-17.400000
1684926242.608224,-17.100000
1684926242.618225,-16.900000
1684926242.629354,-16.799999
1684926242.639231,-16.600000
1684926242.649214,-16.600000
1684926242.658160,-16.299999
1684926242.668115,-16.000000
1684926242.679321,-15.800000
1684926242.687155,-16.000000
1684926242.698219,-15.800000
1684926242.708136,-15.600000
1684926242.719208,-15.500000
1684926242.727213,-15.300000
1684926242.738793,-15.500000
1684926242.748162,-15.500000
1684926242.758229,-15.500000
1684926242.769252,-15.500000
1684926242.780270,-15.200000
1684926242.788198,-15.500000
1684926242.798176,-15.500000
1684926242.808136,-15.500000
1684926242.818181,-15.500000
1684926242.828201,-15.500000
1684926242.838240,-15.300000
1684926242.848171,-15.200000
1684926242.858172,-15.500000
1684926242.868114,-15.500000
1684926242.878223,-15.500000
1684926242.888211,-15.300000
1684926242.898218,-15.500000
1684926242.908164,-15.500000
1684926242.920717,-15.300000
1684926242.927140,-15.200000
1684926242.939222,-15.000000
1684926242.948160,-15.200000
1684926242.958213,-15.200000
1684926242.968183,-14.900000
1684926242.979241,-14.700000
1684926242.988217,-14.900000
1684926242.998179,-14.700000
1684926243.007196,-14.400000
1684926243.018213,-14.700000
1684926243.028204,-14.400000
1684926243.038258,-14.400000
1684926243.048182,-14.400000
1684926243.059281,-14.200000
1684926243.068178,-14.400000
1684926243.078175,-14.400000
1684926243.088229,-14.200000
1684926243.098209,-14.100000
1684926243.107198,-14.100000
1684926243.118186,-14.200000
1684926243.128190,-14.100000
1684926243.138275,-14.000000
1684926243.148159,-13.900000
1684926243.159304,-13.900000
1684926243.168268,-13.500000
1684926243.178268,-13.200000
1684926243.188307,-12.800000
1684926243.198171,-12.400000
1684926243.208331,-12.000000
1684926243.219305,-11.700000
1684926243.228211,-11.300000
1684926243.238215,-11.200000
1684926243.248201,-10.900000
1684926243.258216,-10.700000
1684926243.267253,-10.400000
1684926243.278218,-10.400000
1684926243.288251,-10.400000
1684926243.298319,-10.400000
1684926243.308391,-10.400000
1684926243.319426,-10.400000
1684926243.328506,-10.100000
1684926243.338533,-10.400000
1684926243.347617,-10.400000
1684926243.357697,-10.400000
1684926243.367971,-10.100000
1684926243.377828,-10.400000
1684926243.387858,-10.400000
1684926243.397885,-10.400000
1684926243.407974,-10.100000
1684926243.420099,-10.100000
1684926243.428115,-9.800000
1684926243.438182,-10.100000
1684926243.448197,-9.800000
1684926243.459888,-9.600000
1684926243.469971,-9.400000
1684926243.480012,-9.300000
1684926243.490058,-9.300000
1684926243.500235,-9.100000
1684926243.510269,-8.800000
1684926243.520269,-8.800000
1684926243.530248,-8.500000
1684926243.538254,-8.500000
1684926243.548189,-8.800000
1684926243.558193,-8.800000
1684926243.568272,-8.500000
1684926243.578323,-8.500000
1684926243.588283,-8.500000
1684926243.598204,-8.500000
1684926243.608164,-8.800000
1684926243.618284,-8.800000
1684926243.628226,-8.600000
1684926243.638256,-8.500000
1684926243.648186,-8.500000
1684926243.658209,-8.500000
1684926243.668250,-8.300000
1684926243.678308,-8.500000
1684926243.688199,-8.500000
1684926243.698287,-8.500000
1684926243.708224,-8.500000
1684926243.718304,-8.500000
1684926243.728263,-8.500000
1684926243.738243,-8.500000
1684926243.747251,-8.500000
1684926243.758278,-8.200000
1684926243.768300,-8.500000
1684926243.780266,-8.300000
1684926243.788237,-8.200000
1684926243.798335,-8.000000
1684926243.808185,-8.000000
1684926243.818251,-7.700000
1684926243.828266,-7.400000
1684926243.838213,-7.200000
1684926243.848254,-6.900000
1684926243.858270,-6.400000
1684926243.868243,-5.900000
1684926243.878283,-5.700000
1684926243.888203,-5.300000
1684926243.899327,-5.000000
1684926243.908349,-4.900000
1684926243.918285,-4.700000
1684926243.928222,-4.500000
1684926243.938203,-4.500000
1684926243.948289,-4.500000
1684926243.959476,-4.700000
1684926243.968231,-4.500000
1684926243.978246,-4.500000
1684926243.988274,-4.500000
1684926243.998260,-4.500000
1684926244.007289,-4.500000
1684926244.018229,-4.500000
1684926244.028278,-4.500000
1684926244.038284,-4.500000
1684926244.048174,-4.200000
1684926244.059421,-3.900000
1684926244.068250,-3.500000
1684926244.078301,-3.400000
1684926244.088224,-3.100000
1684926244.098228,-2.900000
1684926244.107285,-2.400000
1684926244.118310,-2.300000
1684926244.128227,-1.800000
1684926244.138206,-1.400000
1684926244.148312,-1.000000
1684926244.158396,-0.700000
1684926244.168250,-0.400000
1684926244.178230,-0.200000
1684926244.188205,-0.300000
1684926244.198326,-0.200000
1684926244.208211,0.000000
1684926244.218293,0.200000
1684926244.228188,0.000000
1684926244.238235,0.000000
1684926244.248188,0.000000
1684926244.258271,0.000000
1684926244.268256,0.000000
1684926244.278268,0.300000
1684926244.288228,0.300000
1684926244.298230,0.000000
1684926244.308259,0.000000
1684926244.318302,0.000000
1684926244.328233,0.200000
1684926244.338235,0.300000
1684926244.348245,0.000000
1684926244.358339,0.000000
1684926244.368274,0.000000
1684926244.378237,0.200000
1684926244.388244,0.000000
1684926244.398252,0.000000
1684926244.407241,0.000000
1684926244.418300,0.000000
1684926244.428215,0.100000
1684926244.438328,0.000000
1684926244.448258,0.000000
1684926244.458289,0.000000
1684926244.468227,0.000000
1684926244.478274,0.200000
1684926244.488385,0.000000
1684926244.498271,0.000000
1684926244.508235,0.000000
1684926244.518268,-0.100000
1684926244.528206,-0.600000
1684926244.538363,-0.800000
1684926244.548231,-1.100000
1684926244.558271,-1.600000
1684926244.568303,-1.900000
1684926244.578234,-2.300000
1684926244.588333,-2.600000
1684926244.598350,-3.300000
1684926244.608272,-3.600000
1684926244.618274,-4.100000
1684926244.628191,-4.700000
1684926244.638332,-5.500000
1684926244.647308,-6.000000
1684926244.658315,-6.500000
1684926244.668233,-7.000000
1684926244.678271,-7.400000
1684926244.688304,-7.900000
1684926244.698342,-8.500000
1684926244.708233,-8.800000
1684926244.718269,-8.800000
1684926244.728270,-9.000000
1684926244.738229,-9.000000
1684926244.748319,-8.800000
1684926244.758293,-8.800000
1684926244.768306,-9.000000
1684926244.778262,-8.900000
1684926244.788229,-8.800000
1684926244.798418,-8.800000
1684926244.808275,-8.800000
1684926244.818279,-9.000000
1684926244.828194,-9.000000
1684926244.838277,-8.800000
1684926244.847267,-8.800000
1684926244.858337,-9.000000
1684926244.868479,-8.800000
1684926244.878457,-8.800000
1684926244.888485,-8.800000
1684926244.898585,-9.000000
1684926244.907670,-8.800000
1684926244.917650,-8.800000
1684926244.927671,-8.800000
1684926244.937732,-9.000000
1684926244.947774,-9.000000
1684926244.957793,-8.800000
1684926244.967932,-8.800000
1684926244.977951,-8.800000
1684926244.988030,-9.000000
1684926244.998031,-8.800000
1684926245.008106,-8.800000
1684926245.018232,-8.800000
1684926245.028232,-8.800000
1684926245.038306,-9.000000
1684926245.048427,-8.800000
1684926245.058444,-8.800000
1684926245.068419,-8.800000
1684926245.078523,-9.000000
1684926245.088584,-9.000000
1684926245.098656,-8.800000
1684926245.108382,-8.800000
1684926245.118774,-8.800000
1684926245.128818,-9.000000
1684926245.138878,-8.900000
1684926245.148375,-8.800000
1684926245.159016,-8.800000
1684926245.170137,-8.800000
1684926245.180167,-9.000000
1684926245.190302,-8.800000
1684926245.200337,-8.800000
1684926245.210347,-8.800000
1684926245.220303,-9.000000
1684926245.230382,-8.800000
1684926245.238307,-8.800000
1684926245.248279,-9.000000
1684926245.258337,-9.000000
1684926245.268263,-8.800000
1684926245.278341,-8.800000
1684926245.288337,-8.800000
1684926245.298360,-9.000000
1684926245.308326,-8.800000
1684926245.318272,-8.800000
1684926245.328302,-9.000000
1684926245.338383,-9.000000
1684926245.348324,-8.800000
1684926245.358274,-8.800000
1684926245.368232,-8.800000
1684926245.378351,-9.000000
1684926245.387348,-8.800000
1684926245.398304,-8.800000
1684926245.409113,-9.000000
1684926245.418592,-8.800000
1684926245.428276,-8.800000
1684926245.438366,-9.000000
1684926245.448280,-8.800000
1684926245.458802,-8.800000
1684926245.468300,-8.500000
1684926245.478255,-8.800000
1684926245.487360,-8.600000
1684926245.498371,-8.500000
1684926245.508326,-8.500000
1684926245.518266,-8.300000
1684926245.528267,-8.000000
1684926245.538406,-8.000000
1684926245.548341,-7.700000
1684926245.558295,-7.300000
1684926245.568252,-7.000000
1684926245.578346,-6.700000
1684926245.587353,-6.200000
1684926245.598307,-6.100000
1684926245.608241,-5.700000
1684926245.618292,-5.300000
1684926245.628324,-5.300000
1684926245.638275,-5.100000
1684926245.648307,-5.000000
1684926245.658304,-5.000000
1684926245.668268,-5.300000
1684926245.678266,-5.000000
1684926245.688332,-5.000000
1684926245.698341,-5.000000
1684926245.708315,-5.100000
1684926245.718266,-5.000000
1684926245.728261,-5.000000
1684926245.738345,-5.000000
1684926245.748304,-5.300000
1684926245.758323,-5.100000
1684926245.768245,-5.000000
1684926245.778269,-5.000000
1684926245.788342,-5.300000
1684926245.798347,-5.000000
1684926245.808260,-5.000000
1684926245.818325,-5.000000
1684926245.828265,-5.300000
1684926245.838371,-5.000000
1684926245.848315,-5.000000
1684926245.858299,-5.000000
1684926245.867321,-5.100000
1684926245.878319,-5.200000
1684926245.888326,-5.500000
1684926245.898291,-5.500000
1684926245.908307,-5.700000
1684926245.918449,-5.800000
1684926245.928285,-6.300000
1684926245.938324,-6.300000
1684926245.948295,-6.600000
1684926245.958310,-6.900000
1684926245.968373,-7.100000
1684926245.978338,-7.600000
1684926245.988326,-7.700000
1684926245.998364,-7.700000
1684926246.008238,-7.700000
1684926246.018391,-7.700000
1684926246.027308,-8.000000
1684926246.038372,-8.000000
1684926246.048330,-8.200000
1684926246.058279,-8.000000
1684926246.068364,-8.000000
1684926246.078417,-8.000000
1684926246.088353,-8.000000
1684926246.098427,-8.200000
1684926246.108577,-8.200000
1684926246.118330,-8.200000
1684926246.128480,-8.000000
1684926246.138371,-8.000000
1684926246.148348,-8.000000
1684926246.158371,-8.000000
1684926246.168268,-8.200000
1684926246.178347,-8.200000
1684926246.188350,-8.200000
1684926246.198364,-8.100000
1684926246.208239,-8.000000
1684926246.218293,-8.000000
1684926246.227314,-8.200000
1684926246.238365,-8.200000
1684926246.248328,-8.000000
1684926246.258289,-8.000000
1684926246.268296,-8.000000
1684926246.278242,-8.200000
1684926246.288367,-8.200000
1684926246.298311,-8.200000
1684926246.308275,-8.000000
1684926246.318378,-8.000000
1684926246.328348,-8.000000
1684926246.338366,-8.200000
1684926246.348261,-8.200000
1684926246.358305,-8.000000
1684926246.368384,-8.000000
1684926246.378147,-8.200000
1684926246.388369,-8.000000
1684926246.398365,-8.000000
1684926246.408300,-8.000000
1684926246.418285,-8.200000
1684926246.428332,-8.200000
1684926246.438390,-8.100000
1684926246.448312,-8.000000
1684926246.458286,-8.000000
1684926246.468290,-8.000000
1684926246.478035,-8.000000
1684926246.488392,-8.200000
1684926246.498365,-8.200000
1684926246.508378,-8.200000
1684926246.518327,-8.100000
1684926246.528373,-8.000000
1684926246.538383,-8.000000
1684926246.548304,-8.000000
1684926246.558395,-8.200000
1684926246.568460,-8.100000
1684926246.578473,-8.000000
1684926246.587971,-8.000000
1684926246.598593,-8.000000
1684926246.608637,-8.200000
1684926246.618743,-8.200000
1684926246.627743,-8.000000
1684926246.637826,-8.000000
1684926246.647982,-8.200000
1684926246.657954,-8.000000
1684926246.667972,-8.000000
1684926246.678040,-8.000000
1684926246.688118,-8.200000
1684926246.698146,-8.200000
1684926246.708225,-8.000000
1684926246.718317,-8.000000
1684926246.728412,-8.200000
1684926246.738411,-8.200000
1684926246.748456,-8.000000
1684926246.758565,-8.000000
1684926246.767561,-8.200000
1684926246.779646,-8.100000
1684926246.788647,-8.000000
1684926246.798740,-8.200000
1684926246.808832,-8.000000
1684926246.818874,-8.000000
1684926246.828892,-8.000000
1684926246.839966,-8.200000
1684926246.850020,-8.100000
1684926246.860063,-8.000000
1684926246.870144,-8.000000
1684926246.879666,-8.200000
1684926246.890271,-8.000000
1684926246.900408,-8.000000
1684926246.910315,-8.200000
1684926246.920453,-8.000000
1684926246.930455,-7.700000
1684926246.940411,-7.500000
1684926246.948311,-7.200000
1684926246.958345,-6.700000
1684926246.967381,-6.400000
1684926246.978522,-6.400000
1684926246.988394,-5.900000
1684926246.998344,-5.700000
1684926247.008374,-5.600000
1684926247.020499,-5.500000
1684926247.028324,-5.500000
1684926247.038379,-5.500000
1684926247.048293,-5.500000
1684926247.058424,-5.400000
1684926247.068314,-5.500000
1684926247.078417,-5.500000
1684926247.088230,-5.300000
1684926247.098377,-5.500000
1684926247.108337,-5.300000
1684926247.118394,-5.400000
1684926247.128353,-5.100000
1684926247.138518,-4.800000
1684926247.148294,-4.600000
1684926247.158325,-4.100000
1684926247.168403,-3.500000
1684926247.179380,-3.200000
1684926247.188350,-2.500000
1684926247.198320,-1.700000
1684926247.208291,-1.100000
1684926247.218392,-0.100000
1684926247.228356,0.900000
1684926247.238358,1.700000
1684926247.248386,2.500000
1684926247.258391,3.600000
1684926247.268400,4.400000
1684926247.278375,5.000000
1684926247.288356,5.800000
1684926247.298460,6.300000
1684926247.308371,6.700000
1684926247.318380,7.100000
1684926247.328341,7.400000
1684926247.338372,7.300000
1684926247.348418,7.500000
1684926247.358371,7.500000
1684926247.368576,7.500000
1684926247.378372,7.500000
1684926247.388347,7.500000
1684926247.398471,7.500000
1684926247.408366,7.500000
1684926247.418408,7.700000
1684926247.428406,7.500000
1684926247.438376,7.500000
1684926247.448420,7.700000
1684926247.459420,7.500000
1684926247.468394,7.500000
1684926247.478410,7.500000
1684926247.488331,7.500000
1684926247.498461,7.500000
1684926247.507340,7.500000
1684926247.518400,7.500000
1684926247.528341,7.700000
1684926247.538418,7.500000
1684926247.548378,7.500000
1684926247.559453,7.500000
1684926247.568339,7.300000
1684926247.578422,7.300000
1684926247.588388,7.000000
1684926247.598388,6.700000
1684926247.608456,6.300000
1684926247.618405,6.000000
1684926247.628413,5.700000
1684926247.638320,4.700000
1684926247.648298,4.200000
1684926247.659543,3.300000
1684926247.668382,2.500000
1684926247.678373,1.600000
1684926247.688334,0.400000
1684926247.698378,-0.300000
1684926247.707344,-1.600000
1684926247.718412,-2.400000
1684926247.728345,-3.600000
1684926247.738376,-4.500000
1684926247.748394,-5.700000
1684926247.758448,-6.500000
1684926247.768383,-7.300000
1684926247.779396,-8.300000
1684926247.788339,-9.000000
1684926247.798450,-9.500000
1684926247.808383,-10.300000
1684926247.818378,-10.600000
1684926247.828349,-10.900000
1684926247.838377,-11.200000
1684926247.848331,-11.700000
1684926247.858400,-12.000000
1684926247.868361,-12.000000
1684926247.878397,-12.000000
1684926247.888338,-12.300000
1684926247.898340,-12.300000
1684926247.908406,-12.300000
1684926247.919445,-12.500000
1684926247.928343,-12.300000
1684926247.938442,-12.300000
1684926247.948343,-12.500000
1684926247.959440,-12.500000
1684926247.969319,-12.300000
1684926247.978392,-12.300000
1684926247.989323,-12.300000
1684926247.998431,-12.300000
1684926248.009296,-12.500000
1684926248.018427,-12.500000
1684926248.029284,-12.500000
1684926248.038499,-12.500000
1684926248.049242,-13.000000
1684926248.058425,-13.100000
1684926248.069226,-13.300000
1684926248.078377,-13.700000
1684926248.087830,-14.100000
1684926248.098381,-14.600000
1684926248.108184,-15.600000
1684926248.118430,-16.100000
1684926248.128134,-16.700001
1684926248.139833,-17.200001
1684926248.148132,-17.600000
1684926248.158418,-18.200001
1684926248.169162,-18.400000
1684926248.178386,-18.700001
1684926248.188194,-19.000000
1684926248.199509,-19.500000
1684926248.209173,-19.500000
1684926248.218377,-19.799999
1684926248.229190,-20.500000
1684926248.238477,-21.000000
1684926248.248243,-21.500000
1684926248.258428,-22.100000
1684926248.268415,-23.100000
1684926248.278406,-23.700001
1684926248.288464,-24.500000
1684926248.298502,-25.100000
1684926248.308587,-26.200001
1684926248.318633,-26.900000
1684926248.328703,-27.299999
1684926248.338721,-27.799999
1684926248.347803,-28.100000
1684926248.358881,-28.600000
1684926248.368925,-28.900000
1684926248.378259,-29.200001
1684926248.389084,-29.400000
1684926248.399179,-29.700001
1684926248.409152,-30.000000
1684926248.418194,-30.500000
1684926248.428256,-30.700001
1684926248.438384,-31.000000
1684926248.448384,-31.299999
1684926248.458426,-32.000000
1684926248.468468,-32.900002
1684926248.478547,-33.700001
1684926248.488678,-34.500000
1684926248.498786,-35.200001
1684926248.508762,-36.000000
1684926248.518871,-36.599998
1684926248.528788,-37.599998
1684926248.538957,-38.299999
1684926248.548752,-38.599998
1684926248.559045,-38.900002
1684926248.568798,-38.900002
1684926248.579137,-39.099998
1684926248.589731,-39.099998
1684926248.599290,-38.900002
1684926248.609661,-39.099998
1684926248.619403,-39.099998
1684926248.629665,-39.099998
1684926248.659511,-39.099998
1684926248.669757,-39.099998
1684926248.679459,-38.900002
1684926248.687572,-39.099998
1684926248.700508,-38.900002
1684926248.709556,-38.700001
1684926248.718406,-38.400002
1684926248.727516,-38.299999
1684926248.738496,-38.299999
1684926248.748589,-38.299999
1684926248.758406,-38.299999
1684926248.768496,-38.299999
1684926248.779519,-38.099998
1684926248.788512,-38.200001
1684926248.798410,-37.900002
1684926248.808444,-37.599998
1684926248.818386,-37.299999
1684926248.828432,-37.299999
1684926248.838455,-37.000000
1684926248.848445,-36.799999
1684926248.858464,-36.299999
1684926248.868363,-36.200001
1684926248.879528,-35.700001
1684926248.887612,-35.200001
1684926248.898712,-34.900002
1684926248.908430,-34.799999
1684926248.918415,-34.599998
1684926248.928472,-34.299999
1684926248.939575,-34.000000
1684926248.948390,-33.599998
1684926248.958410,-33.299999
1684926248.968478,-33.000000
1684926248.978452,-32.700001
1684926248.987429,-32.299999
1684926248.998418,-31.700001
1684926249.008429,-31.100000
1684926249.018456,-30.600000
1684926249.028364,-29.900000
1684926249.039553,-29.100000
1684926249.048436,-28.000000
1684926249.058512,-27.000000
1684926249.069220,-25.900000
1684926249.078367,-24.799999
1684926249.089170,-23.200001
1684926249.098511,-21.700001
1684926249.109115,-20.000000
1684926249.118389,-18.400000
1684926249.128453,-17.000000
1684926249.138585,-15.700000
1684926249.149098,-14.300000
1684926249.158434,-13.000000
1684926249.168370,-11.700000
1684926249.178488,-10.800000
1684926249.188476,-9.800000
1684926249.198463,-8.900000
1684926249.208371,-8.300000
1684926249.218421,-8.000000
1684926249.228350,-7.300000
1684926249.238499,-6.900000
1684926249.248432,-6.600000
1684926249.258436,-6.100000
1684926249.268404,-5.800000
1684926249.278410,-5.800000
1684926249.288450,-5.500000
1684926249.298455,-5.300000
1684926249.308411,-5.100000
1684926249.318439,-5.000000
1684926249.328395,-5.100000
1684926249.338535,-5.000000
1684926249.349152,-5.000000
1684926249.358421,-4.700000
1684926249.368458,-4.800000
1684926249.378419,-4.500000
1684926249.388885,-4.100000
1684926249.398458,-3.700000
1684926249.408413,-3.200000
1684926249.418539,-2.900000
1684926249.428810,-2.100000
1684926249.438516,-1.200000
1684926249.448440,-0.500000
1684926249.458440,0.400000
1684926249.467432,1.300000
1684926249.478588,2.300000
1684926249.488433,3.300000
1684926249.498516,3.900000
1684926249.508412,4.700000
1684926249.519547,5.300000
1684926249.528397,5.900000
1684926249.538466,6.100000
1684926249.548461,6.400000
1684926249.558413,6.700000
1684926249.568492,6.700000
1684926249.579507,6.600000
1684926249.588475,6.700000
1684926249.598513,6.500000
1684926249.608375,6.700000
1684926249.619519,6.500000
1684926249.627434,6.600000
1684926249.639515,6.700000
1684926249.648604,6.500000
1684926249.658459,6.700000
1684926249.668437,6.500000
1684926249.679545,6.700000
1684926249.688646,6.500000
1684926249.698467,6.600000
1684926249.708599,6.700000
1684926249.718464,6.500000
1684926249.728460,6.700000
1684926249.738460,6.500000
1684926249.748656,6.500000
1684926249.758514,6.200000
1684926249.768414,6.200000
1684926249.779570,6.200000
1684926249.788481,5.900000
1684926249.799516,5.900000
1684926249.808392,5.400000
1684926249.818437,5.200000
1684926249.827429,5.000000
1684926249.838543,4.800000
1684926249.848449,4.200000
1684926249.858439,3.800000
1684926249.868459,3.400000
1684926249.879585,2.700000
1684926249.888625,2.200000
1684926249.898445,1.200000
1684926249.908412,0.600000
1684926249.918497,0.000000
1684926249.928646,-1.100000
1684926249.938495,-1.900000
1684926249.948625,-2.900000
1684926249.958436,-4.000000
1684926249.968644,-5.400000
1684926249.978519,-6.700000
1684926249.988630,-7.900000
1684926249.998569,-9.100000
1684926250.008625,-10.400000
1684926250.018673,-11.400000
1684926250.028643,-12.400000
1684926250.038771,-13.200000
1684926250.048659,-14.300000
1684926250.058894,-15.100000
1684926250.068655,-15.700000
1684926250.079024,-16.200001
1684926250.088626,-17.000000
1684926250.099145,-17.299999
1684926250.108650,-17.600000
1684926250.119225,-18.200001
1684926250.128638,-18.600000
1684926250.138397,-19.200001
1684926250.148652,-19.500000
1684926250.159482,-20.000000
1684926250.168645,-20.700001
1684926250.178612,-21.100000
1684926250.188676,-21.600000
1684926250.198718,-22.600000
1684926250.208750,-23.100000
1684926250.218969,-24.100000
1684926250.229019,-24.700001
1684926250.239069,-25.500000
1684926250.249084,-26.400000
1684926250.259155,-27.200001
1684926250.269192,-27.700001
1684926250.279301,-28.500000
1684926250.289315,-28.900000
1684926250.299444,-29.400000
1684926250.309460,-29.900000
1684926250.319464,-30.200001
1684926250.329463,-30.500000
1684926250.339448,-30.799999
1684926250.349479,-31.299999
1684926250.359460,-31.600000
1684926250.369462,-32.000000
1684926250.379467,-32.599998
1684926250.389451,-33.099998
1684926250.399537,-33.700001
1684926250.409483,-34.900002
1684926250.419578,-35.799999
1684926250.428427,-37.000000
1684926250.438610,-38.400002
1684926250.448486,-39.700001
1684926250.458441,-41.299999
1684926250.468571,-42.700001
1684926250.478559,-44.000000
1684926250.488398,-45.400002
1684926250.499295,-46.500000
1684926250.508417,-47.400002
1684926250.518404,-48.500000
1684926250.528421,-49.000000
1684926250.538405,-49.299999
1684926250.548395,-49.599998
1684926250.558398,-49.700001
1684926250.568399,-49.599998
1684926250.578392,-49.599998
1684926250.588425,-49.599998
1684926250.599292,-49.599998
1684926250.608401,-49.599998
1684926250.618402,-49.599998
1684926250.628394,-49.900002
1684926250.638379,-49.599998
1684926250.648411,-49.599998
1684926250.658445,-49.599998
1684926250.668437,-50.099998
1684926250.681204,-50.099998
1684926250.688514,-50.400002
1684926250.698466,-50.900002
1684926250.708416,-51.200001
1684926250.718511,-51.599998
1684926250.728483,-52.200001
1684926250.738506,-52.500000
1684926250.748437,-52.799999
1684926250.758445,-53.299999
1684926250.768637,-53.400002
1684926250.779529,-53.400002
1684926250.788357,-53.400002
1684926250.799235,-53.400002
1684926250.808358,-53.400002
1684926250.818346,-53.200001
1684926250.828397,-53.400002
1684926250.838345,-53.400002
1684926250.848355,-53.400002
1684926250.858333,-53.200001
1684926250.868359,-53.400002
1684926250.878337,-53.400002
1684926250.888347,-53.400002
1684926250.899230,-53.400002
1684926250.908323,-53.599998
1684926250.918339,-53.599998
1684926250.928329,-53.799999
1684926250.938341,-53.900002
1684926250.948406,-53.900002
1684926250.958392,-54.400002
1684926250.968396,-54.700001
1684926250.978401,-55.099998
1684926250.988450,-55.500000
1684926250.999319,-56.299999
1684926251.008440,-56.799999
1684926251.018470,-57.299999
1684926251.028486,-57.599998
1684926251.038487,-58.200001
1684926251.048520,-58.599998
1684926251.058528,-58.700001
1684926251.068746,-59.000000
1684926251.078538,-59.000000
1684926251.088736,-59.000000
1684926251.098524,-59.000000
1684926251.108799,-59.000000
1684926251.118617,-59.000000
1684926251.128778,-58.799999
1684926251.138674,-58.500000
1684926251.148737,-58.000000
1684926251.158868,-57.900002
1684926251.168905,-57.500000
1684926251.178554,-57.000000
1684926251.188982,-56.900002
1684926251.199033,-56.400002
1684926251.209088,-56.099998
1684926251.219148,-55.900002
1684926251.228199,-55.799999
1684926251.238215,-55.500000
1684926251.248302,-55.500000
1684926251.258386,-55.500000
1684926251.268411,-55.500000
1684926251.278656,-55.500000
1684926251.288489,-55.500000
1684926251.298597,-55.500000
1684926251.308634,-55.500000
1684926251.318716,-55.400002
1684926251.328788,-55.500000
1684926251.338975,-55.500000
1684926251.348922,-55.500000
1684926251.359031,-55.500000
1684926251.369049,-55.500000
1684926251.379150,-55.799999
1684926251.389246,-56.000000
1684926251.399148,-56.200001
1684926251.409249,-56.500000
1684926251.419277,-57.000000
1684926251.429300,-57.400002
1684926251.439304,-58.099998
1684926251.449246,-58.700001
1684926251.459267,-59.400002
1684926251.469283,-60.400002
1684926251.479253,-61.099998
1684926251.489251,-61.799999
1684926251.499166,-63.000000
1684926251.508222,-64.000000
1684926251.518257,-65.199997
1684926251.528282,-66.400002
1684926251.538299,-67.500000
1684926251.548286,-68.800003
1684926251.558328,-70.099998
1684926251.568325,-71.000000
1684926251.578335,-71.800003
1684926251.588344,-72.900002
1684926251.599248,-73.599998
1684926251.608406,-74.199997
1684926251.618411,-74.500000
1684926251.628432,-74.800003
1684926251.638198,-74.900002
1684926251.648185,-74.900002
1684926251.658180,-74.599998
1684926251.668201,-74.900002
1684926251.678195,-74.900002
1684926251.688181,-74.599998
1684926251.699062,-74.699997
1684926251.708162,-74.599998
1684926251.718165,-74.400002
1684926251.728186,-74.400002
1684926251.738180,-74.300003
1684926251.748162,-73.900002
1684926251.758180,-73.800003
1684926251.768161,-73.300003
1684926251.779187,-72.800003
1684926251.788178,-72.199997
1684926251.799104,-71.500000
1684926251.808227,-71.000000
1684926251.818224,-70.599998
1684926251.828236,-70.099998
1684926251.838268,-69.500000
1684926251.848293,-69.300003
1684926251.858306,-69.000000
1684926251.868306,-68.699997
1684926251.878325,-68.400002
1684926251.888337,-68.199997
1684926251.899226,-68.099998
1684926251.908412,-68.400002
1684926251.918394,-68.199997
1684926251.928119,-68.099998
1684926251.938160,-68.099998
1684926251.948127,-68.400002
1684926251.958121,-68.199997
1684926251.968157,-68.099998
1684926251.978157,-68.099998
1684926251.988116,-67.900002
1684926251.999009,-67.900002
1684926252.008127,-67.599998
1684926252.018120,-67.099998
1684926252.028120,-66.699997
1684926252.038162,-66.300003
1684926252.048110,-65.599998
1684926252.058158,-65.000000
1684926252.068105,-64.300003
1684926252.078110,-63.900002
1684926252.088145,-63.099998
1684926252.099033,-62.400002
1684926252.108171,-61.799999
1684926252.118182,-61.200001
1684926252.128210,-60.900002
1684926252.138207,-60.500000
1684926252.148235,-60.099998
1684926252.158247,-59.700001
1684926252.168253,-59.599998
1684926252.178262,-59.099998
1684926252.188991,-58.599998
1684926252.199185,-58.500000
1684926252.208323,-58.099998
1684926252.218107,-57.700001
1684926252.228081,-57.200001
1684926252.238080,-56.700001
1684926252.248076,-56.400002
1684926252.258064,-55.900002
1684926252.268071,-55.400002
1684926252.278061,-54.799999
1684926252.289095,-54.500000
1684926252.298953,-54.000000
1684926252.308075,-53.200001
1684926252.318085,-52.700001
1684926252.328084,-52.099998
1684926252.338058,-51.400002
1684926252.348053,-50.599998
1684926252.358078,-49.700001
1684926252.368102,-48.900002
1684926252.378108,-47.900002
1684926252.388868,-46.799999
1684926252.399036,-45.500000
1684926252.408162,-44.400002
1684926252.418175,-43.500000
1684926252.428186,-42.400002
1684926252.438204,-41.400002
1684926252.448209,-40.400002
1684926252.458225,-39.700001
1684926252.468276,-38.900002
1684926252.478295,-38.099998
1684926252.488265,-37.500000
1684926252.498934,-37.299999
1684926252.508044,-36.799999
1684926252.518124,-36.299999
1684926252.528031,-35.700001
1684926252.539094,-35.200001
1684926252.548923,-34.400002
1684926252.557998,-33.799999
1684926252.568039,-33.200001
1684926252.578014,-32.599998
1684926252.588940,-32.200001
1684926252.598886,-31.500000
1684926252.608034,-30.900000
1684926252.618048,-30.400000
1684926252.627913,-30.100000
1684926252.639081,-29.600000
1684926252.648022,-29.100000
1684926252.658099,-28.900000
1684926252.668037,-28.400000
1684926252.678064,-28.000000
1684926252.689086,-27.600000
1684926252.698109,-27.400000
1684926252.708099,-26.600000
1684926252.718124,-26.000000
1684926252.728919,-25.500000
1684926252.738152,-24.500000
1684926252.748950,-23.600000
1684926252.758139,-22.900000
1684926252.768965,-21.600000
1684926252.779125,-20.299999
1684926252.789006,-19.200001
1684926252.798131,-17.799999
1684926252.807926,-16.299999
1684926252.818122,-15.200000
1684926252.828933,-13.600000
1684926252.838230,-12.500000
1684926252.847916,-11.100000
1684926252.858397,-10.000000
1684926252.868939,-9.200000
1684926252.878169,-8.100000
1684926252.888943,-7.600000
1684926252.898565,-6.800000
1684926252.908963,-6.200000
1684926252.918706,-5.900000
1684926252.928924,-5.300000
1684926252.938811,-5.100000
1684926252.948920,-4.500000
1684926252.959051,-4.200000
1684926252.968950,-3.700000
1684926252.979208,-3.200000
1684926252.989086,-2.700000
1684926252.999030,-2.100000
1684926253.009109,-1.700000
1684926253.019179,-1.000000
1684926253.029122,-0.200000
1684926253.039180,0.100000
1684926253.049186,0.700000
1684926253.059201,1.200000
1684926253.068986,1.500000
1684926253.079318,1.900000
1684926253.088948,2.000000
1684926253.098788,2.400000
1684926253.108964,2.600000
1684926253.118935,2.400000
1684926253.128945,2.600000
1684926253.138957,2.400000
1684926253.149284,2.400000
1684926253.158943,2.700000
1684926253.168003,2.400000
1684926253.179303,2.400000
1684926253.188966,2.700000
1684926253.198797,2.400000
1684926253.207963,2.400000
1684926253.218918,2.600000
1684926253.227946,2.700000
1684926253.238974,2.400000
1684926253.247969,2.600000
1684926253.258982,2.700000
1684926253.268044,2.700000
1684926253.279354,2.400000
1684926253.289045,2.700000
1684926253.298942,2.700000
1684926253.308045,2.700000
1684926253.318068,2.700000
1684926253.329087,2.700000
1684926253.338119,2.700000
1684926253.348981,2.700000
1684926253.358932,2.700000
1684926253.367970,2.700000
1684926253.379331,3.000000
1684926253.389000,2.700000
1684926253.397788,3.000000
1684926253.407966,3.000000
1684926253.418885,2.900000
1684926253.428981,3.000000
1684926253.438877,3.000000
1684926253.447988,3.200000
1684926253.458859,3.000000
1684926253.468990,3.000000
1684926253.478380,3.000000
1684926253.489045,3.200000
1684926253.498759,3.000000
1684926253.507991,3.000000
1684926253.518904,3.200000
1684926253.529040,3.000000
1684926253.538962,3.000000
1684926253.548041,3.200000
1684926253.557959,3.000000
1684926253.567993,3.000000
1684926253.578399,3.000000
1684926253.589025,3.000000
1684926253.598917,3.000000
1684926253.608043,3.000000
1684926253.618047,3.000000
1684926253.628043,3.000000
1684926253.638818,3.000000
1684926253.647998,3.200000
1684926253.658817,3.000000
1684926253.667991,3.000000
1684926253.678419,3.200000
1684926253.689052,3.000000
1684926253.698719,3.000000
1684926253.709069,3.000000
1684926253.718817,3.200000
1684926253.728047,3.000000
1684926253.738817,3.000000
1684926253.748045,3.000000
1684926253.758809,3.200000
1684926253.768048,3.000000
1684926253.779485,3.000000
1684926253.789082,3.200000
1684926253.799693,3.000000
1684926253.809009,3.000000
1684926253.818928,3.000000
1684926253.829040,3.200000
1684926253.838921,3.000000
1684926253.848026,3.000000
1684926253.858922,3.000000
1684926253.869048,3.000000
1684926253.878488,3.000000
1684926253.888095,3.200000
1684926253.898860,3.000000
1684926253.909047,3.000000
1684926253.918781,3.000000
1684926253.928055,3.200000
1684926253.938758,3.000000
1684926253.948053,3.000000
1684926253.958803,3.000000
1684926253.969064,3.200000
1684926253.978589,3.000000
1684926253.988025,3.000000
1684926253.998680,3.000000
1684926254.008034,3.000000
1684926254.018797,3.200000
1684926254.028048,3.000000
1684926254.038878,3.000000
1684926254.048046,3.000000
1684926254.058797,3.000000
1684926254.068049,3.200000
1684926254.078593,3.000000
1684926254.089092,3.000000
1684926254.098703,3.000000
1684926254.108048,3.000000
1684926254.118837,2.900000
1684926254.128104,2.400000
1684926254.138864,2.400000
1684926254.148075,2.300000
1684926254.158889,2.200000
1684926254.168047,2.200000
1684926254.178641,1.900000
1684926254.188080,1.700000
1684926254.198870,1.600000
1684926254.208034,1.600000
1684926254.218745,1.400000
1684926254.228047,1.400000
1684926254.238725,1.100000
1684926254.248075,1.100000
1684926254.258866,1.100000
1684926254.268054,1.100000
1684926254.278654,0.600000
1684926254.288082,0.500000
1684926254.298680,0.500000
1684926254.308052,0.500000
1684926254.318722,0.300000
1684926254.328096,0.300000
1684926254.338716,0.300000
1684926254.348072,0.300000
1684926254.358714,0.000000
1684926254.368078,0.100000
1684926254.378697,0.300000
1684926254.388068,0.300000
1684926254.398697,0.000000
1684926254.408094,0.000000
1684926254.418793,0.000000
1684926254.428846,0.000000
1684926254.438856,-0.200000
1684926254.448821,-0.200000
1684926254.458844,-0.200000
1684926254.468102,-0.400000
1684926254.478741,-0.400000
1684926254.488894,-0.300000
1684926254.498745,-0.200000
1684926254.507903,-0.400000
1684926254.518762,-0.400000
1684926254.528802,-0.400000
1684926254.537739,-0.200000
1684926254.548904,-0.400000
1684926254.558784,-0.400000
1684926254.568933,-0.200000
1684926254.578803,-0.400000
1684926254.588031,-0.600000
1684926254.598818,-0.700000
1684926254.608789,-0.800000
1684926254.618819,-1.400000
1684926254.628837,-1.700000
1684926254.638825,-2.200000
1684926254.648804,-2.700000
1684926254.658808,-3.600000
1684926254.668556,-4.500000
1684926254.678847,-5.400000
1684926254.688804,-6.400000
1684926254.698837,-7.500000
1684926254.708908,-8.700000
1684926254.718873,-10.200000
1684926254.728890,-11.500000
1684926254.738950,-12.800000
1684926254.748118,-13.900000
1684926254.759052,-15.300000
1684926254.768114,-16.299999
1684926254.779185,-17.299999
1684926254.788113,-18.500000
1684926254.798311,-19.600000
1684926254.809174,-20.500000
1684926254.818374,-21.700001
1684926254.828105,-22.799999
1684926254.838518,-24.100000
1684926254.848140,-25.299999
1684926254.858621,-26.600000
1684926254.868118,-27.600000
1684926254.878719,-29.200001
1684926254.888116,-30.600000
1684926254.898879,-31.900000
1684926254.908128,-33.700001
1684926254.919054,-35.099998
1684926254.928171,-36.500000
1684926254.938093,-38.099998
1684926254.948147,-39.700001
1684926254.958240,-41.200001
1684926254.968125,-42.799999
1684926254.978307,-44.299999
1684926254.988163,-46.099998
1684926254.998432,-47.500000
1684926255.008178,-49.099998
1684926255.018545,-50.500000
1684926255.028178,-52.000000
1684926255.038851,-53.700001
1684926255.048158,-55.000000
1684926255.058792,-56.599998
1684926255.068184,-58.200001
1684926255.077886,-59.799999
1684926255.089015,-61.200001
1684926255.099032,-62.599998
1684926255.108180,-63.700001
1684926255.119034,-65.099998
1684926255.128178,-66.099998
1684926255.139076,-67.000000
1684926255.148188,-67.699997
1684926255.158036,-68.099998
1684926255.168178,-68.800003
1684926255.178053,-69.199997
1684926255.189181,-69.400002
1684926255.199047,-69.699997
1684926255.208149,-70.199997
1684926255.218054,-70.800003
1684926255.228183,-71.300003
1684926255.239056,-72.099998
1684926255.248178,-73.099998
1684926255.258100,-74.400002
1684926255.268180,-76.000000
1684926255.279098,-77.300003
1684926255.289188,-78.900002
1684926255.299114,-80.099998
1684926255.309180,-81.400002
1684926255.319117,-82.500000
1684926255.329201,-83.599998
1684926255.339102,-84.400002
1684926255.349205,-85.000000
1684926255.359103,-85.300003
1684926255.369181,-85.800003
1684926255.379153,-86.099998
1684926255.389192,-86.199997
1684926255.399135,-86.199997
1684926255.408182,-86.199997
1684926255.419143,-86.199997
1684926255.428188,-86.199997
1684926255.438147,-86.199997
1684926255.449207,-86.400002
1684926255.458126,-86.199997
1684926255.469236,-86.199997
1684926255.478171,-86.199997
1684926255.488177,-86.199997
1684926255.499168,-86.199997
1684926255.508179,-86.400002
1684926255.518159,-86.199997
1684926255.529180,-86.199997
1684926255.538166,-86.099998
1684926255.548185,-85.900002
1684926255.558181,-85.599998
1684926255.568199,-85.400002
1684926255.578186,-84.900002
1684926255.588186,-84.400002
1684926255.598185,-83.800003
1684926255.608185,-83.599998
1684926255.618188,-83.199997
1684926255.628200,-82.800003
1684926255.638194,-82.400002
1684926255.648219,-81.900002
1684926255.658206,-81.400002
1684926255.668225,-80.800003
1684926255.678233,-80.099998
1684926255.688212,-79.500000
1684926255.698259,-78.800003
1684926255.708231,-78.199997
1684926255.718229,-77.400002
1684926255.728358,-76.800003
1684926255.739249,-76.099998
1684926255.748244,-75.300003
1684926255.758275,-74.699997
1684926255.768275,-73.900002
1684926255.779355,-73.699997
1684926255.788273,-73.000000
1684926255.798326,-72.500000
1684926255.808288,-72.199997
1684926255.818308,-71.900002
1684926255.828327,-71.400002
1684926255.838332,-71.099998
1684926255.848329,-70.800003
1684926255.858335,-70.800003
1684926255.868363,-70.599998
1684926255.878335,-70.300003
1684926255.888356,-70.300003
1684926255.898337,-70.300003
1684926255.908332,-70.300003
1684926255.918329,-70.099998
1684926255.928331,-70.000000
1684926255.938447,-70.000000
1684926255.948353,-70.000000
1684926255.958705,-70.300003
1684926255.968355,-70.300003
1684926255.978362,-70.000000
1684926255.988373,-70.000000
1684926255.998356,-70.000000
1684926256.008352,-70.000000
1684926256.018381,-70.199997
1684926256.028365,-70.300003
1684926256.038378,-70.199997
1684926256.048381,-70.000000
1684926256.058397,-70.300003
1684926256.068392,-70.699997
1684926256.078406,-71.300003
1684926256.089432,-72.099998
1684926256.098390,-72.900002
1684926256.108393,-74.000000
1684926256.118408,-75.199997
1684926256.128421,-76.800003
1684926256.138437,-78.599998
1684926256.148406,-80.199997
1684926256.158422,-81.800003
1684926256.168429,-83.199997
1684926256.178470,-84.599998
1684926256.188444,-85.900002
1684926256.198432,-87.300003
1684926256.208466,-88.599998
1684926256.218337,-90.000000
1684926256.228547,-91.300003
1684926256.239382,-92.400002
1684926256.248338,-93.699997
1684926256.258358,-94.800003
1684926256.268740,-96.099998
1684926256.278332,-97.300003
1684926256.288495,-98.599998
1684926256.299215,-99.900002
1684926256.308310,-101.300003
1684926256.318338,-102.800003
1684926256.328313,-104.199997
1684926256.338318,-105.800003
1684926256.348337,-107.599998
1684926256.358341,-109.300003
1684926256.368366,-111.099998
1684926256.378360,-112.900002
1684926256.388386,-114.699997
1684926256.398437,-116.800003
1684926256.408402,-118.699997
1684926256.418566,-120.599998
1684926256.428449,-122.599998
1684926256.438669,-124.400002
1684926256.448485,-126.199997
1684926256.458771,-128.199997
1684926256.468311,-130.000000
1684926256.478899,-131.699997
1684926256.488272,-133.600006
1684926256.499067,-135.399994
1684926256.508322,-137.000000
1684926256.519150,-138.699997
1684926256.528291,-140.600006
1684926256.538280,-142.399994
1684926256.548317,-144.000000
1684926256.558333,-145.699997
1684926256.568301,-147.699997
1684926256.578469,-149.300003
1684926256.588297,-150.899994
1684926256.598583,-152.800003
1684926256.608316,-154.399994
1684926256.618732,-155.899994
1684926256.628316,-157.800003
1684926256.637882,-159.500000
1684926256.648316,-161.199997
1684926256.658296,-162.800003
1684926256.668319,-164.699997
1684926256.678321,-166.300003
1684926256.688412,-167.699997
1684926256.698216,-169.600006
1684926256.708365,-171.399994
1684926256.718387,-173.000000
1684926256.728380,-174.899994
1684926256.738455,-176.600006
1684926256.748421,-178.199997
1684926256.758472,-180.100006
1684926256.768296,-181.399994
1684926256.779498,-183.000000
1684926256.788326,-184.699997
1684926256.799109,-186.500000
1684926256.809314,-188.100006
1684926256.819235,-190.000000
1684926256.829317,-191.899994
1684926256.839259,-193.500000
1684926256.849319,-195.100006
1684926256.859253,-196.500000
1684926256.869371,-198.100006
1684926256.879273,-199.699997
1684926256.889374,-201.000000
1684926256.899090,-202.399994
1684926256.908339,-204.000000
1684926256.918261,-205.300003
1684926256.929358,-206.699997
1684926256.938253,-208.000000
1684926256.949346,-209.399994
1684926256.958282,-210.699997
1684926256.968350,-211.800003
1684926256.978331,-212.899994
1684926256.988347,-214.199997
1684926256.998222,-215.100006
1684926257.008361,-216.100006
1684926257.018399,-216.800003
1684926257.028336,-217.399994
1684926257.038429,-217.899994
1684926257.048433,-218.199997
1684926257.058433,-218.600006
1684926257.068344,-219.000000
1684926257.078232,-219.399994
1684926257.088339,-219.800003
1684926257.099126,-220.500000
1684926257.108477,-221.300003
1684926257.118153,-222.100006
1684926257.128362,-222.899994
1684926257.138172,-223.699997
1684926257.148393,-224.600006
1684926257.159237,-225.800003
1684926257.168347,-226.899994
1684926257.179151,-227.899994
1684926257.188401,-228.800003
1684926257.199071,-229.399994
1684926257.208369,-230.100006
1684926257.218179,-230.899994
1684926257.228338,-231.300003
1684926257.239204,-231.600006
1684926257.248400,-231.600006
1684926257.258242,-231.600006
1684926257.268384,-231.600006
1684926257.278246,-231.600006
1684926257.288380,-231.899994
1684926257.299187,-231.899994
1684926257.308339,-231.699997
1684926257.318332,-231.600006
1684926257.328388,-231.800003
1684926257.338365,-231.699997
1684926257.348385,-231.500000
1684926257.359143,-231.199997
1684926257.368398,-230.899994
1684926257.379140,-230.600006
1684926257.388387,-230.100006
1684926257.398045,-229.899994
1684926257.408361,-229.399994
1684926257.419119,-228.699997
1684926257.428378,-227.800003
1684926257.439150,-226.699997
1684926257.448396,-225.699997
1684926257.459142,-225.000000
1684926257.468368,-224.000000
1684926257.479126,-223.100006
1684926257.488405,-222.100006
1684926257.499010,-221.100006
1684926257.508387,-220.000000
1684926257.519170,-219.199997
1684926257.528387,-218.399994
1684926257.539202,-217.699997
1684926257.548386,-216.899994
1684926257.558219,-216.399994
1684926257.568408,-215.899994
1684926257.578245,-216.000000
1684926257.588403,-215.800003
1684926257.599167,-215.800003
1684926257.608445,-215.800003
1684926257.619312,-215.800003
1684926257.628385,-216.000000
1684926257.639094,-215.800003
1684926257.648396,-216.199997
1684926257.659071,-216.500000
1684926257.668452,-216.800003
1684926257.679073,-217.300003
1684926257.688427,-218.100006
1684926257.698976,-218.899994
1684926257.708406,-219.699997
1684926257.719059,-220.399994
1684926257.728097,-221.600006
1684926257.739075,-222.600006
1684926257.748178,-223.500000
1684926257.759071,-224.600006
1684926257.768202,-225.800003
1684926257.779082,-226.699997
1684926257.788178,-227.500000
1684926257.798969,-228.300003
1684926257.808109,-228.899994
1684926257.819115,-229.899994
1684926257.828258,-230.500000
1684926257.839199,-231.100006
1684926257.848375,-231.500000
1684926257.858324,-232.000000
1684926257.869118,-232.199997
1684926257.878258,-232.399994
1684926257.888594,-232.399994
1684926257.899120,-232.699997
1684926257.909275,-232.699997
1684926257.918238,-232.699997
1684926257.929054,-232.699997
1684926257.939197,-232.399994
1684926257.949032,-232.699997
1684926257.958196,-232.699997
1684926257.969062,-232.699997
1684926257.979146,-233.000000
1684926257.988182,-233.199997
1684926257.999277,-233.500000
1684926258.008260,-233.500000
1684926258.018342,-233.800003
1684926258.028432,-233.800003
1684926258.038469,-234.000000
1684926258.048445,-233.800003
1684926258.058626,-234.000000
1684926258.068491,-234.000000
1684926258.078711,-234.000000
1684926258.088474,-234.000000
1684926258.099274,-234.000000
1684926258.108451,-234.199997
1684926258.118948,-234.100006
1684926258.128456,-234.000000
1684926258.139099,-234.000000
1684926258.148471,-234.000000
1684926258.159136,-234.000000
1684926258.168503,-234.000000
1684926258.178317,-234.000000
1684926258.188485,-234.300003
1684926258.198389,-234.300003
1684926258.208447,-234.300003
1684926258.218493,-234.300003
1684926258.228469,-234.199997
1684926258.238686,-233.800003
1684926258.248481,-233.399994
1684926258.258788,-233.000000
1684926258.268472,-232.500000
1684926258.278976,-232.000000
1684926258.288471,-231.600006
1684926258.298865,-231.199997
1684926258.308468,-230.399994
1684926258.318993,-229.600006
1684926258.328481,-228.699997
1684926258.338960,-228.000000
1684926258.348472,-227.399994
1684926258.358999,-226.699997
1684926258.368474,-225.899994
1684926258.378980,-225.100006
1684926258.388472,-224.500000
1684926258.398896,-223.899994
1684926258.408503,-223.100006
1684926258.418019,-222.300003
1684926258.428471,-221.500000
1684926258.438068,-220.500000
1684926258.448497,-219.699997
1684926258.459144,-218.899994
1684926258.468496,-218.100006
1684926258.479200,-217.500000
1684926258.488511,-217.100006
1684926258.498847,-216.699997
1684926258.509499,-216.300003
1684926258.518947,-216.100006
1684926258.529498,-215.800003
1684926258.538957,-215.800003
1684926258.549512,-215.800003
1684926258.558934,-215.800003
1684926258.569458,-215.500000
1684926258.578952,-215.500000
1684926258.589496,-215.500000
1684926258.598772,-215.500000
1684926258.609535,-215.500000
1684926258.618893,-215.500000
1684926258.628518,-215.300003
1684926258.638943,-215.199997
1684926258.648524,-215.199997
1684926258.658958,-215.399994
1684926258.668392,-215.500000
1684926258.678968,-215.500000
1684926258.688494,-215.500000
1684926258.698889,-215.500000
1684926258.708520,-215.500000
1684926258.719078,-215.199997
1684926258.728520,-215.199997
1684926258.739077,-215.199997
1684926258.748500,-215.500000
1684926258.759099,-215.500000
1684926258.768269,-215.500000
1684926258.778918,-215.300003
1684926258.788561,-215.199997
1684926258.798788,-215.399994
1684926258.808565,-215.500000
1684926258.818866,-215.500000
1684926258.828564,-215.500000
1684926258.838877,-215.500000
1684926258.848584,-215.300003
1684926258.858831,-215.199997
1684926258.868584,-215.500000
1684926258.878860,-215.500000
1684926258.888642,-215.500000
1684926258.898702,-215.399994
1684926258.908626,-215.199997
1684926258.918835,-215.500000
1684926258.928616,-215.500000
1684926258.938895,-215.500000
1684926258.948684,-215.500000
1684926258.958903,-215.500000
1684926258.969030,-215.500000
1684926258.978828,-215.199997
1684926258.988623,-214.800003
1684926258.998789,-214.300003
1684926259.008646,-213.800003
1684926259.018775,-213.199997
1684926259.028650,-212.600006
1684926259.038749,-212.100006
1684926259.048659,-211.800003
1684926259.058774,-211.100006
1684926259.068953,-210.500000
1684926259.078724,-210.199997
1684926259.088745,-209.899994
1684926259.098762,-209.600006
1684926259.108730,-209.399994
1684926259.118819,-209.300003
1684926259.128716,-209.300003
1684926259.138839,-209.300003
1684926259.148728,-209.300003
1684926259.158753,-209.100006
1684926259.168736,-209.100006
1684926259.178758,-209.100006
1684926259.188766,-209.100006
1684926259.198792,-209.300003
1684926259.208753,-209.300003
1684926259.218770,-209.300003
1684926259.228737,-209.300003
1684926259.238744,-209.100006
1684926259.248598,-209.100006
1684926259.258793,-209.100006
1684926259.268785,-209.300003
1684926259.278737,-209.100006
1684926259.288759,-208.800003
1684926259.298813,-208.500000
1684926259.308773,-208.800003
1684926259.318779,-208.500000
1684926259.328780,-208.500000
1684926259.338789,-208.500000
1684926259.348834,-208.699997
1684926259.358810,-208.600006
1684926259.368459,-208.500000
1684926259.378845,-208.500000
1684926259.389374,-208.500000
1684926259.398842,-208.500000
1684926259.408460,-208.800003
1684926259.418749,-208.500000
1684926259.428525,-208.300003
1684926259.438832,-208.000000
1684926259.448804,-207.800003
1684926259.458794,-207.300003
1684926259.468455,-206.800003
1684926259.478872,-206.199997
1684926259.488968,-205.899994
1684926259.498790,-205.699997
1684926259.508315,-205.300003
1684926259.518804,-204.800003
1684926259.528298,-204.500000
1684926259.538857,-204.300003
1684926259.548831,-204.000000
1684926259.558856,-203.699997
1684926259.568514,-203.500000
1684926259.578896,-203.500000
1684926259.588914,-203.399994
1684926259.598878,-203.199997
1684926259.608632,-203.100006
1684926259.618804,-203.100006
1684926259.628865,-203.399994
1684926259.638971,-203.399994
1684926259.648757,-203.300003
1684926259.658853,-203.199997
1684926259.668802,-203.100006
1684926259.678971,-203.100006
1684926259.688944,-203.100006
1684926259.699085,-203.399994
1684926259.708823,-203.399994
1684926259.719042,-203.199997
1684926259.728736,-203.100006
1684926259.739097,-203.100006
1684926259.748837,-203.100006
1684926259.759003,-203.100006
1684926259.768760,-203.399994
1684926259.779018,-203.199997
1684926259.788634,-203.100006
1684926259.798944,-203.100006
1684926259.808627,-203.399994
1684926259.819059,-203.399994
1684926259.828820,-203.399994
1684926259.838942,-203.699997
1684926259.848629,-203.899994
1684926259.858898,-204.500000
1684926259.868630,-204.800003
1684926259.878921,-205.000000
1684926259.888641,-205.300003
1684926259.898840,-205.699997
1684926259.908653,-206.199997
1684926259.918932,-206.500000
1684926259.928652,-206.600006
1684926259.938904,-206.600006
1684926259.948654,-206.600006
1684926259.958836,-206.600006
1684926259.968673,-206.899994
1684926259.978798,-206.899994
1684926259.988631,-206.899994
1684926259.998758,-206.600006
1684926260.008651,-206.899994
1684926260.019127,-206.899994
1684926260.028642,-206.899994
1684926260.038743,-206.800003
1684926260.048660,-206.600006
1684926260.058688,-206.899994
1684926260.068839,-206.899994
1684926260.078760,-206.899994
1684926260.088652,-206.899994
1684926260.099658,-206.699997
1684926260.109660,-206.600006
1684926260.119748,-206.899994
1684926260.128847,-206.899994
1684926260.138865,-206.899994
1684926260.148778,-206.800003
1684926260.158839,-206.600006
1684926260.168863,-206.600006
1684926260.179872,-206.899994
1684926260.189799,-206.899994
1684926260.198840,-206.899994
1684926260.208784,-206.899994
1684926260.218952,-206.899994
1684926260.228799,-206.899994
1684926260.238861,-206.899994
1684926260.248852,-206.899994
1684926260.258797,-206.899994
1684926260.273288,-206.899994
1684926260.278927,-206.699997
1684926260.288898,-206.600006
1684926260.298859,-206.600006
1684926260.308774,-206.899994
1684926260.318901,-206.899994
1684926260.328965,-206.699997
1684926260.338858,-206.399994
1684926260.348819,-206.100006
1684926260.358839,-205.699997
1684926260.368851,-205.399994
1684926260.379044,-204.800003
1684926260.388805,-204.500000
1684926260.398842,-203.800003
1684926260.408823,-203.000000
1684926260.418782,-202.199997
1684926260.428966,-201.899994
1684926260.438842,-201.100006
1684926260.448854,-200.500000
1684926260.458822,-199.800003
1684926260.468976,-199.399994
1684926260.478966,-198.899994
1684926260.489125,-198.800003
1684926260.498851,-198.800003
1684926260.508788,-198.600006
1684926260.518808,-198.600006
1684926260.528997,-198.600006
1684926260.538839,-198.800003
1684926260.548798,-198.800003
1684926260.558787,-198.600006
1684926260.568867,-198.600006
1684926260.578884,-198.800003
1684926260.588833,-198.600006
1684926260.598847,-198.100006
1684926260.608800,-197.800003
1684926260.618878,-197.300003
1684926260.628824,-196.600006
1684926260.638864,-195.800003
1684926260.648814,-195.000000
1684926260.658838,-193.899994
1684926260.668801,-192.600006
1684926260.678839,-191.500000
1684926260.688862,-190.699997
1684926260.698872,-189.899994
1684926260.708786,-189.199997
1684926260.718785,-188.899994
1684926260.728891,-188.399994
1684926260.738863,-187.899994
1684926260.748823,-187.600006
1684926260.758841,-187.399994
1684926260.768813,-187.300003
1684926260.778886,-187.399994
1684926260.788858,-187.300003
1684926260.798860,-187.300003
1684926260.808896,-187.300003
1684926260.818848,-187.300003
1684926260.828891,-187.399994
1684926260.838866,-187.300003
1684926260.848838,-187.300003
1684926260.858965,-187.300003
1684926260.868883,-187.300003
1684926260.878844,-187.399994
1684926260.888844,-187.300003
1684926260.898843,-187.300003
1684926260.908907,-187.300003
1684926260.918944,-187.300003
1684926260.928812,-187.500000
1684926260.938906,-187.300003
1684926260.948775,-187.300003
1684926260.958894,-187.500000
1684926260.968870,-187.300003
1684926260.978910,-187.300003
1684926260.988881,-187.300003
1684926260.998839,-186.899994
1684926261.008848,-186.500000
1684926261.019042,-186.300003
1684926261.028852,-185.600006
1684926261.038844,-184.899994
1684926261.048785,-184.300003
1684926261.058937,-183.199997
1684926261.068974,-182.100006
1684926261.078839,-181.300003
1684926261.088969,-180.399994
1684926261.098910,-179.600006
1684926261.108869,-179.000000
1684926261.119020,-178.300003
1684926261.128840,-178.199997
1684926261.138885,-177.699997
1684926261.148845,-177.600006
1684926261.158840,-177.600006
1684926261.168999,-177.600006
1684926261.178915,-177.600006
1684926261.188891,-177.600006
1684926261.198849,-177.600006
1684926261.208769,-177.500000
1684926261.219161,-177.600006
1684926261.228873,-177.600006
1684926261.238877,-177.399994
1684926261.249020,-177.600006
1684926261.258939,-177.600006
1684926261.268969,-177.399994
1684926261.278849,-177.500000
1684926261.288825,-177.300003
1684926261.298841,-177.300003
1684926261.308892,-177.100006
1684926261.318836,-176.600006
1684926261.328858,-176.300003
1684926261.338847,-175.800003
1684926261.348831,-175.000000
1684926261.358842,-174.500000
1684926261.368848,-173.699997
1684926261.378869,-172.699997
1684926261.388856,-171.899994
1684926261.399119,-170.600006
1684926261.408792,-169.500000
1684926261.418894,-168.199997
1684926261.428851,-167.199997
1684926261.438870,-166.000000
1684926261.448789,-164.899994
1684926261.458853,-164.100006
1684926261.468895,-162.899994
1684926261.478895,-161.699997
1684926261.488823,-160.399994
1684926261.499286,-159.300003
1684926261.508814,-158.100006
1684926261.518428,-156.699997
1684926261.528847,-155.500000
1684926261.538435,-154.000000
1684926261.548973,-152.600006
1684926261.558472,-151.600006
1684926261.568811,-150.399994
1684926261.578507,-149.300003
1684926261.588808,-148.500000
1684926261.598412,-147.399994
1684926261.608796,-146.500000
1684926261.618616,-146.199997
1684926261.628831,-145.699997
1684926261.638587,-145.699997
1684926261.648921,-145.399994
1684926261.659350,-145.399994
1684926261.669024,-145.399994
1684926261.678344,-145.399994
1684926261.688814,-145.399994
1684926261.699203,-145.399994
1684926261.709279,-145.399994
1684926261.719356,-145.399994
1684926261.729383,-145.199997
1684926261.739413,-145.399994
1684926261.749475,-145.100006
1684926261.759475,-144.699997
1684926261.769537,-144.600006
1684926261.779602,-144.199997
1684926261.789663,-144.000000
1684926261.799704,-143.500000
1684926261.809770,-143.000000
1684926261.818878,-142.500000
1684926261.828880,-142.000000
1684926261.838896,-141.199997
1684926261.849834,-140.500000
1684926261.859002,-139.600006
1684926261.868878,-138.600006
1684926261.878975,-137.899994
1684926261.888855,-136.699997
1684926261.898859,-135.600006
1684926261.909027,-134.600006
1684926261.918926,-133.699997
1684926261.928881,-132.600006
1684926261.938850,-131.300003
1684926261.948879,-130.000000
1684926261.959046,-129.199997
1684926261.968895,-128.100006
1684926261.978874,-127.000000
1684926261.988867,-126.400002
1684926261.998971,-125.599998
1684926262.008938,-125.000000
1684926262.018890,-124.699997
1684926262.028839,-124.199997
1684926262.038885,-123.900002
1684926262.048962,-124.099998
1684926262.058897,-124.099998
1684926262.068872,-123.900002
1684926262.078875,-124.099998
1684926262.088862,-124.099998
1684926262.098858,-124.199997
1684926262.108919,-124.099998
1684926262.118946,-124.099998
1684926262.128899,-124.400002
1684926262.138950,-124.400002
1684926262.148819,-124.699997
1684926262.158973,-125.199997
1684926262.168864,-125.400002
1684926262.178897,-125.900002
1684926262.188992,-126.800003
1684926262.198865,-127.500000
1684926262.208917,-128.399994
1684926262.218895,-129.800003
1684926262.228833,-130.899994
1684926262.238973,-132.100006
1684926262.248883,-133.600006
1684926262.258918,-134.899994
1684926262.268893,-136.300003
1684926262.278874,-138.199997
1684926262.289015,-139.800003
1684926262.298910,-141.399994
1684926262.308898,-142.699997
1684926262.318901,-144.600006
1684926262.328859,-146.199997
1684926262.339058,-147.800003
1684926262.348860,-149.500000
1684926262.358895,-150.600006
1684926262.369003,-151.600006
1684926262.378887,-152.800003
1684926262.388985,-153.600006
1684926262.398975,-154.100006
1684926262.408907,-154.500000
1684926262.418926,-155.000000
1684926262.428837,-155.000000
1684926262.439001,-155.300003
1684926262.449028,-155.600006
1684926262.458986,-156.100006
1684926262.468868,-156.300003
1684926262.478877,-157.100006
1684926262.488978,-157.899994
1684926262.499073,-159.100006
1684926262.508886,-160.500000
1684926262.518899,-162.100006
1684926262.528901,-163.699997
1684926262.538940,-165.500000
1684926262.548977,-167.199997
1684926262.558941,-169.300003
1684926262.569076,-170.899994
1684926262.578983,-172.600006
1684926262.588841,-174.199997
1684926262.599046,-175.800003
1684926262.608920,-177.100006
1684926262.618976,-178.199997
1684926262.628836,-179.300003
1684926262.638858,-180.600006
1684926262.649095,-182.000000
1684926262.658984,-183.100006
1684926262.668876,-184.100006
1684926262.678871,-185.199997
1684926262.688939,-186.300003
1684926262.699042,-187.500000
1684926262.708861,-188.699997
1684926262.719042,-190.500000
1684926262.728911,-191.899994
1684926262.738979,-193.500000
1684926262.748876,-195.100006
1684926262.758934,-196.699997
1684926262.768907,-198.199997
1684926262.778929,-199.699997
1684926262.788847,-200.899994
1684926262.798953,-201.899994
1684926262.808923,-202.500000
1684926262.818929,-203.100006
1684926262.828911,-203.699997
1684926262.838886,-203.699997
1684926262.848921,-203.399994
1684926262.858962,-203.399994
1684926262.868807,-203.399994
1684926262.878864,-203.300003
1684926262.888882,-202.899994
1684926262.898996,-202.399994
1684926262.908924,-201.899994
1684926262.918880,-201.600006
1684926262.928934,-201.100006
1684926262.938918,-200.300003
1684926262.948967,-199.500000
1684926262.958925,-198.500000
1684926262.968886,-197.600006
1684926262.979024,-196.600006
1684926262.988919,-195.500000
1684926262.998958,-194.899994
1684926263.008858,-194.500000
1684926263.018881,-194.300003
1684926263.028950,-194.000000
1684926263.038909,-194.000000
1684926263.048968,-194.000000
1684926263.058931,-194.300003
1684926263.069230,-194.100006
1684926263.078981,-194.000000
1684926263.088968,-194.000000
1684926263.098978,-194.300003
1684926263.108960,-194.300003
1684926263.118909,-194.100006
1684926263.128964,-194.000000
1684926263.139056,-194.300003
1684926263.148969,-194.300003
1684926263.159112,-194.100006
1684926263.168862,-194.199997
1684926263.179023,-194.300003
1684926263.189071,-194.300003
1684926263.199072,-194.000000
1684926263.208964,-193.500000
1684926263.219070,-193.100006
1684926263.228955,-192.500000
1684926263.239104,-191.699997
1684926263.249328,-190.699997
1684926263.259377,-189.800003
1684926263.269450,-188.699997
1684926263.279479,-187.800003
1684926263.289531,-186.800003
1684926263.299625,-185.800003
1684926263.309379,-184.800003
1684926263.319715,-183.899994
1684926263.329785,-182.899994
1684926263.339782,-182.000000
1684926263.348943,-181.000000
1684926263.358979,-180.500000
1684926263.368867,-179.800003
1684926263.378989,-179.100006
1684926263.389052,-178.600006
1684926263.400032,-178.000000
1684926263.409888,-177.399994
1684926263.418975,-177.100006
1684926263.429968,-176.399994
1684926263.440117,-175.800003
1684926263.448961,-175.300003
1684926263.458915,-174.600006
1684926263.469290,-173.800003
1684926263.479025,-173.199997
1684926263.488965,-172.300003
1684926263.499003,-171.300003
1684926263.508111,-170.500000
1684926263.518948,-169.500000
1684926263.528863,-168.300003
1684926263.538985,-167.300003
1684926263.548905,-166.300003
1684926263.558984,-165.300003
1684926263.568906,-164.399994
1684926263.578915,-164.000000
1684926263.588962,-163.199997
1684926263.598928,-162.699997
1684926263.608887,-162.600006
1684926263.618970,-162.300003
1684926263.628886,-162.000000
1684926263.658910,-161.500000
1684926263.668969,-161.800003
1684926263.678944,-161.500000
1684926263.688966,-161.300003
1684926263.698983,-161.000000
1684926263.709285,-160.500000
1684926263.719077,-160.300003
1684926263.728946,-159.699997
1684926263.739024,-159.100006
1684926263.748926,-158.399994
1684926263.758940,-157.600006
1684926263.769009,-157.000000
1684926263.778916,-156.600006
1684926263.788978,-155.800003
1684926263.798983,-154.899994
1684926263.808865,-153.600006
1684926263.819010,-152.699997
1684926263.828950,-151.899994
1684926263.838986,-150.800003
1684926263.848958,-149.600006
1684926263.858917,-148.500000
1684926263.868950,-147.199997
1684926263.879110,-146.100006
1684926263.888989,-144.800003
1684926263.899002,-143.199997
1684926263.908926,-142.100006
1684926263.919055,-140.500000
1684926263.929137,-138.899994
1684926263.938957,-137.100006
1684926263.948943,-135.699997
1684926263.958971,-133.800003
1684926263.968952,-132.000000
1684926263.979133,-130.300003
1684926263.988954,-128.500000
1684926263.998993,-126.599998
1684926264.008952,-124.699997
1684926264.018911,-123.300003
1684926264.029088,-121.500000
1684926264.039016,-120.099998
1684926264.048959,-118.699997
1684926264.058908,-117.599998
1684926264.068900,-116.599998
1684926264.079186,-115.599998
1684926264.088996,-114.900002
1684926264.098950,-114.599998
1684926264.108922,-114.400002
1684926264.121311,-114.400002
1684926264.129106,-114.400002
1684926264.138952,-114.400002
1684926264.148908,-114.099998
1684926264.158941,-114.199997
1684926264.168991,-114.199997
1684926264.178989,-114.400002
1684926264.188996,-114.500000
1684926264.198959,-114.599998
1684926264.208918,-114.800003
1684926264.218906,-114.900002
1684926264.228955,-115.000000
1684926264.238997,-115.000000
1684926264.248961,-115.000000
1684926264.258920,-115.000000
1684926264.268898,-115.300003
1684926264.279017,-115.300003
1684926264.289119,-115.500000
1684926264.298953,-115.500000
1684926264.308909,-115.400002
1684926264.318951,-115.500000
1684926264.328971,-115.500000
1684926264.338995,-115.599998
1684926264.348924,-115.500000
1684926264.359000,-115.500000
1684926264.368979,-115.599998
1684926264.379041,-115.500000
1684926264.388960,-115.500000
1684926264.398958,-115.500000
1684926264.409059,-115.599998
1684926264.418969,-115.500000
1684926264.428954,-115.500000
1684926264.438957,-115.599998
1684926264.448910,-115.500000
1684926264.459144,-115.000000
1684926264.468938,-114.900002
1684926264.479073,-114.900002
1684926264.488998,-114.900002
1684926264.498942,-114.900002
1684926264.509022,-115.000000
1684926264.518995,-115.000000
1684926264.529016,-115.000000
1684926264.539032,-114.900002
1684926264.548942,-114.900002
1684926264.559036,-114.900002
1684926264.569038,-114.900002
1684926264.579066,-115.099998
1684926264.589031,-115.699997
1684926264.598938,-116.300003
1684926264.609021,-116.599998
1684926264.619134,-117.400002
1684926264.628914,-117.699997
1684926264.638973,-118.400002
1684926264.649001,-119.199997
1684926264.659002,-119.800003
1684926264.669075,-120.400002
1684926264.678990,-120.599998
1684926264.689121,-120.900002
1684926264.698998,-120.699997
1684926264.709025,-120.699997
1684926264.718601,-120.900002
1684926264.728994,-120.699997
1684926264.738615,-120.900002
1684926264.748924,-120.900002
1684926264.758618,-120.699997
1684926264.768600,-120.900002
1684926264.778625,-120.800003
1684926264.788998,-120.699997
1684926264.798704,-120.900002
1684926264.808871,-120.699997
1684926264.818814,-120.900002
1684926264.828871,-120.900002
1684926264.838933,-120.699997
1684926264.848985,-120.500000
1684926264.858996,-119.900002
1684926264.868629,-119.500000
1684926264.879158,-118.599998
1684926264.889200,-117.800003
1684926264.899267,-117.199997
1684926264.908374,-116.300003
1684926264.918371,-115.699997
1684926264.929462,-114.500000
1684926264.939516,-113.699997
1684926264.949558,-112.900002
1684926264.959724,-112.400002
1684926264.969690,-112.000000
1684926264.979743,-111.400002
1684926264.989761,-110.900002
1684926264.999830,-110.599998
1684926265.009993,-110.199997
1684926265.020079,-109.900002
1684926265.029974,-109.800003
1684926265.039974,-109.400002
1684926265.049041,-109.000000
1684926265.059635,-108.500000
1684926265.069063,-108.000000
1684926265.078968,-107.400002
1684926265.088976,-106.900002
1684926265.099124,-106.199997
1684926265.109002,-105.400002
1684926265.119069,-104.400002
1684926265.129111,-103.500000
1684926265.139037,-102.599998
1684926265.149106,-101.699997
1684926265.159544,-101.000000
1684926265.168983,-100.000000
1684926265.179078,-99.000000
1684926265.188966,-98.099998
1684926265.199085,-97.099998
1684926265.209287,-96.000000
1684926265.219005,-95.199997
1684926265.229025,-94.099998
1684926265.238965,-93.199997
1684926265.249047,-92.000000
1684926265.259415,-90.900002
1684926265.269005,-90.000000
1684926265.279027,-88.800003
1684926265.288994,-87.699997
1684926265.299171,-86.400002
1684926265.309119,-85.300003
1684926265.319043,-84.199997
1684926265.328979,-82.900002
1684926265.339006,-81.800003
1684926265.349003,-80.900002
1684926265.359339,-79.900002
1684926265.368984,-78.599998
1684926265.379026,-77.500000
1684926265.389000,-76.400002
1684926265.399025,-75.199997
1684926265.409023,-74.000000
1684926265.419017,-73.199997
1684926265.429057,-72.099998
1684926265.439033,-71.000000
1684926265.448938,-69.900002
1684926265.459189,-68.900002
1684926265.469024,-68.300003
1684926265.479064,-67.500000
1684926265.488977,-66.599998
1684926265.499003,-65.800003
1684926265.509144,-65.000000
1684926265.519046,-64.300003
1684926265.528973,-63.900002
1684926265.538962,-63.200001
1684926265.549028,-62.599998
1684926265.559168,-61.799999
1684926265.568992,-61.000000
1684926265.578979,-60.500000
1684926265.588981,-59.700001
1684926265.599057,-58.799999
1684926265.609002,-57.799999
1684926265.619027,-57.000000
1684926265.628984,-56.099998
1684926265.638996,-54.900002
1684926265.648941,-53.799999
1684926265.659039,-53.000000
1684926265.669030,-52.000000
1684926265.679045,-50.799999
1684926265.688984,-49.500000
1684926265.699024,-48.200001
1684926265.709080,-46.900002
1684926265.719106,-45.799999
1684926265.728958,-44.400002
1684926265.738988,-42.900002
1684926265.749007,-41.500000
1684926265.759048,-40.099998
1684926265.769026,-38.599998
1684926265.779021,-37.200001
1684926265.789024,-35.799999
1684926265.798996,-34.799999
1684926265.809050,-33.400002
1684926265.819052,-32.599998
1684926265.828958,-31.700001
1684926265.839130,-30.900000
1684926265.849010,-30.299999
1684926265.859098,-29.799999
1684926265.869020,-29.600000
1684926265.879002,-29.299999
1684926265.889116,-29.200001
1684926265.899026,-28.900000
1684926265.909011,-29.200001
1684926265.919148,-28.900000
1684926265.928986,-28.900000
1684926265.939050,-28.799999
1684926265.949062,-28.900000
1684926265.959067,-28.900000
1684926265.969095,-28.700001
1684926265.978989,-28.400000
1684926265.989083,-28.400000
1684926265.999242,-28.200001
1684926266.009166,-28.000000
1684926266.019035,-27.600000
1684926266.028970,-27.600000
1684926266.039109,-27.200001
1684926266.049172,-26.600000
1684926266.059000,-26.100000
1684926266.069001,-25.700001
1684926266.079471,-25.000000
1684926266.089079,-24.200001
1684926266.099199,-23.200001
1684926266.109000,-22.400000
1684926266.119077,-21.299999
1684926266.129027,-20.000000
1684926266.138984,-18.600000
1684926266.149131,-17.299999
1684926266.159069,-16.100000
1684926266.169051,-14.900000
1684926266.178988,-13.800000
1684926266.188974,-12.700000
1684926266.199288,-11.600000
1684926266.209064,-10.600000
1684926266.219162,-9.700000
1684926266.229009,-9.100000
1684926266.239066,-8.500000
1684926266.249161,-8.000000
1684926266.259034,-7.700000
1684926266.269010,-7.100000
1684926266.279002,-6.400000
1684926266.289088,-5.500000
1684926266.299102,-4.900000
1684926266.309056,-4.100000
1684926266.319014,-3.300000
1684926266.329007,-2.700000
1684926266.339068,-1.700000
1684926266.349066,-0.600000
1684926266.359262,0.200000
1684926266.369039,0.500000
1684926266.379322,0.800000
1684926266.389003,0.800000
1684926266.399460,0.800000
1684926266.409042,0.800000
1684926266.419549,0.800000
1684926266.429238,1.000000
1684926266.438783,0.800000
1684926266.448988,0.800000
1684926266.459168,0.800000
1684926266.469010,0.800000
1684926266.478903,0.800000
1684926266.489028,0.800000
1684926266.499009,0.800000
1684926266.509047,0.800000
1684926266.519194,0.800000
1684926266.529170,0.800000
1684926266.539258,0.800000
1684926266.549304,0.800000
1684926266.559516,0.800000
1684926266.569509,0.800000
1684926266.579646,0.800000
1684926266.589698,0.800000
1684926266.599752,0.800000
1684926266.610021,0.800000
1684926266.619823,1.000000
1684926266.629799,0.800000
1684926266.640026,0.800000
1684926266.649822,0.800000
1684926266.659098,0.800000
1684926266.669771,0.800000
1684926266.679120,0.700000
1684926266.689758,0.800000
1684926266.700244,0.800000
1684926266.709692,0.800000
1684926266.720031,0.800000
1684926266.728691,1.000000
1684926266.739251,1.700000
1684926266.749710,1.900000
1684926266.759077,2.100000
1684926266.769659,2.200000
1684926266.779075,1.900000
1684926266.789639,1.900000
1684926266.799276,2.100000
1684926266.809620,2.300000
1684926266.819105,2.200000
1684926266.829569,2.400000
1684926266.839159,2.400000
1684926266.849552,2.200000
1684926266.859154,1.900000
1684926266.869554,1.900000
1684926266.879107,1.900000
1684926266.888677,1.900000
1684926266.899103,1.900000
1684926266.908510,1.900000
1684926266.919019,1.600000
1684926266.928450,1.600000
1684926266.939281,1.400000
1684926266.948509,1.400000
1684926266.959034,1.400000
1684926266.968592,1.400000
1684926266.979114,1.100000
1684926266.989406,1.100000
1684926266.999054,1.100000
1684926267.008409,0.800000
1684926267.019041,0.800000
1684926267.029365,0.800000
1684926267.039100,0.800000
1684926267.049347,0.800000
1684926267.059053,0.800000
1684926267.069323,0.800000
1684926267.079125,0.800000
1684926267.088324,0.800000
1684926267.099141,0.800000
1684926267.109298,0.800000
1684926267.119035,0.800000
1684926267.129292,0.800000
1684926267.139143,0.800000
1684926267.149297,0.800000
1684926267.159032,0.800000
1684926267.169220,0.500000
1684926267.179082,0.500000
1684926267.189235,0.500000
1684926267.199120,0.300000
1684926267.209241,0.100000
1684926267.219237,0.000000
1684926267.229220,-0.200000
1684926267.239137,-0.400000
1684926267.249237,-1.000000
1684926267.259030,-1.400000
1684926267.269232,-1.700000
1684926267.279154,-2.000000
1684926267.289201,-2.300000
1684926267.299090,-2.600000
1684926267.309198,-2.800000
1684926267.319173,-3.100000
1684926267.329301,-3.100000
1684926267.339079,-3.400000
1684926267.349354,-3.700000
1684926267.359072,-3.700000
1684926267.369222,-3.700000
1684926267.379094,-3.700000
1684926267.389225,-3.900000
1684926267.399140,-3.900000
1684926267.409287,-3.900000
1684926267.419156,-4.200000
1684926267.429431,-4.200000
1684926267.439120,-4.200000
1684926267.449558,-4.200000
1684926267.459060,-4.500000
1684926267.469635,-4.600000
1684926267.479243,-4.700000
1684926267.489366,-4.700000
1684926267.499063,-5.300000
1684926267.509081,-5.500000
1684926267.519105,-5.700000
1684926267.529223,-6.300000
1684926267.539165,-6.600000
1684926267.549198,-6.900000
1684926267.559120,-7.100000
1684926267.569229,-7.800000
1684926267.579266,-8.400000
1684926267.589413,-9.000000
1684926267.599342,-9.500000
1684926267.609293,-10.300000
1684926267.619060,-10.900000
1684926267.629260,-11.600000
1684926267.639121,-12.200000
1684926267.649259,-12.900000
1684926267.659044,-13.800000
1684926267.669277,-14.500000
1684926267.679455,-15.100000
1684926267.689278,-15.500000
1684926267.699083,-15.700000
1684926267.709304,-16.000000
1684926267.719153,-16.500000
1684926267.729288,-16.600000
1684926267.739142,-16.600000
1684926267.749368,-16.600000
1684926267.759064,-16.600000
1684926267.769274,-16.600000
1684926267.779119,-16.600000
1684926267.789300,-16.799999
1684926267.799122,-16.600000
1684926267.809274,-16.600000
1684926267.819038,-16.600000
1684926267.829296,-16.600000
1684926267.839112,-16.799999
1684926267.849300,-16.600000
1684926267.859063,-16.600000
1684926267.869288,-16.600000
1684926267.879138,-16.600000
1684926267.889436,-16.600000
1684926267.899036,-16.799999
1684926267.909306,-16.700001
1684926267.919063,-16.600000
1684926267.929306,-16.600000
1684926267.939146,-16.600000
1684926267.949326,-16.600000
1684926267.959221,-16.600000
1684926267.969314,-16.799999
1684926267.979121,-16.600000
1684926267.989056,-16.600000
1684926267.999105,-16.600000
1684926268.009349,-16.600000
1684926268.019086,-16.799999
1684926268.029330,-16.799999
1684926268.039102,-16.799999
1684926268.049324,-16.600000
1684926268.059402,-16.600000
1684926268.069369,-16.600000
1684926268.079381,-16.600000
1684926268.089503,-16.600000
1684926268.099325,-16.799999
1684926268.109353,-16.600000
1684926268.119359,-16.600000
1684926268.129374,-16.400000
1684926268.139412,-16.299999
1684926268.149340,-16.299999
1684926268.159561,-16.600000
1684926268.169349,-16.299999
1684926268.179643,-16.299999
1684926268.189347,-16.000000
1684926268.198825,-16.000000
1684926268.209382,-15.800000
1684926268.218957,-16.000000
1684926268.229388,-15.800000
1684926268.238978,-15.700000
1684926268.249352,-15.700000
1684926268.259101,-15.700000
1684926268.268390,-15.700000
1684926268.279274,-16.000000
1684926268.291034,-15.800000
1684926268.299393,-15.700000
1684926268.309435,-15.700000
1684926268.319438,-15.700000
1684926268.329514,-15.700000
1684926268.339103,-15.700000
1684926268.349063,-15.700000
1684926268.359090,-15.500000
1684926268.369244,-15.500000
1684926268.379121,-15.200000
1684926268.389059,-15.200000
1684926268.399062,-15.200000
1684926268.409178,-15.000000
1684926268.419283,-14.700000
1684926268.429142,-14.400000
1684926268.439090,-14.000000
1684926268.449044,-13.700000
1684926268.459177,-13.100000
1684926268.469159,-12.600000
1684926268.479182,-12.000000
1684926268.489142,-11.600000
1684926268.499108,-10.800000
1684926268.509040,-10.000000
1684926268.519192,-9.400000
1684926268.529170,-8.600000
1684926268.539132,-7.800000
1684926268.549063,-7.300000
1684926268.559081,-6.700000
1684926268.569184,-5.900000
1684926268.580923,-5.100000
1684926268.589067,-4.300000
1684926268.599149,-3.700000
1684926268.609065,-3.000000
1684926268.619200,-2.200000
1684926268.629160,-1.700000
1684926268.639082,-0.900000
1684926268.649151,0.000000
1684926268.659130,0.700000
1684926268.669153,1.400000
1684926268.679150,1.800000
1684926268.689205,2.500000
1684926268.699247,3.200000
1684926268.709146,3.700000
1684926268.719147,4.300000
1684926268.729212,4.700000
1684926268.739117,4.600000
1684926268.749186,4.800000
1684926268.759233,4.800000
1684926268.769091,4.800000
1684926268.779164,5.100000
1684926268.789064,4.800000
1684926268.799193,4.800000
1684926268.809152,4.800000
1684926268.819288,4.800000
1684926268.829202,4.800000
1684926268.839109,4.800000
1684926268.849113,5.100000
1684926268.859274,4.800000
1684926268.869144,4.800000
1684926268.879085,5.100000
1684926268.889070,5.100000
1684926268.899217,5.100000
1684926268.909253,5.300000
1684926268.919117,5.400000
1684926268.929140,5.600000
1684926268.939200,5.800000
1684926268.949149,5.900000
1684926268.959279,6.100000
1684926268.969144,6.300000
1684926268.979168,6.600000
1684926268.989134,6.700000
1684926268.999084,7.000000
1684926269.009229,7.000000
1684926269.019198,6.700000
1684926269.029144,6.700000
1684926269.039086,6.700000
1684926269.049071,7.000000
1684926269.059331,7.000000
1684926269.069129,7.000000
1684926269.079548,6.700000
1684926269.089169,6.700000
1684926269.099180,6.700000
1684926269.109249,6.900000
1684926269.119128,7.000000
1684926269.129094,6.700000
1684926269.139127,6.700000
1684926269.149176,6.900000
1684926269.159124,7.000000
1684926269.169175,7.000000
1684926269.179116,6.700000
1684926269.189086,6.700000
1684926269.199084,6.700000
1684926269.209153,7.000000
1684926269.219150,7.000000
1684926269.229147,6.700000
1684926269.239086,6.700000
1684926269.249070,7.000000
1684926269.259149,6.700000
1684926269.269131,6.700000
1684926269.279130,6.700000
1684926269.289096,7.000000
1684926269.299117,7.000000
1684926269.309303,6.700000
1684926269.319175,6.700000
1684926269.329143,6.700000
1684926269.339170,6.700000
1684926269.349103,6.500000
1684926269.359224,6.500000
1684926269.369178,6.200000
1684926269.379255,6.200000
1684926269.389252,6.200000
1684926269.399148,5.900000
1684926269.409135,6.200000
1684926269.419121,6.200000
1684926269.429106,6.200000
1684926269.439276,5.900000
1684926269.449613,5.900000
1684926269.459149,6.200000
1684926269.469672,5.900000
1684926269.479646,5.900000
1684926269.489209,6.100000
1684926269.499649,5.900000
1684926269.508627,5.900000
1684926269.519645,6.100000
1684926269.529666,5.900000
1684926269.539718,5.900000
1684926269.549711,6.200000
1684926269.559034,5.900000
1684926269.569649,5.900000
1684926269.579035,5.900000
1684926269.589075,5.900000
1684926269.599083,5.700000
1684926269.609671,5.700000
1684926269.619221,5.400000
1684926269.629676,5.400000
1684926269.639402,4.900000
1684926269.649699,4.800000
1684926269.659440,4.600000
1684926269.668666,4.300000
1684926269.679549,4.100000
1684926269.688633,3.800000
1684926269.699689,3.500000
1684926269.709802,3.000000
1684926269.719838,3.000000
1684926269.729873,2.400000
1684926269.739961,2.200000
1684926269.750031,1.900000
1684926269.760043,1.600000
1684926269.769173,1.100000
1684926269.780248,0.800000
1684926269.790178,0.300000
1684926269.799328,0.000000
1684926269.810179,-0.100000
1684926269.820149,-0.600000
1684926269.829108,-0.700000
1684926269.840217,-1.000000
1684926269.849184,-1.500000
1684926269.859177,-1.500000
1684926269.869116,-1.800000
1684926269.879154,-2.000000
1684926269.889195,-2.300000
1684926269.899188,-2.300000
1684926269.909153,-2.600000
1684926269.919173,-2.600000
1684926269.929152,-2.600000
1684926269.939155,-2.800000
1684926269.949166,-2.800000
1684926269.959633,-2.800000
1684926269.969156,-3.100000
1684926269.979148,-2.900000
1684926269.989113,-2.800000
1684926269.999259,-3.100000
1684926270.009139,-3.100000
1684926270.019129,-3.400000
1684926270.029153,-3.400000
1684926270.039152,-3.400000
1684926270.049181,-3.700000
1684926270.059175,-3.700000
1684926270.069238,-3.800000
1684926270.079326,-4.200000
1684926270.089201,-4.300000
1684926270.099242,-4.700000
1684926270.109155,-4.900000
1684926270.119153,-5.000000
1684926270.129298,-5.500000
1684926270.139183,-5.700000
1684926270.149162,-6.100000
1684926270.159198,-6.300000
1684926270.169184,-6.300000
1684926270.179272,-6.600000
1684926270.189114,-6.600000
1684926270.199156,-6.600000
1684926270.209187,-6.700000
1684926270.219111,-6.600000
1684926270.229218,-6.600000
1684926270.239200,-6.600000
1684926270.249207,-6.600000
1684926270.259199,-6.700000
1684926270.269089,-6.600000
1684926270.279194,-6.600000
1684926270.289316,-6.600000
1684926270.299220,-6.600000
1684926270.309164,-6.600000
1684926270.319142,-6.600000
1684926270.329223,-6.600000
1684926270.339339,-6.700000
1684926270.349157,-6.600000
1684926270.359168,-6.600000
1684926270.369194,-6.600000
1684926270.379186,-6.700000
1684926270.389349,-6.600000
1684926270.399202,-6.600000
1684926270.409185,-6.700000
1684926270.419197,-6.600000
1684926270.429223,-6.600000
1684926270.439304,-6.600000
1684926270.449203,-6.600000
1684926270.459220,-6.600000
1684926270.469101,-6.600000
1684926270.479133,-6.600000
1684926270.489382,-6.600000
1684926270.499250,-6.600000
1684926270.509166,-6.600000
1684926270.519141,-6.600000
1684926270.529302,-6.600000
1684926270.539518,-6.700000
1684926270.549186,-6.600000
1684926270.559158,-6.600000
1684926270.569144,-6.700000
1684926270.579266,-6.600000
1684926270.589190,-6.600000
1684926270.599196,-6.600000
1684926270.609136,-6.600000
1684926270.619152,-6.900000
1684926270.629105,-6.600000
1684926270.639213,-6.600000
1684926270.649201,-6.600000
1684926270.659195,-6.600000
1684926270.669586,-6.600000
1684926270.679155,-6.600000
1684926270.689242,-6.600000
1684926270.699227,-6.600000
1684926270.709558,-6.700000
1684926270.719143,-6.600000
1684926270.729139,-6.600000
1684926270.739228,-6.600000
1684926270.749204,-6.600000
1684926270.759159,-6.600000
1684926270.769423,-6.600000
1684926270.779176,-6.700000
1684926270.789277,-6.600000
1684926270.799204,-6.600000
1684926270.809154,-6.600000
1684926270.819325,-6.600000
1684926270.829190,-6.600000
1684926270.839234,-6.900000
1684926270.849164,-6.600000
1684926270.859180,-6.600000
1684926270.869286,-6.600000
1684926270.879204,-6.600000
1684926270.889183,-6.600000
1684926270.899201,-6.400000
1684926270.909138,-6.500000
1684926270.919259,-6.300000
1684926270.929203,-6.100000
1684926270.939303,-5.800000
1684926270.949221,-5.700000
1684926270.959171,-5.300000
1684926270.969303,-5.100000
1684926270.979317,-5.000000
1684926270.989277,-4.800000
1684926270.999223,-4.600000
1684926271.009138,-4.600000
1684926271.019261,-4.500000
1684926271.029329,-4.200000
1684926271.039229,-4.200000
1684926271.049188,-4.000000
1684926271.059236,-3.900000
1684926271.069598,-4.000000
1684926271.079599,-3.900000
1684926271.089206,-3.700000
1684926271.099241,-3.700000
1684926271.109207,-3.400000
1684926271.119591,-3.100000
1684926271.129619,-3.100000
1684926271.139266,-2.900000
1684926271.149616,-2.600000
1684926271.159736,-2.600000
1684926271.169654,-2.300000
1684926271.179809,-2.200000
1684926271.189680,-1.900000
1684926271.199656,-1.600000
1684926271.209707,-1.600000
1684926271.219777,-1.500000
1684926271.228612,-1.200000
1684926271.238881,-1.200000
1684926271.249634,-1.000000
1684926271.258972,-1.000000
1684926271.269739,-1.000000
1684926271.279103,-1.000000
1684926271.289762,-1.000000
1684926271.299222,-1.000000
1684926271.308790,-1.000000
1684926271.319356,-1.000000
1684926271.329758,-1.000000
1684926271.339461,-1.000000
1684926271.349804,-1.000000
1684926271.359571,-1.000000
1684926271.369807,-1.000000
1684926271.378702,-1.000000
1684926271.389812,-1.000000
1684926271.399827,-1.000000
1684926271.409903,-1.000000
1684926271.419930,-1.000000
1684926271.429989,-0.800000
1684926271.440107,-1.000000
1684926271.450161,-1.000000
1684926271.459256,-1.000000
1684926271.470187,-1.000000
1684926271.480309,-0.800000
1684926271.490289,-1.000000
1684926271.500208,-1.000000
1684926271.510346,-1.100000
1684926271.520253,-1.000000
1684926271.530228,-1.000000
1684926271.539232,-1.000000
1684926271.549206,-1.000000
1684926271.559326,-1.000000
1684926271.569285,-1.000000
1684926271.579249,-1.000000
1684926271.589210,-1.000000
1684926271.599217,-1.000000
1684926271.609275,-1.000000
1684926271.619203,-1.000000
1684926271.629169,-1.000000
1684926271.639255,-1.000000
1684926271.649191,-1.000000
1684926271.659313,-1.000000
1684926271.669250,-1.000000
1684926271.679283,-1.000000
1684926271.689258,-1.000000
1684926271.699189,-1.000000
1684926271.709248,-1.000000
1684926271.719375,-1.000000
1684926271.729289,-1.000000
1684926271.739228,-1.000000
1684926271.749172,-1.000000
1684926271.759331,-1.000000
1684926271.769375,-1.000000
1684926271.779226,-1.000000
1684926271.789235,-1.000000
1684926271.799252,-1.000000
1684926271.809150,-1.000000
1684926271.819341,-1.000000
1684926271.829333,-1.000000
1684926271.839294,-1.000000
1684926271.849212,-1.000000
1684926271.859204,-1.000000
1684926271.869334,-0.800000
1684926271.879290,-1.000000
1684926271.889279,-1.000000
1684926271.899202,-1.000000
1684926271.909179,-1.000000
1684926271.919459,-1.000000
1684926271.929209,-1.000000
1684926271.939225,-1.000000
1684926271.949150,-1.000000
1684926271.959265,-1.000000
1684926271.969390,-1.000000
1684926271.979205,-1.000000
1684926271.989309,-1.000000
1684926271.999201,-1.000000
1684926272.009225,-1.000000
1684926272.019346,-1.000000
1684926272.029234,-0.800000
1684926272.039280,-1.000000
1684926272.049198,-1.000000
1684926272.059207,-1.000000
1684926272.069209,-1.200000
1684926272.079658,-1.000000
1684926272.089291,-1.000000
1684926272.099183,-1.000000
1684926272.109167,-1.000000
1684926272.119294,-1.000000
1684926272.129233,-1.000000
1684926272.139210,-1.000000
1684926272.152870,-1.000000
1684926272.159225,-1.000000
1684926272.169393,-1.000000
1684926272.179288,-1.000000
1684926272.189221,-1.000000
1684926272.199271,-1.000000
1684926272.209198,-0.800000
1684926272.219296,-0.600000
1684926272.229215,-0.700000
1684926272.239259,-0.400000
1684926272.249311,-0.300000
1684926272.259280,-0.200000
1684926272.269226,-0.200000
1684926272.279239,0.000000
1684926272.289234,0.200000
1684926272.299412,0.500000
1684926272.309228,1.000000
1684926272.319231,1.000000
1684926272.329237,1.600000
1684926272.339230,2.000000
1684926272.349226,2.300000
1684926272.359274,2.800000
1684926272.369282,3.400000
1684926272.379277,3.500000
1684926272.389225,4.000000
1684926272.399335,4.300000
1684926272.409314,4.300000
1684926272.419565,4.600000
1684926272.429191,4.800000
1684926272.439240,4.800000
1684926272.449309,5.100000
1684926272.459391,5.400000
1684926272.469208,5.600000
1684926272.479254,5.600000
1684926272.489280,5.600000
1684926272.499287,5.900000
1684926272.509430,5.900000
1684926272.519234,5.700000
1684926272.529255,5.800000
1684926272.539271,5.900000
1684926272.549187,5.900000
1684926272.559455,5.700000
1684926272.569297,5.900000
1684926272.579322,5.900000
1684926272.589198,5.700000
1684926272.599208,5.900000
1684926272.609413,5.900000
1684926272.619292,5.600000
1684926272.629219,5.900000
1684926272.639211,5.900000
1684926272.649257,6.200000
1684926272.659379,6.400000
1684926272.669243,6.400000
1684926272.679235,6.500000
1684926272.689252,6.700000
1684926272.699293,7.000000
1684926272.709300,7.200000
1684926272.719274,7.500000
1684926272.729284,7.700000
1684926272.739250,8.000000
1684926272.749374,8.300000
1684926272.759274,8.800000
1684926272.769282,9.100000
1684926272.779272,9.000000
1684926272.789303,9.100000
1684926272.799258,9.400000
1684926272.809432,9.600000
1684926272.819273,9.700000
1684926272.829283,9.600000
1684926272.839230,9.700000
1684926272.849260,9.700000
1684926272.859299,9.800000
1684926272.869231,9.700000
1684926272.879262,9.700000
1684926272.889234,9.700000
1684926272.899170,9.800000
1684926272.910050,9.700000
1684926272.919235,9.700000
1684926272.929233,9.700000
1684926272.939250,9.700000
1684926272.949318,9.700000
1684926272.959381,9.700000
1684926272.969496,9.700000
1684926272.979595,9.700000
1684926272.989631,9.700000
1684926272.999666,9.700000
1684926273.008670,9.900000
1684926273.019789,9.700000
1684926273.029847,9.700000
1684926273.039891,9.700000
1684926273.049983,9.900000
1684926273.059977,9.700000
1684926273.069407,9.700000
1684926273.081400,9.400000
1684926273.090205,9.200000
1684926273.100336,9.100000
1684926273.110292,8.900000
1684926273.120320,8.400000
1684926273.130258,8.200000
1684926273.140334,7.900000
1684926273.149424,7.400000
1684926273.160319,7.100000
1684926273.169263,6.800000
1684926273.179298,6.600000
1684926273.189305,6.200000
1684926273.199485,5.900000
1684926273.209903,5.400000
1684926273.219366,5.200000
1684926273.229306,5.100000
1684926273.239320,4.600000
1684926273.249300,4.600000
1684926273.259427,4.300000
1684926273.269333,3.800000
1684926273.279299,3.800000
1684926273.289232,3.500000
1684926273.299438,3.200000
1684926273.309302,3.200000
1684926273.319326,3.100000
1684926273.329206,2.700000
1684926273.339255,2.700000
1684926273.349402,2.700000
1684926273.359292,2.700000
1684926273.369260,2.400000
1684926273.379260,2.400000
1684926273.389348,2.400000
1684926273.399424,2.700000
1684926273.409243,2.400000
1684926273.419279,2.400000
1684926273.429245,2.400000
1684926273.439323,2.400000
1684926273.449296,2.400000
1684926273.459369,2.400000
1684926273.469287,2.400000
1684926273.479255,1.900000
1684926273.489235,1.900000
1684926273.499336,1.600000
1684926273.509297,1.400000
1684926273.519309,1.400000
1684926273.529216,1.100000
1684926273.539257,1.100000
1684926273.549346,0.800000
1684926273.559299,0.700000
1684926273.569240,0.800000
1684926273.579310,0.800000
1684926273.589233,0.500000
1684926273.599316,0.800000
1684926273.609261,0.800000
1684926273.619270,0.700000
1684926273.629296,0.800000
1684926273.639299,0.800000
1684926273.649324,0.500000
1684926273.659297,0.800000
1684926273.669451,0.800000
1684926273.679384,0.800000
1684926273.689300,0.800000
1684926273.699302,0.500000
1684926273.709258,0.800000
1684926273.719254,0.800000
1684926273.729367,0.800000
1684926273.739331,0.800000
1684926273.749257,0.500000
1684926273.759320,0.800000
1684926273.769254,0.800000
1684926273.779319,0.800000
1684926273.789302,0.800000
1684926273.799349,0.500000
1684926273.809309,0.800000
1684926273.819267,0.800000
1684926273.829352,0.700000
1684926273.839441,0.800000
1684926273.849302,0.800000
1684926273.859319,0.800000
1684926273.869226,0.800000
1684926273.879384,0.800000
1684926273.889448,0.800000
1684926273.899304,0.500000
1684926273.909243,0.800000
1684926273.919326,0.800000
1684926273.929290,0.800000
1684926273.939466,0.700000
1684926273.949255,0.800000
1684926273.959321,0.800000
1684926273.969298,0.800000
1684926273.979300,0.800000
1684926273.989432,0.800000
1684926273.999345,0.800000
1684926274.009304,0.700000
1684926274.019242,0.800000
1684926274.029227,0.800000
1684926274.039488,0.800000
1684926274.049189,0.800000
1684926274.059300,0.500000
1684926274.069242,0.500000
1684926274.079341,0.500000
1684926274.089465,0.300000
1684926274.099324,0.000000
1684926274.109124,-0.200000
1684926274.119262,-0.400000
1684926274.129357,-0.900000
1684926274.139369,-1.200000
1684926274.149151,-1.700000
1684926274.159299,-2.200000
1684926274.169257,-2.800000
1684926274.179331,-3.500000
1684926274.189310,-4.100000
1684926274.199349,-4.800000
1684926274.209277,-5.900000
1684926274.219320,-6.700000
1684926274.229221,-7.900000
1684926274.239325,-8.900000
1684926274.249009,-10.400000
1684926274.259322,-11.500000
1684926274.269240,-12.800000
1684926274.279302,-14.400000
1684926274.289346,-15.800000
1684926274.299346,-17.400000
1684926274.308994,-19.200001
1684926274.319361,-20.600000
1684926274.329278,-22.000000
1684926274.339380,-23.600000
1684926274.349050,-25.400000
1684926274.359298,-26.799999
1684926274.369410,-28.400000
1684926274.379337,-30.299999
1684926274.389344,-31.700001
1684926274.399342,-33.500000
1684926274.409294,-34.900002
1684926274.419453,-36.500000
1684926274.429291,-38.099998
1684926274.439312,-39.400002
1684926274.449106,-40.500000
1684926274.459306,-42.099998
1684926274.469235,-43.200001
1684926274.479326,-44.599998
1684926274.489327,-45.500000
1684926274.499365,-46.700001
1684926274.508984,-47.599998
1684926274.519933,-48.400002
1684926274.529972,-49.200001
1684926274.539949,-50.000000
1684926274.549928,-50.500000
1684926274.558935,-50.900002
1684926274.569930,-51.700001
1684926274.578922,-52.000000
1684926274.589947,-52.299999
1684926274.599905,-52.500000
1684926274.608950,-53.000000
1684926274.620073,-53.200001
1684926274.629951,-53.400002
1684926274.639225,-53.400002
1684926274.649951,-53.400002
1684926274.659301,-53.599998
1684926274.668958,-53.599998
1684926274.679430,-53.400002
1684926274.690016,-53.400002
1684926274.699536,-53.599998
1684926274.710048,-53.599998
1684926274.719613,-53.400002
1684926274.729050,-53.000000
1684926274.739748,-52.799999
1684926274.750077,-52.400002
1684926274.758833,-52.099998
1684926274.769134,-51.599998
1684926274.779999,-51.000000
1684926274.790190,-50.299999
1684926274.800142,-49.700001
1684926274.810261,-49.000000
1684926274.820243,-47.900002
1684926274.830366,-47.099998
1684926274.839443,-46.000000
1684926274.849895,-45.000000
1684926274.860342,-44.099998
1684926274.870365,-43.000000
1684926274.880451,-41.799999
1684926274.890373,-40.900002
1684926274.900350,-39.599998
1684926274.909878,-38.500000
1684926274.919424,-37.400002
1684926274.929342,-36.299999
1684926274.939381,-35.000000
1684926274.949896,-33.700001
1684926274.959556,-32.599998
1684926274.970281,-31.299999
1684926274.979414,-29.900000
1684926274.989355,-28.900000
1684926274.999338,-27.799999
1684926275.009295,-26.400000
1684926275.019303,-25.299999
1684926275.029326,-24.000000
1684926275.039378,-22.700001
1684926275.049055,-21.400000
1684926275.059464,-20.000000
1684926275.069290,-18.600000
1684926275.079395,-17.600000
1684926275.089414,-16.200001
1684926275.099335,-14.900000
1684926275.109854,-13.800000
1684926275.119495,-12.200000
1684926275.129333,-11.100000
1684926275.139351,-9.800000
1684926275.149852,-8.700000
1684926275.159431,-7.400000
1684926275.169293,-6.000000
1684926275.179369,-4.900000
1684926275.189354,-3.600000
1684926275.199330,-2.700000
1684926275.209454,-1.400000
1684926275.219369,-0.400000
1684926275.229480,0.600000
1684926275.239393,1.400000
1684926275.248870,2.700000
1684926275.259433,3.600000
1684926275.269438,4.600000
1684926275.279501,5.400000
1684926275.289354,6.500000
1684926275.299386,7.300000
1684926275.309428,8.400000
1684926275.319529,9.000000
1684926275.329327,10.000000
1684926275.339310,10.800000
1684926275.349473,11.700000
1684926275.359360,12.400000
1684926275.369504,13.400000
1684926275.383130,14.100000
1684926275.389398,15.100000
1684926275.399379,16.000000
1684926275.409277,16.799999
1684926275.419547,17.799999
1684926275.429358,18.600000
1684926275.439394,19.799999
1684926275.449284,20.900000
1684926275.459334,21.600000
1684926275.469756,22.500000
1684926275.479497,23.400000
1684926275.489766,24.400000
1684926275.499313,25.400000
1684926275.509767,26.299999
1684926275.519496,27.100000
1684926275.529770,28.000000
1684926275.539337,28.900000
1684926275.549829,29.799999
1684926275.559434,30.700001
1684926275.569851,31.400000
1684926275.579442,32.200001
1684926275.589348,33.000000
1684926275.599370,33.599998
1684926275.609284,34.200001
1684926275.619376,35.000000
1684926275.629328,35.700001
1684926275.639384,36.200001
1684926275.649955,36.900002
1684926275.659320,37.599998
1684926275.669744,38.000000
1684926275.679297,38.500000
1684926275.689721,39.200001
1684926275.699602,39.500000
1684926275.709544,40.000000
1684926275.719278,40.400002
1684926275.729725,40.599998
1684926275.739228,40.900002
1684926275.749683,41.200001
1684926275.759209,41.299999
1684926275.769704,41.500000
1684926275.779701,41.599998
1684926275.791271,41.500000
1684926275.799601,41.500000
1684926275.809723,41.500000
1684926275.819725,41.500000
1684926275.829743,41.299999
1684926275.839774,41.000000
1684926275.849790,40.700001
1684926275.859838,40.200001
1684926275.869828,39.500000
1684926275.879852,38.900002
1684926275.889874,38.299999
1684926275.899746,37.599998
1684926275.908926,36.599998
1684926275.919890,35.799999
1684926275.929969,34.900002
1684926275.938935,33.900002
1684926275.949679,32.799999
1684926275.959666,31.799999
1684926275.969678,30.900000
1684926275.979674,29.600000
1684926275.989715,28.299999
1684926275.999771,27.200001
1684926276.009809,25.900000
1684926276.019935,24.500000
1684926276.029931,23.200001
1684926276.039932,21.799999
1684926276.049669,20.200001
1684926276.059954,18.500000
1684926276.069703,17.200001
1684926276.079874,15.300000
1684926276.090308,13.900000
1684926276.099852,12.100000
1684926276.110410,10.600000
1684926276.119951,9.100000
1684926276.130435,7.200000
1684926276.139808,5.600000
1684926276.150307,3.700000
1684926276.159940,2.100000
1684926276.170418,0.300000
1684926276.179810,-1.400000
1684926276.189318,-3.100000
1684926276.199750,-5.000000
1684926276.209499,-6.600000
1684926276.219834,-8.500000
1684926276.230328,-10.100000
1684926276.239725,-11.900000
1684926276.249445,-13.500000
1684926276.259717,-15.200000
1684926276.269717,-16.600000
1684926276.279724,-18.000000
1684926276.289359,-19.600000
1684926276.299753,-20.900000
1684926276.309381,-22.400000
1684926276.319751,-23.400000
1684926276.329366,-24.900000
1684926276.339755,-26.000000
1684926276.349313,-27.600000
1684926276.359750,-28.700001
1684926276.369397,-30.100000
1684926276.379749,-31.200001
1684926276.389324,-32.500000
1684926276.399778,-33.500000
1684926276.409388,-34.599998
1684926276.419773,-35.500000
1684926276.429335,-36.299999
1684926276.439826,-37.200001
1684926276.449323,-37.900002
1684926276.459834,-38.700001
1684926276.468891,-39.299999
1684926276.479934,-39.599998
1684926276.489450,-40.400002
1684926276.499833,-40.700001
1684926276.509387,-41.000000
1684926276.519810,-41.500000
1684926276.529366,-41.799999
1684926276.539850,-42.099998
1684926276.549383,-42.299999
1684926276.559836,-42.599998
1684926276.569370,-42.599998
1684926276.579854,-42.599998
1684926276.589463,-42.599998
1684926276.599937,-42.599998
1684926276.609335,-42.599998
1684926276.619858,-42.700001
1684926276.629328,-42.599998
1684926276.639858,-42.599998
1684926276.649432,-42.599998
1684926276.659939,-42.700001
1684926276.669907,-42.599998
1684926276.679925,-42.599998
1684926276.689463,-42.599998
1684926276.699877,-42.599998
1684926276.709436,-42.599998
1684926276.719923,-42.599998
1684926276.729337,-42.599998
1684926276.739939,-42.700001
1684926276.749528,-42.599998
1684926276.759938,-42.599998
1684926276.769360,-42.400002
1684926276.779932,-42.200001
1684926276.789401,-42.099998
1684926276.799574,-42.099998
1684926276.809360,-41.799999
1684926276.819960,-41.599998
1684926276.829413,-41.099998
1684926276.839934,-40.799999
1684926276.849513,-40.500000
1684926276.859945,-40.099998
1684926276.869417,-39.900002
1684926276.879507,-39.500000
1684926276.889508,-38.900002
1684926276.899610,-38.400002
1684926276.909706,-38.299999
1684926276.919470,-38.099998
1684926276.929577,-37.500000
1684926276.939485,-37.299999
1684926276.949535,-36.799999
1684926276.959502,-36.500000
1684926276.969527,-36.000000
1684926276.979543,-35.900002
1684926276.989552,-35.599998
1684926276.999469,-35.200001
1684926277.009383,-35.099998
1684926277.019717,-34.900002
1684926277.029341,-34.599998
1684926277.039627,-34.299999
1684926277.049670,-34.299999
1684926277.059702,-34.000000
1684926277.069689,-33.500000
1684926277.079377,-33.500000
1684926277.089485,-33.000000
1684926277.099424,-32.500000
1684926277.109467,-32.200001
1684926277.119442,-31.900000
1684926277.129442,-31.500000
1684926277.139463,-31.100000
1684926277.149441,-30.600000
1684926277.159460,-30.100000
1684926277.169542,-30.000000
1684926277.179638,-29.500000
1684926277.189672,-29.000000
1684926277.199734,-28.900000
1684926277.209751,-28.500000
1684926277.219863,-28.200001
1684926277.229903,-27.900000
1684926277.238943,-28.000000
1684926277.248905,-27.799999
1684926277.259099,-27.600000
1684926277.269109,-27.600000
1684926277.280102,-27.600000
1684926277.289133,-27.600000
1684926277.299405,-27.299999
1684926277.309119,-27.400000
1684926277.319121,-27.299999
1684926277.329264,-27.100000
1684926277.339113,-27.299999
1684926277.349817,-27.000000
1684926277.359138,-26.799999
1684926277.369192,-26.799999
1684926277.379237,-26.799999
1684926277.389177,-26.500000
1684926277.399141,-26.600000
1684926277.409137,-26.500000
1684926277.419179,-26.299999
1684926277.429153,-26.200001
1684926277.439157,-26.200001
1684926277.449671,-26.200001
1684926277.459168,-26.200001
1684926277.469210,-26.000000
1684926277.479150,-26.200001
1684926277.489170,-26.200001
1684926277.500190,-26.000000
1684926277.509192,-26.000000
1684926277.519177,-26.200001
1684926277.529364,-26.000000
1684926277.539239,-26.000000
1684926277.549584,-26.000000
1684926277.559216,-26.200001
1684926277.569226,-26.000000
1684926277.579204,-26.000000
1684926277.589241,-26.000000
1684926277.599199,-26.000000
1684926277.609237,-26.000000
1684926277.619220,-26.000000
1684926277.629220,-26.000000
1684926277.639238,-26.000000
1684926277.649591,-26.000000
1684926277.659217,-26.000000
1684926277.669277,-26.000000
1684926277.679238,-26.000000
1684926277.689240,-25.700001
1684926277.699234,-26.000000
1684926277.709255,-25.700001
1684926277.719262,-25.700001
1684926277.729289,-25.700001
1684926277.739274,-25.500000
1684926277.749388,-25.400000
1684926277.759781,-25.400000
1684926277.769319,-25.200001
1684926277.780282,-25.000000
1684926277.789286,-25.200001
1684926277.799332,-24.900000
1684926277.809317,-24.700001
1684926277.819329,-24.700001
1684926277.830362,-24.600000
1684926277.840309,-24.400000
1684926277.850429,-24.299999
1684926277.860403,-24.100000
1684926277.870454,-24.200001
1684926277.880448,-24.100000
1684926277.889501,-23.799999
1684926277.900584,-23.900000
1684926277.910399,-23.799999
1684926277.920520,-23.600000
1684926277.929426,-23.600000
1684926277.939598,-23.400000
1684926277.949469,-23.299999
1684926277.959450,-23.299999
1684926277.969533,-23.100000
1684926277.979433,-23.000000
1684926277.989429,-23.000000
1684926277.999471,-22.700001
1684926278.009368,-22.500000
1684926278.019577,-22.200001
1684926278.029366,-22.500000
1684926278.039548,-22.200001
1684926278.049474,-21.900000
1684926278.059424,-21.900000
1684926278.069652,-21.700001
1684926278.079479,-21.400000
1684926278.089487,-21.100000
1684926278.099499,-21.000000
1684926278.109394,-20.600000
1684926278.119467,-20.200001
1684926278.129604,-19.799999
1684926278.139492,-19.600000
1684926278.149427,-19.100000
1684926278.159410,-18.600000
1684926278.169508,-18.299999
1684926278.179611,-17.700001
1684926278.189430,-17.000000
1684926278.199499,-16.400000
1684926278.209471,-15.700000
1684926278.219441,-15.300000
1684926278.229488,-14.600000
1684926278.239466,-13.700000
1684926278.249460,-13.200000
1684926278.259503,-12.400000
1684926278.269459,-11.500000
1684926278.279569,-10.800000
1684926278.289518,-10.000000
1684926278.299472,-9.100000
1684926278.309487,-8.100000
1684926278.319493,-7.200000
1684926278.329645,-6.500000
1684926278.339510,-5.500000
1684926278.349489,-4.400000
1684926278.359507,-3.500000
1684926278.369488,-2.500000
1684926278.379591,-1.400000
1684926278.389544,-0.300000
1684926278.399539,0.600000
1684926278.409535,1.700000
1684926278.419569,3.000000
1684926278.429537,3.800000
1684926278.439466,5.200000
1684926278.449534,6.500000
1684926278.459413,7.300000
1684926278.469632,8.700000
1684926278.479480,9.800000
1684926278.489554,11.100000
1684926278.499475,12.200000
1684926278.509539,13.500000
1684926278.519407,14.300000
1684926278.529553,15.600000
1684926278.539482,16.700001
1684926278.549561,17.600000
1684926278.559451,18.900000
1684926278.569552,20.100000
1684926278.579511,21.100000
1684926278.589557,22.000000
1684926278.599570,22.900000
