time_stamp,data_value
1684926118.593458,8.661417
1684926118.603046,8.661417
1684926118.613466,8.661417
1684926118.623073,8.661417
1684926118.633696,8.661417
1684926118.643235,8.661417
1684926118.653488,8.661417
1684926118.663049,8.661417
1684926118.673479,8.661417
1684926118.683081,9.055119
1684926118.693492,9.055119
1684926118.703073,8.661417
1684926118.713465,8.661417
1684926118.723104,8.661417
1684926118.733472,8.661417
1684926118.743094,8.661417
1684926118.753488,8.661417
1684926118.763096,8.661417
1684926118.773507,8.267716
1684926118.783093,8.267716
1684926118.793531,8.267716
1684926118.803090,8.661417
1684926118.813549,8.661417
1684926118.823120,9.055119
1684926118.833499,9.055119
1684926118.843214,8.661417
1684926118.853485,8.661417
1684926118.863091,8.661417
1684926118.873577,8.661417
1684926118.883121,8.661417
1684926118.893501,8.661417
1684926118.903469,8.661417
1684926118.913507,8.661417
1684926118.923114,8.661417
1684926118.932784,8.661417
1684926118.943163,9.055119
1684926118.952870,9.055119
1684926118.963192,8.661417
1684926118.972929,8.267716
1684926118.983136,7.874016
1684926118.993032,8.267716
1684926119.003156,8.661417
1684926119.013259,8.661417
1684926119.023532,8.661417
1684926119.033368,8.661417
1684926119.043540,8.661417
1684926119.043548,8.661417
1684926119.053416,8.661417
1684926119.062617,9.055119
1684926119.073554,8.661417
1684926119.082600,7.874016
1684926119.092671,7.874016
1684926119.103472,7.086614
1684926119.113856,7.874016
1684926119.122844,8.661417
1684926119.132850,8.661417
1684926119.142924,8.661417
1684926119.152936,7.874016
1684926119.162993,7.874016
1684926119.173100,7.480315
1684926119.183226,7.086614
1684926119.193245,7.086614
1684926119.193520,7.086614
1684926119.203368,7.086614
1684926119.213348,7.086614
1684926119.223433,7.086614
1684926119.233532,7.086614
1684926119.243579,7.086614
1684926119.253532,7.086614
1684926119.263645,7.086614
1684926119.273540,7.480315
1684926119.282690,7.874016
1684926119.293561,7.874016
1684926119.302854,7.874016
1684926119.313560,8.267716
1684926119.322900,8.661417
1684926119.333535,8.661417
1684926119.342979,8.267716
1684926119.353537,8.661417
1684926119.363178,8.661417
1684926119.373628,8.267716
1684926119.383289,7.874016
1684926119.393569,7.874016
1684926119.403289,7.874016
1684926119.413659,7.480315
1684926119.423328,7.086614
1684926119.433583,7.086614
1684926119.443289,7.086614
1684926119.453648,7.874016
1684926119.455041,7.874016
1684926119.463306,8.661417
1684926119.473561,8.661417
1684926119.483292,7.480315
1684926119.493593,7.480315
1684926119.503291,8.661417
1684926119.513578,8.661417
1684926119.523295,7.874016
1684926119.533562,7.874016
1684926119.543289,7.480315
1684926119.553583,7.874016
1684926119.563288,8.267716
1684926119.573797,8.661417
1684926119.583308,9.055119
1684926119.593587,9.055119
1684926119.603289,8.267716
1684926119.613585,8.267716
1684926119.623583,8.267716
1684926119.633587,8.267716
1684926119.643320,8.661417
1684926119.653613,8.661417
1684926119.663314,8.661417
1684926119.673627,8.661417
1684926119.683416,8.661417
1684926119.693630,9.055119
1684926119.704061,9.055119
1684926119.713622,9.055119
1684926119.713624,9.055119
1684926119.723366,9.055119
1684926119.733612,8.661417
1684926119.743348,7.874016
1684926119.743426,7.874016
1684926119.753604,8.661417
1684926119.763331,8.661417
1684926119.773671,8.661417
1684926119.783344,9.055119
1684926119.793632,8.661417
1684926119.803394,8.267716
1684926119.813599,8.267716
1684926119.823358,8.661417
1684926119.833634,8.661417
1684926119.843343,8.661417
1684926119.853607,8.661417
1684926119.863441,7.874016
1684926119.873606,7.874016
1684926119.883382,8.267716
1684926119.893610,8.661417
1684926119.903360,9.055119
1684926119.913641,9.055119
1684926119.923339,8.661417
1684926119.933681,7.874016
1684926119.943361,7.874016
1684926119.953645,7.874016
1684926119.963425,8.661417
1684926119.973629,8.661417
1684926119.983383,8.661417
1684926119.993641,8.661417
1684926120.003391,8.661417
1684926120.013674,8.661417
1684926120.023381,8.661417
1684926120.032634,8.267716
1684926120.043388,7.874016
1684926120.053687,7.480315
1684926120.063383,7.480315
1684926120.072639,8.267716
1684926120.083386,8.267716
1684926120.083450,8.267716
1684926120.093662,7.874016
1684926120.103534,7.480315
1684926120.113687,7.480315
1684926120.123401,7.480315
1684926120.133647,7.874016
1684926120.143415,8.661417
1684926120.153639,7.874016
1684926120.163431,7.874016
1684926120.173686,7.874016
1684926120.183495,7.874016
1684926120.193636,8.267716
1684926120.203440,8.661417
1684926120.213679,9.055119
1684926120.223431,9.055119
1684926120.232693,8.661417
1684926120.243450,8.267716
1684926120.253679,7.874016
1684926120.263430,7.874016
1684926120.273638,8.267716
1684926120.283436,8.661417
1684926120.293695,8.661417
1684926120.303451,8.267716
1684926120.313687,7.480315
1684926120.323436,7.480315
1684926120.333670,8.267716
1684926120.343446,8.661417
1684926120.353663,8.661417
1684926120.363475,8.267716
1684926120.373643,8.267716
1684926120.383452,8.267716
1684926120.393700,8.661417
1684926120.403476,8.661417
1684926120.413733,9.055119
1684926120.423452,9.055119
1684926120.433685,8.661417
1684926120.443480,7.874016
1684926120.453667,8.267716
1684926120.463526,8.661417
1684926120.473724,8.661417
1684926120.483506,8.661417
1684926120.493694,8.661417
1684926120.503499,7.874016
1684926120.513685,7.874016
1684926120.523526,8.661417
1684926120.533684,8.661417
1684926120.543501,8.661417
1684926120.553658,8.661417
1684926120.563493,8.661417
1684926120.573812,7.874016
1684926120.583496,8.661417
1684926120.593690,8.661417
1684926120.603499,8.661417
1684926120.613694,8.661417
1684926120.623515,8.267716
1684926120.633713,8.267716
1684926120.643520,8.661417
1684926120.653688,8.661417
1684926120.663540,9.055119
1684926120.673895,8.661417
1684926120.683541,8.661417
1684926120.692881,8.267716
1684926120.703573,7.874016
1684926120.703576,7.874016
1684926120.712960,8.661417
1684926120.723541,8.661417
1684926120.733200,8.661417
1684926120.743595,9.055119
1684926120.753164,9.055119
1684926120.763537,8.267716
1684926120.774189,8.661417
1684926120.783563,8.661417
1684926120.793196,8.661417
1684926120.803569,8.661417
1684926120.813228,7.874016
1684926120.823570,7.874016
1684926120.833247,8.661417
1684926120.843657,9.055119
1684926120.853190,9.448819
1684926120.863211,9.448819
1684926120.873230,9.055119
1684926120.883234,8.267716
1684926120.893245,8.267716
1684926120.893318,8.267716
1684926120.903286,8.267716
1684926120.913757,8.267716
1684926120.923466,9.055119
1684926120.933477,8.661417
1684926120.943532,8.661417
1684926120.953676,8.661417
1684926120.963812,8.661417
1684926120.973786,8.661417
1684926120.983809,9.055119
1684926120.993780,8.661417
1684926121.003611,8.267716
1684926121.013800,8.267716
1684926121.023675,7.874016
1684926121.033800,8.267716
1684926121.043631,8.661417
1684926121.053807,9.055119
1684926121.063612,9.055119
1684926121.073801,8.661417
1684926121.083805,8.661417
1684926121.093868,8.661417
1684926121.103659,8.661417
1684926121.103661,8.661417
1684926121.113858,8.661417
1684926121.123652,8.661417
1684926121.133839,8.661417
1684926121.143631,7.874016
1684926121.153867,7.480315
1684926121.163656,7.480315
1684926121.173847,7.874016
1684926121.183931,8.661417
1684926121.193851,8.267716
1684926121.203681,8.267716
1684926121.214195,7.874016
1684926121.223654,7.874016
1684926121.233192,8.267716
1684926121.243699,9.055119
1684926121.253314,9.055119
1684926121.263652,8.267716
1684926121.273553,8.267716
1684926121.283571,8.661417
1684926121.293619,8.661417
1684926121.302703,9.055119
1684926121.313785,9.055119
1684926121.323749,8.661417
1684926121.333578,8.267716
1684926121.343680,7.874016
1684926121.353597,7.874016
1684926121.363720,7.874016
1684926121.373696,8.267716
1684926121.383599,8.267716
1684926121.393658,8.267716
1684926121.402943,7.480315
1684926121.413664,7.480315
1684926121.423716,7.480315
1684926121.433618,7.480315
1684926121.443738,7.480315
1684926121.453625,7.480315
1684926121.462822,7.480315
1684926121.473825,7.480315
1684926121.483827,7.480315
1684926121.493831,7.086614
1684926121.502831,6.692914
1684926121.512769,6.299212
1684926121.523746,5.511811
1684926121.533798,5.511811
1684926121.543911,5.118110
1684926121.552773,5.118110
1684926121.563892,5.118110
1684926121.573791,5.118110
1684926121.583967,5.118110
1684926121.592794,4.724410
1684926121.602900,4.330709
1684926121.613788,4.330709
1684926121.623967,3.937008
1684926121.623965,3.937008
1684926121.633807,3.937008
1684926121.642959,3.937008
1684926121.652793,3.937008
1684926121.662975,3.937008
1684926121.673807,3.937008
1684926121.682977,3.937008
1684926121.692798,3.937008
1684926121.702986,3.543307
1684926121.712797,3.149606
1684926121.722983,2.362205
1684926121.733804,2.362205
1684926121.743055,2.362205
1684926121.752793,2.362205
1684926121.763051,2.362205
1684926121.773853,1.968504
1684926121.783065,1.968504
1684926121.792887,1.574803
1684926121.803164,1.574803
1684926121.812813,1.574803
1684926121.823128,1.574803
1684926121.833921,1.574803
1684926121.843168,1.574803
1684926121.853830,1.574803
1684926121.863601,1.181102
1684926121.873846,1.181102
1684926121.883162,1.181102
1684926121.883297,1.181102
1684926121.892968,1.181102
1684926121.903152,0.787402
1684926121.912815,0.787402
1684926121.923233,0.787402
1684926121.933831,0.787402
1684926121.943237,0.787402
1684926121.953859,0.787402
1684926121.963253,0.787402
1684926121.973837,0.787402
1684926121.983374,0.787402
1684926121.992904,0.787402
1684926122.003252,0.787402
1684926122.013855,0.393701
1684926122.023259,0.393701
1684926122.032839,0.787402
1684926122.044317,0.787402
1684926122.053948,0.787402
1684926122.063357,1.181102
1684926122.072938,1.181102
1684926122.083367,1.181102
1684926122.092880,1.181102
1684926122.103336,1.181102
1684926122.113882,1.181102
1684926122.123330,1.181102
1684926122.132864,1.181102
1684926122.143450,1.181102
1684926122.153864,1.181102
1684926122.163323,1.181102
1684926122.172882,1.181102
1684926122.183389,1.574803
1684926122.192901,1.574803
1684926122.203345,1.574803
1684926122.213140,1.574803
1684926122.223396,1.574803
1684926122.233303,1.574803
1684926122.243367,1.574803
1684926122.253241,1.968504
1684926122.263376,1.968504
1684926122.273467,1.968504
1684926122.283443,2.362205
1684926122.293576,2.362205
1684926122.303603,2.362205
1684926122.313655,2.362205
1684926122.323739,2.362205
1684926122.333760,2.362205
1684926122.343841,2.362205
1684926122.352925,2.362205
1684926122.363039,2.362205
1684926122.372968,2.362205
1684926122.383162,2.362205
1684926122.393160,2.362205
1684926122.403140,2.362205
1684926122.413251,2.362205
1684926122.423362,2.362205
1684926122.433353,2.362205
1684926122.443407,2.362205
1684926122.453619,2.362205
1684926122.463653,3.149606
1684926122.473661,3.149606
1684926122.483670,3.149606
1684926122.494078,3.149606
1684926122.503822,3.937008
1684926122.513991,3.937008
1684926122.514148,3.937008
1684926122.523918,3.543307
1684926122.533908,3.543307
1684926122.543073,3.543307
1684926122.553963,3.543307
1684926122.563098,3.937008
1684926122.573909,3.937008
1684926122.583252,3.937008
1684926122.593916,3.543307
1684926122.603387,3.149606
1684926122.613933,3.149606
1684926122.623530,3.149606
1684926122.633925,3.149606
1684926122.643541,3.543307
1684926122.653945,3.937008
1684926122.656631,3.937008
1684926122.663779,3.543307
1684926122.673942,3.543307
1684926122.683789,3.543307
1684926122.693924,3.937008
1684926122.703776,4.724410
1684926122.713912,4.724410
1684926122.724753,4.724410
1684926122.733936,4.724410
1684926122.743857,4.724410
1684926122.753938,4.724410
1684926122.763923,4.724410
1684926122.774946,4.724410
1684926122.783920,4.724410
1684926122.794013,4.330709
1684926122.803944,4.330709
1684926122.814036,4.330709
1684926122.823855,3.937008
1684926122.833982,4.330709
1684926122.843996,4.724410
1684926122.853943,5.118110
1684926122.863873,5.118110
1684926122.873968,5.118110
1684926122.884001,5.905512
1684926122.893957,6.299212
1684926122.903893,6.299212
1684926122.904000,6.299212
1684926122.913984,6.299212
1684926122.923715,5.905512
1684926122.933957,5.905512
1684926122.943855,6.299212
1684926122.953961,7.086614
1684926122.963933,7.086614
1684926122.964454,7.086614
1684926122.974009,6.692914
1684926122.983847,5.511811
1684926122.994000,5.511811
1684926123.003840,5.511811
1684926123.014017,6.299212
1684926123.023694,6.692914
1684926123.033979,6.299212
1684926123.043832,6.299212
1684926123.053976,6.299212
1684926123.063884,6.692914
1684926123.073997,7.086614
1684926123.083904,7.480315
1684926123.093980,7.874016
1684926123.103943,7.874016
1684926123.113985,7.874016
1684926123.123842,8.267716
1684926123.133998,8.267716
1684926123.143986,8.267716
1684926123.153553,9.055119
1684926123.164023,9.055119
1684926123.173966,9.055119
1684926123.183950,9.055119
1684926123.193983,9.055119
1684926123.203773,9.055119
1684926123.213005,9.448819
1684926123.223661,9.448819
1684926123.233992,8.661417
1684926123.243791,8.661417
1684926123.253016,8.661417
1684926123.263785,8.661417
1684926123.263853,8.661417
1684926123.273000,9.055119
1684926123.283759,9.055119
1684926123.292991,9.055119
1684926123.303773,9.055119
1684926123.313008,9.055119
1684926123.323659,9.448819
1684926123.334027,9.842520
1684926123.343796,9.842520
1684926123.353985,9.842520
1684926123.363817,9.842520
1684926123.374013,9.842520
1684926123.383847,10.629921
1684926123.394010,11.417323
1684926123.403892,11.811024
1684926123.403912,11.811024
1684926123.414008,11.811024
1684926123.423785,11.811024
1684926123.434024,11.023623
1684926123.443941,10.629921
1684926123.454009,10.236220
1684926123.463740,10.236220
1684926123.472999,10.236220
1684926123.483779,10.629921
1684926123.494016,10.629921
1684926123.503733,10.629921
1684926123.513015,10.236220
1684926123.523609,10.629921
1684926123.534030,10.629921
1684926123.543759,10.629921
1684926123.553045,10.629921
1684926123.563805,9.842520
1684926123.574014,9.448819
1684926123.583716,10.629921
1684926123.594028,10.629921
1684926123.603714,9.842520
1684926123.614109,9.448819
1684926123.623606,9.448819
1684926123.633019,9.448819
1684926123.643860,9.448819
1684926123.653013,9.448819
1684926123.663857,9.055119
1684926123.673121,8.661417
1684926123.683828,8.661417
1684926123.694292,8.267716
1684926123.703857,8.267716
1684926123.713377,7.874016
1684926123.723987,7.874016
1684926123.733564,7.874016
1684926123.743929,7.874016
1684926123.753614,7.874016
1684926123.763853,7.480315
1684926123.773913,7.480315
1684926123.783950,7.086614
1684926123.794018,6.692914
1684926123.804065,6.692914
1684926123.813142,6.692914
1684926123.813144,6.692914
1684926123.823182,7.086614
1684926123.833242,7.874016
1684926123.833313,7.874016
1684926123.843414,7.874016
1684926123.853393,6.692914
1684926123.863604,6.299212
1684926123.873515,6.299212
1684926123.883511,6.299212
1684926123.893600,5.511811
1684926123.903789,5.511811
1684926123.913794,5.511811
1684926123.923853,5.511811
1684926123.933885,5.905512
1684926123.933889,5.905512
1684926123.943985,5.905512
1684926123.954057,5.511811
1684926123.963042,5.511811
1684926123.974059,5.511811
1684926123.983166,5.511811
1684926123.994140,5.118110
1684926124.003307,5.511811
1684926124.014206,5.511811
1684926124.023402,5.511811
1684926124.034101,6.299212
1684926124.043671,6.299212
1684926124.054134,5.905512
1684926124.063628,5.118110
1684926124.074087,5.118110
1684926124.083672,4.330709
1684926124.094085,4.330709
1684926124.103671,4.330709
1684926124.114131,4.330709
1684926124.124574,4.330709
1684926124.134087,4.330709
1684926124.143667,4.330709
1684926124.154031,4.330709
1684926124.163674,4.330709
1684926124.174154,4.330709
1684926124.183649,4.330709
1684926124.194103,4.330709
1684926124.203665,4.330709
1684926124.214084,3.937008
1684926124.224561,3.937008
1684926124.234097,3.937008
1684926124.243711,3.937008
1684926124.254106,4.330709
1684926124.263752,4.330709
1684926124.274131,4.330709
1684926124.283873,3.937008
1684926124.294165,3.937008
1684926124.303878,3.937008
1684926124.314126,3.937008
1684926124.324746,3.937008
1684926124.334103,3.543307
1684926124.344673,3.543307
1684926124.354163,3.937008
1684926124.363570,3.937008
1684926124.374135,4.330709
1684926124.384630,4.330709
1684926124.394200,3.937008
1684926124.403558,3.937008
1684926124.414147,3.937008
1684926124.423420,3.937008
1684926124.434112,3.543307
1684926124.443579,3.149606
1684926124.453201,3.149606
1684926124.463557,3.149606
1684926124.473179,3.149606
1684926124.483571,3.149606
1684926124.493133,3.149606
1684926124.503651,2.755906
1684926124.513158,1.968504
1684926124.523534,1.968504
1684926124.533149,1.968504
1684926124.543692,1.968504
1684926124.554133,1.968504
1684926124.563872,1.968504
1684926124.573157,1.968504
1684926124.583760,1.968504
1684926124.594176,1.968504
1684926124.603561,1.574803
1684926124.613122,1.574803
1684926124.623400,1.574803
1684926124.633140,1.574803
1684926124.643536,1.968504
1684926124.653127,1.968504
1684926124.663519,1.968504
1684926124.673128,1.968504
1684926124.683534,1.968504
1684926124.693189,1.968504
1684926124.703677,1.968504
1684926124.714211,1.574803
1684926124.723704,1.574803
1684926124.733136,1.574803
1684926124.743533,1.574803
1684926124.753183,1.574803
1684926124.763795,1.574803
1684926124.774167,1.181102
1684926124.783577,1.181102
1684926124.793239,1.181102
1684926124.803704,1.181102
1684926124.814234,1.181102
1684926124.823536,1.181102
1684926124.833153,1.181102
1684926124.843680,1.181102
1684926124.853182,1.181102
1684926124.863761,1.181102
1684926124.873192,1.181102
1684926124.883714,1.181102
1684926124.893161,1.574803
1684926124.903481,1.574803
1684926124.914210,1.574803
1684926124.923373,1.574803
1684926124.933154,1.574803
1684926124.943454,1.574803
1684926124.953240,1.574803
1684926124.963450,1.181102
1684926124.974207,1.181102
1684926124.983501,1.181102
1684926124.993181,1.181102
1684926125.003458,1.181102
1684926125.013238,1.181102
1684926125.023425,1.181102
1684926125.033210,1.181102
1684926125.043478,1.181102
1684926125.053182,1.181102
1684926125.063523,1.181102
1684926125.074192,1.181102
1684926125.083574,1.181102
1684926125.093223,0.787402
1684926125.103602,0.787402
1684926125.113183,0.787402
1684926125.123479,0.787402
1684926125.133192,0.787402
1684926125.143649,0.787402
1684926125.153784,0.787402
1684926125.163682,0.787402
1684926125.174330,0.787402
1684926125.183451,0.787402
1684926125.193244,0.787402
1684926125.203457,0.000000
1684926125.213216,0.000000
1684926125.223285,0.000000
1684926125.233188,0.000000
1684926125.243581,0.000000
1684926125.253225,0.000000
1684926125.263410,0.000000
1684926125.273282,0.000000
1684926125.283422,0.000000
1684926125.293216,0.000000
1684926125.303418,0.000000
1684926125.313237,0.000000
1684926125.323344,0.000000
1684926125.333215,0.000000
1684926125.343476,0.000000
1684926125.353207,0.000000
1684926125.363484,0.000000
1684926125.374230,0.000000
1684926125.374229,0.000000
1684926125.383508,0.000000
1684926125.393211,0.000000
1684926125.403583,0.000000
1684926125.413355,0.000000
1684926125.423436,0.000000
1684926125.433443,0.000000
1684926125.443659,0.000000
1684926125.453628,0.000000
1684926125.463650,0.000000
1684926125.473679,0.000000
1684926125.486723,0.000000
1684926125.493779,0.000000
1684926125.503842,0.000000
1684926125.513931,0.000000
1684926125.523964,0.000000
1684926125.534018,0.000000
1684926125.543115,0.000000
1684926125.553167,0.000000
1684926125.564281,0.000000
1684926125.573263,0.000000
1684926125.583320,0.000000
1684926125.593351,0.000000
1684926125.603797,0.000000
1684926125.613448,0.000000
1684926125.623511,0.000000
1684926125.633563,0.000000
1684926125.643675,0.000000
1684926125.653654,0.000000
1684926125.663773,0.000000
1684926125.673907,0.000000
1684926125.683865,0.000000
1684926125.693904,0.000000
1684926125.703949,0.000000
1684926125.714073,0.000000
1684926125.724097,0.000000
1684926125.734252,0.000000
1684926125.743253,0.000000
1684926125.754439,0.000000
1684926125.764335,0.000000
1684926125.774296,0.000000
1684926125.783363,0.000000
1684926125.794287,0.000000
1684926125.803326,0.000000
1684926125.814288,0.000000
1684926125.814296,0.000000
1684926125.824220,0.000000
1684926125.834303,0.000000
1684926125.843353,0.000000
1684926125.854281,0.000000
1684926125.864319,0.000000
1684926125.874294,0.000000
1684926125.884374,0.000000
1684926125.894304,0.000000
1684926125.904414,0.000000
1684926125.914307,0.000000
1684926125.924353,0.000000
1684926125.934340,0.000000
1684926125.944476,0.000000
1684926125.954320,0.000000
1684926125.964447,0.000000
1684926125.973292,0.000000
1684926125.983507,0.000000
1684926125.993293,0.000000
1684926126.003487,0.000000
1684926126.013300,0.000000
1684926126.023384,0.000000
1684926126.033262,0.000000
1684926126.043266,0.000000
1684926126.053345,0.000000
1684926126.063279,0.000000
1684926126.073282,0.000000
1684926126.083306,0.000000
1684926126.093301,0.000000
1684926126.103268,0.000000
1684926126.113306,0.000000
1684926126.123162,0.000000
1684926126.133378,0.000000
1684926126.143405,0.000000
1684926126.153297,0.000000
1684926126.163335,0.000000
1684926126.173238,0.000000
1684926126.183338,0.000000
1684926126.194298,0.000000
1684926126.203317,0.000000
1684926126.213354,0.000000
1684926126.223186,0.000000
1684926126.233328,0.000000
1684926126.243459,0.000000
1684926126.253307,0.000000
1684926126.263405,0.000000
1684926126.273307,0.000000
1684926126.283429,0.000000
1684926126.293332,0.000000
1684926126.303452,0.000000
1684926126.313333,0.000000
1684926126.324098,0.000000
1684926126.333223,0.000000
1684926126.343207,0.000000
1684926126.353277,0.000000
1684926126.363225,0.000000
1684926126.373232,0.393701
1684926126.383211,0.393701
1684926126.393207,0.393701
1684926126.404227,0.393701
1684926126.414204,0.393701
1684926126.424098,0.787402
1684926126.433237,0.787402
1684926126.443186,0.787402
1684926126.454234,0.787402
1684926126.463239,1.181102
1684926126.463985,1.181102
1684926126.473228,1.574803
1684926126.483285,1.574803
1684926126.493325,1.574803
1684926126.504288,1.574803
1684926126.513314,1.574803
1684926126.523190,1.574803
1684926126.533333,1.968504
1684926126.543388,1.968504
1684926126.553352,1.968504
1684926126.563378,2.362205
1684926126.573371,2.362205
1684926126.583449,2.362205
1684926126.593345,2.755906
1684926126.603414,3.149606
1684926126.614184,3.149606
1684926126.624060,3.543307
1684926126.634166,3.543307
1684926126.644189,3.543307
1684926126.654162,3.937008
1684926126.664193,3.937008
1684926126.674255,3.937008
1684926126.684160,3.937008
1684926126.694169,3.937008
1684926126.704168,3.937008
1684926126.714172,4.330709
1684926126.724045,4.724410
1684926126.734177,5.118110
1684926126.744214,5.118110
1684926126.754238,5.511811
1684926126.763295,5.511811
1684926126.774349,5.511811
1684926126.783491,5.511811
1684926126.793462,5.511811
1684926126.803541,5.511811
1684926126.813566,5.905512
1684926126.823647,5.511811
1684926126.833807,5.511811
1684926126.843754,5.511811
1684926126.853790,5.511811
1684926126.863921,5.511811
1684926126.873930,5.905512
1684926126.884003,6.299212
1684926126.894047,6.299212
1684926126.904136,7.086614
1684926126.914167,7.086614
1684926126.924231,6.299212
1684926126.934312,6.299212
1684926126.943427,6.299212
1684926126.953411,6.299212
1684926126.963508,6.299212
1684926126.973611,6.299212
1684926126.983597,6.299212
1684926126.993876,6.299212
1684926127.003855,6.692914
1684926127.013859,7.086614
1684926127.023951,7.086614
1684926127.033960,7.480315
1684926127.043983,7.874016
1684926127.054175,7.874016
1684926127.064254,7.874016
1684926127.074260,7.874016
1684926127.084320,7.086614
1684926127.094215,7.086614
1684926127.104275,7.480315
1684926127.114300,7.480315
1684926127.124196,7.874016
1684926127.134333,8.267716
1684926127.144281,8.661417
1684926127.154305,8.661417
1684926127.164317,8.661417
1684926127.174349,8.661417
1684926127.174411,8.661417
1684926127.184104,8.661417
1684926127.194180,8.661417
1684926127.204146,9.055119
1684926127.214188,8.267716
1684926127.223991,8.267716
1684926127.234072,8.267716
1684926127.244083,8.661417
1684926127.254081,8.661417
1684926127.264062,8.661417
1684926127.274056,8.661417
1684926127.284069,8.661417
1684926127.294057,8.661417
1684926127.304050,9.055119
1684926127.314077,9.842520
1684926127.323970,9.842520
1684926127.334059,9.448819
1684926127.344116,9.448819
1684926127.345293,9.448819
1684926127.354136,9.842520
1684926127.364116,9.842520
1684926127.374115,9.842520
1684926127.384286,9.842520
1684926127.394205,9.842520
1684926127.404205,9.842520
1684926127.414207,9.842520
1684926127.424090,9.842520
1684926127.434230,10.236220
1684926127.444438,10.629921
1684926127.454319,11.417323
1684926127.464034,11.417323
1684926127.474084,10.629921
1684926127.484039,10.629921
1684926127.494073,10.629921
1684926127.504054,10.629921
1684926127.514035,9.842520
1684926127.523941,9.448819
1684926127.523940,9.448819
1684926127.534021,9.055119
1684926127.544000,9.055119
1684926127.553993,9.448819
1684926127.564017,10.236220
1684926127.574023,10.629921
1684926127.583992,11.023623
1684926127.594000,11.023623
1684926127.604016,11.023623
1684926127.614086,10.236220
1684926127.623929,10.236220
1684926127.634084,10.236220
1684926127.644105,10.236220
1684926127.654178,10.629921
1684926127.664103,10.629921
1684926127.674168,10.629921
1684926127.684188,10.236220
1684926127.694175,10.236220
1684926127.704195,10.236220
1684926127.714190,10.236220
1684926127.724060,10.236220
1684926127.734228,10.236220
1684926127.744277,10.629921
1684926127.744370,10.629921
1684926127.753994,10.629921
1684926127.763992,10.236220
1684926127.774027,9.055119
1684926127.784016,9.448819
1684926127.793975,9.448819
1684926127.803976,9.842520
1684926127.813994,10.236220
1684926127.823861,10.236220
1684926127.833986,10.236220
1684926127.843965,10.236220
1684926127.854037,10.236220
1684926127.863983,10.236220
1684926127.873962,10.236220
1684926127.883987,10.236220
1684926127.894001,10.236220
1684926127.904077,9.842520
1684926127.914010,9.842520
1684926127.914010,9.842520
1684926127.923982,9.055119
1684926127.934176,9.055119
1684926127.944142,9.055119
1684926127.954206,9.448819
1684926127.964243,8.661417
1684926127.974371,8.661417
1684926127.984406,9.055119
1684926127.994380,9.448819
1684926128.004506,9.842520
1684926128.014513,10.629921
1684926128.023533,9.842520
1684926128.033633,9.448819
1684926128.043612,9.842520
1684926128.053727,10.236220
1684926128.063732,10.236220
1684926128.073771,10.236220
1684926128.083884,10.236220
1684926128.093944,10.236220
1684926128.103983,11.417323
1684926128.114092,11.417323
1684926128.124084,12.204724
1684926128.134171,12.204724
1684926128.144252,12.204724
1684926128.154211,12.204724
1684926128.164276,12.204724
1684926128.174340,12.204724
1684926128.184400,12.992126
1684926128.194420,13.385827
1684926128.204535,13.385827
1684926128.214571,13.385827
1684926128.223943,13.779528
1684926128.234025,14.173228
1684926128.244013,14.566929
1684926128.254098,16.535433
1684926128.264083,16.535433
1684926128.275095,16.929134
1684926128.284111,16.929134
1684926128.284906,16.929134
1684926128.295110,17.716536
1684926128.305168,17.716536
1684926128.315149,17.716536
1684926128.324776,18.503937
1684926128.334920,18.503937
1684926128.344953,18.503937
1684926128.354886,19.291338
1684926128.364931,19.685040
1684926128.374919,20.472441
1684926128.384872,20.472441
1684926128.394898,21.259842
1684926128.404907,21.259842
1684926128.414893,22.047245
1684926128.424757,21.653543
1684926128.424759,21.653543
1684926128.434885,21.259842
1684926128.443861,21.653543
1684926128.453884,22.047245
1684926128.463884,22.047245
1684926128.473899,22.440945
1684926128.483923,22.834646
1684926128.493916,23.228346
1684926128.503928,23.228346
1684926128.513945,22.834646
1684926128.524844,22.834646
1684926128.533968,22.834646
1684926128.543992,23.228346
1684926128.553993,23.228346
1684926128.564018,22.834646
1684926128.574012,22.440945
1684926128.584108,22.440945
1684926128.594052,22.440945
1684926128.604805,22.047245
1684926128.614850,22.047245
1684926128.624736,22.047245
1684926128.634820,21.653543
1684926128.644850,21.653543
1684926128.654822,21.259842
1684926128.664893,20.866142
1684926128.674844,20.078741
1684926128.674848,20.078741
1684926128.684852,20.078741
1684926128.694864,19.291338
1684926128.704827,18.897638
1684926128.714839,17.716536
1684926128.724693,17.716536
1684926128.734842,17.322834
1684926128.744830,16.535433
1684926128.754864,16.141733
1684926128.764889,15.748032
1684926128.774869,14.960629
1684926128.784901,14.566929
1684926128.794889,13.779528
1684926128.804574,12.598425
1684926128.814948,12.204724
1684926128.824816,12.204724
1684926128.833979,11.811024
1684926128.843953,11.023623
1684926128.854059,10.629921
1684926128.864061,9.842520
1684926128.874005,9.055119
1684926128.884018,9.055119
1684926128.894042,7.874016
1684926128.904913,7.874016
1684926128.914826,7.874016
1684926128.924687,7.086614
1684926128.934826,6.692914
1684926128.944451,6.299212
1684926128.954830,6.299212
1684926128.964770,6.299212
1684926128.974798,5.905512
1684926128.984399,5.511811
1684926128.994832,5.118110
1684926129.004800,4.330709
1684926129.014827,3.543307
1684926129.024356,3.543307
1684926129.034774,3.543307
1684926129.044782,3.149606
1684926129.054824,3.149606
1684926129.064810,2.362205
1684926129.074828,1.968504
1684926129.084818,1.968504
1684926129.094851,1.968504
1684926129.105061,1.968504
1684926129.114897,1.968504
1684926129.124791,1.968504
1684926129.134940,1.968504
1684926129.144955,1.968504
1684926129.154956,1.968504
1684926129.164961,0.787402
1684926129.174972,0.787402
1684926129.175130,0.787402
1684926129.184750,1.181102
1684926129.194831,1.574803
1684926129.204727,1.574803
1684926129.214750,1.574803
1684926129.225338,1.574803
1684926129.234725,1.181102
1684926129.244774,0.787402
1684926129.254712,0.787402
1684926129.264712,0.787402
1684926129.264725,0.787402
1684926129.274765,1.181102
1684926129.285321,1.574803
1684926129.294763,1.574803
1684926129.305344,1.181102
1684926129.314711,0.787402
1684926129.324582,0.787402
1684926129.334757,0.393701
1684926129.344756,0.787402
1684926129.354787,0.787402
1684926129.364820,0.787402
1684926129.374799,0.787402
1684926129.384814,0.787402
1684926129.393848,0.787402
1684926129.403838,0.787402
1684926129.413878,0.787402
1684926129.423782,0.787402
1684926129.434882,0.787402
1684926129.444902,0.787402
1684926129.454948,0.787402
1684926129.464969,0.787402
1684926129.464975,0.787402
1684926129.474714,0.787402
1684926129.483886,0.787402
1684926129.494727,0.787402
1684926129.504729,1.181102
1684926129.514696,1.181102
1684926129.523911,1.181102
1684926129.534719,1.181102
1684926129.544704,1.181102
1684926129.554744,0.787402
1684926129.564840,0.787402
1684926129.574659,1.181102
1684926129.584673,1.574803
1684926129.594657,1.574803
1684926129.604708,1.574803
1684926129.614659,1.574803
1684926129.624583,1.574803
1684926129.634673,1.574803
1684926129.644739,0.787402
1684926129.654752,0.787402
1684926129.664755,1.181102
1684926129.664840,1.181102
1684926129.674845,1.574803
1684926129.684823,1.574803
1684926129.694844,1.574803
1684926129.704808,1.574803
1684926129.714822,1.574803
1684926129.724783,1.574803
1684926129.734967,1.574803
1684926129.744983,1.574803
1684926129.754660,1.574803
1684926129.764635,2.362205
1684926129.774623,2.362205
1684926129.784636,2.362205
1684926129.794632,2.362205
1684926129.804651,2.362205
1684926129.814622,2.362205
1684926129.824549,2.362205
1684926129.834624,2.362205
1684926129.844661,2.362205
1684926129.854639,2.362205
1684926129.864620,2.362205
1684926129.874617,3.149606
1684926129.884639,3.149606
1684926129.894645,3.149606
1684926129.904667,2.755906
1684926129.914645,2.755906
1684926129.924534,3.149606
1684926129.934680,3.149606
1684926129.944723,3.149606
1684926129.954745,3.543307
1684926129.963844,3.543307
1684926129.974746,3.543307
1684926129.984743,3.543307
1684926129.993764,3.543307
1684926130.004833,3.543307
1684926130.014813,3.543307
1684926130.024704,3.937008
1684926130.033856,3.937008
1684926130.044602,4.330709
1684926130.054583,4.724410
1684926130.064692,5.118110
1684926130.074582,5.118110
1684926130.084671,4.724410
1684926130.094647,4.724410
1684926130.104713,4.724410
1684926130.114582,4.724410
1684926130.123686,4.724410
1684926130.134748,5.118110
1684926130.144733,4.724410
1684926130.154870,4.330709
1684926130.164388,4.330709
1684926130.173963,4.330709
1684926130.184338,4.330709
1684926130.194068,4.330709
1684926130.204349,4.330709
1684926130.214213,4.724410
1684926130.224349,5.118110
1684926130.234308,5.905512
1684926130.244371,5.905512
1684926130.254476,5.905512
1684926130.264498,5.905512
1684926130.274583,5.905512
1684926130.284607,5.905512
1684926130.294728,5.511811
1684926130.304846,5.511811
1684926130.313844,5.511811
1684926130.323853,5.511811
1684926130.333856,5.511811
1684926130.344385,5.511811
1684926130.355142,5.118110
1684926130.364376,5.118110
1684926130.374136,5.511811
1684926130.384380,6.299212
1684926130.394189,6.692914
1684926130.404360,6.299212
1684926130.414348,5.511811
1684926130.424383,5.905512
1684926130.434498,6.692914
1684926130.444590,6.692914
1684926130.454524,6.692914
1684926130.464525,6.299212
1684926130.474543,5.905512
1684926130.484599,5.905512
1684926130.494569,5.905512
1684926130.504585,5.905512
1684926130.514591,5.511811
1684926130.524519,5.511811
1684926130.534614,5.511811
1684926130.544726,5.511811
1684926130.554716,5.511811
1684926130.564717,5.511811
1684926130.574575,5.511811
1684926130.584727,5.118110
1684926130.594565,5.118110
1684926130.604729,4.724410
1684926130.614522,4.330709
1684926130.624354,4.330709
1684926130.634489,4.330709
1684926130.644513,4.330709
1684926130.654480,4.330709
1684926130.664485,4.330709
1684926130.674498,3.543307
1684926130.684488,3.543307
1684926130.694464,3.149606
1684926130.704531,2.755906
1684926130.714495,2.755906
1684926130.724393,2.755906
1684926130.734481,2.362205
1684926130.744461,2.362205
1684926130.754486,2.362205
1684926130.764577,2.362205
1684926130.774386,1.574803
1684926130.784621,1.574803
1684926130.794365,1.181102
1684926130.804527,0.787402
1684926130.814318,0.787402
1684926130.824431,0.787402
1684926130.834558,0.787402
1684926130.844622,0.393701
1684926130.844760,0.393701
1684926130.854264,0.393701
1684926130.864630,0.000000
1684926130.874289,0.000000
1684926130.875767,0.000000
1684926130.884657,0.000000
1684926130.894305,0.000000
1684926130.904461,0.000000
1684926130.915266,0.000000
1684926130.924362,0.000000
1684926130.935226,0.000000
1684926130.944454,0.000000
1684926130.955180,0.000000
1684926130.964441,0.000000
1684926130.975230,0.000000
1684926130.984446,0.000000
1684926130.995181,0.000000
1684926131.004432,0.000000
1684926131.015184,0.000000
1684926131.023290,0.000000
1684926131.035140,0.000000
1684926131.044435,0.000000
1684926131.055096,0.000000
1684926131.064457,0.000000
1684926131.075099,0.000000
1684926131.084476,0.000000
1684926131.095053,0.000000
1684926131.104543,0.000000
1684926131.115160,0.000000
1684926131.125446,0.000000
1684926131.134017,0.000000
1684926131.144634,0.000000
1684926131.154095,0.000000
1684926131.163668,0.000000
1684926131.174970,0.000000
1684926131.184680,0.000000
1684926131.193932,0.000000
1684926131.204408,0.000000
1684926131.213940,0.000000
1684926131.224436,0.000000
1684926131.234079,0.000000
1684926131.244443,0.000000
1684926131.254110,0.000000
1684926131.263429,0.000000
1684926131.273892,0.000000
1684926131.284368,0.000000
1684926131.293965,0.000000
1684926131.304413,0.000000
1684926131.312891,0.000000
1684926131.324475,0.000000
1684926131.334892,0.000000
1684926131.343369,0.000000
1684926131.353895,0.000000
1684926131.364459,0.000000
1684926131.373942,0.000000
1684926131.384546,0.000000
1684926131.384833,0.000000
1684926131.393927,0.000000
1684926131.394321,0.000000
1684926131.404523,0.000000
1684926131.414744,0.000000
1684926131.423368,0.000000
1684926131.434711,0.000000
1684926131.443528,0.000000
1684926131.454686,0.000000
1684926131.463563,0.000000
1684926131.472918,0.000000
1684926131.484458,0.000000
1684926131.493979,0.000000
1684926131.503294,0.000000
1684926131.513708,0.000000
1684926131.523374,0.000000
1684926131.534952,0.000000
1684926131.543482,0.000000
1684926131.552955,0.000000
1684926131.563399,0.000000
1684926131.573936,0.000000
1684926131.584432,0.000000
1684926131.593940,0.000000
1684926131.603483,0.000000
1684926131.613580,0.000000
1684926131.623492,0.000000
1684926131.634162,0.000000
1684926131.643425,0.000000
1684926131.653626,0.000000
1684926131.663434,0.000000
1684926131.672970,0.000000
1684926131.683548,0.000000
1684926131.693963,0.000000
1684926131.703525,0.000000
1684926131.712921,0.000000
1684926131.723397,0.000000
1684926131.734582,0.000000
1684926131.743484,0.000000
1684926131.753079,0.000000
1684926131.763568,0.000000
1684926131.774234,0.000000
1684926131.783437,0.000000
1684926131.793973,0.000000
1684926131.803397,0.000000
1684926131.814516,0.000000
1684926131.823511,0.000000
1684926131.833949,0.000000
1684926131.843481,0.000000
1684926131.853234,0.000000
1684926131.863373,0.000000
1684926131.872997,0.000000
1684926131.883484,0.000000
1684926131.893945,0.000000
1684926131.903073,0.000000
1684926131.913187,0.000000
1684926131.923426,0.000000
1684926131.933177,0.000000
1684926131.943455,0.000000
1684926131.953169,0.000000
1684926131.963409,0.000000
1684926131.973122,0.000000
1684926131.983486,0.000000
1684926131.993173,0.000000
1684926132.003531,0.000000
1684926132.014115,0.000000
1684926132.024839,0.000000
1684926132.033074,0.000000
1684926132.043422,0.000000
1684926132.053154,0.000000
1684926132.063503,0.000000
1684926132.075124,0.000000
1684926132.083384,0.000000
1684926132.093029,0.000000
1684926132.103211,0.000000
1684926132.113264,0.000000
1684926132.123381,0.000000
1684926132.133194,0.000000
1684926132.143521,0.000000
1684926132.153019,0.000000
1684926132.163195,0.000000
1684926132.173227,0.000000
1684926132.183498,0.000000
1684926132.193933,0.000000
1684926132.203206,0.000000
1684926132.213348,0.000000
1684926132.223148,0.000000
1684926132.233300,0.000000
1684926132.243328,0.000000
1684926132.253302,0.000000
1684926132.263368,0.000000
1684926132.274344,0.000000
1684926132.283329,0.000000
1684926132.293820,0.000000
1684926132.303416,0.000000
1684926132.313439,0.000000
1684926132.323285,0.000000
1684926132.333157,0.000000
1684926132.343147,0.000000
1684926132.353170,0.000000
1684926132.363182,0.000000
1684926132.373144,0.000000
1684926132.383142,0.000000
1684926132.393871,0.000000
1684926132.403157,0.000000
1684926132.413171,0.000000
1684926132.423029,0.000000
1684926132.433140,0.000000
1684926132.443225,0.000000
1684926132.454165,0.000000
1684926132.463263,0.000000
1684926132.473181,0.000000
1684926132.483333,0.000000
1684926132.493025,0.000000
1684926132.503493,0.000000
1684926132.513213,0.000000
1684926132.523458,0.000000
1684926132.533224,0.000000
1684926132.543481,0.000000
1684926132.553299,0.000000
1684926132.563433,0.000000
1684926132.573300,0.000000
1684926132.583473,0.000000
1684926132.593040,0.000000
1684926132.603502,0.000000
1684926132.613344,0.000000
1684926132.623462,0.000000
1684926132.634145,0.000000
1684926132.644552,0.000000
1684926132.655181,0.000000
1684926132.664496,0.000000
1684926132.675140,0.000000
1684926132.683487,0.000000
1684926132.693155,0.000000
1684926132.703512,0.000000
1684926132.714147,0.000000
1684926132.723497,0.000000
1684926132.733089,0.000000
1684926132.743454,0.000000
1684926132.753104,0.000000
1684926132.763415,0.000000
1684926132.774172,0.000000
1684926132.783478,0.000000
1684926132.793195,0.000000
1684926132.803519,0.000000
1684926132.813169,0.000000
1684926132.823500,0.000000
1684926132.833239,0.000000
1684926132.843565,0.000000
1684926132.853273,0.000000
1684926132.863586,0.000000
1684926132.873296,0.000000
1684926132.883542,0.000000
1684926132.893337,0.000000
1684926132.903553,0.000000
1684926132.914064,0.000000
1684926132.923454,0.000000
1684926132.933063,0.000000
1684926132.943478,0.000000
1684926132.953087,0.000000
1684926132.963484,0.000000
1684926132.973052,0.000000
1684926132.983485,0.000000
1684926132.993092,0.000000
1684926133.003525,0.000000
1684926133.013092,0.000000
1684926133.023488,0.000000
1684926133.033063,0.000000
1684926133.043537,0.000000
1684926133.053063,0.000000
1684926133.063505,0.000000
1684926133.073097,0.000000
1684926133.083534,0.000000
1684926133.093144,0.000000
1684926133.103573,0.000000
1684926133.113175,0.000000
1684926133.123485,0.000000
1684926133.133185,0.000000
1684926133.143510,0.000000
1684926133.153089,0.000000
1684926133.163438,0.000000
1684926133.173248,0.000000
1684926133.183496,0.000000
1684926133.193166,0.000000
1684926133.203504,0.000000
1684926133.213091,0.000000
1684926133.223529,0.000000
1684926133.233086,0.000000
1684926133.243529,0.000000
1684926133.253072,0.000000
1684926133.263528,0.000000
1684926133.273087,0.000000
1684926133.283508,0.000000
1684926133.294193,0.000000
1684926133.303524,0.000000
1684926133.313124,0.000000
1684926133.323504,0.000000
1684926133.333178,0.000000
1684926133.343478,0.000000
1684926133.353148,0.000000
1684926133.363486,0.000000
1684926133.373093,0.000000
1684926133.383509,0.000000
1684926133.393116,0.000000
1684926133.403528,0.000000
1684926133.413152,0.000000
1684926133.423487,0.000000
1684926133.433121,0.000000
1684926133.443527,0.000000
1684926133.454122,0.000000
1684926133.463446,0.000000
1684926133.473119,0.000000
1684926133.483512,0.000000
1684926133.493155,0.000000
1684926133.503489,0.000000
1684926133.513136,0.000000
1684926133.523507,0.000000
1684926133.533152,0.000000
1684926133.543489,0.000000
1684926133.553149,0.000000
1684926133.563532,0.000000
1684926133.573175,0.000000
1684926133.583557,0.000000
1684926133.593160,0.000000
1684926133.603593,0.000000
1684926133.613556,0.000000
1684926133.623628,0.000000
1684926133.633172,0.000000
1684926133.643625,0.000000
1684926133.654158,0.000000
1684926133.663612,0.000000
1684926133.673218,0.000000
1684926133.683545,0.000000
1684926133.683884,0.000000
1684926133.693168,0.000000
1684926133.703560,0.000000
1684926133.713069,0.000000
1684926133.723013,0.000000
1684926133.733159,0.000000
1684926133.743515,0.000000
1684926133.753205,0.000000
1684926133.763586,0.000000
1684926133.774189,0.000000
1684926133.783918,0.000000
1684926133.793161,0.000000
1684926133.803941,0.000000
1684926133.813897,0.000000
1684926133.823812,0.000000
1684926133.833964,0.000000
1684926133.843586,0.000000
1684926133.853897,0.000000
1684926133.863912,0.000000
1684926133.873056,0.000000
1684926133.883955,0.000000
1684926133.893070,0.000000
1684926133.903915,0.000000
1684926133.913942,0.000000
1684926133.923810,0.000000
1684926133.933956,0.000000
1684926133.943977,0.000000
1684926133.953975,0.000000
1684926133.964001,0.000000
1684926133.974050,0.000000
1684926133.984064,0.000000
1684926133.993168,0.000000
1684926134.003059,0.000000
1684926134.013086,0.000000
1684926134.023954,0.000000
1684926134.034132,0.000000
1684926134.043063,0.000000
1684926134.054062,0.000000
1684926134.063262,0.000000
1684926134.073169,0.000000
1684926134.083214,0.000000
1684926134.093207,0.000000
1684926134.103415,0.000000
1684926134.113205,0.000000
1684926134.123479,0.000000
1684926134.134208,0.000000
1684926134.143539,0.000000
1684926134.153204,0.000000
1684926134.163547,0.000000
1684926134.173280,0.000000
1684926134.183506,0.000000
1684926134.194231,0.000000
1684926134.203541,0.000000
1684926134.213295,0.000000
1684926134.223571,0.000000
1684926134.233237,0.000000
1684926134.243527,0.000000
1684926134.254217,0.000000
1684926134.263543,0.000000
1684926134.274264,0.000000
1684926134.283564,0.000000
1684926134.294212,0.000000
1684926134.303601,0.000000
1684926134.314358,0.000000
1684926134.323610,0.000000
1684926134.333197,0.000000
1684926134.344634,0.000000
1684926134.353247,0.000000
1684926134.363612,0.000000
1684926134.373212,0.000000
1684926134.383551,0.000000
1684926134.394228,0.000000
1684926134.403578,0.000000
1684926134.413213,0.000000
1684926134.423574,0.000000
1684926134.433206,0.000000
1684926134.443688,0.000000
1684926134.453262,0.000000
1684926134.463577,0.000000
1684926134.473217,0.000000
1684926134.483688,0.000000
1684926134.493260,0.000000
1684926134.503628,0.000000
1684926134.513252,0.000000
1684926134.523663,0.000000
1684926134.533364,0.000000
1684926134.543608,0.000000
1684926134.553274,0.000000
1684926134.563591,0.000000
1684926134.573226,0.000000
1684926134.583675,0.000000
1684926134.593258,0.000000
1684926134.603611,0.000000
1684926134.613232,0.000000
1684926134.623567,0.000000
1684926134.633241,0.000000
1684926134.643716,0.000000
1684926134.653375,0.000000
1684926134.663590,0.000000
1684926134.673293,0.000000
1684926134.683548,0.000000
1684926134.693256,0.000000
1684926134.703637,0.000000
1684926134.713273,0.000000
1684926134.723634,0.000000
1684926134.723775,0.000000
1684926134.733233,0.000000
1684926134.743572,0.000000
1684926134.753241,0.000000
1684926134.763548,0.000000
1684926134.774265,0.000000
1684926134.783568,0.000000
1684926134.793394,0.000000
1684926134.803538,0.000000
1684926134.813299,0.000000
1684926134.823721,0.000000
1684926134.833840,0.000000
1684926134.843974,0.000000
1684926134.853901,0.000000
1684926134.863896,0.000000
1684926134.873980,0.000000
1684926134.883990,0.000000
1684926134.893928,0.000000
1684926134.903743,0.000000
1684926134.913742,0.000000
1684926134.923596,0.000000
1684926134.933723,0.000000
1684926134.943867,0.000000
1684926134.953703,0.000000
1684926134.963842,0.000000
1684926134.973289,0.000000
1684926134.983708,0.000000
1684926134.993825,0.000000
1684926135.003642,0.000000
1684926135.013828,0.000000
1684926135.023895,0.000000
1684926135.033852,0.000000
1684926135.043868,0.000000
1684926135.053850,0.000000
1684926135.063853,0.000000
1684926135.073305,0.000000
1684926135.083478,0.000000
1684926135.093311,0.000000
1684926135.103563,0.000000
1684926135.113377,0.000000
1684926135.123501,0.000000
1684926135.133633,0.000000
1684926135.143497,0.000000
1684926135.153306,0.000000
1684926135.163499,0.000000
1684926135.173309,0.000000
1684926135.180129,0.000000
1684926135.183545,0.000000
1684926135.193323,0.000000
1684926135.203503,0.000000
1684926135.213304,0.000000
1684926135.223531,0.000000
1684926135.233322,0.000000
1684926135.243564,0.000000
1684926135.253315,0.000000
1684926135.263558,0.000000
1684926135.273315,0.000000
1684926135.283628,0.000000
1684926135.293337,0.000000
1684926135.303593,0.000000
1684926135.313499,0.000000
1684926135.323626,0.000000
1684926135.333339,0.000000
1684926135.343598,0.000000
1684926135.353326,0.000000
1684926135.363622,0.000000
1684926135.373420,0.000000
1684926135.383671,0.000000
1684926135.393332,0.000000
1684926135.403620,0.000000
1684926135.413752,0.000000
1684926135.423734,0.000000
1684926135.433333,0.000000
1684926135.443668,0.000000
1684926135.453364,0.000000
1684926135.463663,0.000000
1684926135.473650,0.000000
1684926135.483650,0.000000
1684926135.493608,0.000000
1684926135.503591,0.000000
1684926135.513664,0.000000
1684926135.523634,0.000000
1684926135.533582,0.000000
1684926135.543625,0.000000
1684926135.553608,0.000000
1684926135.563652,0.000000
1684926135.573603,0.000000
1684926135.583611,0.000000
1684926135.593670,0.000000
1684926135.603606,0.000000
1684926135.613653,0.000000
1684926135.623510,0.000000
1684926135.633634,0.000000
1684926135.643644,0.000000
1684926135.653662,0.000000
1684926135.663718,0.000000
1684926135.673682,0.000000
1684926135.683691,0.000000
1684926135.693739,0.000000
1684926135.703722,0.000000
1684926135.713753,0.000000
1684926135.724059,0.000000
1684926135.733859,0.000000
1684926135.743934,0.000000
1684926135.753941,0.000000
1684926135.764028,0.000000
1684926135.774043,0.000000
1684926135.784178,0.000000
1684926135.794170,0.000000
1684926135.803213,0.000000
1684926135.814261,0.000000
1684926135.823651,0.000000
1684926135.833363,0.000000
1684926135.843651,0.000000
1684926135.854406,0.000000
1684926135.863759,0.000000
1684926135.873406,0.000000
1684926135.883669,0.000000
1684926135.893414,0.000000
1684926135.903631,0.000000
1684926135.913409,0.000000
1684926135.923594,0.000000
1684926135.933405,0.000000
1684926135.943623,0.000000
1684926135.953406,0.000000
1684926135.963629,0.000000
1684926135.974418,0.000000
1684926135.983677,0.000000
1684926135.994405,0.000000
1684926136.003916,0.000000
1684926136.014438,0.000000
1684926136.023656,0.000000
1684926136.033432,0.000000
1684926136.043643,0.000000
1684926136.053419,0.000000
1684926136.063710,0.000000
1684926136.073411,0.000000
1684926136.083661,0.000000
1684926136.093433,0.000000
1684926136.103664,0.000000
1684926136.113403,0.000000
1684926136.123703,0.000000
1684926136.133512,0.000000
1684926136.143703,0.000000
1684926136.153444,0.000000
1684926136.163669,0.000000
1684926136.165294,0.000000
1684926136.173408,0.000000
1684926136.183700,0.000000
1684926136.193484,0.000000
1684926136.203718,0.000000
1684926136.213453,0.000000
1684926136.223699,0.000000
1684926136.233408,0.000000
1684926136.243645,0.000000
1684926136.253487,0.000000
1684926136.263697,0.000000
1684926136.273448,0.000000
1684926136.283720,0.000000
1684926136.293442,0.000000
1684926136.303713,0.000000
1684926136.313420,0.000000
1684926136.323703,0.000000
1684926136.333451,0.000000
1684926136.343704,0.000000
1684926136.353434,0.000000
1684926136.363737,0.000000
1684926136.373416,0.000000
1684926136.383702,0.000000
1684926136.393457,0.000000
1684926136.403705,0.000000
1684926136.413434,0.000000
1684926136.423767,0.000000
1684926136.433453,0.000000
1684926136.443751,0.000000
1684926136.453487,0.000000
1684926136.463732,0.000000
1684926136.473453,0.000000
1684926136.483729,0.000000
1684926136.493544,0.000000
1684926136.503791,0.000000
1684926136.513452,0.000000
1684926136.523710,0.000000
1684926136.533476,0.000000
1684926136.543710,0.000000
1684926136.553454,0.000000
1684926136.563714,0.000000
1684926136.573459,0.000000
1684926136.583706,0.000000
1684926136.593461,0.000000
1684926136.603687,0.000000
1684926136.613464,0.000000
1684926136.623710,0.000000
1684926136.633460,0.000000
1684926136.643745,0.000000
1684926136.653461,0.000000
1684926136.664667,0.000000
1684926136.673464,0.000000
1684926136.683738,0.000000
1684926136.693467,0.000000
1684926136.703732,0.000000
1684926136.713502,0.000000
1684926136.723748,0.000000
1684926136.733476,0.000000
1684926136.743727,0.000000
1684926136.753488,0.000000
1684926136.763709,0.000000
1684926136.774496,0.000000
1684926136.783713,0.000000
1684926136.793487,0.000000
1684926136.803656,0.000000
1684926136.813490,0.000000
1684926136.823761,0.000000
1684926136.833569,0.000000
1684926136.843695,0.000000
1684926136.853509,0.000000
1684926136.863736,0.000000
1684926136.873503,0.000000
1684926136.883710,0.000000
1684926136.893481,0.000000
1684926136.903717,0.000000
1684926136.913496,0.000000
1684926136.924112,0.000000
1684926136.933483,0.000000
1684926136.943744,0.000000
1684926136.953505,0.000000
1684926136.963722,0.000000
1684926136.973484,0.000000
1684926136.983717,0.000000
1684926136.993504,0.000000
1684926137.003758,0.000000
1684926137.013503,0.000000
1684926137.023744,0.000000
1684926137.033569,0.000000
1684926137.043777,0.000000
1684926137.053505,0.000000
1684926137.063718,0.000000
1684926137.073512,0.000000
1684926137.083776,0.000000
1684926137.093504,0.000000
1684926137.103760,0.000000
1684926137.113534,0.000000
1684926137.123774,0.000000
1684926137.133524,0.000000
1684926137.143756,0.000000
1684926137.153759,0.000000
1684926137.163803,0.000000
1684926137.173533,0.000000
1684926137.183719,0.000000
1684926137.193600,0.000000
1684926137.204332,0.000000
1684926137.213331,0.000000
1684926137.213389,0.000000
1684926137.223464,0.000000
1684926137.233304,0.000000
1684926137.243324,0.000000
1684926137.254365,0.000000
1684926137.263438,0.000000
1684926137.273464,0.000000
1684926137.283537,0.000000
1684926137.293576,0.000000
1684926137.303659,0.000000
1684926137.313709,0.000000
1684926137.315795,0.000000
1684926137.323763,0.000000
1684926137.333877,0.000000
1684926137.343905,0.000000
1684926137.353964,0.000000
1684926137.364040,0.000000
1684926137.374078,0.000000
1684926137.384140,0.000000
1684926137.394222,0.000000
1684926137.403480,0.000000
1684926137.414279,0.000000
1684926137.423387,0.000000
1684926137.433557,0.000000
1684926137.443517,0.000000
1684926137.454557,0.000000
1684926137.463668,0.000000
1684926137.473585,0.000000
1684926137.483765,0.000000
1684926137.493575,0.000000
1684926137.503786,0.000000
1684926137.513582,0.000000
1684926137.523726,0.000000
1684926137.533587,0.000000
1684926137.543770,0.000000
1684926137.553632,0.000000
1684926137.563720,0.000000
1684926137.573607,0.000000
1684926137.583733,0.000000
1684926137.593596,0.000000
1684926137.603727,0.000000
1684926137.613599,0.000000
1684926137.623741,0.000000
1684926137.633623,0.000000
1684926137.643728,0.000000
1684926137.654577,0.000000
1684926137.664792,0.000000
1684926137.673584,0.000000
1684926137.684850,0.000000
1684926137.694595,0.000000
1684926137.703749,0.000000
1684926137.713589,0.000000
1684926137.723722,0.000000
1684926137.733581,0.000000
1684926137.743795,0.000000
1684926137.753580,0.000000
1684926137.763742,0.000000
1684926137.774623,0.000000
1684926137.783747,0.000000
1684926137.793609,0.000000
1684926137.803812,0.000000
1684926137.813633,0.000000
1684926137.823790,0.000000
1684926137.833622,0.000000
1684926137.843789,0.000000
1684926137.853608,0.000000
1684926137.863804,0.000000
1684926137.873602,0.000000
1684926137.883809,0.000000
1684926137.893628,0.000000
1684926137.904279,0.000000
1684926137.913683,0.000000
1684926137.923811,0.000000
1684926137.933621,0.000000
1684926137.943772,0.000000
1684926137.953604,0.000000
1684926137.963728,0.000000
1684926137.973766,0.000000
1684926137.983768,0.000000
1684926137.993683,0.000000
1684926138.003330,0.000000
1684926138.013625,0.000000
1684926138.023839,0.000000
1684926138.033705,0.000000
1684926138.043747,0.000000
1684926138.053616,0.000000
1684926138.063772,0.000000
1684926138.073627,0.000000
1684926138.083759,0.000000
1684926138.093628,0.000000
1684926138.103287,0.000000
1684926138.113642,0.000000
1684926138.123726,0.000000
1684926138.133638,0.000000
1684926138.143695,0.000000
1684926138.153627,0.000000
1684926138.163680,0.000000
1684926138.173653,0.000000
1684926138.183668,0.000000
1684926138.193676,0.000000
1684926138.203583,0.000000
1684926138.213632,0.000000
1684926138.223609,0.000000
1684926138.233632,0.000000
1684926138.243588,0.000000
1684926138.253646,0.000000
1684926138.263553,0.000000
1684926138.273655,0.000000
1684926138.283568,0.000000
1684926138.293652,0.000000
1684926138.303611,0.000000
1684926138.313649,0.000000
1684926138.323589,0.000000
1684926138.333656,0.000000
1684926138.343613,0.000000
1684926138.353650,0.000000
1684926138.363588,0.000000
1684926138.373693,0.000000
1684926138.383637,0.000000
1684926138.393723,0.000000
1684926138.403733,0.000000
1684926138.413691,0.000000
1684926138.423636,0.000000
1684926138.433676,0.000000
1684926138.443706,0.000000
1684926138.453724,0.000000
1684926138.463682,0.000000
1684926138.473676,0.000000
1684926138.483760,0.000000
1684926138.493776,0.000000
1684926138.503735,0.000000
1684926138.513763,0.000000
1684926138.523802,0.000000
1684926138.533734,0.000000
1684926138.543695,0.000000
1684926138.553673,0.000000
1684926138.563674,0.000000
1684926138.573677,0.000000
1684926138.583698,0.000000
1684926138.593694,0.000000
1684926138.603744,0.000000
1684926138.613310,0.000000
1684926138.624163,0.000000
1684926138.633728,0.000000
1684926138.643738,0.000000
1684926138.653743,0.000000
1684926138.664048,0.000000
1684926138.674116,0.000000
1684926138.684176,0.000000
1684926138.694053,0.000000
1684926138.704103,0.000000
1684926138.714055,0.000000
1684926138.723988,0.000000
1684926138.734072,0.000000
1684926138.734117,0.000000
1684926138.744102,0.000000
1684926138.754119,0.000000
1684926138.764037,0.000000
1684926138.774060,0.000000
1684926138.774379,0.000000
1684926138.784063,0.000000
1684926138.794036,0.000000
1684926138.804096,0.000000
1684926138.814057,0.000000
1684926138.823948,0.000000
1684926138.834148,0.000000
1684926138.844182,0.000000
1684926138.854177,0.000000
1684926138.864146,0.000000
1684926138.874489,0.000000
1684926138.884270,0.000000
1684926138.894260,0.000000
1684926138.903225,0.000000
1684926138.914285,0.000000
1684926138.924139,0.000000
1684926138.934186,0.000000
1684926138.934206,0.000000
1684926138.944252,0.000000
1684926138.953326,0.000000
1684926138.964381,0.000000
1684926138.973402,0.000000
1684926138.977303,0.000000
1684926138.983432,0.000000
1684926138.993504,0.000000
1684926139.003641,0.000000
1684926139.013617,0.000000
1684926139.023682,0.000000
1684926139.033932,0.000000
1684926139.043797,0.000000
1684926139.053965,0.000000
1684926139.063757,0.000000
1684926139.073941,0.000000
1684926139.083726,0.000000
1684926139.093937,0.000000
1684926139.103733,0.000000
1684926139.113971,0.000000
1684926139.123690,0.000000
1684926139.134130,0.000000
1684926139.143716,0.000000
1684926139.154277,0.000000
1684926139.163664,0.000000
1684926139.174107,0.000000
1684926139.183796,0.000000
1684926139.194192,0.000000
1684926139.203674,0.000000
1684926139.214139,0.000000
1684926139.223658,0.000000
1684926139.234130,0.000000
1684926139.243571,0.000000
1684926139.254246,0.000000
1684926139.263625,0.000000
1684926139.274167,0.000000
1684926139.283505,0.000000
1684926139.294187,0.000000
1684926139.303524,0.000000
1684926139.314167,0.000000
1684926139.324500,0.000000
1684926139.334196,0.000000
1684926139.344501,0.000000
1684926139.354191,0.000000
1684926139.364456,0.000000
1684926139.374248,0.000000
1684926139.383425,0.000000
1684926139.394325,0.000000
1684926139.403486,0.000000
1684926139.414341,0.000000
1684926139.423399,0.000000
1684926139.434362,0.000000
1684926139.443383,0.000000
1684926139.454363,0.000000
1684926139.463377,0.000000
1684926139.474385,0.000000
1684926139.483499,0.000000
1684926139.493389,0.000000
1684926139.503374,0.000000
1684926139.513358,0.000000
1684926139.523653,0.000000
1684926139.534482,0.000000
1684926139.543377,0.000000
1684926139.553365,0.000000
1684926139.563378,0.000000
1684926139.574431,0.000000
1684926139.584263,0.000000
1684926139.593431,0.000000
1684926139.603462,0.000000
1684926139.613465,0.000000
1684926139.623431,0.000000
1684926139.633487,0.000000
1684926139.643564,0.000000
1684926139.653468,0.000000
1684926139.663523,0.000000
1684926139.673482,0.000000
1684926139.684108,0.000000
1684926139.693497,0.000000
1684926139.703465,0.000000
1684926139.713558,0.000000
1684926139.723497,0.000000
1684926139.723629,0.000000
1684926139.733559,0.000000
1684926139.743530,0.000000
1684926139.753550,0.000000
1684926139.763531,0.000000
1684926139.774535,0.000000
1684926139.784045,0.000000
1684926139.793544,0.000000
1684926139.803512,0.000000
1684926139.813522,0.000000
1684926139.823550,0.000000
1684926139.833527,0.000000
1684926139.843953,0.000000
1684926139.853546,0.000000
1684926139.863532,0.000000
1684926139.873531,0.000000
1684926139.883907,0.000000
1684926139.893562,0.000000
1684926139.903552,0.000000
1684926139.914556,0.000000
1684926139.923567,0.000000
1684926139.933573,0.000000
1684926139.943581,0.000000
1684926139.953573,0.000000
1684926139.963549,0.000000
1684926139.973555,0.000000
1684926139.983822,0.000000
1684926139.993593,0.000000
1684926140.003580,0.000000
1684926140.013638,0.000000
1684926140.023596,0.000000
1684926140.033638,0.000000
1684926140.043624,0.000000
1684926140.053638,0.000000
1684926140.063594,0.000000
1684926140.073791,0.000000
1684926140.083776,0.000000
1684926140.093707,0.000000
1684926140.103618,0.000000
1684926140.113622,0.000000
1684926140.123621,0.000000
1684926140.133650,0.000000
1684926140.144019,0.000000
1684926140.153635,0.000000
1684926140.163734,0.000000
1684926140.173657,0.000000
1684926140.183814,0.000000
1684926140.193664,0.000000
1684926140.203723,0.000000
1684926140.213760,0.000000
1684926140.223669,0.000000
1684926140.233647,0.000000
1684926140.243705,0.000000
1684926140.253658,0.000000
1684926140.263701,0.000000
1684926140.273839,0.000000
1684926140.283748,0.000000
1684926140.293681,0.000000
1684926140.303715,0.000000
1684926140.313707,0.000000
1684926140.323720,0.000000
1684926140.333716,0.000000
1684926140.333783,0.000000
1684926140.343707,0.000000
1684926140.353711,0.000000
1684926140.363756,0.000000
1684926140.373730,0.000000
1684926140.383736,0.000000
1684926140.384106,0.000000
1684926140.393741,0.000000
1684926140.403731,0.000000
1684926140.413781,0.000000
1684926140.423771,0.000000
1684926140.433394,0.000000
1684926140.443747,0.000000
1684926140.453781,0.000000
1684926140.463830,0.000000
1684926140.473770,0.000000
1684926140.483921,0.000000
1684926140.493747,0.000000
1684926140.503900,0.000000
1684926140.513782,0.000000
1684926140.523779,0.000000
1684926140.533916,0.000000
1684926140.543772,0.000000
1684926140.553917,0.000000
1684926140.563842,0.000000
1684926140.573962,0.000000
1684926140.583991,0.000000
1684926140.594014,0.000000
1684926140.604175,0.000000
1684926140.614108,0.000000
1684926140.623815,0.000000
1684926140.634271,0.000000
1684926140.643734,0.000000
1684926140.654333,0.000000
1684926140.663713,0.000000
1684926140.674451,0.000000
1684926140.683671,0.000000
1684926140.693534,0.000000
1684926140.703714,0.000000
1684926140.713664,0.000000
1684926140.723782,0.000000
1684926140.733772,0.000000
1684926140.743903,0.000000
1684926140.753876,0.000000
1684926140.764023,0.000000
1684926140.773993,0.000000
1684926140.784074,0.000000
1684926140.794112,0.000000
1684926140.804165,0.000000
1684926140.814279,0.000000
1684926140.823299,0.000000
1684926140.833987,0.000000
1684926140.843423,0.000000
1684926140.854489,0.000000
1684926140.863528,0.000000
1684926140.874648,0.000000
1684926140.883670,0.000000
1684926140.894756,0.000000
1684926140.903714,0.000000
1684926140.914800,0.000000
1684926140.923881,0.000000
1684926140.933941,0.000000
1684926140.943971,0.000000
1684926140.953975,0.000000
1684926140.964024,0.000000
1684926140.974001,0.000000
1684926140.983941,0.000000
1684926140.993974,0.000000
1684926141.003970,0.000000
1684926141.013948,0.000000
1684926141.024036,0.000000
1684926141.033976,0.000000
1684926141.044075,0.000000
1684926141.055088,0.000000
1684926141.064085,0.000000
1684926141.074051,0.000000
1684926141.083936,0.000000
1684926141.094990,0.000000
1684926141.103961,0.000000
1684926141.114986,0.000000
1684926141.124148,0.000000
1684926141.134971,0.000000
1684926141.143540,0.000000
1684926141.153984,0.000000
1684926141.163943,0.000000
1684926141.173981,0.000000
1684926141.183955,0.000000
1684926141.193988,0.000000
1684926141.203978,0.000000
1684926141.213998,0.000000
1684926141.223982,0.000000
1684926141.233977,0.000000
1684926141.244096,0.000000
1684926141.254104,0.000000
1684926141.263952,0.000000
1684926141.274012,0.000000
1684926141.283988,0.000000
1684926141.293996,0.000000
1684926141.304069,0.000000
1684926141.314031,0.000000
1684926141.323976,0.000000
1684926141.333975,0.000000
1684926141.344033,0.000000
1684926141.353991,0.000000
1684926141.363971,0.000000
1684926141.374068,0.000000
1684926141.384035,0.000000
1684926141.394014,0.000000
1684926141.403932,0.000000
1684926141.413985,0.000000
1684926141.423975,0.000000
1684926141.433988,0.000000
1684926141.444041,0.000000
1684926141.454023,0.000000
1684926141.463973,0.000000
1684926141.474000,0.000000
1684926141.484004,0.000000
1684926141.494095,0.000000
1684926141.503932,0.000000
1684926141.514084,0.000000
1684926141.523934,0.000000
1684926141.534028,0.000000
1684926141.544036,0.000000
1684926141.554029,0.000000
1684926141.563956,0.000000
1684926141.574037,0.000000
1684926141.584004,0.000000
1684926141.594042,0.000000
1684926141.603921,0.000000
1684926141.613976,0.000000
1684926141.623986,0.000000
1684926141.634046,0.000000
1684926141.643966,0.000000
1684926141.654023,0.000000
1684926141.664035,0.000000
1684926141.674061,0.000000
1684926141.683959,0.000000
1684926141.694049,0.000000
1684926141.704053,0.000000
1684926141.714005,0.000000
1684926141.723983,0.000000
1684926141.734022,0.000000
1684926141.743974,0.000000
1684926141.746641,0.000000
1684926141.754022,0.000000
1684926141.764098,0.000000
1684926141.774039,0.000000
1684926141.784040,0.000000
1684926141.794092,0.000000
1684926141.803966,0.000000
1684926141.814046,0.000000
1684926141.823986,0.000000
1684926141.834045,0.000000
1684926141.843941,0.000000
1684926141.854007,0.000000
1684926141.863964,0.000000
1684926141.874040,0.000000
1684926141.884040,0.000000
1684926141.894064,0.000000
1684926141.904027,0.000000
1684926141.914068,0.000000
1684926141.924054,0.000000
1684926141.934041,0.000000
1684926141.944006,0.000000
1684926141.954058,0.000000
1684926141.964045,0.000000
1684926141.974067,0.000000
1684926141.983980,0.000000
1684926141.994029,0.000000
1684926142.003982,0.000000
1684926142.014108,0.000000
1684926142.024141,0.000000
1684926142.034181,0.000000
1684926142.044044,0.000000
1684926142.054125,0.000000
1684926142.063962,0.000000
1684926142.074064,0.000000
1684926142.083978,0.000000
1684926142.094072,0.000000
1684926142.104052,0.000000
1684926142.114073,0.000000
1684926142.124071,0.000000
1684926142.134065,0.000000
1684926142.143551,0.000000
1684926142.143633,0.000000
1684926142.154127,0.000000
1684926142.164046,0.000000
1684926142.174051,0.000000
1684926142.184124,0.000000
1684926142.194114,0.000000
1684926142.204055,0.000000
1684926142.214098,0.000000
1684926142.224058,0.000000
1684926142.234010,0.000000
1684926142.244051,0.000000
1684926142.254111,0.000000
1684926142.264216,0.000000
1684926142.274224,0.000000
1684926142.284303,0.000000
1684926142.294486,0.000000
1684926142.303382,0.000000
1684926142.314445,0.000000
1684926142.323589,0.000000
1684926142.334586,0.000000
1684926142.343608,0.000000
1684926142.354655,0.000000
1684926142.363713,0.000000
1684926142.373801,0.000000
1684926142.383863,0.000000
1684926142.393971,0.000000
1684926142.404114,0.000000
1684926142.414061,0.000000
1684926142.424132,0.000000
1684926142.434121,0.000000
1684926142.444222,0.000000
1684926142.444364,0.000000
1684926142.454276,0.000000
1684926142.464261,0.000000
1684926142.474370,0.000000
1684926142.484433,0.000000
1684926142.494471,0.000000
1684926142.503538,0.000000
1684926142.514571,0.000000
1684926142.524290,0.000000
1684926142.534721,0.000000
1684926142.543811,0.000000
1684926142.554832,0.000000
1684926142.564214,0.000000
1684926142.573953,0.000000
1684926142.584026,0.000000
1684926142.594098,0.000000
1684926142.604175,0.000000
1684926142.614092,0.000000
1684926142.623976,0.000000
1684926142.634011,0.000000
1684926142.643979,0.000000
1684926142.654036,0.000000
1684926142.663968,0.000000
1684926142.674111,0.000000
1684926142.684000,0.000000
1684926142.694139,0.000000
1684926142.703974,0.000000
1684926142.715058,0.000000
1684926142.724958,0.000000
1684926142.734102,0.000000
1684926142.744121,0.000000
1684926142.754085,0.000000
1684926142.764059,0.000000
1684926142.775187,0.000000
1684926142.784124,0.000000
1684926142.795145,0.000000
1684926142.795174,0.000000
1684926142.804210,0.000000
1684926142.814085,0.000000
1684926142.824002,0.000000
1684926142.834152,0.000000
1684926142.844180,0.000000
1684926142.854121,0.000000
1684926142.864044,0.000000
1684926142.874143,0.000000
1684926142.884147,0.000000
1684926142.894131,0.000000
1684926142.904044,0.000000
1684926142.914183,0.000000
1684926142.924120,0.000000
1684926142.934177,0.000000
1684926142.944127,0.000000
1684926142.954131,0.000000
1684926142.964056,0.000000
1684926142.974198,0.000000
1684926142.984086,0.000000
1684926142.994153,0.000000
1684926143.004078,0.000000
1684926143.014121,0.000000
1684926143.024169,0.000000
1684926143.034174,0.000000
1684926143.044080,0.000000
1684926143.054374,0.000000
1684926143.064091,0.000000
1684926143.074124,0.000000
1684926143.084071,0.000000
1684926143.094070,0.000000
1684926143.104021,0.000000
1684926143.114193,0.000000
1684926143.124108,0.000000
1684926143.134176,0.000000
1684926143.144130,0.000000
1684926143.154166,0.000000
1684926143.164126,0.000000
1684926143.174175,0.000000
1684926143.184148,0.000000
1684926143.194177,0.000000
1684926143.194180,0.000000
1684926143.204223,0.000000
1684926143.214129,0.000000
1684926143.224082,0.000000
1684926143.234175,0.000000
1684926143.244067,0.000000
1684926143.254113,0.000000
1684926143.264064,0.000000
1684926143.274175,0.000000
1684926143.284068,0.000000
1684926143.294068,0.000000
1684926143.304107,0.000000
1684926143.314116,0.000000
1684926143.324023,0.000000
1684926143.334185,0.000000
1684926143.344063,0.000000
1684926143.364187,0.000000
1684926143.374141,0.000000
1684926143.384129,0.000000
1684926143.394207,0.000000
1684926143.404090,0.000000
1684926143.414107,0.000000
1684926143.424215,0.000000
1684926143.434085,0.000000
1684926143.444181,0.000000
1684926143.454159,0.000000
1684926143.464023,0.000000
1684926143.474142,0.000000
1684926143.484035,0.000000
1684926143.494063,0.000000
1684926143.504030,0.000000
1684926143.514090,0.000000
1684926143.524067,0.000000
1684926143.534218,0.000000
1684926143.544031,0.000000
1684926143.554947,0.000000
1684926143.564077,0.000000
1684926143.574180,0.000000
1684926143.584068,0.000000
1684926143.594107,0.000000
1684926143.604089,0.000000
1684926143.614109,0.000000
1684926143.624102,0.000000
1684926143.634214,0.000000
1684926143.644098,0.000000
1684926143.654168,0.000000
1684926143.664092,0.000000
1684926143.674173,0.000000
1684926143.684035,0.000000
1684926143.694095,0.000000
1684926143.704062,0.000000
1684926143.714441,0.000000
1684926143.724199,0.000000
1684926143.734138,0.000000
1684926143.744135,0.000000
1684926143.744185,0.000000
1684926143.754102,0.000000
1684926143.764074,0.000000
1684926143.774153,0.000000
1684926143.784117,0.000000
1684926143.794223,0.000000
1684926143.804103,0.000000
1684926143.815198,0.000000
1684926143.824135,0.000000
1684926143.835152,0.000000
1684926143.844163,0.000000
1684926143.855152,0.000000
1684926143.865176,0.000000
1684926143.875116,0.000000
1684926143.885113,0.000000
1684926143.895097,0.000000
1684926143.905060,0.000000
1684926143.915215,0.000000
1684926143.925070,0.000000
1684926143.935201,0.000000
1684926143.944076,0.000000
1684926143.954180,0.000000
1684926143.964126,0.000000
1684926143.974103,0.000000
1684926143.984076,0.000000
1684926143.994163,0.000000
1684926144.004199,0.000000
1684926144.014191,0.000000
1684926144.024204,0.000000
1684926144.034157,0.000000
1684926144.044183,0.000000
1684926144.054160,0.000000
1684926144.064315,0.000000
1684926144.074210,0.000000
1684926144.084082,0.000000
1684926144.094150,0.000000
1684926144.104110,0.000000
1684926144.114129,0.000000
1684926144.124075,0.000000
1684926144.134159,0.000000
1684926144.144118,0.000000
1684926144.154182,0.000000
1684926144.164066,0.000000
1684926144.174186,0.000000
1684926144.184146,0.000000
1684926144.194164,0.000000
1684926144.204128,0.000000
1684926144.214149,0.000000
1684926144.224112,0.000000
1684926144.234149,0.000000
1684926144.244124,0.000000
1684926144.254106,0.000000
1684926144.264339,0.000000
1684926144.274125,0.000000
1684926144.284144,0.000000
1684926144.294171,0.000000
1684926144.304336,0.000000
1684926144.314131,0.000000
1684926144.324106,0.000000
1684926144.334203,0.000000
1684926144.344186,0.000000
1684926144.354123,0.000000
1684926144.364078,0.000000
1684926144.374192,0.000000
1684926144.384077,0.000000
1684926144.384081,0.000000
1684926144.394196,0.000000
1684926144.404094,0.000000
1684926144.414183,0.000000
1684926144.424167,0.000000
1684926144.424166,0.000000
1684926144.434206,0.000000
1684926144.444228,0.000000
1684926144.454170,0.000000
1684926144.464165,0.000000
1684926144.474250,0.000000
1684926144.484168,0.000000
1684926144.494209,0.000000
1684926144.504188,0.000000
1684926144.514167,0.000000
1684926144.524126,0.000000
1684926144.534153,0.000000
1684926144.544151,0.000000
1684926144.554174,0.000000
1684926144.564127,0.000000
1684926144.574187,0.000000
1684926144.584148,0.000000
1684926144.594190,0.000000
1684926144.604154,0.000000
1684926144.614202,0.000000
1684926144.624225,0.000000
1684926144.634307,0.000000
1684926144.644149,0.000000
1684926144.654234,0.000000
1684926144.664173,0.000000
1684926144.674252,0.000000
1684926144.684175,0.000000
1684926144.694217,0.000000
1684926144.704181,0.000000
1684926144.714171,0.000000
1684926144.724105,0.000000
1684926144.734300,0.000000
1684926144.744162,0.000000
1684926144.754262,0.000000
1684926144.764203,0.000000
1684926144.774295,0.000000
1684926144.784195,0.000000
1684926144.794276,0.000000
1684926144.804162,0.000000
1684926144.814215,0.000000
1684926144.824178,0.000000
1684926144.834244,0.000000
1684926144.844178,0.000000
1684926144.854196,0.000000
1684926144.864196,0.000000
1684926144.874195,0.000000
1684926144.884203,0.000000
1684926144.894241,0.000000
1684926144.904201,0.000000
1684926144.914236,0.000000
1684926144.924199,0.000000
1684926144.934277,0.000000
1684926144.944219,0.000000
1684926144.954193,0.000000
1684926144.964230,0.000000
1684926144.974177,0.000000
1684926144.984178,0.000000
1684926144.994155,0.000000
1684926145.004179,0.000000
1684926145.014182,0.000000
1684926145.014493,0.000000
1684926145.024163,0.000000
1684926145.034175,0.000000
1684926145.044199,0.000000
1684926145.054329,0.000000
1684926145.064210,0.000000
1684926145.074246,0.000000
1684926145.084160,0.000000
1684926145.094249,0.000000
1684926145.104198,0.000000
1684926145.114263,0.000000
1684926145.124338,0.000000
1684926145.134342,0.000000
1684926145.144490,0.000000
1684926145.154469,0.000000
1684926145.164494,0.000000
1684926145.174643,0.000000
1684926145.183577,0.000000
1684926145.193655,0.000000
1684926145.203795,0.000000
1684926145.213814,0.000000
1684926145.223846,0.000000
1684926145.233932,0.000000
1684926145.243992,0.000000
1684926145.253996,0.000000
1684926145.264054,0.000000
1684926145.274124,0.000000
1684926145.284223,0.000000
1684926145.294320,0.000000
1684926145.304347,0.000000
1684926145.314443,0.000000
1684926145.324436,0.000000
1684926145.334270,0.000000
1684926145.344258,0.000000
1684926145.354228,0.000000
1684926145.364184,0.000000
1684926145.374228,0.000000
1684926145.384164,0.000000
1684926145.394267,0.000000
1684926145.404226,0.000000
1684926145.414248,0.000000
1684926145.424178,0.000000
1684926145.434280,0.000000
1684926145.444186,0.000000
1684926145.454234,0.000000
1684926145.464241,0.000000
1684926145.474330,0.000000
1684926145.484169,0.000000
1684926145.494357,0.000000
1684926145.504188,0.000000
1684926145.514359,0.000000
1684926145.524233,0.000000
1684926145.534311,0.000000
1684926145.544232,0.000000
1684926145.554281,0.000000
1684926145.564208,0.000000
1684926145.574312,0.000000
1684926145.584248,0.000000
1684926145.594249,0.000000
1684926145.604245,0.000000
1684926145.614274,0.000000
1684926145.624160,0.000000
1684926145.634319,0.000000
1684926145.644191,0.000000
1684926145.654339,0.000000
1684926145.664198,0.000000
1684926145.674284,0.000000
1684926145.684185,0.000000
1684926145.694253,0.000000
1684926145.704185,0.000000
1684926145.714230,0.000000
1684926145.724057,0.000000
1684926145.734324,0.000000
1684926145.744231,0.000000
1684926145.754308,0.000000
1684926145.764257,0.000000
1684926145.774208,0.000000
1684926145.784180,0.000000
1684926145.794268,0.000000
1684926145.804226,0.000000
1684926145.814295,0.000000
1684926145.824253,0.000000
1684926145.834213,0.000000
1684926145.844170,0.000000
1684926145.854295,0.000000
1684926145.864174,0.000000
1684926145.874271,0.000000
1684926145.884230,0.000000
1684926145.894300,0.000000
1684926145.904297,0.000000
1684926145.914249,0.000000
1684926145.923818,0.000000
1684926145.934252,0.000000
1684926145.944191,0.000000
1684926145.954424,0.000000
1684926145.964275,0.000000
1684926145.974283,0.000000
1684926145.984174,0.000000
1684926145.994299,0.000000
1684926146.004222,0.000000
1684926146.014245,0.000000
1684926146.024271,0.000000
1684926146.034238,0.000000
1684926146.044272,0.000000
1684926146.054297,0.000000
1684926146.064213,0.000000
1684926146.074234,0.000000
1684926146.084168,0.000000
1684926146.094372,0.000000
1684926146.104237,0.000000
1684926146.117287,0.000000
1684926146.120228,0.000000
1684926146.123584,0.000000
1684926146.134301,0.000000
1684926146.144212,0.000000
1684926146.154297,0.000000
1684926146.164262,0.000000
1684926146.174319,0.000000
1684926146.184189,0.000000
1684926146.194256,0.000000
1684926146.204235,0.000000
1684926146.214280,0.000000
1684926146.224217,0.000000
1684926146.234306,0.000000
1684926146.244199,0.000000
1684926146.254365,0.000000
1684926146.264217,0.000000
1684926146.274260,0.000000
1684926146.284236,0.000000
1684926146.294289,0.000000
1684926146.304273,0.000000
1684926146.314317,0.000000
1684926146.324509,0.000000
1684926146.324574,0.000000
1684926146.334343,0.000000
1684926146.344297,0.000000
1684926146.354403,0.000000
1684926146.364255,0.000000
1684926146.374289,0.000000
1684926146.384241,0.000000
1684926146.394304,0.000000
1684926146.404217,0.000000
1684926146.414276,0.000000
1684926146.424285,0.000000
1684926146.434269,0.000000
1684926146.444301,0.000000
1684926146.454366,0.000000
1684926146.464278,0.000000
1684926146.474305,0.000000
1684926146.484422,0.000000
1684926146.494404,0.000000
1684926146.504494,0.000000
1684926146.514598,0.000000
1684926146.524610,0.000000
1684926146.534701,0.000000
1684926146.543716,0.000000
1684926146.553928,0.000000
1684926146.564006,0.000000
1684926146.574981,0.000000
1684926146.583985,0.000000
1684926146.594062,0.000000
1684926146.604095,0.000000
1684926146.614171,0.000000
1684926146.624247,0.000000
1684926146.634271,0.000000
1684926146.644350,0.000000
1684926146.654361,0.000000
1684926146.664437,0.000000
1684926146.674519,0.000000
1684926146.684252,0.000000
1684926146.684326,0.000000
1684926146.694340,0.000000
1684926146.704301,0.000000
1684926146.714392,0.000000
1684926146.724339,0.000000
1684926146.734325,0.000000
1684926146.744270,0.000000
1684926146.755347,0.000000
1684926146.764288,0.000000
1684926146.775380,0.000000
1684926146.784377,0.000000
1684926146.794322,0.000000
1684926146.804267,0.000000
1684926146.814324,0.000000
1684926146.824202,0.000000
1684926146.834313,0.000000
1684926146.844215,0.000000
1684926146.854315,0.000000
1684926146.864301,0.000000
1684926146.874288,0.000000
1684926146.884271,0.000000
1684926146.894335,0.000000
1684926146.904223,0.000000
1684926146.914299,0.000000
1684926146.924358,0.000000
1684926146.934489,0.000000
1684926146.944331,0.000000
1684926146.954269,0.000000
1684926146.964266,0.000000
1684926146.974352,0.000000
1684926146.984309,0.000000
1684926146.994297,0.000000
1684926147.004290,0.000000
1684926147.014310,0.000000
1684926147.024266,0.000000
1684926147.034312,0.000000
1684926147.044336,0.000000
1684926147.054356,0.000000
1684926147.064336,0.000000
1684926147.074378,0.000000
1684926147.084288,0.000000
1684926147.094379,0.000000
1684926147.104311,0.000000
1684926147.114358,0.000000
1684926147.124253,0.000000
1684926147.134353,0.000000
1684926147.144318,0.000000
1684926147.154356,0.000000
1684926147.164289,0.000000
1684926147.174470,0.000000
1684926147.184358,0.000000
1684926147.194379,0.000000
1684926147.204252,0.000000
1684926147.214358,0.000000
1684926147.224342,0.000000
1684926147.234299,0.000000
1684926147.234302,0.000000
1684926147.244277,0.000000
1684926147.254257,0.000000
1684926147.264257,0.000000
1684926147.274304,0.000000
1684926147.284353,0.000000
1684926147.294245,0.000000
1684926147.304242,0.000000
1684926147.314192,0.000000
1684926147.324361,0.000000
1684926147.334197,0.000000
1684926147.344360,0.000000
1684926147.354149,0.000000
1684926147.364254,0.000000
1684926147.374208,0.000000
1684926147.384379,0.000000
1684926147.394097,0.000000
1684926147.404354,0.000000
1684926147.414069,0.000000
1684926147.424344,0.000000
1684926147.434096,0.000000
1684926147.444250,0.000000
1684926147.454035,0.000000
1684926147.464370,0.000000
1684926147.474299,0.000000
1684926147.484322,0.000000
1684926147.494174,0.000000
1684926147.504383,0.000000
1684926147.513966,0.000000
1684926147.524317,0.000000
1684926147.534009,0.000000
1684926147.534538,0.000000
1684926147.544317,0.000000
1684926147.553932,0.000000
1684926147.564281,0.000000
1684926147.573948,0.000000
1684926147.584289,0.000000
1684926147.594905,0.000000
1684926147.604280,0.000000
1684926147.613926,0.000000
1684926147.624306,0.000000
1684926147.633840,0.000000
1684926147.644290,0.000000
1684926147.654899,0.000000
1684926147.664277,0.000000
1684926147.673799,0.000000
1684926147.684301,0.000000
1684926147.694797,0.000000
1684926147.704320,0.000000
1684926147.713822,0.000000
1684926147.724348,0.000000
1684926147.733758,0.000000
1684926147.744334,0.000000
1684926147.754993,0.000000
1684926147.764352,0.000000
1684926147.774450,0.000000
1684926147.784458,0.000000
1684926147.794529,0.000000
1684926147.804577,0.000000
1684926147.814609,0.000000
1684926147.823673,0.000000
1684926147.833781,0.000000
1684926147.843801,0.000000
1684926147.855010,0.000000
1684926147.863960,0.000000
1684926147.873974,0.000000
1684926147.884004,0.000000
1684926147.894139,0.000000
1684926147.904190,0.000000
1684926147.914219,0.000000
1684926147.924278,0.000000
1684926147.934319,0.000000
1684926147.944330,0.000000
1684926147.954416,0.000000
1684926147.964413,0.000000
1684926147.974522,0.000000
1684926147.984553,0.000000
1684926147.994491,0.000000
1684926148.004651,0.000000
1684926148.014452,0.000000
1684926148.023764,0.000000
1684926148.034497,0.000000
1684926148.043892,0.000000
1684926148.054437,0.000000
1684926148.064015,0.000000
1684926148.074417,0.000000
1684926148.084104,0.000000
1684926148.094385,0.000000
1684926148.104223,0.000000
1684926148.114373,0.000000
1684926148.124302,0.000000
1684926148.134437,0.000000
1684926148.144422,0.000000
1684926148.154420,0.000000
1684926148.164343,0.000000
1684926148.174346,0.000000
1684926148.184312,0.000000
1684926148.194430,0.000000
1684926148.204391,0.000000
1684926148.214398,0.000000
1684926148.224411,0.000000
1684926148.234434,0.000000
1684926148.244456,0.000000
1684926148.244379,0.000000
1684926148.255482,0.000000
1684926148.264367,0.000000
1684926148.275205,0.000000
1684926148.284291,0.000000
1684926148.294393,0.000000
1684926148.304297,0.000000
1684926148.314480,0.000000
1684926148.324291,0.000000
1684926148.334390,0.000000
1684926148.344357,0.000000
1684926148.354411,0.000000
1684926148.364330,0.000000
1684926148.374120,0.000000
1684926148.384379,0.000000
1684926148.394349,0.000000
1684926148.404314,0.000000
1684926148.414391,0.000000
1684926148.424307,0.000000
1684926148.434406,0.000000
1684926148.444374,0.000000
1684926148.454402,0.000000
1684926148.464393,0.000000
1684926148.474017,0.000000
1684926148.484354,0.000000
1684926148.494408,0.000000
1684926148.504419,0.000000
1684926148.514433,0.000000
1684926148.524393,0.000000
1684926148.534401,0.000000
1684926148.544296,0.000000
1684926148.554406,0.000000
1684926148.564295,0.000000
1684926148.573903,0.000000
1684926148.584343,0.000000
1684926148.594389,0.000000
1684926148.604317,0.000000
1684926148.614437,0.000000
1684926148.624403,0.000000
1684926148.634436,0.000000
1684926148.644327,0.000000
1684926148.654481,0.000000
1684926148.664395,0.000000
1684926148.673796,0.000000
1684926148.684356,0.000000
1684926148.694456,0.000000
1684926148.704361,0.000000
1684926148.714424,0.000000
1684926148.723714,0.000000
1684926148.734789,0.000000
1684926148.743788,0.000000
1684926148.754894,0.000000
1684926148.763895,0.000000
1684926148.774690,0.000000
1684926148.784030,0.000000
1684926148.795064,0.000000
1684926148.804149,0.000000
1684926148.815193,0.000000
1684926148.824191,0.000000
1684926148.834646,0.000000
1684926148.844420,0.000000
1684926148.854449,0.000000
1684926148.864433,0.000000
1684926148.874611,0.000000
1684926148.884410,0.000000
1684926148.894499,0.000000
1684926148.904406,0.000000
1684926148.914444,0.000000
1684926148.924476,0.000000
1684926148.934439,0.000000
1684926148.944454,0.000000
1684926148.954455,0.000000
1684926148.964336,0.000000
1684926148.974471,0.000000
1684926148.984369,0.000000
1684926148.994471,0.000000
1684926149.004422,0.000000
1684926149.014450,0.000000
1684926149.024473,0.000000
1684926149.034490,0.000000
1684926149.044547,0.000000
1684926149.055497,0.000000
1684926149.064443,0.000000
1684926149.075525,0.000000
1684926149.084442,0.000000
1684926149.094491,0.000000
1684926149.104352,0.000000
1684926149.114567,0.000000
1684926149.124412,0.000000
1684926149.134451,0.000000
1684926149.144403,0.000000
1684926149.154407,0.000000
1684926149.164445,0.000000
1684926149.174384,0.000000
1684926149.184442,0.000000
1684926149.194405,0.000000
1684926149.204467,0.000000
1684926149.214548,0.000000
1684926149.224400,0.000000
1684926149.234471,0.000000
1684926149.244362,0.000000
1684926149.254442,0.000000
1684926149.264430,0.000000
1684926149.274439,0.000000
1684926149.284351,0.000000
1684926149.294470,0.000000
1684926149.304469,0.000000
1684926149.314562,0.000000
1684926149.324433,0.000000
1684926149.334432,0.000000
1684926149.344160,0.000000
1684926149.354449,0.000000
1684926149.364431,0.000000
1684926149.374468,0.000000
1684926149.384428,0.000000
1684926149.394496,0.000000
1684926149.404409,0.000000
1684926149.414458,0.000000
1684926149.424373,0.000000
1684926149.434524,0.000000
1684926149.444498,0.000000
1684926149.454497,0.000000
1684926149.464411,0.000000
1684926149.474549,0.000000
1684926149.484375,0.000000
1684926149.494432,0.000000
1684926149.504408,0.000000
1684926149.514527,0.000000
1684926149.524451,0.000000
1684926149.534451,0.000000
1684926149.543974,0.000000
1684926149.554493,0.000000
1684926149.564387,0.000000
1684926149.574532,0.000000
1684926149.584410,0.000000
1684926149.594519,0.000000
1684926149.604429,0.000000
1684926149.614436,0.000000
1684926149.624456,0.000000
1684926149.634479,0.000000
1684926149.644406,0.000000
1684926149.654463,0.000000
1684926149.664484,0.000000
1684926149.674517,0.000000
1684926149.684371,0.000000
1684926149.694483,0.000000
1684926149.704497,0.000000
1684926149.714505,0.000000
1684926149.724468,0.000000
1684926149.734540,0.000000
1684926149.744788,0.000000
1684926149.754453,0.000000
1684926149.764456,0.000000
1684926149.774474,0.000000
1684926149.784463,0.000000
1684926149.794473,0.000000
1684926149.804428,0.000000
1684926149.814485,0.000000
1684926149.824395,0.000000
1684926149.834431,0.000000
1684926149.844441,0.000000
1684926149.854496,0.000000
1684926149.864395,0.000000
1684926149.874541,0.000000
1684926149.884514,0.000000
1684926149.894604,0.000000
1684926149.904457,0.000000
1684926149.914519,0.000000
1684926149.924478,0.000000
1684926149.934460,0.000000
1684926149.944611,0.000000
1684926149.954476,0.000000
1684926149.964438,0.000000
1684926149.974501,0.000000
1684926149.984416,0.000000
1684926149.994785,0.000000
1684926150.004444,0.000000
1684926150.014465,0.000000
1684926150.024440,0.000000
1684926150.034565,0.000000
1684926150.044473,0.000000
1684926150.054481,0.000000
1684926150.064458,0.000000
1684926150.074576,0.000000
1684926150.084516,0.000000
1684926150.094599,0.000000
1684926150.104482,0.000000
1684926150.114472,0.000000
1684926150.124422,0.000000
1684926150.134474,0.000000
1684926150.144041,0.000000
1684926150.154540,0.000000
1684926150.164473,0.000000
1684926150.174580,0.000000
1684926150.184485,0.000000
1684926150.194632,0.000000
1684926150.204480,0.000000
1684926150.214489,0.000000
1684926150.224438,0.000000
1684926150.234505,0.000000
1684926150.244495,0.000000
1684926150.254570,0.000000
1684926150.264469,0.000000
1684926150.274460,0.000000
1684926150.284614,0.000000
1684926150.294708,0.000000
1684926150.304738,0.000000
1684926150.314140,0.000000
1684926150.323871,0.000000
1684926150.334045,0.000000
1684926150.343982,0.000000
1684926150.354050,0.000000
1684926150.364114,0.000000
1684926150.374279,0.000000
1684926150.384259,0.000000
1684926150.394359,0.000000
1684926150.404358,0.000000
1684926150.414341,0.000000
1684926150.424385,0.000000
1684926150.434450,0.000000
1684926150.444489,0.000000
1684926150.454581,0.000000
1684926150.464764,0.000000
1684926150.474682,0.000000
1684926150.484798,0.000000
1684926150.494766,0.000000
1684926150.503864,0.000000
1684926150.514942,0.000000
1684926150.523975,0.000000
1684926150.535055,0.000000
1684926150.544119,0.000000
1684926150.555153,0.000000
1684926150.564249,0.000000
1684926150.574303,0.000000
1684926150.584329,0.000000
1684926150.594391,0.000000
1684926150.604490,0.000000
1684926150.614555,0.000000
1684926150.624525,0.000000
1684926150.634556,0.000000
1684926150.644489,0.000000
1684926150.654581,0.000000
1684926150.664591,0.000000
1684926150.674656,0.000000
1684926150.684593,0.000000
1684926150.694563,0.000000
1684926150.697296,0.000000
1684926150.704519,0.000000
1684926150.714563,0.000000
1684926150.724539,0.000000
1684926150.734656,0.000000
1684926150.744566,0.000000
1684926150.754596,0.000000
1684926150.764517,0.000000
1684926150.775512,0.000000
1684926150.784599,0.000000
1684926150.794511,0.000000
1684926150.804516,0.000000
1684926150.815551,0.000000
1684926150.824470,0.000000
1684926150.824471,0.000000
1684926150.834563,0.000000
1684926150.844513,0.000000
1684926150.854587,0.000000
1684926150.864478,0.393701
1684926150.874475,1.574803
1684926150.884480,2.362205
1684926150.894557,3.937008
1684926150.904455,4.724410
1684926150.914544,5.905512
1684926150.924481,6.692914
1684926150.934560,7.480315
1684926150.944494,8.661417
1684926150.954502,10.236220
1684926150.964539,11.417323
1684926150.974524,12.598425
1684926150.984450,13.385827
1684926150.994588,14.173228
1684926151.004584,15.748032
1684926151.014646,16.929134
1684926151.024472,17.716536
1684926151.034561,17.716536
1684926151.044502,18.503937
1684926151.054576,19.291338
1684926151.064458,19.685040
1684926151.074507,20.472441
1684926151.084514,21.259842
1684926151.094501,22.440945
1684926151.104501,24.015749
1684926151.114532,24.015749
1684926151.124519,24.015749
1684926151.134562,24.015749
1684926151.144498,24.803150
1684926151.154501,24.803150
1684926151.164462,24.803150
1684926151.174532,25.590551
1684926151.184544,26.771654
1684926151.194582,27.165354
1684926151.204479,27.559055
1684926151.214556,27.559055
1684926151.224509,28.346457
1684926151.234631,28.346457
1684926151.244515,28.346457
1684926151.254558,28.346457
1684926151.264519,28.346457
1684926151.274558,28.740158
1684926151.284520,29.921259
1684926151.294556,29.921259
1684926151.304553,29.921259
1684926151.314601,29.921259
1684926151.324544,30.708662
1684926151.334553,30.708662
1684926151.344547,30.708662
1684926151.354666,30.708662
1684926151.364562,29.921259
1684926151.374622,29.921259
1684926151.384669,29.921259
1684926151.394594,29.921259
1684926151.404545,31.102362
1684926151.414603,31.102362
1684926151.424467,30.314960
1684926151.434752,30.314960
1684926151.444503,29.921259
1684926151.454540,29.527559
1684926151.464548,29.921259
1684926151.474587,29.921259
1684926151.484543,29.133858
1684926151.494582,28.346457
1684926151.494585,28.346457
1684926151.504592,28.346457
1684926151.514522,28.346457
1684926151.524576,29.133858
1684926151.534664,29.527559
1684926151.544641,29.133858
1684926151.554604,29.133858
1684926151.564482,29.133858
1684926151.574669,28.740158
1684926151.584546,28.740158
1684926151.594624,28.740158
1684926151.604552,28.740158
1684926151.614610,28.346457
1684926151.624505,27.559055
1684926151.634566,26.771654
1684926151.644531,26.771654
1684926151.654568,26.771654
1684926151.664496,27.559055
1684926151.674528,27.952755
1684926151.684566,27.559055
1684926151.694586,26.771654
1684926151.704594,26.771654
1684926151.714630,26.771654
1684926151.724533,26.771654
1684926151.734594,26.377953
1684926151.744516,26.377953
1684926151.754571,26.771654
1684926151.764478,25.984251
1684926151.774688,24.409449
1684926151.784564,24.803150
1684926151.794572,24.803150
1684926151.804464,24.803150
1684926151.814587,24.803150
1684926151.824574,24.409449
1684926151.834567,24.015749
1684926151.844727,24.015749
1684926151.854574,24.803150
1684926151.864548,24.803150
1684926151.874718,24.803150
1684926151.884557,24.409449
1684926151.894675,23.622047
1684926151.904632,23.622047
1684926151.914777,23.228346
1684926151.924739,24.409449
1684926151.934859,24.409449
1684926151.944822,23.228346
1684926151.954911,22.440945
1684926151.963946,22.834646
1684926151.974041,22.834646
1684926151.984019,22.834646
1684926151.995071,22.047245
1684926152.004155,22.047245
1684926152.014341,21.259842
1684926152.024298,21.259842
1684926152.034425,21.259842
1684926152.044389,21.259842
1684926152.054425,21.259842
1684926152.064529,21.259842
1684926152.074580,20.866142
1684926152.084704,20.078741
1684926152.094729,19.291338
1684926152.104840,19.291338
1684926152.114824,19.291338
1684926152.123890,19.291338
1684926152.134931,19.291338
1684926152.143990,19.291338
1684926152.155038,18.897638
1684926152.164027,18.897638
1684926152.175144,18.897638
1684926152.184224,18.897638
1684926152.195327,18.503937
1684926152.204311,18.503937
1684926152.214395,17.322834
1684926152.224475,16.929134
1684926152.234480,16.535433
1684926152.244606,16.535433
1684926152.254651,16.141733
1684926152.264606,15.354331
1684926152.274639,15.354331
1684926152.284583,15.354331
1684926152.294558,15.354331
1684926152.304653,15.354331
1684926152.314580,15.354331
1684926152.324541,14.960629
1684926152.334582,14.566929
1684926152.344563,14.566929
1684926152.354625,14.566929
1684926152.364649,14.173228
1684926152.374645,13.779528
1684926152.384609,13.779528
1684926152.394704,13.779528
1684926152.404729,13.779528
1684926152.414710,13.779528
1684926152.424642,14.566929
1684926152.434590,14.566929
1684926152.444661,14.566929
1684926152.455647,13.779528
1684926152.464562,13.779528
1684926152.474715,13.779528
1684926152.484627,13.779528
1684926152.494560,13.385827
1684926152.504586,12.992126
1684926152.514632,12.598425
1684926152.524564,11.811024
1684926152.534687,11.811024
1684926152.544522,11.417323
1684926152.554712,11.811024
1684926152.564586,12.204724
1684926152.574705,11.811024
1684926152.584563,11.417323
1684926152.594614,11.023623
1684926152.604518,11.417323
1684926152.614802,11.417323
1684926152.624579,11.417323
1684926152.634610,11.417323
1684926152.634600,11.417323
1684926152.644607,11.417323
1684926152.654661,11.417323
1684926152.664537,11.417323
1684926152.674654,11.417323
1684926152.684520,11.417323
1684926152.694628,11.417323
1684926152.704656,11.811024
1684926152.714603,11.811024
1684926152.724652,11.417323
1684926152.734632,11.417323
1684926152.744551,11.417323
1684926152.754655,11.417323
1684926152.764519,11.417323
1684926152.774617,11.417323
1684926152.777294,11.417323
1684926152.784585,11.417323
1684926152.794582,11.417323
1684926152.804591,11.417323
1684926152.814565,11.417323
1684926152.824584,11.811024
1684926152.834606,12.204724
1684926152.844754,12.204724
1684926152.854613,12.204724
1684926152.864611,12.204724
1684926152.874631,12.598425
1684926152.884605,12.598425
1684926152.894609,12.598425
1684926152.904582,12.204724
1684926152.914589,12.204724
1684926152.924545,12.204724
1684926152.934630,12.204724
1684926152.944551,12.598425
1684926152.954659,12.598425
1684926152.964661,12.204724
1684926152.974716,12.204724
1684926152.984627,12.204724
1684926152.994654,11.811024
1684926153.004565,11.811024
1684926153.014706,11.811024
1684926153.024608,12.204724
1684926153.034708,12.204724
1684926153.044616,11.417323
1684926153.054590,11.023623
1684926153.064565,11.417323
1684926153.074710,11.417323
1684926153.084305,11.417323
1684926153.094719,11.023623
1684926153.104677,10.629921
1684926153.114653,10.629921
1684926153.124635,10.629921
1684926153.134666,10.629921
1684926153.144634,11.023623
1684926153.154619,11.023623
1684926153.164633,11.417323
1684926153.174707,11.417323
1684926153.184611,11.417323
1684926153.194632,11.417323
1684926153.204655,12.204724
1684926153.214717,12.204724
1684926153.224570,11.417323
1684926153.234635,11.417323
1684926153.244690,11.417323
1684926153.254635,11.417323
1684926153.264702,11.417323
1684926153.274719,12.204724
1684926153.284652,11.811024
1684926153.294719,11.023623
1684926153.304613,10.629921
1684926153.314715,10.629921
1684926153.324589,10.629921
1684926153.334662,11.023623
1684926153.344698,11.417323
1684926153.354661,11.417323
1684926153.364592,11.417323
1684926153.374642,11.417323
1684926153.384599,11.417323
1684926153.394724,11.023623
1684926153.404716,10.629921
1684926153.414663,10.629921
1684926153.424720,10.629921
1684926153.434639,10.236220
1684926153.444596,10.629921
1684926153.454724,10.629921
1684926153.464665,11.417323
1684926153.474703,11.417323
1684926153.484682,11.023623
1684926153.494665,10.629921
1684926153.504615,9.842520
1684926153.514656,9.842520
1684926153.524623,9.842520
1684926153.534684,9.842520
1684926153.544683,9.842520
1684926153.554726,9.842520
1684926153.564640,9.842520
1684926153.574677,9.842520
1684926153.584664,10.236220
1684926153.594772,10.236220
1684926153.604142,10.236220
1684926153.614124,9.842520
1684926153.624141,9.055119
1684926153.634119,9.448819
1684926153.644201,9.448819
1684926153.655226,9.842520
1684926153.664378,9.842520
1684926153.674333,9.055119
1684926153.684469,9.055119
1684926153.694518,9.055119
1684926153.704535,9.448819
1684926153.714618,9.055119
1684926153.724642,9.055119
1684926153.734741,8.661417
1684926153.744765,8.661417
1684926153.754812,9.055119
1684926153.763875,9.055119
1684926153.775030,9.055119
1684926153.783990,8.661417
1684926153.795056,8.267716
1684926153.804119,8.267716
1684926153.815124,8.267716
1684926153.824189,8.267716
1684926153.835243,8.661417
1684926153.844331,8.661417
1684926153.855407,8.661417
1684926153.855409,8.661417
1684926153.864444,7.874016
1684926153.874532,7.874016
1684926153.884518,7.086614
1684926153.894731,7.086614
1684926153.904660,7.086614
1684926153.914696,7.086614
1684926153.924642,7.086614
1684926153.934706,7.086614
1684926153.944626,7.086614
1684926153.954646,7.086614
1684926153.964603,7.086614
1684926153.974703,7.086614
1684926153.984586,7.086614
1684926153.994762,7.086614
1684926154.004661,7.086614
1684926154.015732,7.086614
1684926154.024713,6.299212
1684926154.034750,6.299212
1684926154.044709,6.299212
1684926154.054810,7.086614
1684926154.064690,7.086614
1684926154.074745,7.086614
1684926154.084672,7.086614
1684926154.094732,7.086614
1684926154.104706,7.086614
1684926154.114794,7.086614
1684926154.124604,7.086614
1684926154.135692,7.086614
1684926154.144648,7.086614
1684926154.154731,7.086614
1684926154.164602,7.086614
1684926154.174673,7.086614
1684926154.184676,7.086614
1684926154.194673,7.086614
1684926154.204744,7.086614
1684926154.214671,7.086614
1684926154.224653,7.086614
1684926154.234653,7.086614
1684926154.244675,7.086614
1684926154.254672,7.086614
1684926154.264688,7.086614
1684926154.274715,7.086614
1684926154.284697,7.086614
1684926154.294840,7.086614
1684926154.304691,7.086614
1684926154.314756,7.086614
1684926154.324668,7.086614
1684926154.334734,7.086614
1684926154.344693,7.086614
1684926154.354736,7.480315
1684926154.364711,7.480315
1684926154.374733,7.480315
1684926154.384673,7.480315
1684926154.394764,7.480315
1684926154.404701,7.086614
1684926154.414804,7.086614
1684926154.424626,7.086614
1684926154.434711,7.086614
1684926154.444715,7.086614
1684926154.454731,7.086614
1684926154.464678,7.086614
1684926154.474743,7.086614
1684926154.484696,7.086614
1684926154.494700,7.086614
1684926154.504653,7.086614
1684926154.514755,6.692914
1684926154.524653,6.692914
1684926154.534744,6.692914
1684926154.544730,6.692914
1684926154.554764,6.692914
1684926154.564677,6.692914
1684926154.574756,6.692914
1684926154.584676,7.086614
1684926154.594768,7.086614
1684926154.604653,8.267716
1684926154.614697,8.267716
1684926154.624736,7.086614
1684926154.624796,7.086614
1684926154.634783,6.299212
1684926154.644736,6.299212
1684926154.654739,6.299212
1684926154.664738,6.692914
1684926154.674764,6.692914
1684926154.684703,7.086614
1684926154.694805,7.086614
1684926154.704694,6.692914
1684926154.714785,6.299212
1684926154.724720,6.299212
1684926154.734771,5.905512
1684926154.744677,6.299212
1684926154.754806,5.905512
1684926154.764706,6.299212
1684926154.774768,6.299212
1684926154.784728,6.299212
1684926154.794776,6.299212
1684926154.804764,6.299212
1684926154.814735,6.299212
1684926154.824693,6.299212
1684926154.834705,6.299212
1684926154.844786,6.299212
1684926154.854765,6.299212
1684926154.864741,6.299212
1684926154.874862,6.299212
1684926154.884815,6.299212
1684926154.894764,5.905512
1684926154.904781,5.905512
1684926154.914720,5.511811
1684926154.924660,5.511811
1684926154.934742,5.511811
1684926154.944757,5.905512
1684926154.954740,7.086614
1684926154.964742,7.480315
1684926154.974804,6.299212
1684926154.984843,5.905512
1684926154.994802,5.905512
1684926155.004781,5.905512
1684926155.014744,5.905512
1684926155.024770,5.905512
1684926155.034745,5.905512
1684926155.044724,5.905512
1684926155.054744,5.905512
1684926155.064804,5.905512
1684926155.074814,5.905512
1684926155.084693,5.905512
1684926155.094781,5.905512
1684926155.104740,5.118110
1684926155.104851,5.118110
1684926155.114750,5.118110
1684926155.124726,5.511811
1684926155.134745,5.511811
1684926155.144709,5.905512
1684926155.154763,6.299212
1684926155.164764,6.299212
1684926155.174791,6.299212
1684926155.174845,6.299212
1684926155.184705,6.692914
1684926155.194783,6.692914
1684926155.204725,6.692914
1684926155.214771,6.692914
1684926155.224659,6.692914
1684926155.234765,6.299212
1684926155.244664,6.299212
1684926155.254746,6.299212
1684926155.264706,6.299212
1684926155.265215,6.299212
1684926155.274770,6.299212
1684926155.284691,6.299212
1684926155.294801,6.299212
1684926155.304782,5.905512
1684926155.314750,5.905512
1684926155.324757,5.905512
1684926155.334800,5.905512
1684926155.344553,5.905512
1684926155.354541,5.905512
1684926155.364501,5.905512
1684926155.374541,5.905512
1684926155.384572,5.905512
1684926155.394524,5.905512
1684926155.404543,5.905512
1684926155.414541,5.905512
1684926155.424542,5.905512
1684926155.434703,5.905512
1684926155.444672,5.905512
1684926155.454720,5.905512
1684926155.464799,5.905512
1684926155.474778,5.905512
1684926155.484831,5.905512
1684926155.494895,5.905512
1684926155.504981,5.905512
1684926155.515091,5.905512
1684926155.524105,5.905512
1684926155.535189,5.905512
1684926155.544302,5.905512
1684926155.555312,5.905512
1684926155.564315,5.905512
1684926155.575417,5.905512
1684926155.584451,5.905512
1684926155.595527,5.905512
1684926155.604621,5.905512
1684926155.614654,5.905512
1684926155.616723,5.905512
1684926155.624720,5.511811
1684926155.624815,5.511811
1684926155.634790,5.511811
1684926155.644848,5.511811
1684926155.655072,5.905512
1684926155.664780,5.905512
1684926155.674815,5.905512
1684926155.684866,5.905512
1684926155.694870,5.905512
1684926155.704751,5.511811
1684926155.714818,5.118110
1684926155.724753,5.118110
1684926155.734860,5.118110
1684926155.744790,5.118110
1684926155.754888,5.118110
1684926155.764754,5.118110
1684926155.775836,5.511811
1684926155.784713,5.511811
1684926155.795893,5.905512
1684926155.804754,5.905512
1684926155.814867,5.905512
1684926155.824756,5.905512
1684926155.834883,5.905512
1684926155.844738,5.905512
1684926155.855011,5.905512
1684926155.864750,5.905512
1684926155.874815,5.905512
1684926155.884689,5.905512
1684926155.894779,6.299212
1684926155.904736,6.692914
1684926155.904742,6.692914
1684926155.914824,6.692914
1684926155.924671,6.692914
1684926155.934840,6.299212
1684926155.944753,6.299212
1684926155.954859,6.299212
1684926155.964776,6.299212
1684926155.974805,6.299212
1684926155.984804,6.299212
1684926155.994851,6.299212
1684926156.004864,6.692914
1684926156.014737,6.692914
1684926156.024800,6.692914
1684926156.034820,6.299212
1684926156.044779,6.299212
1684926156.054874,6.299212
1684926156.064775,6.299212
1684926156.074783,6.299212
1684926156.084769,6.299212
1684926156.094790,6.299212
1684926156.104843,6.299212
1684926156.114761,6.299212
1684926156.124768,6.299212
1684926156.134781,6.299212
1684926156.144759,6.299212
1684926156.154840,6.299212
1684926156.164828,7.086614
1684926156.174866,7.086614
1684926156.184764,7.086614
1684926156.194884,7.086614
1684926156.204761,6.692914
1684926156.214802,6.299212
1684926156.224811,6.299212
1684926156.234810,6.299212
1684926156.244808,6.299212
1684926156.254806,6.299212
1684926156.264801,6.299212
1684926156.274816,6.299212
1684926156.284760,6.692914
1684926156.294865,6.692914
1684926156.304790,6.692914
1684926156.314417,6.299212
1684926156.324758,6.299212
1684926156.334809,6.299212
1684926156.344761,6.692914
1684926156.354906,6.692914
1684926156.364785,6.692914
1684926156.374848,6.692914
1684926156.384778,6.692914
1684926156.394915,6.299212
1684926156.404760,6.299212
1684926156.414457,6.299212
1684926156.424766,6.299212
1684926156.434887,6.299212
1684926156.444964,6.299212
1684926156.454929,6.299212
1684926156.464951,6.299212
1684926156.474954,6.299212
1684926156.485023,6.299212
1684926156.494369,6.299212
1684926156.504369,6.299212
1684926156.514366,6.299212
1684926156.524369,6.299212
1684926156.534468,6.299212
1684926156.544388,6.299212
1684926156.554390,6.299212
1684926156.564393,6.299212
1684926156.574413,6.299212
1684926156.584455,6.299212
1684926156.594437,6.299212
1684926156.604439,6.299212
1684926156.614464,6.299212
1684926156.624428,6.299212
1684926156.634441,6.299212
1684926156.644451,6.299212
1684926156.654459,6.299212
1684926156.664476,6.299212
1684926156.674465,6.299212
1684926156.684481,6.299212
1684926156.694470,6.299212
1684926156.704480,6.299212
1684926156.714517,6.299212
1684926156.724483,6.299212
1684926156.734523,6.299212
1684926156.744397,6.299212
1684926156.754516,6.299212
1684926156.764384,6.299212
1684926156.775560,6.299212
1684926156.784379,6.299212
1684926156.794519,6.299212
1684926156.804358,6.299212
1684926156.814541,6.299212
1684926156.824313,6.299212
1684926156.834537,6.299212
1684926156.844346,6.299212
1684926156.854543,6.299212
1684926156.864274,6.299212
1684926156.874835,6.299212
1684926156.884854,6.299212
1684926156.894913,6.299212
1684926156.904916,6.299212
1684926156.914862,6.299212
1684926156.924871,6.299212
1684926156.934852,6.299212
1684926156.944887,6.299212
1684926156.954935,6.692914
1684926156.964947,6.692914
1684926156.974881,6.692914
1684926156.985062,6.692914
1684926156.994880,6.692914
1684926157.004126,6.692914
1684926157.014920,6.692914
1684926157.024266,6.692914
1684926157.034914,6.692914
1684926157.034916,6.692914
1684926157.044899,6.692914
1684926157.054898,6.692914
1684926157.064483,6.692914
1684926157.075003,7.086614
1684926157.084669,7.086614
1684926157.095190,7.086614
1684926157.096482,7.086614
1684926157.104715,7.086614
1684926157.114933,7.086614
1684926157.124871,7.086614
1684926157.124913,7.086614
1684926157.134922,7.086614
1684926157.144963,7.086614
1684926157.155107,7.086614
1684926157.164964,7.086614
1684926157.175186,7.086614
1684926157.184957,7.086614
1684926157.195252,6.692914
1684926157.204934,6.692914
1684926157.215405,6.692914
1684926157.224905,6.692914
1684926157.235523,6.692914
1684926157.244999,6.692914
1684926157.254572,6.692914
1684926157.254576,6.692914
1684926157.264877,7.086614
1684926157.274675,7.086614
1684926157.284840,7.086614
1684926157.294867,7.086614
1684926157.304843,6.299212
1684926157.314916,5.511811
1684926157.324822,4.724410
1684926157.335162,3.937008
1684926157.337284,3.937008
1684926157.344946,2.362205
1684926157.354842,1.968504
1684926157.364778,1.181102
1684926157.375950,0.393701
1684926157.384779,0.000000
1684926157.394901,0.000000
1684926157.404783,0.000000
1684926157.414909,0.000000
1684926157.425880,0.000000
1684926157.435925,0.000000
1684926157.445992,0.000000
1684926157.455921,0.000000
1684926157.465729,0.000000
1684926157.475966,0.000000
1684926157.485905,0.000000
1684926157.495872,0.000000
1684926157.505635,0.000000
1684926157.515973,0.000000
1684926157.524900,0.000000
1684926157.535951,0.000000
1684926157.544996,0.000000
1684926157.555947,0.000000
1684926157.564574,0.000000
1684926157.574855,0.000000
1684926157.584847,0.000000
1684926157.594844,0.000000
1684926157.604846,0.000000
1684926157.614915,0.000000
1684926157.624921,0.000000
1684926157.634944,0.000000
1684926157.644998,0.000000
1684926157.654903,0.000000
1684926157.664458,0.000000
1684926157.674922,0.000000
1684926157.684932,0.000000
1684926157.695993,0.000000
1684926157.704423,0.000000
1684926157.715951,0.000000
1684926157.724921,0.000000
1684926157.735915,0.000000
1684926157.745055,0.000000
1684926157.755989,0.000000
1684926157.764386,0.000000
1684926157.775966,0.000000
1684926157.784884,0.000000
1684926157.794932,0.000000
1684926157.804956,0.000000
1684926157.814974,0.000000
1684926157.824910,0.000000
1684926157.835930,0.000000
1684926157.844937,0.000000
1684926157.855953,0.000000
1684926157.865263,0.000000
1684926157.875960,0.000000
1684926157.884852,0.000000
1684926157.895994,0.000000
1684926157.904942,0.000000
1684926157.915914,0.000000
1684926157.924830,0.000000
1684926157.935981,0.000000
1684926157.944875,0.000000
1684926157.944946,0.000000
1684926157.955124,0.000000
1684926157.964920,0.000000
1684926157.975009,0.000000
1684926157.984866,0.000000
1684926157.994885,0.000000
1684926158.004811,0.000000
1684926158.014948,0.000000
1684926158.024933,0.000000
1684926158.034988,0.000000
1684926158.044857,0.000000
1684926158.054935,0.000000
1684926158.064110,0.000000
1684926158.075025,0.000000
1684926158.084909,0.000000
1684926158.094980,0.000000
1684926158.104841,0.000000
1684926158.115989,0.000000
1684926158.124912,0.000000
1684926158.136173,0.000000
1684926158.144910,0.000000
1684926158.156023,0.000000
1684926158.165101,0.000000
1684926158.175985,0.000000
1684926158.184831,0.000000
1684926158.196574,0.000000
1684926158.205184,0.000000
1684926158.205252,0.000000
1684926158.215878,0.000000
1684926158.224910,0.000000
1684926158.235998,0.000000
1684926158.244936,0.000000
1684926158.255966,0.000000
1684926158.264175,0.000000
1684926158.275914,0.000000
1684926158.284144,0.000000
1684926158.296218,0.000000
1684926158.304150,0.000000
1684926158.315224,0.000000
1684926158.324142,0.000000
1684926158.335159,0.000000
1684926158.345235,0.000000
1684926158.355214,0.000000
1684926158.364146,0.000000
1684926158.376186,0.000000
1684926158.384186,0.000000
1684926158.396180,0.000000
1684926158.405218,0.000000
1684926158.416272,0.000000
1684926158.424146,0.000000
1684926158.436213,0.000000
1684926158.444195,0.000000
1684926158.456225,0.000000
1684926158.464191,0.000000
1684926158.476281,0.000000
1684926158.484269,0.000000
1684926158.496211,0.000000
1684926158.504177,0.000000
1684926158.516213,0.000000
1684926158.524194,0.000000
1684926158.536212,0.000000
1684926158.544240,0.000000
1684926158.556228,0.000000
1684926158.564216,0.000000
1684926158.576270,0.000000
1684926158.584338,0.000000
1684926158.595354,0.000000
1684926158.604424,0.000000
1684926158.615507,0.000000
1684926158.624631,0.000000
1684926158.634587,0.000000
1684926158.644647,0.000000
1684926158.654698,0.000000
1684926158.664763,0.000000
1684926158.675814,0.000000
1684926158.684988,0.000000
1684926158.695966,0.000000
1684926158.704918,0.000000
1684926158.715966,0.000000
1684926158.724865,0.000000
1684926158.734950,0.000000
1684926158.745023,0.000000
1684926158.755943,0.000000
1684926158.764927,0.000000
1684926158.775999,0.000000
1684926158.784924,0.000000
1684926158.796046,0.000000
1684926158.805920,0.000000
1684926158.815940,0.000000
1684926158.825947,0.000000
1684926158.835945,0.000000
1684926158.844841,0.000000
1684926158.855989,0.000000
1684926158.864923,0.000000
1684926158.875007,0.000000
1684926158.884863,0.000000
1684926158.896016,0.000000
1684926158.904961,0.000000
1684926158.914976,0.000000
1684926158.924921,0.000000
1684926158.935962,0.000000
1684926158.944966,0.000000
1684926158.956025,0.000000
1684926158.964984,0.000000
1684926158.976035,0.000000
1684926158.985048,0.000000
1684926158.996298,0.000000
1684926159.005034,0.000000
1684926159.015077,0.000000
1684926159.025005,0.000000
1684926159.035328,0.000000
1684926159.045017,0.000000
1684926159.055052,0.000000
1684926159.064919,0.000000
1684926159.075343,0.000000
1684926159.085040,0.000000
1684926159.095084,0.000000
1684926159.105038,0.000000
1684926159.115031,0.000000
1684926159.124948,0.000000
1684926159.135339,0.000000
1684926159.145031,0.000000
1684926159.155038,0.000000
1684926159.164978,0.000000
1684926159.176020,0.000000
1684926159.184948,0.000000
1684926159.196073,0.000000
1684926159.205028,0.000000
1684926159.216085,0.000000
1684926159.225058,0.000000
1684926159.235106,0.000000
1684926159.245014,0.000000
1684926159.255090,0.000000
1684926159.265030,0.000000
1684926159.275039,0.000000
1684926159.285029,0.000000
1684926159.295100,0.000000
1684926159.305019,0.000000
1684926159.315077,0.000000
1684926159.325079,0.000000
1684926159.335001,0.000000
1684926159.345073,0.000000
1684926159.354995,0.000000
1684926159.364971,0.000000
1684926159.375015,0.000000
1684926159.385075,0.000000
1684926159.395078,0.000000
1684926159.405014,0.000000
1684926159.415037,0.000000
1684926159.424941,0.000000
1684926159.435056,0.000000
1684926159.444973,0.000000
1684926159.455063,0.000000
1684926159.464977,0.000000
1684926159.475063,0.000000
1684926159.485015,0.000000
1684926159.495049,0.000000
1684926159.504953,0.000000
1684926159.516012,0.000000
1684926159.524976,0.000000
1684926159.535066,0.000000
1684926159.544954,0.000000
1684926159.556063,0.000000
1684926159.565067,0.000000
1684926159.576085,0.000000
1684926159.584978,0.000000
1684926159.596059,0.000000
1684926159.604977,0.000000
1684926159.615064,0.000000
1684926159.625025,0.000000
1684926159.635086,0.000000
1684926159.644997,0.000000
1684926159.655081,0.000000
1684926159.664957,0.000000
1684926159.676066,0.000000
1684926159.684997,0.000000
1684926159.695058,0.000000
1684926159.704988,0.000000
1684926159.715083,0.000000
1684926159.725002,0.000000
1684926159.735063,0.000000
1684926159.745059,0.000000
1684926159.755129,0.000000
1684926159.765043,0.000000
1684926159.776103,0.000000
1684926159.784999,0.000000
1684926159.795109,0.000000
1684926159.805057,0.000000
1684926159.815219,0.000000
1684926159.825063,0.000000
1684926159.836185,0.000000
1684926159.845047,0.000000
1684926159.855173,0.000000
1684926159.865061,0.000000
1684926159.876115,0.000000
1684926159.885061,0.000000
1684926159.895181,0.000000
1684926159.905098,0.000000
1684926159.915072,0.000000
1684926159.925056,0.000000
1684926159.936102,0.000000
1684926159.945142,0.000000
1684926159.956065,0.000000
1684926159.965109,0.000000
1684926159.975047,0.000000
1684926159.975047,0.000000
1684926159.985183,0.000000
1684926159.996089,0.000000
1684926160.005137,0.000000
1684926160.015056,0.000000
1684926160.025057,0.000000
1684926160.035555,0.000000
1684926160.045063,0.000000
1684926160.055553,0.000000
1684926160.065004,0.000000
1684926160.075620,0.000000
1684926160.085145,0.000000
1684926160.095577,0.000000
1684926160.095668,0.000000
1684926160.105062,0.000000
1684926160.115566,0.000000
1684926160.124964,0.000000
1684926160.135597,0.000000
1684926160.144904,0.000000
1684926160.155584,0.000000
1684926160.164921,0.000000
1684926160.175596,0.000000
1684926160.184983,0.000000
1684926160.195622,0.000000
1684926160.205112,0.000000
1684926160.215667,0.000000
1684926160.225248,0.000000
1684926160.235617,0.000000
1684926160.245381,0.000000
1684926160.255632,0.000000
1684926160.255633,0.000000
1684926160.265403,0.000000
1684926160.275616,0.000000
1684926160.285564,0.000000
1684926160.295618,0.000000
1684926160.304690,0.000000
1684926160.315718,0.000000
1684926160.324696,0.000000
1684926160.335811,0.000000
1684926160.344976,0.000000
1684926160.355919,0.000000
1684926160.364952,0.000000
1684926160.375054,0.000000
1684926160.385062,0.000000
1684926160.395049,0.000000
1684926160.405125,0.000000
1684926160.416069,0.000000
1684926160.425126,0.000000
1684926160.436193,0.000000
1684926160.445028,0.000000
1684926160.455098,0.000000
1684926160.465093,0.000000
1684926160.475115,0.000000
1684926160.485065,0.000000
1684926160.495112,0.000000
1684926160.505027,0.000000
1684926160.515160,0.000000
1684926160.525066,0.000000
1684926160.535008,0.000000
1684926160.544981,0.000000
1684926160.555025,0.000000
1684926160.564990,0.000000
1684926160.576077,0.000000
1684926160.584991,0.000000
1684926160.595096,0.000000
1684926160.604948,0.000000
1684926160.615058,0.000000
1684926160.624996,0.000000
1684926160.635079,0.000000
1684926160.645008,0.000000
1684926160.655055,0.000000
1684926160.664996,0.000000
1684926160.675093,0.000000
1684926160.685070,0.000000
1684926160.695105,0.000000
1684926160.705042,0.000000
1684926160.715101,0.000000
1684926160.725068,0.000000
1684926160.735143,0.000000
1684926160.745014,0.000000
1684926160.755176,0.000000
1684926160.765303,0.000000
1684926160.776132,0.000000
1684926160.785074,0.000000
1684926160.795039,0.000000
1684926160.804980,0.000000
1684926160.816101,0.000000
1684926160.825254,0.000000
1684926160.835733,0.000000
1684926160.844711,0.000000
1684926160.854722,0.000000
1684926160.865217,0.000000
1684926160.875726,0.000000
1684926160.885748,0.000000
1684926160.894772,0.000000
1684926160.904746,0.000000
1684926160.914744,0.000000
1684926160.924739,0.000000
1684926160.935781,0.000000
1684926160.944767,0.000000
1684926160.954744,0.000000
1684926160.965074,0.000000
1684926160.975813,0.000000
1684926160.985118,0.000000
1684926160.995770,0.000000
1684926161.005249,0.000000
1684926161.015827,0.000000
1684926161.025348,0.000000
1684926161.035769,0.000000
1684926161.044793,0.000000
1684926161.055787,0.000000
1684926161.065596,0.000000
1684926161.075767,0.000000
1684926161.084658,0.000000
1684926161.095794,0.000000
1684926161.105022,0.000000
1684926161.116007,0.000000
1684926161.124953,0.000000
1684926161.136104,0.000000
1684926161.145082,0.000000
1684926161.155086,0.000000
1684926161.165148,0.000000
1684926161.176170,0.000000
1684926161.185091,0.000000
1684926161.196058,0.000000
1684926161.205999,0.000000
1684926161.216129,0.000000
1684926161.224986,0.000000
1684926161.236122,0.000000
1684926161.246186,0.000000
1684926161.256121,0.000000
1684926161.266104,0.000000
1684926161.276146,0.000000
1684926161.286002,0.000000
1684926161.296108,0.000000
1684926161.306418,0.000000
1684926161.316227,0.000000
1684926161.326077,0.000000
1684926161.336128,0.000000
1684926161.346019,0.000000
1684926161.355076,0.000000
1684926161.365052,0.000000
1684926161.375134,0.000000
1684926161.385087,0.000000
1684926161.395297,0.000000
1684926161.405122,0.000000
1684926161.415130,0.000000
1684926161.425065,0.000000
1684926161.435139,0.000000
1684926161.444975,0.000000
1684926161.455138,0.000000
1684926161.465145,0.000000
1684926161.475128,0.000000
1684926161.485110,0.000000
1684926161.495128,0.000000
1684926161.504988,0.000000
1684926161.516064,0.000000
1684926161.525083,0.000000
1684926161.535067,0.000000
1684926161.545107,0.000000
1684926161.555127,0.000000
1684926161.565031,0.000000
1684926161.575090,0.000000
1684926161.585108,0.000000
1684926161.595096,0.000000
1684926161.605045,0.000000
1684926161.615061,0.000000
1684926161.625026,0.000000
1684926161.635146,0.000000
1684926161.645434,0.000000
1684926161.655143,0.000000
1684926161.665107,0.000000
1684926161.675151,0.000000
1684926161.685136,0.000000
1684926161.695134,0.000000
1684926161.705243,0.000000
1684926161.715148,0.000000
1684926161.725108,0.000000
1684926161.735116,0.000000
1684926161.745065,0.000000
1684926161.755068,0.000000
1684926161.765012,0.000000
1684926161.776131,0.000000
1684926161.785089,0.000000
1684926161.795156,0.000000
1684926161.805047,0.000000
1684926161.815126,0.000000
1684926161.825034,0.000000
1684926161.835199,0.000000
1684926161.845123,0.000000
1684926161.855133,0.000000
1684926161.865041,0.000000
1684926161.875098,0.000000
1684926161.885447,0.000000
1684926161.895098,0.000000
1684926161.905093,0.000000
1684926161.915201,0.000000
1684926161.925048,0.000000
1684926161.935175,0.000000
1684926161.945097,0.000000
1684926161.955112,0.000000
1684926161.965125,0.000000
1684926161.975098,0.000000
1684926161.985180,0.000000
1684926161.995093,0.000000
1684926162.005178,0.000000
1684926162.015133,0.000000
1684926162.025092,0.000000
1684926162.035180,0.000000
1684926162.045037,0.000000
1684926162.055143,0.000000
1684926162.065115,0.000000
1684926162.075162,0.000000
1684926162.085091,0.000000
1684926162.095176,0.000000
1684926162.105075,0.000000
1684926162.115121,0.000000
1684926162.125028,0.000000
1684926162.134889,0.000000
1684926162.145107,0.000000
1684926162.155180,0.000000
1684926162.165101,0.000000
1684926162.175269,0.000000
1684926162.185090,0.000000
1684926162.195207,0.000000
1684926162.205096,0.000000
1684926162.215149,0.000000
1684926162.215733,0.000000
1684926162.225140,0.000000
1684926162.235238,0.000000
1684926162.245101,0.000000
1684926162.255117,0.000000
1684926162.265063,0.000000
1684926162.275169,0.000000
1684926162.285116,0.000000
1684926162.295160,0.000000
1684926162.305129,0.000000
1684926162.315096,0.000000
1684926162.325142,0.000000
1684926162.335144,0.000000
1684926162.345119,0.000000
1684926162.355198,0.000000
1684926162.365077,0.000000
1684926162.375283,0.000000
1684926162.385163,0.000000
1684926162.395188,0.000000
1684926162.405164,0.000000
1684926162.415266,0.000000
1684926162.425106,0.000000
1684926162.435215,0.000000
1684926162.445218,0.000000
1684926162.455183,0.000000
1684926162.465142,0.000000
1684926162.475188,0.000000
1684926162.485093,0.000000
1684926162.495265,0.000000
1684926162.505104,0.000000
1684926162.515262,0.000000
1684926162.525124,0.000000
1684926162.535185,0.000000
1684926162.545145,0.000000
1684926162.555145,0.000000
1684926162.565102,0.000000
1684926162.575156,0.000000
1684926162.585133,0.000000
1684926162.595204,0.000000
1684926162.605119,0.000000
1684926162.615183,0.000000
1684926162.625139,0.000000
1684926162.635137,0.000000
1684926162.645128,0.000000
1684926162.655147,0.000000
1684926162.665193,0.000000
1684926162.675128,0.000000
1684926162.685149,0.000000
1684926162.695191,0.000000
1684926162.705162,0.000000
1684926162.715143,0.000000
1684926162.725172,0.000000
1684926162.735165,0.000000
1684926162.745142,0.000000
1684926162.755174,0.000000
1684926162.765378,0.000000
1684926162.776195,0.000000
1684926162.784476,0.000000
1684926162.795213,0.000000
1684926162.805584,0.000000
1684926162.815176,0.000000
1684926162.824723,0.000000
1684926162.835169,0.000000
1684926162.845203,0.000000
1684926162.855177,0.000000
1684926162.864887,0.000000
1684926162.875169,0.000000
1684926162.885005,0.000000
1684926162.895170,0.000000
1684926162.905089,0.000000
1684926162.915205,0.000000
1684926162.925204,0.000000
1684926162.936224,0.000000
1684926162.945309,0.000000
1684926162.956261,0.000000
1684926162.965176,0.000000
1684926162.975210,0.000000
1684926162.977317,0.000000
1684926162.985110,0.000000
1684926162.995252,0.000000
1684926163.005129,0.000000
1684926163.015213,0.000000
1684926163.025142,0.000000
1684926163.035248,0.000000
1684926163.045262,0.000000
1684926163.055235,0.000000
1684926163.065088,0.000000
1684926163.075212,0.000000
1684926163.085150,0.000000
1684926163.095234,0.000000
1684926163.105155,0.000000
1684926163.115238,0.000000
1684926163.125279,0.000000
1684926163.135234,0.000000
1684926163.145232,0.000000
1684926163.155236,0.000000
1684926163.165195,0.000000
1684926163.175268,0.000000
1684926163.185129,0.000000
1684926163.195370,0.000000
1684926163.205134,0.000000
1684926163.215284,0.000000
1684926163.225117,0.000000
1684926163.235256,0.000000
1684926163.245300,0.000000
1684926163.255275,0.000000
1684926163.265089,0.000000
1684926163.275275,0.000000
1684926163.285112,0.000000
1684926163.295281,0.000000
1684926163.305116,0.000000
1684926163.315287,0.000000
1684926163.325189,0.000000
1684926163.335300,0.000000
1684926163.345296,0.000000
1684926163.355301,0.000000
1684926163.365241,0.000000
1684926163.375304,0.000000
1684926163.385146,0.000000
1684926163.395299,0.000000
1684926163.405331,0.000000
1684926163.415299,0.000000
1684926163.425134,0.000000
1684926163.435324,0.000000
1684926163.445327,0.000000
1684926163.455323,0.000000
1684926163.465209,0.000000
1684926163.475326,0.000000
1684926163.485160,0.000000
1684926163.495326,0.000000
1684926163.505134,0.000000
1684926163.515356,0.000000
1684926163.525129,0.000000
1684926163.535332,0.000000
1684926163.545345,0.000000
1684926163.555361,0.000000
1684926163.565175,0.000000
1684926163.565178,0.000000
1684926163.575347,0.000000
1684926163.585120,0.000000
1684926163.585122,0.000000
1684926163.595374,0.000000
1684926163.605117,0.000000
1684926163.615372,0.000000
1684926163.625220,0.000000
1684926163.635370,0.000000
1684926163.644414,0.000000
1684926163.655381,0.000000
1684926163.665183,0.000000
1684926163.675364,0.000000
1684926163.685143,0.000000
1684926163.695374,0.000000
1684926163.695447,0.000000
1684926163.705124,0.000000
1684926163.716608,0.000000
1684926163.725187,0.000000
1684926163.735369,0.000000
1684926163.744386,0.000000
1684926163.755379,0.000000
1684926163.765138,0.000000
1684926163.775416,0.000000
1684926163.785170,0.000000
1684926163.795403,0.000000
1684926163.805180,0.000000
1684926163.815200,0.000000
1684926163.825293,0.000000
1684926163.835293,0.000000
1684926163.845186,0.000000
1684926163.855295,0.000000
1684926163.865209,0.000000
1684926163.875240,0.000000
1684926163.885185,0.000000
1684926163.895292,0.000000
1684926163.905183,0.000000
1684926163.915298,0.000000
1684926163.925183,0.000000
1684926163.935372,0.000000
1684926163.944414,0.000000
1684926163.955476,0.000000
1684926163.965183,0.000000
1684926163.975245,0.000000
1684926163.985178,0.000000
1684926163.995245,0.000000
1684926164.005252,0.000000
1684926164.015218,0.000000
1684926164.025200,0.000000
1684926164.035266,0.000000
1684926164.045211,0.000000
1684926164.055224,0.000000
1684926164.065248,0.000000
1684926164.075294,0.000000
1684926164.085453,0.000000
1684926164.097287,0.000000
1684926164.105492,0.000000
1684926164.115536,0.000000
1684926164.125537,0.000000
1684926164.135117,0.000000
1684926164.144453,0.000000
1684926164.155520,0.000000
1684926164.164525,0.000000
1684926164.175477,0.000000
1684926164.184485,0.000000
1684926164.195505,0.000000
1684926164.205495,0.000000
1684926164.215474,0.000000
1684926164.224488,0.000000
1684926164.235493,0.000000
1684926164.244486,0.000000
1684926164.255510,0.000000
1684926164.264496,0.000000
1684926164.275522,0.000000
1684926164.284494,0.000000
1684926164.295489,0.000000
1684926164.305593,0.000000
1684926164.315517,0.000000
1684926164.324523,0.000000
1684926164.335625,0.000000
1684926164.344499,0.000000
1684926164.355548,0.000000
1684926164.364571,0.000000
1684926164.375576,0.000000
1684926164.384564,0.000000
1684926164.395547,0.000000
1684926164.405524,0.000000
1684926164.415522,0.000000
1684926164.424520,0.000000
1684926164.435527,0.000000
1684926164.444549,0.000000
1684926164.455588,0.000000
1684926164.464545,0.000000
1684926164.475524,0.000000
1684926164.484690,0.000000
1684926164.494637,0.000000
1684926164.504841,0.000000
1684926164.515566,0.000000
1684926164.524948,0.000000
1684926164.535557,0.000000
1684926164.555423,0.000000
1684926164.556542,0.000000
1684926164.565175,0.000000
1684926164.575635,0.000000
1684926164.585213,0.000000
1684926164.595571,0.000000
1684926164.605132,0.000000
1684926164.615630,0.000000
1684926164.625173,0.000000
1684926164.635583,0.000000
1684926164.645587,0.000000
1684926164.655641,0.000000
1684926164.665275,0.000000
1684926164.675694,0.000000
1684926164.685245,0.000000
1684926164.695583,0.000000
1684926164.705189,0.000000
1684926164.715615,0.000000
1684926164.725136,0.000000
1684926164.735595,0.000000
1684926164.744597,0.000000
1684926164.755637,0.000000
1684926164.765216,0.000000
1684926164.775639,0.000000
1684926164.785120,0.000000
1684926164.794646,0.000000
1684926164.805309,0.000000
1684926164.815660,0.000000
1684926164.825301,0.000000
1684926164.834653,0.000000
1684926164.844634,0.000000
1684926164.855630,0.000000
1684926164.865217,0.000000
1684926164.874633,0.000000
1684926164.885173,0.000000
1684926164.895678,0.000000
1684926164.905175,0.000000
1684926164.915661,0.000000
1684926164.925195,0.000000
1684926164.935657,0.000000
1684926164.944665,0.000000
1684926164.954647,0.000000
1684926164.965214,0.000000
1684926164.975678,0.000000
1684926164.985223,0.000000
1684926164.986375,0.000000
1684926164.994639,0.000000
1684926165.005186,0.000000
1684926165.015677,0.000000
1684926165.025152,0.000000
1684926165.035653,0.000000
1684926165.044659,0.000000
1684926165.055830,0.000000
1684926165.065259,0.000000
1684926165.074653,0.000000
1684926165.085259,0.000000
1684926165.095692,0.000000
1684926165.105260,0.000000
1684926165.114763,0.000000
1684926165.125262,0.000000
1684926165.134696,0.000000
1684926165.145209,0.000000
1684926165.154681,0.000000
1684926165.165206,0.000000
1684926165.174710,0.000000
1684926165.185166,0.000000
1684926165.194696,0.000000
1684926165.205165,0.000000
1684926165.214730,0.000000
1684926165.225165,0.000000
1684926165.234724,0.000000
1684926165.244787,0.000000
1684926165.255741,0.000000
1684926165.265286,0.000000
1684926165.274724,0.000000
1684926165.285201,0.000000
1684926165.294731,0.000000
1684926165.305204,0.000000
1684926165.315728,0.000000
1684926165.325238,0.000000
1684926165.334782,0.000000
1684926165.344752,0.000000
1684926165.355719,0.000000
1684926165.365183,0.000000
1684926165.374752,0.000000
1684926165.385189,0.000000
1684926165.395775,0.000000
1684926165.405223,0.000000
1684926165.414749,0.000000
1684926165.425229,0.000000
1684926165.435772,0.000000
1684926165.444756,0.000000
1684926165.455768,0.000000
1684926165.465304,0.000000
1684926165.474792,0.000000
1684926165.485247,0.000000
1684926165.494750,0.000000
1684926165.505340,0.000000
1684926165.515796,0.000000
1684926165.524558,0.000000
1684926165.534672,0.000000
1684926165.544558,0.000000
1684926165.555558,0.000000
1684926165.564597,0.000000
1684926165.575618,0.000000
1684926165.584577,0.000000
1684926165.595576,0.000000
1684926165.604622,0.000000
1684926165.615727,0.000000
1684926165.624600,0.000000
1684926165.635882,0.000000
1684926165.645165,0.000000
1684926165.655169,0.000000
1684926165.665196,0.000000
1684926165.675163,0.000000
1684926165.685119,0.000000
1684926165.695153,0.000000
1684926165.705190,0.000000
1684926165.715292,0.000000
1684926165.724647,0.000000
1684926165.735390,0.000000
1684926165.745376,0.000000
1684926165.755480,0.000000
1684926165.764572,0.000000
1684926165.764796,0.000000
1684926165.775604,0.000000
1684926165.784645,0.000000
1684926165.796715,0.000000
1684926165.804837,0.000000
1684926165.814832,0.000000
1684926165.824839,0.000000
1684926165.834840,0.000000
1684926165.844897,0.000000
1684926165.854943,0.000000
1684926165.864897,0.000000
1684926165.874858,0.000000
1684926165.884974,0.000000
1684926165.894864,0.000000
1684926165.904892,0.000000
1684926165.914965,0.000000
1684926165.924969,0.000000
1684926165.934853,0.000000
1684926165.944896,0.000000
1684926165.954909,0.000000
1684926165.964875,0.000000
1684926165.974874,0.000000
1684926165.984906,0.000000
1684926165.994972,0.000000
1684926166.004880,0.000000
1684926166.014879,0.000000
1684926166.024895,0.000000
1684926166.034897,0.000000
1684926166.044925,0.000000
1684926166.054876,0.000000
1684926166.064903,0.000000
1684926166.074907,0.000000
1684926166.084929,0.000000
1684926166.094906,0.000000
1684926166.104926,0.000000
1684926166.114923,0.000000
1684926166.124923,0.000000
1684926166.135178,0.000000
1684926166.144942,0.000000
1684926166.154938,0.000000
1684926166.164949,0.000000
1684926166.174967,0.000000
1684926166.185048,0.000000
1684926166.194908,0.000000
1684926166.205043,0.000000
1684926166.214924,0.000000
1684926166.225073,0.000000
1684926166.234949,0.000000
1684926166.244941,0.000000
1684926166.254939,0.000000
1684926166.265049,0.000000
1684926166.275954,0.000000
1684926166.285086,0.000000
1684926166.295971,0.000000
1684926166.305127,0.000000
1684926166.315967,0.000000
1684926166.325228,0.000000
1684926166.335956,0.000000
1684926166.344949,0.000000
1684926166.355968,0.000000
1684926166.365195,0.000000
1684926166.375961,0.000000
1684926166.385258,0.000000
1684926166.395972,0.000000
1684926166.405040,0.000000
1684926166.415989,0.000000
1684926166.425099,0.000000
1684926166.425094,0.000000
1684926166.434971,0.000000
1684926166.445056,0.000000
1684926166.454989,0.000000
1684926166.465283,0.000000
1684926166.474989,0.000000
1684926166.485027,0.000000
1684926166.494988,0.000000
1684926166.504970,0.000000
1684926166.514983,0.000000
1684926166.525136,0.000000
1684926166.534975,0.000000
1684926166.545027,0.000000
1684926166.554985,0.000000
1684926166.565037,0.000000
1684926166.575018,0.000000
1684926166.585088,0.000000
1684926166.595026,0.000000
1684926166.605141,0.000000
1684926166.615007,0.000000
1684926166.625232,0.000000
1684926166.635028,0.000000
1684926166.645036,0.000000
1684926166.655051,0.000000
1684926166.665183,0.000000
1684926166.675025,0.000000
1684926166.685204,0.000000
1684926166.695027,0.000000
1684926166.705027,0.000000
1684926166.715074,0.000000
1684926166.725218,0.000000
1684926166.735051,0.000000
1684926166.745069,0.000000
1684926166.755043,0.000000
1684926166.765071,0.000000
1684926166.776065,0.000000
1684926166.785079,0.000000
1684926166.795056,0.000000
1684926166.805067,0.000000
1684926166.815065,0.000000
1684926166.825244,0.000000
1684926166.835138,0.000000
1684926166.845053,0.000000
1684926166.855080,0.000000
1684926166.865057,0.000000
1684926166.875057,0.000000
1684926166.885081,0.000000
1684926166.895055,0.000000
1684926166.905074,0.000000
1684926166.915063,0.000000
1684926166.925372,0.000000
1684926166.935098,0.000000
1684926166.945108,0.000000
1684926166.955101,0.000000
1684926166.965146,0.000000
1684926166.975202,0.000000
1684926166.985096,0.000000
1684926166.995083,0.000000
1684926167.005077,0.000000
1684926167.015127,0.000000
1684926167.024746,0.000000
1684926167.035139,0.000000
1684926167.045147,0.000000
1684926167.055133,0.000000
1684926167.065120,0.000000
1684926167.075172,0.000000
1684926167.085099,0.000000
1684926167.095121,0.000000
1684926167.105217,0.000000
1684926167.115309,0.000000
1684926167.125377,0.000000
1684926167.135780,0.000000
1684926167.145505,0.000000
1684926167.155495,0.000000
1684926167.164541,0.000000
1684926167.174606,0.000000
1684926167.185683,0.000000
1684926167.194754,0.000000
1684926167.204862,0.000000
1684926167.214861,0.000000
1684926167.224898,0.000000
1684926167.234960,0.000000
1684926167.245155,0.000000
1684926167.246566,0.000000
1684926167.255058,0.000000
1684926167.265141,0.000000
1684926167.275172,0.000000
1684926167.285288,0.000000
1684926167.295312,0.000000
1684926167.305331,0.000000
1684926167.314663,0.000000
1684926167.324545,0.000000
1684926167.334589,0.000000
1684926167.344665,0.000000
1684926167.354674,0.000000
1684926167.364730,0.000000
1684926167.374774,0.000000
1684926167.384881,0.000000
1684926167.394938,0.000000
1684926167.405007,0.000000
1684926167.415039,0.000000
1684926167.425126,0.000000
1684926167.435143,0.000000
1684926167.445336,0.000000
1684926167.455307,0.000000
1684926167.465403,0.000000
1684926167.475384,0.000000
1684926167.485489,0.000000
1684926167.495501,0.000000
1684926167.504504,0.000000
1684926167.515654,0.000000
1684926167.524664,0.000000
1684926167.534739,0.000000
1684926167.544805,0.000000
1684926167.554909,0.000000
1684926167.564942,0.000000
1684926167.574955,0.000000
1684926167.585040,0.000000
1684926167.595170,0.000000
1684926167.605213,0.000000
1684926167.615220,0.000000
1684926167.625212,0.000000
1684926167.635252,0.000000
1684926167.645231,0.000000
1684926167.655263,0.000000
1684926167.665293,0.000000
1684926167.675210,0.000000
1684926167.685242,0.000000
1684926167.695261,0.000000
1684926167.705256,0.000000
1684926167.715265,0.000000
1684926167.725251,0.000000
1684926167.735289,0.000000
1684926167.745264,0.000000
1684926167.756129,0.000000
1684926167.765253,0.000000
1684926167.775304,0.000000
1684926167.785284,0.000000
1684926167.795274,0.000000
1684926167.805289,0.000000
1684926167.814921,0.000000
1684926167.825259,0.000000
1684926167.835277,0.000000
1684926167.845297,0.000000
1684926167.854996,0.000000
1684926167.865297,0.000000
1684926167.875281,0.000000
1684926167.885338,0.000000
1684926167.895316,0.000000
1684926167.905293,0.000000
1684926167.915311,0.000000
1684926167.916616,0.000000
1684926167.925300,0.000000
1684926167.935439,0.000000
1684926167.945299,0.000000
1684926167.954868,0.000000
1684926167.965403,0.000000
1684926167.975385,0.000000
1684926167.985312,0.000000
1684926167.995317,0.000000
1684926168.005313,0.000000
1684926168.015326,0.000000
1684926168.025319,0.000000
1684926168.035312,0.000000
1684926168.045321,0.000000
1684926168.055757,0.000000
1684926168.065330,0.000000
1684926168.075352,0.000000
1684926168.085322,0.000000
1684926168.095356,0.000000
1684926168.105344,0.000000
1684926168.116318,0.000000
1684926168.125339,0.000000
1684926168.135348,0.000000
1684926168.145356,0.000000
1684926168.155666,0.000000
1684926168.165339,0.000000
1684926168.165338,0.000000
1684926168.175394,0.000000
1684926168.185347,0.000000
1684926168.195369,0.000000
1684926168.205375,0.000000
1684926168.215365,0.000000
1684926168.225370,0.000000
1684926168.235389,0.000000
1684926168.235467,0.000000
1684926168.245426,0.000000
1684926168.255538,0.000000
1684926168.265375,0.000000
1684926168.275353,0.000000
1684926168.285366,0.000000
1684926168.295668,0.000000
1684926168.305397,0.000000
1684926168.315386,0.000000
1684926168.325369,0.000000
1684926168.335375,0.000000
1684926168.345387,0.000000
1684926168.355594,0.000000
1684926168.365388,0.000000
1684926168.375409,0.000000
1684926168.385390,0.000000
1684926168.395383,0.000000
1684926168.405391,0.000000
1684926168.415429,0.000000
1684926168.425417,0.000000
1684926168.435430,0.000000
1684926168.445453,0.000000
1684926168.455428,0.000000
1684926168.465442,0.000000
1684926168.475536,0.000000
1684926168.485389,0.000000
1684926168.495430,0.000000
1684926168.505435,0.000000
1684926168.515465,0.000000
1684926168.525503,0.000000
1684926168.535457,0.000000
1684926168.545459,0.000000
1684926168.555431,0.000000
1684926168.565415,0.000000
1684926168.575453,0.000000
1684926168.585446,0.000000
1684926168.595429,0.000000
1684926168.605449,0.000000
1684926168.615429,0.000000
1684926168.625431,0.000000
1684926168.635455,0.000000
1684926168.645453,0.000000
1684926168.655452,0.000000
1684926168.665450,0.000000
1684926168.675452,0.000000
1684926168.685451,0.000000
1684926168.695500,0.000000
1684926168.705455,0.000000
1684926168.715465,0.000000
1684926168.725498,0.000000
1684926168.735483,0.000000
1684926168.745485,0.000000
1684926168.754986,0.000000
1684926168.765477,0.000000
1684926168.775481,0.000000
1684926168.785501,0.000000
1684926168.795476,0.000000
1684926168.805485,0.000000
1684926168.815499,0.000000
1684926168.825479,0.000000
1684926168.835496,0.000000
1684926168.845481,0.000000
1684926168.855608,0.000000
1684926168.864693,0.000000
1684926168.875825,0.000000
1684926168.884691,0.000000
1684926168.895746,0.000000
1684926168.904814,0.000000
1684926168.914927,0.000000
1684926168.924958,0.000000
1684926168.935026,0.000000
1684926168.945060,0.000000
1684926168.954860,0.000000
1684926168.965186,0.000000
1684926168.975262,0.000000
1684926168.985280,0.000000
1684926168.995333,0.000000
1684926169.005393,0.000000
1684926169.015568,0.000000
1684926169.025551,0.000000
1684926169.035644,0.000000
1684926169.045669,0.000000
1684926169.055780,0.000000
1684926169.064772,0.000000
1684926169.074944,0.000000
1684926169.084902,0.000000
1684926169.095946,0.000000
1684926169.104977,0.000000
1684926169.115110,0.000000
1684926169.125122,0.000000
1684926169.135192,0.000000
1684926169.145328,0.000000
1684926169.155384,0.000000
1684926169.165381,0.000000
1684926169.175438,0.000000
1684926169.185572,0.000000
1684926169.195565,0.000000
1684926169.205581,0.000000
1684926169.215688,0.000000
1684926169.224747,0.000000
1684926169.235634,0.000000
1684926169.245571,0.000000
1684926169.255635,0.000000
1684926169.265636,0.000000
1684926169.275586,0.000000
1684926169.284599,0.000000
1684926169.295612,0.000000
1684926169.305612,0.000000
1684926169.315610,0.000000
1684926169.324622,0.000000
1684926169.335623,0.000000
1684926169.344700,0.000000
1684926169.355645,0.000000
1684926169.365615,0.000000
1684926169.375645,0.000000
1684926169.384598,0.000000
1684926169.395624,0.000000
1684926169.405607,0.000000
1684926169.405610,0.000000
1684926169.415645,0.000000
1684926169.424612,0.000000
1684926169.435631,0.000000
1684926169.444659,0.000000
1684926169.455644,0.000000
1684926169.465276,0.000000
1684926169.475614,0.000000
1684926169.485646,0.000000
1684926169.495698,0.000000
1684926169.505715,0.000000
1684926169.515635,0.000000
1684926169.525637,0.000000
1684926169.535771,0.000000
1684926169.545701,0.000000
1684926169.555660,0.000000
1684926169.565686,0.000000
1684926169.575671,0.000000
1684926169.585691,0.000000
1684926169.585690,0.000000
1684926169.595673,0.000000
1684926169.605683,0.000000
1684926169.615719,0.000000
1684926169.624682,0.000000
1684926169.635676,0.000000
1684926169.644681,0.000000
1684926169.655685,0.000000
1684926169.665091,0.000000
1684926169.674681,0.000000
1684926169.685702,0.000000
1684926169.694708,0.000000
1684926169.704682,0.000000
1684926169.715675,0.000000
1684926169.724679,0.000000
1684926169.735701,0.000000
1684926169.744712,0.000000
1684926169.755699,0.000000
1684926169.764751,0.000000
1684926169.775739,0.000000
1684926169.784753,0.000000
1684926169.795699,0.000000
1684926169.804682,0.000000
1684926169.815718,0.000000
1684926169.824704,0.000000
1684926169.835701,0.000000
1684926169.845743,0.000000
1684926169.855722,0.000000
1684926169.864907,0.000000
1684926169.874743,0.000000
1684926169.884711,0.000000
1684926169.895727,0.000000
1684926169.904723,0.000000
1684926169.915718,0.000000
1684926169.924735,0.000000
1684926169.934733,0.000000
1684926169.944750,0.000000
1684926169.955807,0.000000
1684926169.964743,0.000000
1684926169.974746,0.000000
1684926169.984742,0.000000
1684926169.995792,0.000000
1684926170.004745,0.000000
1684926170.014856,0.000000
1684926170.024834,0.000000
1684926170.035071,0.000000
1684926170.044766,0.000000
1684926170.054751,0.000000
1684926170.064746,0.000000
1684926170.074778,0.000000
1684926170.084749,0.000000
1684926170.095773,0.000000
1684926170.104765,0.000000
1684926170.114768,0.000000
1684926170.124823,0.000000
1684926170.134788,0.000000
1684926170.144779,0.000000
1684926170.154818,0.000000
1684926170.164765,0.000000
1684926170.174781,0.000000
1684926170.184823,0.000000
1684926170.194800,0.000000
1684926170.204775,0.000000
1684926170.214818,0.000000
1684926170.224825,0.000000
1684926170.234801,0.000000
1684926170.244789,0.000000
1684926170.254830,0.000000
1684926170.264827,0.000000
1684926170.274796,0.000000
1684926170.284832,0.000000
1684926170.294816,0.000000
1684926170.304829,0.000000
1684926170.314819,0.000000
1684926170.325064,0.000000
1684926170.334824,0.000000
1684926170.344831,0.000000
1684926170.354988,0.000000
1684926170.364892,0.000000
1684926170.375878,0.000000
1684926170.384827,0.000000
1684926170.395212,0.000000
1684926170.404860,0.000000
1684926170.414965,0.000000
1684926170.424851,0.000000
1684926170.434859,0.000000
1684926170.444851,0.000000
1684926170.454839,0.000000
1684926170.464916,0.000000
1684926170.475852,0.000000
1684926170.484861,0.000000
1684926170.494877,0.000000
1684926170.504847,0.000000
1684926170.514916,0.000000
1684926170.524978,0.000000
1684926170.535008,0.000000
1684926170.545096,0.000000
1684926170.555134,0.000000
1684926170.565189,0.000000
1684926170.575417,0.000000
1684926170.585356,0.000000
1684926170.595354,0.000000
1684926170.605429,0.000000
1684926170.615530,0.000000
1684926170.625523,0.000000
1684926170.635605,0.000000
1684926170.645668,0.000000
1684926170.655710,0.000000
1684926170.665080,0.000000
1684926170.674858,0.000000
1684926170.684944,0.000000
1684926170.695039,0.000000
1684926170.705030,0.000000
1684926170.715101,0.000000
1684926170.725218,0.000000
1684926170.735167,0.000000
1684926170.745264,0.000000
1684926170.755412,0.000000
1684926170.765487,0.000000
1684926170.776521,0.000000
1684926170.785547,0.000000
1684926170.795603,0.000000
1684926170.805649,0.000000
1684926170.815847,0.000000
1684926170.824840,0.000000
1684926170.835961,0.000000
1684926170.845033,0.000000
1684926170.855958,0.000000
1684926170.864943,0.000000
1684926170.875961,0.000000
1684926170.885078,0.000000
1684926170.895991,0.000000
1684926170.906063,0.000000
1684926170.916048,0.000000
1684926170.924969,0.000000
1684926170.935988,0.000000
1684926170.944984,0.000000
1684926170.955990,0.000000
1684926170.965046,0.000000
1684926170.976239,0.000000
1684926170.976845,0.000000
1684926170.984975,0.000000
1684926170.995992,0.000000
1684926171.005982,0.000000
1684926171.016007,0.000000
1684926171.016006,0.000000
1684926171.024989,0.000000
1684926171.036008,0.000000
1684926171.045008,0.000000
1684926171.056012,0.000000
1684926171.065009,0.000000
1684926171.076014,0.000000
1684926171.084989,0.000000
1684926171.096010,0.000000
1684926171.106025,0.000000
1684926171.116073,0.000000
1684926171.125047,0.000000
1684926171.136089,0.000000
1684926171.145032,0.000000
1684926171.156035,0.000000
1684926171.165020,0.000000
1684926171.176069,0.000000
1684926171.176185,0.000000
1684926171.185050,0.000000
1684926171.196037,0.000000
1684926171.206048,0.000000
1684926171.216077,0.000000
1684926171.225055,0.000000
1684926171.236089,0.000000
1684926171.246077,0.000000
1684926171.256056,0.000000
1684926171.266027,0.000000
1684926171.276079,0.000000
1684926171.285036,0.000000
1684926171.295038,0.000000
1684926171.305035,0.000000
1684926171.315047,0.000000
1684926171.325048,0.000000
1684926171.335072,0.000000
1684926171.337158,0.000000
1684926171.345055,0.000000
1684926171.355045,0.000000
1684926171.365075,0.000000
1684926171.375074,0.000000
1684926171.385055,0.000000
1684926171.395055,0.000000
1684926171.405130,0.000000
1684926171.415132,0.000000
1684926171.425123,0.000000
1684926171.435082,0.000000
1684926171.445076,0.000000
1684926171.455135,0.000000
1684926171.465135,0.000000
1684926171.475127,0.000000
1684926171.485094,0.000000
1684926171.495113,0.000000
1684926171.505073,0.000000
1684926171.515095,0.000000
1684926171.525095,0.000000
1684926171.535098,0.000000
1684926171.545154,0.000000
1684926171.555280,0.000000
1684926171.565073,0.000000
1684926171.575070,0.000000
1684926171.585079,0.000000
1684926171.595057,0.000000
1684926171.605057,0.000000
1684926171.614914,0.000000
1684926171.625052,0.000000
1684926171.635060,0.000000
1684926171.645082,0.000000
1684926171.655068,0.000000
1684926171.665033,0.000000
1684926171.675083,0.000000
1684926171.675155,0.000000
1684926171.685055,0.000000
1684926171.695109,0.000000
1684926171.705099,0.000000
1684926171.714980,0.000000
1684926171.725138,0.000000
1684926171.735144,0.000000
1684926171.745292,0.000000
1684926171.755229,0.000000
1684926171.765161,0.000000
1684926171.776215,0.000000
1684926171.785144,0.000000
1684926171.795153,0.000000
1684926171.805193,0.000000
1684926171.815279,0.000000
1684926171.825161,0.000000
1684926171.835040,0.000000
1684926171.845042,0.000000
1684926171.855098,0.000000
1684926171.865029,0.000000
1684926171.875028,0.000000
1684926171.885057,0.000000
1684926171.895028,0.000000
1684926171.905033,0.000000
1684926171.915968,0.000000
1684926171.924998,0.000000
1684926171.934998,0.000000
1684926171.945087,0.000000
1684926171.956048,0.000000
1684926171.964995,0.000000
1684926171.975025,0.000000
1684926171.985022,0.000000
1684926171.995045,0.000000
1684926172.005038,0.000000
1684926172.015955,0.000000
1684926172.025082,0.000000
1684926172.035172,0.000000
1684926172.045127,0.000000
1684926172.055267,0.000000
1684926172.065150,0.000000
1684926172.075179,0.000000
1684926172.085164,0.000000
1684926172.096182,0.000000
1684926172.105242,0.000000
1684926172.115871,0.000000
1684926172.125021,0.000000
1684926172.135031,0.000000
1684926172.144982,0.000000
1684926172.154986,0.000000
1684926172.164977,0.000000
1684926172.174964,0.000000
1684926172.184983,0.000000
1684926172.194978,0.000000
1684926172.204982,0.000000
1684926172.215860,0.000000
1684926172.224983,0.000000
1684926172.235255,0.000000
1684926172.245003,0.000000
1684926172.254986,0.000000
1684926172.265295,0.000000
1684926172.275262,0.000000
1684926172.285192,0.000000
1684926172.295268,0.000000
1684926172.305302,0.000000
1684926172.315362,0.000000
1684926172.325383,0.000000
1684926172.335483,0.000000
1684926172.345501,0.000000
1684926172.355704,0.000000
1684926172.365688,0.000000
1684926172.375669,0.000000
1684926172.384741,0.000000
1684926172.395812,0.000000
1684926172.404844,0.000000
1684926172.414941,0.000000
1684926172.425286,0.000000
1684926172.435079,0.000000
1684926172.445099,0.000000
1684926172.455176,0.000000
1684926172.465235,0.000000
1684926172.475275,0.000000
1684926172.485346,0.000000
1684926172.495421,0.000000
1684926172.505428,0.000000
1684926172.515511,0.000000
1684926172.525610,0.000000
1684926172.535983,0.000000
1684926172.544925,0.000000
1684926172.556003,0.000000
1684926172.564910,0.000000
1684926172.575944,0.000000
1684926172.585028,0.000000
1684926172.595989,0.000000
1684926172.605990,0.000000
1684926172.615905,0.000000
1684926172.625008,0.000000
1684926172.635141,0.000000
1684926172.645076,0.000000
1684926172.656092,0.000000
1684926172.665087,0.000000
1684926172.675114,0.000000
1684926172.685139,0.000000
1684926172.695917,0.000000
1684926172.705892,0.000000
1684926172.715798,0.000000
1684926172.724909,0.000000
1684926172.724908,0.000000
1684926172.735905,0.000000
1684926172.745862,0.000000
1684926172.755887,0.000000
1684926172.765866,0.000000
1684926172.775884,0.000000
1684926172.785881,0.000000
1684926172.795893,0.000000
1684926172.805898,0.000000
1684926172.815722,0.000000
1684926172.825890,0.000000
1684926172.835864,0.000000
1684926172.844940,0.000000
1684926172.855969,0.000000
1684926172.864961,0.000000
1684926172.875964,0.000000
1684926172.884954,0.000000
1684926172.895973,0.000000
1684926172.905974,0.000000
1684926172.915891,0.000000
1684926172.917964,0.000000
1684926172.925011,0.000000
1684926172.935121,0.000000
1684926172.945035,0.000000
1684926172.955085,0.000000
1684926172.965079,0.000000
1684926172.975076,0.000000
1684926172.984804,0.000000
1684926172.994919,0.000000
1684926173.004811,0.000000
1684926173.015678,0.000000
1684926173.024805,0.000000
1684926173.035833,0.000000
1684926173.044814,0.000000
1684926173.055864,0.000000
1684926173.064891,0.000000
1684926173.075815,0.000000
1684926173.084802,0.000000
1684926173.095804,0.000000
1684926173.104782,0.000000
1684926173.115714,0.000000
1684926173.125806,0.000000
1684926173.135865,0.000000
1684926173.144831,0.000000
1684926173.155869,0.000000
1684926173.164965,0.000000
1684926173.174888,0.000000
1684926173.184884,0.000000
1684926173.194908,0.000000
1684926173.204910,0.000000
1684926173.215865,0.000000
1684926173.224957,0.000000
1684926173.236012,0.000000
1684926173.244991,0.000000
1684926173.255775,0.000000
1684926173.265813,0.000000
1684926173.275807,0.000000
1684926173.285977,0.000000
1684926173.295791,0.000000
1684926173.305835,0.000000
1684926173.315627,0.000000
1684926173.324746,0.000000
1684926173.335768,0.000000
1684926173.345790,0.000000
1684926173.355767,0.000000
1684926173.364748,0.000000
1684926173.375783,0.000000
1684926173.385769,0.000000
1684926173.395789,0.000000
1684926173.404954,0.000000
1684926173.415665,0.000000
1684926173.424836,0.000000
1684926173.435875,0.000000
1684926173.445821,0.000000
1684926173.455898,0.000000
1684926173.464849,0.000000
1684926173.475873,0.000000
1684926173.484849,0.000000
1684926173.495914,0.000000
1684926173.504906,0.000000
1684926173.515854,0.000000
1684926173.524981,0.000000
1684926173.534944,0.000000
1684926173.545727,0.000000
1684926173.555714,0.000000
1684926173.565753,0.000000
1684926173.575708,0.000000
1684926173.585705,0.000000
1684926173.595726,0.000000
1684926173.605707,0.000000
1684926173.615727,0.000000
1684926173.624729,0.000000
1684926173.635761,0.000000
1684926173.645786,0.000000
1684926173.655727,0.000000
1684926173.665798,0.000000
1684926173.675951,0.000000
1684926173.684833,0.000000
1684926173.695740,0.000000
1684926173.705711,0.000000
1684926173.715606,0.000000
1684926173.724746,0.000000
1684926173.735774,0.000000
1684926173.745811,0.000000
1684926173.755871,0.000000
1684926173.764829,0.000000
1684926173.775853,0.000000
1684926173.784836,0.000000
1684926173.795897,0.000000
1684926173.805910,0.000000
1684926173.815819,0.000000
1684926173.825714,0.000000
1684926173.835718,0.000000
1684926173.845716,0.000000
1684926173.855716,0.000000
1684926173.865171,0.000000
1684926173.875357,0.000000
1684926173.885248,0.000000
1684926173.895200,0.000000
1684926173.905186,0.000000
1684926173.915286,0.000000
1684926173.925250,0.000000
1684926173.935389,0.000000
1684926173.945256,0.000000
1684926173.955278,0.000000
1684926173.965327,0.000000
1684926173.975285,0.000000
1684926173.985343,0.000000
1684926173.995276,0.000000
1684926174.005324,0.000000
1684926174.015310,0.000000
1684926174.025294,0.000000
1684926174.035276,0.000000
1684926174.045342,0.000000
1684926174.055311,0.000000
1684926174.065319,0.000000
1684926174.075388,0.000000
1684926174.085475,0.000000
1684926174.095530,0.000000
1684926174.105575,0.000000
1684926174.115676,0.000000
1684926174.125626,0.000000
1684926174.135384,0.000000
1684926174.145635,0.000000
1684926174.155642,0.000000
1684926174.165634,0.000000
1684926174.175640,0.000000
1684926174.185639,0.000000
1684926174.195630,0.000000
1684926174.205631,0.000000
1684926174.215474,0.000000
1684926174.225630,0.000000
1684926174.235919,0.000000
1684926174.245609,0.000000
1684926174.255616,0.000000
1684926174.265712,0.000000
1684926174.275773,0.000000
1684926174.285640,0.000000
1684926174.295647,0.000000
1684926174.305688,0.000000
1684926174.315676,0.000000
1684926174.325734,0.000000
1684926174.335653,0.000000
1684926174.345739,0.000000
1684926174.355812,0.000000
1684926174.365758,0.000000
1684926174.375767,0.000000
1684926174.385787,0.000000
1684926174.395633,0.000000
1684926174.405632,0.000000
1684926174.416118,0.000000
1684926174.425638,0.000000
1684926174.435728,0.000000
1684926174.445755,0.000000
1684926174.455691,0.000000
1684926174.465686,0.000000
1684926174.475685,0.000000
1684926174.485788,0.000000
1684926174.495804,0.000000
1684926174.505786,0.000000
1684926174.515833,0.000000
1684926174.524802,0.000000
1684926174.535835,0.000000
1684926174.545807,0.000000
1684926174.555880,0.000000
1684926174.565801,0.000000
1684926174.575808,0.000000
1684926174.585813,0.000000
1684926174.595833,0.000000
1684926174.604825,0.000000
1684926174.615832,0.000000
1684926174.625823,0.000000
1684926174.635852,0.000000
1684926174.645854,0.000000
1684926174.655842,0.000000
1684926174.666122,0.000000
1684926174.666833,0.000000
1684926174.675925,0.000000
1684926174.684892,0.000000
1684926174.695891,0.000000
1684926174.704932,0.000000
1684926174.715892,0.000000
1684926174.724895,0.000000
1684926174.735904,0.000000
1684926174.745916,0.000000
1684926174.755909,0.000000
1684926174.755966,0.000000
1684926174.765894,0.000000
1684926174.776104,0.000000
1684926174.784943,0.000000
1684926174.795908,0.000000
1684926174.804899,0.000000
1684926174.815898,0.000000
1684926174.825928,0.000000
1684926174.835929,0.000000
1684926174.845932,0.000000
1684926174.855919,0.000000
1684926174.864954,0.000000
1684926174.875958,0.000000
1684926174.884929,0.000000
1684926174.895995,0.000000
1684926174.904932,0.000000
1684926174.915977,0.000000
1684926174.925981,0.000000
1684926174.935980,0.000000
1684926174.945962,0.000000
1684926174.955976,0.000000
1684926174.964988,0.000000
1684926174.976003,0.000000
1684926174.984977,0.000000
1684926174.996011,0.000000
1684926175.004985,0.000000
1684926175.016018,0.000000
1684926175.025028,0.000000
1684926175.036059,0.000000
1684926175.045131,0.000000
1684926175.055126,0.000000
1684926175.065251,0.000000
1684926175.075271,0.000000
1684926175.085354,0.000000
1684926175.095402,0.000000
1684926175.105522,0.000000
1684926175.115588,0.000000
1684926175.125538,0.000000
1684926175.135603,0.000000
1684926175.145638,0.000000
1684926175.147316,0.000000
1684926175.155684,0.000000
1684926175.165753,0.000000
1684926175.175907,0.000000
1684926175.184935,0.000000
1684926175.195942,0.000000
1684926175.205072,0.000000
1684926175.215252,0.000000
1684926175.225274,0.000000
1684926175.235396,0.000000
1684926175.245420,0.000000
1684926175.255456,0.000000
1684926175.265563,0.000000
1684926175.275622,0.000000
1684926175.285603,0.000000
1684926175.295716,0.000000
1684926175.305754,0.000000
1684926175.315889,0.000000
1684926175.324859,0.000000
1684926175.335877,0.000000
1684926175.346010,0.000000
1684926175.356104,0.000000
1684926175.365130,0.000000
1684926175.376127,0.000000
1684926175.385104,0.000000
1684926175.396147,0.000000
1684926175.405212,0.000000
1684926175.416148,0.000000
1684926175.425175,0.000000
1684926175.435196,0.000000
1684926175.445349,0.000000
1684926175.456217,0.000000
1684926175.465196,0.000000
1684926175.476061,0.000000
1684926175.485155,0.000000
1684926175.496061,0.000000
1684926175.505194,0.000000
1684926175.516076,0.000000
1684926175.525191,0.000000
1684926175.536023,0.000000
1684926175.545190,0.000000
1684926175.556025,0.000000
1684926175.565294,0.000000
1684926175.575994,0.000000
1684926175.585199,0.000000
1684926175.596021,0.000000
1684926175.605218,0.000000
1684926175.616044,0.000000
1684926175.625292,0.000000
1684926175.635970,0.000000
1684926175.645236,0.000000
1684926175.656000,0.000000
1684926175.665287,0.000000
1684926175.675881,0.000000
1684926175.686271,0.000000
1684926175.696024,0.000000
1684926175.705397,0.000000
1684926175.716056,0.000000
1684926175.725309,0.000000
1684926175.735846,0.000000
1684926175.745281,0.000000
1684926175.756087,0.000000
1684926175.765289,0.000000
1684926175.776055,0.000000
1684926175.785320,0.000000
1684926175.796049,0.000000
1684926175.805313,0.000000
1684926175.815750,0.000000
1684926175.825304,0.000000
1684926175.835702,0.000000
1684926175.845323,0.000000
1684926175.855742,0.000000
1684926175.866318,0.000000
1684926175.875735,0.000000
1684926175.886328,0.000000
1684926175.895661,0.000000
1684926175.906339,0.000000
1684926175.916621,0.000000
1684926175.926399,0.000000
1684926175.935593,0.000000
1684926175.946345,0.000000
1684926175.946345,0.000000
1684926175.955593,0.000000
1684926175.965322,0.000000
1684926175.975565,0.000000
1684926175.985309,0.000000
1684926175.995549,0.000000
1684926176.005364,0.000000
1684926176.015532,0.000000
1684926176.025365,0.000000
1684926176.035530,0.000000
1684926176.045392,0.000000
1684926176.055526,0.000000
1684926176.065421,0.000000
1684926176.075453,0.000000
1684926176.085496,0.000000
1684926176.085569,0.000000
1684926176.095428,0.000000
1684926176.105446,0.000000
1684926176.115407,0.000000
1684926176.125288,0.000000
1684926176.135386,0.000000
1684926176.145295,0.000000
1684926176.155388,0.000000
1684926176.165287,0.000000
1684926176.175416,0.000000
1684926176.185226,0.000000
1684926176.195345,0.000000
1684926176.205350,0.000000
1684926176.215367,0.000000
1684926176.225292,0.000000
1684926176.235510,0.000000
1684926176.245255,0.000000
1684926176.256334,0.000000
1684926176.265303,0.000000
1684926176.276350,0.000000
1684926176.285305,0.000000
1684926176.296306,0.000000
1684926176.305457,0.000000
1684926176.316242,0.000000
1684926176.325379,0.000000
1684926176.335373,0.000000
1684926176.345370,0.000000
1684926176.355393,0.000000
1684926176.365424,0.000000
1684926176.375547,0.000000
1684926176.385475,0.000000
1684926176.395434,0.000000
1684926176.405224,0.000000
1684926176.416156,0.000000
1684926176.425202,0.000000
1684926176.435211,0.000000
1684926176.445225,0.000000
1684926176.445228,0.000000
1684926176.456230,0.000000
1684926176.465235,0.000000
1684926176.475206,0.000000
1684926176.485185,0.000000
1684926176.496258,0.000000
1684926176.505224,0.000000
1684926176.515342,0.000000
1684926176.525174,0.000000
1684926176.535437,0.000000
1684926176.545190,0.000000
1684926176.555563,0.000000
1684926176.565205,0.000000
1684926176.575212,0.000000
1684926176.585394,0.000000
1684926176.595212,0.000000
1684926176.605304,0.000000
1684926176.615194,0.000000
1684926176.625331,0.000000
1684926176.635339,0.000000
1684926176.645340,0.000000
1684926176.655358,0.000000
1684926176.665373,0.000000
1684926176.675387,0.000000
1684926176.685410,0.000000
1684926176.695410,0.000000
1684926176.705496,0.000000
1684926176.715638,0.000000
1684926176.725567,0.000000
1684926176.735663,0.000000
1684926176.745709,0.000000
1684926176.755273,0.000000
1684926176.765229,0.000000
1684926176.776270,0.000000
1684926176.785306,0.000000
1684926176.795257,0.000000
1684926176.805300,0.000000
1684926176.815729,0.000000
1684926176.825237,0.000000
1684926176.835943,0.000000
1684926176.845354,0.000000
1684926176.855347,0.000000
1684926176.865337,0.000000
1684926176.875285,0.000000
1684926176.885517,0.000000
1684926176.895667,0.000000
1684926176.905610,0.000000
1684926176.915706,0.000000
1684926176.925717,0.000000
1684926176.936088,0.000000
1684926176.945819,0.000000
1684926176.955919,0.000000
1684926176.965925,0.000000
1684926176.976110,0.000000
1684926176.985164,0.000000
1684926176.996171,0.000000
1684926177.005094,0.000000
1684926177.015981,0.000000
1684926177.025091,0.000000
1684926177.036088,0.000000
1684926177.046131,0.000000
1684926177.056116,0.000000
1684926177.065089,0.000000
1684926177.076107,0.000000
1684926177.086062,0.000000
1684926177.096074,0.000000
1684926177.105125,0.000000
1684926177.115983,0.000000
1684926177.125094,0.000000
1684926177.136203,0.000000
1684926177.136320,0.000000
1684926177.146126,0.000000
1684926177.156170,0.000000
1684926177.165156,0.000000
1684926177.176218,0.000000
1684926177.185195,0.000000
1684926177.196224,0.000000
1684926177.205194,0.000000
1684926177.216112,0.000000
1684926177.225306,0.000000
1684926177.236355,0.000000
1684926177.246310,0.000000
1684926177.256091,0.000000
1684926177.266045,0.000000
1684926177.276067,0.000000
1684926177.286086,0.000000
1684926177.296048,0.000000
1684926177.306171,0.000000
1684926177.316222,0.000000
1684926177.326262,0.000000
1684926177.336370,0.000000
1684926177.346421,0.000000
1684926177.356364,0.000000
1684926177.366362,0.000000
1684926177.376397,0.000000
1684926177.386484,0.000000
1684926177.396473,0.000000
1684926177.406422,0.000000
1684926177.416383,0.000000
1684926177.426424,0.000000
1684926177.436402,0.000000
1684926177.446631,0.000000
1684926177.456409,0.000000
1684926177.466420,0.000000
1684926177.476399,0.000000
1684926177.486424,0.000000
1684926177.496421,0.000000
1684926177.496427,0.000000
1684926177.506473,0.000000
1684926177.516383,0.000000
1684926177.526425,0.000000
1684926177.536403,0.000000
1684926177.546420,0.000000
1684926177.556405,0.000000
1684926177.565467,0.000000
1684926177.576414,0.000000
1684926177.586425,0.000000
1684926177.596454,0.000000
1684926177.606445,0.000000
1684926177.615861,0.000000
1684926177.625606,0.000000
1684926177.635990,0.000000
1684926177.636086,0.000000
1684926177.645812,0.000000
1684926177.655537,0.000000
1684926177.665440,0.000000
1684926177.676430,0.000000
1684926177.685449,0.000000
1684926177.695510,0.000000
1684926177.705451,0.000000
1684926177.716136,0.000000
1684926177.725439,0.000000
1684926177.736112,0.000000
1684926177.745703,0.000000
1684926177.755577,0.000000
1684926177.765472,0.000000
1684926177.776479,0.000000
1684926177.785455,0.000000
1684926177.795474,0.000000
1684926177.805531,0.000000
1684926177.815524,0.000000
1684926177.825974,0.000000
1684926177.836025,0.000000
1684926177.845598,0.000000
1684926177.856006,0.000000
1684926177.865991,0.000000
1684926177.875949,0.000000
1684926177.885956,0.000000
1684926177.895953,0.000000
1684926177.905952,0.000000
1684926177.915798,0.000000
1684926177.925932,0.000000
1684926177.935971,0.000000
1684926177.945482,0.000000
1684926177.955992,0.000000
1684926177.965948,0.000000
1684926177.975991,0.000000
1684926177.985991,0.000000
1684926177.996003,0.000000
1684926178.006079,0.000000
1684926178.015894,0.000000
1684926178.026055,0.000000
1684926178.036039,0.000000
1684926178.045498,0.000000
1684926178.057290,0.000000
1684926178.065495,0.000000
1684926178.076020,0.000000
1684926178.085992,0.000000
1684926178.096073,0.000000
1684926178.105518,0.000000
1684926178.115524,0.000000
1684926178.126317,0.000000
1684926178.135309,0.000000
1684926178.145539,0.000000
1684926178.155540,0.000000
1684926178.165514,0.000000
1684926178.175547,0.000000
1684926178.185582,0.000000
1684926178.195684,0.000000
1684926178.205758,0.000000
1684926178.215742,0.000000
1684926178.225871,0.000000
1684926178.235873,0.000000
1684926178.245567,0.000000
1684926178.255889,0.000000
1684926178.265933,0.000000
1684926178.275919,0.000000
1684926178.285936,0.000000
1684926178.295949,0.000000
1684926178.305964,0.000000
1684926178.315852,0.000000
1684926178.325997,0.000000
1684926178.335999,0.000000
1684926178.346234,0.000000
1684926178.356061,0.000000
1684926178.366093,0.000000
1684926178.376112,0.000000
1684926178.386104,0.000000
1684926178.395898,0.000000
1684926178.405858,0.000000
1684926178.415707,0.000000
1684926178.425985,0.000000
1684926178.435901,0.000000
1684926178.446013,0.000000
1684926178.455884,0.000000
1684926178.465832,0.000000
1684926178.475838,0.000000
1684926178.485853,0.000000
1684926178.495853,0.000000
1684926178.505866,0.000000
1684926178.515722,0.000000
1684926178.525829,0.000000
1684926178.535862,0.000000
1684926178.546030,0.000000
1684926178.555882,0.000000
1684926178.565943,0.000000
1684926178.575925,0.000000
1684926178.585980,0.000000
1684926178.595918,0.000000
1684926178.605963,0.000000
1684926178.615859,0.000000
1684926178.626008,0.000000
1684926178.636007,0.000000
1684926178.646041,0.000000
1684926178.656089,0.000000
1684926178.666028,0.000000
1684926178.676088,0.000000
1684926178.685831,0.000000
1684926178.695801,0.000000
1684926178.705821,0.000000
1684926178.716676,0.000000
1684926178.725833,0.000000
1684926178.735818,0.000000
1684926178.745826,0.000000
1684926178.745906,0.000000
1684926178.755806,0.000000
1684926178.765858,0.000000
1684926178.777149,0.000000
1684926178.785811,0.000000
1684926178.795896,0.000000
1684926178.805852,0.000000
1684926178.816685,0.000000
1684926178.825798,0.000000
1684926178.835815,0.000000
1684926178.845848,0.000000
1684926178.855864,0.000000
1684926178.865849,0.000000
1684926178.875873,0.000000
1684926178.885939,0.000000
1684926178.895930,0.000000
1684926178.905953,0.000000
1684926178.915828,0.000000
1684926178.925944,0.000000
1684926178.935968,0.000000
1684926178.945976,0.000000
1684926178.955988,0.000000
1684926178.965773,0.000000
1684926178.965763,0.000000
1684926178.975760,0.000000
1684926178.985761,0.000000
1684926178.995909,0.000000
1684926179.005756,0.000000
1684926179.015715,0.000000
1684926179.025832,0.000000
1684926179.035761,0.000000
1684926179.045846,0.000000
1684926179.055792,0.000000
1684926179.065720,0.000000
1684926179.075723,0.000000
1684926179.085780,0.000000
1684926179.095778,0.000000
1684926179.105847,0.000000
1684926179.116023,0.000000
1684926179.125785,0.000000
1684926179.135820,0.000000
1684926179.145829,0.000000
1684926179.155869,0.000000
1684926179.165850,0.000000
1684926179.175928,0.000000
1684926179.185861,0.000000
1684926179.195887,0.000000
1684926179.205917,0.000000
1684926179.215820,0.000000
1684926179.225985,0.000000
1684926179.235946,0.000000
1684926179.245955,0.000000
1684926179.255785,0.000000
1684926179.265766,0.000000
1684926179.275823,0.000000
1684926179.285800,0.000000
1684926179.295782,0.000000
1684926179.305782,0.000000
1684926179.315791,0.000000
1684926179.325818,0.000000
1684926179.335702,0.000000
1684926179.345847,0.000000
1684926179.355840,0.000000
1684926179.365823,0.000000
1684926179.375810,0.000000
1684926179.385796,0.000000
1684926179.395831,0.000000
1684926179.405810,0.000000
1684926179.415872,0.000000
1684926179.425801,0.000000
1684926179.435953,0.000000
1684926179.445791,0.000000
1684926179.455911,0.000000
1684926179.465909,0.000000
1684926179.475831,0.000000
1684926179.485956,0.000000
1684926179.495931,0.000000
1684926179.505953,0.000000
1684926179.516067,0.000000
1684926179.525808,0.000000
1684926179.535687,0.000000
1684926179.545829,0.000000
1684926179.555833,0.000000
1684926179.565829,0.000000
1684926179.575895,0.000000
1684926179.585901,0.000000
1684926179.595873,0.000000
1684926179.605722,0.000000
1684926179.615520,0.000000
1684926179.625642,0.000000
1684926179.635626,0.000000
1684926179.645624,0.000000
1684926179.655718,0.000000
1684926179.665647,0.000000
1684926179.675626,0.000000
1684926179.685663,0.000000
1684926179.695704,0.000000
1684926179.705712,0.000000
1684926179.715724,0.000000
1684926179.725801,0.000000
1684926179.735713,0.000000
1684926179.745743,0.000000
1684926179.755767,0.000000
1684926179.765769,0.000000
1684926179.776786,0.000000
1684926179.785810,0.000000
1684926179.795907,0.000000
1684926179.805834,0.000000
1684926179.815750,0.000000
1684926179.825748,0.000000
1684926179.835886,0.000000
1684926179.845912,0.000000
1684926179.855969,0.000000
1684926179.865956,0.000000
1684926179.875916,0.000000
1684926179.885945,0.000000
1684926179.896978,0.000000
1684926179.906933,0.000000
1684926179.916934,0.000000
1684926179.926940,0.000000
1684926179.936949,0.000000
1684926179.946940,0.000000
1684926179.956977,0.000000
1684926179.966960,0.000000
1684926179.977023,0.000000
1684926179.986962,0.000000
1684926179.997447,0.000000
1684926180.006984,0.000000
1684926180.016955,0.000000
1684926180.027033,0.000000
1684926180.037015,0.000000
1684926180.046987,0.000000
1684926180.057027,0.000000
1684926180.067011,0.000000
1684926180.077024,0.000000
1684926180.087006,0.000000
1684926180.097022,0.000000
1684926180.107006,0.000000
1684926180.117052,0.000000
1684926180.126519,0.000000
1684926180.136017,0.000000
1684926180.146011,0.000000
1684926180.156005,0.000000
1684926180.166007,0.000000
1684926180.176026,0.000000
1684926180.186022,0.000000
1684926180.196024,0.000000
1684926180.206193,0.000000
1684926180.216120,0.000000
1684926180.226029,0.000000
1684926180.236047,0.000000
1684926180.246127,0.000000
1684926180.256096,0.000000
1684926180.266082,0.000000
1684926180.276089,0.000000
1684926180.286142,0.000000
1684926180.296090,0.000000
1684926180.306101,0.000000
1684926180.316111,0.000000
1684926180.326120,0.000000
1684926180.336110,0.000000
1684926180.346085,0.000000
1684926180.356133,0.000000
1684926180.366083,0.000000
1684926180.376147,0.000000
1684926180.386087,0.000000
1684926180.396112,0.000000
1684926180.406117,0.000000
1684926180.416108,0.000000
1684926180.426125,0.000000
1684926180.436126,0.000000
1684926180.446131,0.000000
1684926180.456133,0.000000
1684926180.466154,0.000000
1684926180.476134,0.000000
1684926180.486213,0.000000
1684926180.496194,0.000000
1684926180.506236,0.000000
1684926180.516211,0.000000
1684926180.526221,0.000000
1684926180.529170,0.000000
1684926180.536220,0.000000
1684926180.546234,0.000000
1684926180.556215,0.000000
1684926180.566254,0.000000
1684926180.576238,0.000000
1684926180.586249,0.000000
1684926180.596279,0.000000
1684926180.606345,0.000000
1684926180.616236,0.000000
1684926180.626263,0.000000
1684926180.636308,0.000000
1684926180.646265,0.000000
1684926180.656288,0.000000
1684926180.666490,0.000000
1684926180.676296,0.000000
1684926180.676363,0.000000
1684926180.686384,0.000000
1684926180.696264,0.000000
1684926180.706264,0.000000
1684926180.716262,0.000000
1684926180.726285,0.000000
1684926180.736333,0.000000
1684926180.746302,0.000000
1684926180.756289,0.000000
1684926180.766321,0.000000
1684926180.776287,0.000000
1684926180.786307,0.000000
1684926180.796312,0.000000
1684926180.806303,0.000000
1684926180.816346,0.000000
1684926180.826303,0.000000
1684926180.836347,0.000000
1684926180.846320,0.000000
1684926180.856330,0.000000
1684926180.866331,0.000000
1684926180.876347,0.000000
1684926180.886325,0.000000
1684926180.896345,0.000000
1684926180.906556,0.000000
1684926180.916488,0.000000
1684926180.927279,0.000000
1684926180.936575,0.000000
1684926180.946572,0.000000
1684926180.956599,0.000000
1684926180.966538,0.000000
1684926180.976558,0.000000
1684926180.986542,0.000000
1684926180.996559,0.000000
1684926181.006554,0.000000
1684926181.016575,0.000000
1684926181.026560,0.000000
1684926181.036576,0.000000
1684926181.046571,0.000000
1684926181.056575,0.000000
1684926181.065597,0.000000
1684926181.076592,0.000000
1684926181.085626,0.000000
1684926181.096602,0.000000
1684926181.106701,0.000000
1684926181.116677,0.000000
1684926181.126601,0.000000
1684926181.136616,0.000000
1684926181.146623,0.000000
1684926181.156635,0.000000
1684926181.165624,0.000000
1684926181.176612,0.000000
1684926181.186620,0.000000
1684926181.196659,0.000000
1684926181.205798,0.000000
1684926181.216685,0.000000
1684926181.225638,0.000000
1684926181.236636,0.000000
1684926181.246358,0.000000
1684926181.256348,0.000000
1684926181.266331,0.000000
1684926181.276359,0.000000
1684926181.286352,0.000000
1684926181.296437,0.000000
1684926181.306513,0.000000
1684926181.316568,0.000000
1684926181.325684,0.000000
1684926181.336685,0.000000
1684926181.345719,0.000000
1684926181.356771,0.000000
1684926181.365826,0.000000
1684926181.375924,0.000000
1684926181.386021,0.000000
1684926181.396022,0.000000
1684926181.406081,0.000000
1684926181.416122,0.000000
1684926181.426230,0.000000
1684926181.436252,0.000000
1684926181.446287,0.000000
1684926181.456355,0.000000
1684926181.466457,0.000000
1684926181.469293,0.000000
1684926181.476491,0.000000
1684926181.486524,0.000000
1684926181.496647,0.000000
1684926181.506769,0.000000
1684926181.516752,0.000000
1684926181.526747,0.000000
1684926181.536882,0.000000
1684926181.546796,0.000000
1684926181.556793,0.000000
1684926181.566787,0.000000
1684926181.576766,0.000000
1684926181.586765,0.000000
1684926181.596773,0.000000
1684926181.606781,0.000000
1684926181.616785,0.000000
1684926181.626817,0.000000
1684926181.636790,0.000000
1684926181.646792,0.000000
1684926181.656793,0.000000
1684926181.666981,0.000000
1684926181.676979,0.000000
1684926181.676984,0.000000
1684926181.686979,0.000000
1684926181.696978,0.000000
1684926181.707000,0.000000
1684926181.717005,0.000000
1684926181.727038,0.000000
1684926181.727084,0.000000
1684926181.737075,0.000000
1684926181.747058,0.000000
1684926181.756997,0.000000
1684926181.767054,0.000000
1684926181.777030,0.000000
1684926181.787040,0.000000
1684926181.797043,0.000000
1684926181.807065,0.000000
1684926181.817020,0.000000
1684926181.826050,0.000000
1684926181.836047,0.000000
1684926181.846058,0.000000
1684926181.856076,0.000000
1684926181.866073,0.000000
1684926181.876045,0.000000
1684926181.886049,0.000000
1684926181.896061,0.000000
1684926181.906132,0.000000
1684926181.916131,0.000000
1684926181.926046,0.000000
1684926181.936136,0.000000
1684926181.946164,0.000000
1684926181.956136,0.000000
1684926181.966084,0.000000
1684926181.976160,0.000000
1684926181.986109,0.000000
1684926181.996129,0.000000
1684926182.006107,0.000000
1684926182.016114,0.000000
1684926182.016110,0.000000
1684926182.026110,0.000000
1684926182.036127,0.000000
1684926182.046088,0.000000
1684926182.056112,0.000000
1684926182.066044,0.000000
1684926182.076183,0.000000
1684926182.086169,0.000000
1684926182.096234,0.000000
1684926182.106168,0.000000
1684926182.116152,0.000000
1684926182.126106,0.000000
1684926182.136172,0.000000
1684926182.146128,0.000000
1684926182.156354,0.000000
1684926182.166177,0.000000
1684926182.176159,0.000000
1684926182.186131,0.000000
1684926182.196189,0.000000
1684926182.206073,0.000000
1684926182.216217,0.000000
1684926182.226055,0.000000
1684926182.236227,0.000000
1684926182.246164,0.000000
1684926182.256241,0.000000
1684926182.265985,0.000000
1684926182.276208,0.000000
1684926182.285990,0.000000
1684926182.296288,0.000000
1684926182.305990,0.000000
1684926182.316156,0.000000
1684926182.325968,0.000000
1684926182.336167,0.000000
1684926182.346888,0.000000
1684926182.356199,0.000000
1684926182.366882,0.000000
1684926182.376179,0.000000
1684926182.386843,0.000000
1684926182.396116,0.000000
1684926182.406866,0.000000
1684926182.416359,0.000000
1684926182.426036,0.000000
1684926182.436113,0.000000
1684926182.446807,0.000000
1684926182.456221,0.000000
1684926182.466782,0.000000
1684926182.476158,0.000000
1684926182.485935,0.000000
1684926182.496190,0.000000
1684926182.506717,0.000000
1684926182.516121,0.000000
1684926182.526769,0.000000
1684926182.536157,0.000000
1684926182.546733,0.000000
1684926182.556163,0.000000
1684926182.566697,0.000000
1684926182.576166,0.000000
1684926182.586682,0.000000
1684926182.596179,0.000000
1684926182.606738,0.000000
1684926182.616221,0.000000
1684926182.626614,0.000000
1684926182.636173,0.000000
1684926182.646661,0.000000
1684926182.656261,0.000000
1684926182.666591,0.000000
1684926182.676229,0.000000
1684926182.686562,0.000000
1684926182.696226,0.000000
1684926182.706513,0.000000
1684926182.716185,0.000000
1684926182.726544,0.000000
1684926182.736233,0.000000
1684926182.746522,0.000000
1684926182.756258,0.000000
1684926182.758569,0.000000
1684926182.766457,0.000000
1684926182.777204,0.000000
1684926182.786624,0.000000
1684926182.796211,0.000000
1684926182.806404,0.000000
1684926182.816202,0.000000
1684926182.826408,0.000000
1684926182.836241,0.000000
1684926182.846386,0.000000
1684926182.856161,0.000000
1684926182.866098,0.000000
1684926182.876269,0.000000
1684926182.887137,0.000000
1684926182.896184,0.000000
1684926182.906231,0.000000
1684926182.916194,0.000000
1684926182.926262,0.000000
1684926182.936224,0.000000
1684926182.946254,0.000000
1684926182.956298,0.000000
1684926182.966261,0.000000
1684926182.976334,0.000000
1684926182.986368,0.000000
1684926182.996369,0.000000
1684926183.006430,0.000000
1684926183.016517,0.000000
1684926183.026535,0.000000
1684926183.036622,0.000000
1684926183.046721,0.000000
1684926183.056731,0.000000
1684926183.066811,0.000000
1684926183.076849,0.000000
1684926183.079760,0.000000
1684926183.085984,0.000000
1684926183.096975,0.000000
1684926183.106060,0.000000
1684926183.117096,0.000000
1684926183.117097,0.000000
1684926183.126118,0.000000
1684926183.136270,0.000000
1684926183.146151,0.000000
1684926183.156336,0.000000
1684926183.166523,0.000000
1684926183.176471,0.000000
1684926183.186029,0.000000
1684926183.196572,0.000000
1684926183.207090,0.000000
1684926183.216644,0.000000
1684926183.227000,0.000000
1684926183.236807,0.000000
1684926183.246998,0.000000
1684926183.256916,0.000000
1684926183.266934,0.000000
1684926183.276995,0.000000
1684926183.287007,0.000000
1684926183.297119,0.000000
1684926183.307150,0.000000
1684926183.317182,0.000000
1684926183.327210,0.000000
1684926183.337255,0.000000
1684926183.347256,0.000000
1684926183.357183,0.000000
1684926183.367108,0.000000
1684926183.377256,0.000000
1684926183.387171,0.000000
1684926183.397224,0.000000
1684926183.407167,0.000000
1684926183.417188,0.000000
1684926183.427142,0.000000
1684926183.437227,0.000000
1684926183.447290,0.000000
1684926183.457210,0.000000
1684926183.467185,0.000000
1684926183.477335,0.000000
1684926183.487193,0.000000
1684926183.497275,0.000000
1684926183.507252,0.000000
1684926183.517274,0.000000
1684926183.527179,0.000000
1684926183.537253,0.000000
1684926183.547105,0.000000
1684926183.557279,0.000000
1684926183.567131,0.000000
1684926183.577190,0.000000
1684926183.587102,0.000000
1684926183.597164,0.000000
1684926183.606205,0.000000
1684926183.617218,0.000000
1684926183.626206,0.000000
1684926183.636199,0.000000
1684926183.646192,0.000000
1684926183.656242,0.000000
1684926183.666185,0.000000
1684926183.676253,0.000000
1684926183.686139,0.000000
1684926183.696190,0.000000
1684926183.706174,0.000000
1684926183.716148,0.000000
1684926183.726155,0.000000
1684926183.736234,0.000000
1684926183.746157,0.000000
1684926183.756185,0.000000
1684926183.766363,0.000000
1684926183.777230,0.000000
1684926183.786222,0.000000
1684926183.796229,0.000000
1684926183.806136,0.000000
1684926183.816345,0.000000
1684926183.826237,0.000000
1684926183.836237,0.000000
1684926183.846170,0.000000
1684926183.856249,0.000000
1684926183.866155,0.000000
1684926183.876254,0.000000
1684926183.886148,0.000000
1684926183.896429,0.000000
1684926183.906141,0.000000
1684926183.916182,0.000000
1684926183.926134,0.000000
1684926183.936266,0.000000
1684926183.946287,0.000000
1684926183.957320,0.000000
1684926183.966224,0.000000
1684926183.976197,0.000000
1684926183.987130,0.000000
1684926183.996191,0.000000
1684926184.006151,0.000000
1684926184.016493,0.000000
1684926184.026173,0.000000
1684926184.036255,0.000000
1684926184.046199,0.000000
1684926184.056199,0.000000
1684926184.066177,0.000000
1684926184.076196,0.000000
1684926184.086197,0.000000
1684926184.096228,0.000000
1684926184.107111,0.000000
1684926184.116242,0.000000
1684926184.127130,0.000000
1684926184.136242,0.000000
1684926184.146181,0.000000
1684926184.156286,0.000000
1684926184.166178,0.000000
1684926184.176302,0.000000
1684926184.187196,0.000000
1684926184.196251,0.000000
1684926184.206267,0.000000
1684926184.216323,0.000000
1684926184.227177,0.000000
1684926184.236268,0.000000
1684926184.246207,0.000000
1684926184.256258,0.000000
1684926184.267178,0.000000
1684926184.276222,0.000000
1684926184.287184,0.000000
1684926184.296222,0.000000
1684926184.307179,0.000000
1684926184.316301,0.000000
1684926184.326226,0.000000
1684926184.336293,0.000000
1684926184.346328,0.000000
1684926184.356302,0.000000
1684926184.366244,0.000000
1684926184.376378,0.000000
1684926184.386242,0.000000
1684926184.396284,0.000000
1684926184.406246,0.000000
1684926184.416373,0.000000
1684926184.426258,0.000000
1684926184.436339,0.000000
1684926184.447197,0.000000
1684926184.456256,0.000000
1684926184.467246,0.000000
1684926184.477362,0.000000
1684926184.487226,0.000000
1684926184.496307,0.000000
1684926184.506759,0.000000
1684926184.516349,0.000000
1684926184.526782,0.000000
1684926184.536455,0.000000
1684926184.546808,0.000000
1684926184.556558,0.000000
1684926184.566790,0.000000
1684926184.576702,0.000000
1684926184.586968,0.000000
1684926184.596819,0.000000
1684926184.606866,0.000000
1684926184.616969,0.000000
1684926184.627053,0.000000
1684926184.637147,0.000000
1684926184.647143,0.000000
1684926184.657207,0.000000
1684926184.667288,0.000000
1684926184.676280,0.000000
1684926184.686473,0.000000
1684926184.696444,0.000000
1684926184.706562,0.000000
1684926184.716534,0.000000
1684926184.726626,0.000000
1684926184.736732,0.000000
1684926184.746685,0.000000
1684926184.756759,0.000000
1684926184.766812,0.000000
1684926184.776855,0.000000
1684926184.786910,0.000000
1684926184.796930,0.000000
1684926184.807024,0.000000
1684926184.817155,0.000000
1684926184.827143,0.000000
1684926184.837264,0.000000
1684926184.847245,0.000000
1684926184.857333,0.000000
1684926184.867310,0.000000
1684926184.877337,0.000000
1684926184.887322,0.000000
1684926184.897320,0.000000
1684926184.907244,0.000000
1684926184.917326,0.000000
1684926184.927207,0.000000
1684926184.937276,0.000000
1684926184.947208,0.000000
1684926184.957328,0.000000
1684926184.967295,0.000000
1684926184.977297,0.000000
1684926184.987242,0.000000
1684926184.997261,0.000000
1684926185.007339,0.000000
1684926185.017452,0.000000
1684926185.027362,0.000000
1684926185.037327,0.000000
1684926185.047286,0.000000
1684926185.057354,0.000000
1684926185.067231,0.000000
1684926185.077352,0.000000
1684926185.087294,0.000000
1684926185.097313,0.000000
1684926185.107266,0.000000
1684926185.117256,0.000000
1684926185.127248,0.000000
1684926185.137378,0.000000
1684926185.147398,0.000000
1684926185.157301,0.000000
1684926185.167239,0.000000
1684926185.177368,0.000000
1684926185.187378,0.000000
1684926185.197306,0.000000
1684926185.207325,0.000000
1684926185.217333,0.000000
1684926185.227296,0.000000
1684926185.237288,0.000000
1684926185.247319,0.000000
1684926185.256343,0.000000
1684926185.266624,0.000000
1684926185.277359,0.000000
1684926185.287318,0.000000
1684926185.297353,0.000000
1684926185.307208,0.000000
1684926185.317278,0.000000
1684926185.327274,0.000000
1684926185.337396,0.000000
1684926185.347300,0.000000
1684926185.357305,0.000000
1684926185.367236,0.000000
1684926185.377303,0.000000
1684926185.387259,0.000000
1684926185.397343,0.000000
1684926185.407260,0.000000
1684926185.417305,0.000000
1684926185.427317,0.000000
1684926185.437354,0.000000
1684926185.447314,0.000000
1684926185.456353,0.000000
1684926185.467309,0.000000
1684926185.477332,0.000000
1684926185.487380,0.000000
1684926185.497359,0.000000
1684926185.507280,0.000000
1684926185.517294,0.000000
1684926185.527338,0.000000
1684926185.537357,0.000000
1684926185.547277,0.000000
1684926185.557316,0.000000
1684926185.567280,0.000000
1684926185.567333,0.000000
1684926185.577445,0.000000
1684926185.587280,0.000000
1684926185.597438,0.000000
1684926185.607216,0.000000
1684926185.616296,0.000000
1684926185.627414,0.000000
1684926185.637287,0.000000
1684926185.647323,0.000000
1684926185.656357,0.000000
1684926185.666219,0.000000
1684926185.677356,0.000000
1684926185.687330,0.000000
1684926185.697303,0.000000
1684926185.706300,0.000000
1684926185.717288,0.000000
1684926185.727253,0.000000
1684926185.737406,0.000000
1684926185.746234,0.000000
1684926185.756355,0.000000
1684926185.767236,0.000000
1684926185.777298,0.000000
1684926185.786192,0.000000
1684926185.796300,0.000000
1684926185.806260,0.000000
1684926185.816317,0.000000
1684926185.826264,0.000000
1684926185.836306,0.000000
1684926185.846264,0.000000
1684926185.856302,0.000000
1684926185.866246,0.000000
1684926185.866249,0.000000
1684926185.876369,0.000000
1684926185.886282,0.000000
1684926185.896382,0.000000
1684926185.906279,0.000000
1684926185.916283,0.000000
1684926185.926346,0.000000
1684926185.936383,0.000000
1684926185.946407,0.000000
1684926185.956405,0.000000
1684926185.966274,0.000000
1684926185.976351,0.000000
1684926185.986279,0.000000
1684926185.996524,0.000000
1684926185.996572,0.000000
1684926186.006263,0.000000
1684926186.016348,0.000000
1684926186.026355,0.000000
1684926186.036378,0.000000
1684926186.046319,0.000000
1684926186.057300,0.000000
1684926186.066220,0.000000
1684926186.076303,0.000000
1684926186.086283,0.000000
1684926186.096322,0.000000
1684926186.106285,0.000000
1684926186.116347,0.000000
1684926186.126371,0.000000
1684926186.136307,0.000000
1684926186.146320,0.000000
1684926186.156351,0.000000
1684926186.166319,0.000000
1684926186.176368,0.000000
1684926186.186336,0.000000
1684926186.196424,0.000000
1684926186.206502,0.000000
1684926186.216497,0.000000
1684926186.226568,0.000000
1684926186.236593,0.000000
1684926186.246826,0.000000
1684926186.256765,0.000000
1684926186.266835,0.000000
1684926186.276976,0.000000
1684926186.286893,0.000000
1684926186.297001,0.000000
1684926186.306029,0.000000
1684926186.317119,0.000000
1684926186.327094,0.000000
1684926186.337178,0.000000
1684926186.346204,0.000000
1684926186.356294,0.000000
1684926186.367326,0.000000
1684926186.376393,0.000000
1684926186.386472,0.000000
1684926186.396515,0.000000
1684926186.406587,0.000000
1684926186.416628,0.000000
1684926186.426732,0.000000
1684926186.436787,0.000000
1684926186.445873,0.000000
1684926186.456906,0.000000
1684926186.466949,0.000000
1684926186.477037,0.000000
1684926186.487129,0.000000
1684926186.497122,0.000000
1684926186.507199,0.000000
1684926186.517397,0.000000
1684926186.527337,0.000000
1684926186.536334,0.000000
1684926186.545346,0.000000
1684926186.555411,0.000000
1684926186.566364,0.000000
1684926186.576418,0.000000
1684926186.586332,0.000000
1684926186.595313,0.000000
1684926186.605287,0.000000
1684926186.616422,0.000000
1684926186.625295,0.000000
1684926186.635396,0.000000
1684926186.645330,0.000000
1684926186.655332,0.000000
1684926186.666295,0.000000
1684926186.676464,0.000000
1684926186.685386,0.000000
1684926186.696353,0.000000
1684926186.706318,0.000000
1684926186.716357,0.000000
1684926186.726309,0.000000
1684926186.737414,0.000000
1684926186.746311,0.000000
1684926186.756418,0.000000
1684926186.766316,0.000000
1684926186.777495,0.000000
1684926186.785395,0.000000
1684926186.796415,0.000000
1684926186.805384,0.000000
1684926186.816499,0.000000
1684926186.826290,0.000000
1684926186.836430,0.000000
1684926186.846324,0.000000
1684926186.856358,0.000000
1684926186.866306,0.000000
1684926186.876436,0.000000
1684926186.885354,0.000000
1684926186.896440,0.000000
1684926186.906357,0.000000
1684926186.916423,0.000000
1684926186.925334,0.000000
1684926186.937433,0.000000
1684926186.945444,0.000000
1684926186.956467,0.000000
1684926186.965355,0.000000
1684926186.975419,0.000000
1684926186.985430,0.000000
1684926186.995439,0.000000
1684926187.006335,0.000000
1684926187.016365,0.000000
1684926187.025359,0.000000
1684926187.036470,0.000000
1684926187.045493,0.000000
1684926187.056561,0.000000
1684926187.065607,0.000000
1684926187.075690,0.000000
1684926187.085707,0.000000
1684926187.095824,0.000000
1684926187.106901,0.000000
1684926187.115873,0.000000
1684926187.125960,0.000000
1684926187.136978,0.000000
1684926187.146099,0.000000
1684926187.157173,0.000000
1684926187.166164,0.000000
1684926187.176214,0.000000
1684926187.185299,0.000000
1684926187.196385,0.000000
1684926187.205408,0.000000
1684926187.215456,0.000000
1684926187.225510,0.000000
1684926187.236610,0.000000
1684926187.245632,0.000000
1684926187.256823,0.000000
1684926187.265836,0.000000
1684926187.275836,0.000000
1684926187.285862,0.000000
1684926187.297104,0.000000
1684926187.306099,0.000000
1684926187.317086,0.000000
1684926187.326109,0.000000
1684926187.337253,0.000000
1684926187.347229,0.000000
1684926187.357363,0.000000
1684926187.367338,0.000000
1684926187.377487,0.000000
1684926187.387344,0.000000
1684926187.397417,0.000000
1684926187.407425,0.000000
1684926187.417506,0.000000
1684926187.427450,0.000000
1684926187.437418,0.000000
1684926187.447410,0.000000
1684926187.458420,0.000000
1684926187.467341,0.000000
1684926187.475468,0.000000
1684926187.487342,0.000000
1684926187.496503,0.000000
1684926187.505424,0.000000
1684926187.516383,0.000000
1684926187.525322,0.000000
1684926187.536381,0.000000
1684926187.546324,0.000000
1684926187.556431,0.000000
1684926187.566367,0.000000
1684926187.575378,0.000000
1684926187.575377,0.000000
1684926187.585765,0.000000
1684926187.596431,0.000000
1684926187.606370,0.000000
1684926187.616366,0.000000
1684926187.625422,0.000000
1684926187.637380,0.000000
1684926187.646369,0.000000
1684926187.656350,0.000000
1684926187.665395,0.000000
1684926187.675742,0.000000
1684926187.685391,0.000000
1684926187.697542,0.000000
1684926187.705327,0.000000
1684926187.716458,0.000000
1684926187.725381,0.000000
1684926187.736278,0.000000
1684926187.745571,0.000000
1684926187.755429,0.000000
1684926187.765392,0.000000
1684926187.777465,0.000000
1684926187.785411,0.000000
1684926187.797198,0.000000
1684926187.805409,0.000000
1684926187.815490,0.000000
1684926187.825367,0.000000
1684926187.836208,0.000000
1684926187.846382,0.000000
1684926187.856209,0.000000
1684926187.865389,0.000000
1684926187.875434,0.000000
1684926187.885405,0.000000
1684926187.895470,0.000000
1684926187.906431,0.000000
1684926187.915373,0.000000
1684926187.925442,0.000000
1684926187.936041,0.000000
1684926187.945365,0.000000
1684926187.945370,0.000000
1684926187.956384,0.000000
1684926187.965407,0.000000
1684926187.975451,0.000000
1684926187.985344,0.000000
1684926187.995538,0.000000
1684926188.005386,0.000000
1684926188.015429,0.000000
1684926188.025360,0.000000
1684926188.035930,0.000000
1684926188.045431,0.000000
1684926188.055939,0.000000
1684926188.065389,0.000000
1684926188.075469,0.000000
1684926188.085366,0.000000
1684926188.095455,0.000000
1684926188.105412,0.000000
1684926188.115462,0.000000
1684926188.126440,0.000000
1684926188.135921,0.000000
1684926188.145484,0.000000
1684926188.155528,0.000000
1684926188.166572,0.000000
1684926188.176431,0.000000
1684926188.185414,0.000000
1684926188.195492,0.000000
1684926188.205428,0.000000
1684926188.215477,0.000000
1684926188.225436,0.000000
1684926188.235750,0.000000
1684926188.245442,0.000000
1684926188.255786,0.000000
1684926188.255913,0.000000
1684926188.265441,0.000000
1684926188.276436,0.000000
1684926188.286435,0.000000
1684926188.296434,0.000000
1684926188.305433,0.000000
1684926188.305502,0.000000
1684926188.315427,0.000000
1684926188.326325,0.000000
1684926188.335814,0.000000
1684926188.345440,0.000000
1684926188.355434,0.000000
1684926188.365371,0.000000
1684926188.375495,0.000000
1684926188.386394,0.000000
1684926188.395530,0.000000
1684926188.405498,0.000000
1684926188.415437,0.000000
1684926188.425382,0.000000
1684926188.436103,0.000000
1684926188.445403,0.000000
1684926188.445459,0.000000
1684926188.456184,0.000000
1684926188.465410,0.000000
1684926188.475460,0.000000
1684926188.486519,0.000000
1684926188.495571,0.000000
1684926188.505465,0.000000
1684926188.515584,0.000000
1684926188.525755,0.000000
1684926188.535718,0.000000
1684926188.545766,0.000000
1684926188.555790,0.000000
1684926188.565857,0.000000
1684926188.575940,0.000000
1684926188.586007,0.000000
1684926188.596066,0.000000
1684926188.606078,0.000000
1684926188.616148,0.000000
1684926188.626214,0.000000
1684926188.636235,0.000000
1684926188.646336,0.000000
1684926188.656354,0.000000
1684926188.665423,0.000000
1684926188.675460,0.000000
1684926188.685614,0.000000
1684926188.695591,0.000000
1684926188.705608,0.000000
1684926188.715724,0.000000
1684926188.725773,0.000000
1684926188.736233,0.000000
1684926188.745951,0.000000
1684926188.755921,0.000000
1684926188.766029,0.000000
1684926188.777050,0.000000
1684926188.786112,0.000000
1684926188.796189,0.000000
1684926188.806236,0.000000
1684926188.817362,0.000000
1684926188.826340,0.000000
1684926188.837510,0.000000
1684926188.846555,0.000000
1684926188.857567,0.000000
1684926188.866505,0.000000
1684926188.877561,0.000000
1684926188.886441,0.000000
1684926188.897472,0.000000
1684926188.906395,0.000000
1684926188.917533,0.000000
1684926188.927493,0.000000
1684926188.937580,0.000000
1684926188.946462,0.000000
1684926188.956508,0.000000
1684926188.966399,0.000000
1684926188.976494,0.000000
1684926188.986416,0.000000
1684926188.996439,0.000000
1684926189.005440,0.000000
1684926189.016489,0.000000
1684926189.026508,0.000000
1684926189.035498,0.000000
1684926189.045553,0.000000
1684926189.055564,0.000000
1684926189.066481,0.000000
1684926189.076510,0.000000
1684926189.085486,0.000000
1684926189.095474,0.000000
1684926189.105446,0.000000
1684926189.115469,0.000000
1684926189.126485,0.000000
1684926189.135572,0.000000
1684926189.145464,0.000000
1684926189.155488,0.000000
1684926189.165469,0.000000
1684926189.176511,0.000000
1684926189.186423,0.000000
1684926189.196469,0.000000
1684926189.205407,0.000000
1684926189.215710,0.000000
1684926189.225865,0.000000
1684926189.236489,0.000000
1684926189.245418,0.000000
1684926189.255572,0.000000
1684926189.266464,0.000000
1684926189.276638,0.000000
1684926189.285541,0.000000
1684926189.295572,0.000000
1684926189.305467,0.000000
1684926189.315545,0.000000
1684926189.325481,0.000000
1684926189.335579,0.000000
1684926189.345528,0.000000
1684926189.355655,0.000000
1684926189.365539,0.000000
1684926189.375603,0.000000
1684926189.385457,0.000000
1684926189.395602,0.000000
1684926189.395676,0.000000
1684926189.405490,0.000000
1684926189.415515,0.000000
1684926189.425496,0.000000
1684926189.435612,0.000000
1684926189.445495,0.000000
1684926189.455571,0.000000
1684926189.465402,0.000000
1684926189.475571,0.000000
1684926189.486448,0.000000
1684926189.495491,0.000000
1684926189.505455,0.000000
1684926189.515494,0.000000
1684926189.525498,0.000000
1684926189.535523,0.000000
1684926189.545513,0.000000
1684926189.556573,0.000000
1684926189.565427,0.000000
1684926189.576472,0.000000
1684926189.585449,0.000000
1684926189.595461,0.000000
1684926189.606426,0.000000
1684926189.615492,0.000000
1684926189.625488,0.000000
1684926189.635612,0.000000
1684926189.645431,0.000000
1684926189.647274,0.000000
1684926189.656513,0.000000
1684926189.665466,0.000000
1684926189.676228,0.000000
1684926189.686565,0.000000
1684926189.695588,0.000000
1684926189.705531,0.000000
1684926189.715744,0.000000
1684926189.726433,0.000000
1684926189.735526,0.000000
1684926189.745509,0.000000
1684926189.756623,0.000000
1684926189.766512,0.000000
1684926189.776521,0.000000
1684926189.785449,0.000000
1684926189.795497,0.000000
1684926189.805470,0.000000
1684926189.816644,0.000000
1684926189.825457,0.000000
1684926189.835577,0.000000
1684926189.845496,0.000000
1684926189.855482,0.000000
1684926189.866516,0.000000
1684926189.876476,0.000000
1684926189.885499,0.000000
1684926189.895581,0.000000
1684926189.905428,0.000000
1684926189.916538,0.000000
1684926189.926449,0.000000
1684926189.935576,0.000000
1684926189.945453,0.000000
1684926189.955513,0.000000
1684926189.966633,0.000000
1684926189.975682,0.000000
1684926189.985521,0.000000
1684926189.995524,0.000000
1684926190.005545,0.000000
1684926190.016555,0.000000
1684926190.025454,0.000000
1684926190.035501,0.000000
1684926190.045538,0.000000
1684926190.055535,0.000000
1684926190.066499,0.000000
1684926190.075526,0.000000
1684926190.085452,0.000000
1684926190.095582,0.000000
1684926190.105445,0.000000
1684926190.115567,0.000000
1684926190.125492,0.000000
1684926190.135587,0.000000
1684926190.145494,0.000000
1684926190.155560,0.000000
1684926190.166472,0.000000
1684926190.175507,0.000000
1684926190.185570,0.000000
1684926190.195648,0.000000
1684926190.205588,0.000000
1684926190.215589,0.000000
1684926190.225586,0.000000
1684926190.235697,0.000000
1684926190.245713,0.000000
1684926190.255794,0.000000
1684926190.265766,0.000000
1684926190.275831,0.000000
1684926190.285870,0.000000
1684926190.295933,0.000000
1684926190.306001,0.000000
1684926190.316083,0.000000
1684926190.326166,0.000000
1684926190.336285,0.000000
1684926190.346276,0.000000
1684926190.356317,0.000000
1684926190.366359,0.000000
1684926190.376507,0.000000
1684926190.385507,0.000000
1684926190.389189,0.000000
1684926190.396577,0.000000
1684926190.405623,0.000000
1684926190.415646,0.000000
1684926190.425709,0.000000
1684926190.435757,0.000000
1684926190.445867,0.000000
1684926190.455885,0.000000
1684926190.465975,0.000000
1684926190.476118,0.000000
1684926190.486020,0.000000
1684926190.496126,0.000000
1684926190.496142,0.000000
1684926190.506199,0.000000
1684926190.516466,0.000000
1684926190.526263,0.000000
1684926190.536640,0.000000
1684926190.546345,0.000000
1684926190.556437,0.000000
1684926190.566505,0.000000
1684926190.576644,0.000000
1684926190.586498,0.000000
1684926190.596661,0.000000
1684926190.606611,0.000000
1684926190.617588,0.000000
1684926190.626546,0.000000
1684926190.637641,0.000000
1684926190.646523,0.000000
1684926190.657635,0.000000
1684926190.666545,0.000000
1684926190.675614,0.000000
1684926190.686499,0.000000
1684926190.686499,0.000000
1684926190.697591,0.000000
1684926190.706565,0.000000
1684926190.716648,0.000000
1684926190.725563,0.000000
1684926190.736688,0.000000
1684926190.745569,0.000000
1684926190.756581,0.000000
1684926190.765519,0.000000
1684926190.776622,0.000000
1684926190.785585,0.000000
1684926190.796655,0.000000
1684926190.805551,0.000000
1684926190.816686,0.000000
1684926190.825537,0.000000
1684926190.836605,0.000000
1684926190.845556,0.000000
1684926190.856663,0.000000
1684926190.865549,0.000000
1684926190.876584,0.000000
1684926190.885543,0.000000
1684926190.896587,0.000000
1684926190.905569,0.000000
1684926190.916657,0.000000
1684926190.925576,0.000000
1684926190.936632,0.000000
1684926190.945600,0.000000
1684926190.956736,0.000000
1684926190.965589,0.000000
1684926190.976619,0.000000
1684926190.985614,0.000000
1684926190.996588,0.000000
1684926191.005596,0.000000
1684926191.016632,0.000000
1684926191.025531,0.000000
1684926191.036668,0.000000
1684926191.045548,0.000000
1684926191.056722,0.000000
1684926191.065507,0.000000
1684926191.076570,0.000000
1684926191.085589,0.000000
1684926191.096624,0.000000
1684926191.105571,0.000000
1684926191.116712,0.000000
1684926191.125505,0.000000
1684926191.136613,0.000000
1684926191.145589,0.000000
1684926191.156655,0.000000
1684926191.165529,0.000000
1684926191.176667,0.000000
1684926191.185549,0.000000
1684926191.196717,0.000000
1684926191.205595,0.000000
1684926191.216791,0.000000
1684926191.225582,0.000000
1684926191.236628,0.000000
1684926191.246642,0.000000
1684926191.256713,0.000000
1684926191.265593,0.000000
1684926191.275886,0.000000
1684926191.285569,0.000000
1684926191.296618,0.000000
1684926191.305573,0.000000
1684926191.316561,0.000000
1684926191.325591,0.000000
1684926191.336740,0.000000
1684926191.346670,0.000000
1684926191.356510,0.000000
1684926191.365619,0.000000
1684926191.376498,0.000000
1684926191.385616,0.000000
1684926191.396509,0.000000
1684926191.405558,0.000000
1684926191.416447,0.000000
1684926191.425580,0.000000
1684926191.436515,0.000000
1684926191.445585,0.000000
1684926191.456412,0.000000
1684926191.465544,0.000000
1684926191.476384,0.000000
1684926191.485563,0.000000
1684926191.496464,0.000000
1684926191.505580,0.000000
1684926191.516350,0.000000
1684926191.525498,0.000000
1684926191.536369,0.000000
1684926191.545596,0.000000
1684926191.556308,0.000000
1684926191.565578,0.000000
1684926191.576309,0.000000
1684926191.585720,0.000000
1684926191.596265,0.000000
1684926191.605603,0.000000
1684926191.616241,0.000000
1684926191.625545,0.000000
1684926191.636243,0.000000
1684926191.645613,0.000000
1684926191.656217,0.000000
1684926191.665565,0.000000
1684926191.676164,0.000000
1684926191.685611,0.000000
1684926191.696167,0.000000
1684926191.706513,0.000000
1684926191.716143,0.000000
1684926191.726585,0.000000
1684926191.736145,0.000000
1684926191.745562,0.000000
1684926191.756098,0.000000
1684926191.765714,0.000000
1684926191.776115,0.000000
1684926191.785548,0.000000
1684926191.796039,0.000000
1684926191.805554,0.000000
1684926191.816018,0.000000
1684926191.825591,0.000000
1684926191.836037,0.000000
1684926191.845640,0.000000
1684926191.856063,0.000000
1684926191.865549,0.000000
1684926191.876173,0.000000
1684926191.886644,0.000000
1684926191.896165,0.000000
1684926191.905618,0.000000
1684926191.915570,0.000000
1684926191.925632,0.000000
1684926191.936665,0.000000
1684926191.945747,0.000000
1684926191.955782,0.000000
1684926191.965852,0.000000
1684926191.975939,0.000000
1684926191.986074,0.000000
1684926191.986114,0.000000
1684926191.996045,0.000000
1684926192.006079,0.000000
1684926192.016208,0.000000
1684926192.026248,0.000000
1684926192.036287,0.000000
1684926192.046340,0.000000
1684926192.056477,0.000000
1684926192.066472,0.000000
1684926192.075557,0.000000
1684926192.086600,0.000000
1684926192.095872,0.000000
1684926192.105708,0.000000
1684926192.116731,0.000000
1684926192.125911,0.000000
1684926192.136763,0.000000
1684926192.145984,0.000000
1684926192.155691,0.000000
1684926192.166035,0.000000
1684926192.176679,0.000000
1684926192.186172,0.000000
1684926192.196718,0.000000
1684926192.206338,0.000000
1684926192.216642,0.000000
1684926192.226397,0.000000
1684926192.236629,0.000000
1684926192.246644,0.000000
1684926192.256737,0.000000
1684926192.266658,0.000000
1684926192.276715,0.000000
1684926192.286664,0.000000
1684926192.296727,0.000000
1684926192.306567,0.000000
1684926192.316739,0.000000
1684926192.326628,0.000000
1684926192.336757,0.000000
1684926192.346662,0.000000
1684926192.356730,0.000000
1684926192.366603,0.000000
1684926192.375680,0.000000
1684926192.386545,0.000000
1684926192.396649,0.000000
1684926192.405582,0.000000
1684926192.416670,0.000000
1684926192.425602,0.000000
1684926192.435631,0.000000
1684926192.445730,0.000000
1684926192.455780,0.000000
1684926192.465588,0.000000
1684926192.475631,0.000000
1684926192.485631,0.000000
1684926192.495694,0.000000
1684926192.505627,0.000000
1684926192.516635,0.000000
1684926192.525584,0.000000
1684926192.535646,0.000000
1684926192.545608,0.000000
1684926192.555638,0.000000
1684926192.565623,0.000000
1684926192.576655,0.000000
1684926192.585652,0.000000
1684926192.595762,0.000000
1684926192.605591,0.000000
1684926192.615734,0.000000
1684926192.626603,0.000000
1684926192.635668,0.000000
1684926192.645587,0.000000
1684926192.655669,0.000000
1684926192.665680,0.000000
1684926192.676780,0.000000
1684926192.685609,0.000000
1684926192.695832,0.000000
1684926192.705638,0.000000
1684926192.715710,0.000000
1684926192.715762,0.000000
1684926192.726609,0.000000
1684926192.735698,0.000000
1684926192.745711,0.000000
1684926192.755697,0.000000
1684926192.765591,0.000000
1684926192.776655,0.000000
1684926192.785631,0.000000
1684926192.795737,0.000000
1684926192.805678,0.000000
1684926192.815722,0.000000
1684926192.826703,0.000000
1684926192.835701,0.000000
1684926192.845639,0.000000
1684926192.855738,0.000000
1684926192.865908,0.000000
1684926192.876850,0.000000
1684926192.885730,0.000000
1684926192.895791,0.000000
1684926192.905635,0.000000
1684926192.915753,0.000000
1684926192.925612,0.000000
1684926192.935759,0.000000
1684926192.945623,0.000000
1684926192.955676,0.000000
1684926192.965656,0.000000
1684926192.975686,0.000000
1684926192.985611,0.000000
1684926192.995665,0.000000
1684926193.005622,0.000000
1684926193.015677,0.000000
1684926193.026613,0.000000
1684926193.035704,0.000000
1684926193.045679,0.000000
1684926193.055762,0.000000
1684926193.065674,0.000000
1684926193.075775,0.000000
1684926193.085641,0.000000
1684926193.095709,0.000000
1684926193.105726,0.000000
1684926193.116510,0.000000
1684926193.125695,0.000000
1684926193.135657,0.000000
1684926193.145672,0.000000
1684926193.155740,0.000000
1684926193.165678,0.000000
1684926193.175742,0.000000
1684926193.185678,0.000000
1684926193.195704,0.000000
1684926193.205634,0.000000
1684926193.215740,0.000000
1684926193.225630,0.000000
1684926193.235731,0.000000
1684926193.245619,0.000000
1684926193.256765,0.000000
1684926193.265678,0.000000
1684926193.275749,0.000000
1684926193.285664,0.000000
1684926193.295743,0.000000
1684926193.305698,0.000000
1684926193.316692,0.000000
1684926193.325722,0.000000
1684926193.335766,0.000000
1684926193.345719,0.000000
1684926193.355767,0.000000
1684926193.366642,0.000000
1684926193.375663,0.000000
1684926193.385698,0.000000
1684926193.395695,0.000000
1684926193.405683,0.000000
1684926193.416741,0.000000
1684926193.425702,0.000000
1684926193.435762,0.000000
1684926193.445642,0.000000
1684926193.455689,0.000000
1684926193.466658,0.000000
1684926193.475709,0.000000
1684926193.485638,0.000000
1684926193.495700,0.000000
1684926193.505687,0.000000
1684926193.516725,0.000000
1684926193.525857,0.000000
1684926193.535719,0.000000
1684926193.545681,0.000000
1684926193.555839,0.000000
1684926193.566683,0.000000
1684926193.575801,0.000000
1684926193.585685,0.000000
1684926193.595750,0.000000
1684926193.605819,0.000000
1684926193.616395,0.000000
1684926193.626013,0.000000
1684926193.636167,0.000000
1684926193.646081,0.000000
1684926193.656197,0.000000
1684926193.666177,0.000000
1684926193.676203,0.000000
1684926193.686266,0.000000
1684926193.696345,0.000000
1684926193.706369,0.000000
1684926193.716436,0.000000
1684926193.726556,0.000000
1684926193.736583,0.000000
1684926193.745620,0.000000
1684926193.756639,0.000000
1684926193.765718,0.000000
1684926193.776902,0.000000
1684926193.785835,0.000000
1684926193.795929,0.000000
1684926193.806064,0.000000
1684926193.816251,0.000000
1684926193.826160,0.000000
1684926193.836273,0.000000
1684926193.846285,0.000000
1684926193.856376,0.000000
1684926193.866510,0.000000
1684926193.876498,0.000000
1684926193.886500,0.000000
1684926193.896679,0.000000
1684926193.906737,0.000000
1684926193.916839,0.000000
1684926193.926748,0.000000
1684926193.936803,0.000000
1684926193.936799,0.000000
1684926193.946815,0.000000
1684926193.956771,0.000000
1684926193.966708,0.000000
1684926193.976747,0.000000
1684926193.986706,0.000000
1684926193.996785,0.000000
1684926194.006729,0.000000
1684926194.016685,0.000000
1684926194.025729,0.000000
1684926194.035693,0.000000
1684926194.046725,0.000000
1684926194.056688,0.000000
1684926194.065628,0.000000
1684926194.075773,0.000000
1684926194.085693,0.000000
1684926194.095752,0.000000
1684926194.106688,0.000000
1684926194.116248,0.000000
1684926194.125666,0.000000
1684926194.135776,0.000000
1684926194.145750,0.000000
1684926194.156034,0.000000
1684926194.165651,0.000000
1684926194.175716,0.000000
1684926194.185721,0.000000
1684926194.195902,0.000000
1684926194.206729,0.000000
1684926194.215920,0.000000
1684926194.225675,0.000000
1684926194.235775,0.000000
1684926194.245646,0.000000
1684926194.256828,0.000000
1684926194.265643,0.000000
1684926194.275799,0.000000
1684926194.285770,0.000000
1684926194.285769,0.000000
1684926194.295798,0.000000
1684926194.305751,0.000000
1684926194.315774,0.000000
1684926194.325711,0.000000
1684926194.335844,0.000000
1684926194.345683,0.000000
1684926194.355784,0.000000
1684926194.365727,0.000000
1684926194.375777,0.000000
1684926194.385691,0.000000
1684926194.395818,0.000000
1684926194.405718,0.000000
1684926194.415774,0.000000
1684926194.425688,0.000000
1684926194.435783,0.000000
1684926194.445702,0.000000
1684926194.455765,0.000000
1684926194.465714,0.000000
1684926194.476002,0.000000
1684926194.476035,0.000000
1684926194.485852,0.000000
1684926194.485944,0.000000
1684926194.495737,0.000000
1684926194.505718,0.000000
1684926194.515865,0.000000
1684926194.525835,0.000000
1684926194.535788,0.000000
1684926194.545835,0.000000
1684926194.555825,0.000000
1684926194.565713,0.000000
1684926194.575751,0.000000
1684926194.585836,0.000000
1684926194.595825,0.000000
1684926194.605721,0.000000
1684926194.615758,0.000000
1684926194.625704,0.000000
1684926194.635764,0.000000
1684926194.637280,0.000000
1684926194.645701,0.000000
1684926194.655791,0.000000
1684926194.665705,0.000000
1684926194.675754,0.000000
1684926194.685758,0.000000
1684926194.695762,0.000000
1684926194.705785,0.000000
1684926194.715763,0.000000
1684926194.725837,0.000000
1684926194.735824,0.000000
1684926194.746778,0.000000
1684926194.755825,0.000000
1684926194.765818,0.000000
1684926194.776842,0.000000
1684926194.785753,0.000000
1684926194.796800,0.000000
1684926194.805696,0.000000
1684926194.815803,0.000000
1684926194.825798,0.000000
1684926194.835796,0.000000
1684926194.846760,0.000000
1684926194.855762,0.000000
1684926194.865766,0.000000
1684926194.875722,0.000000
1684926194.885772,0.000000
1684926194.885763,0.000000
1684926194.896746,0.000000
1684926194.905765,0.000000
1684926194.915825,0.000000
1684926194.925702,0.000000
1684926194.935828,0.000000
1684926194.946765,0.000000
1684926194.955929,0.000000
1684926194.965762,0.000000
1684926194.975870,0.000000
1684926194.985779,0.000000
1684926194.996829,0.000000
1684926195.005773,0.000000
1684926195.015802,0.000000
1684926195.025705,0.000000
1684926195.025716,0.000000
1684926195.035767,0.000000
1684926195.045765,0.000000
1684926195.055770,0.000000
1684926195.065757,0.000000
1684926195.075782,0.000000
1684926195.085756,0.000000
1684926195.095851,0.000000
1684926195.105732,0.000000
1684926195.116539,0.000000
1684926195.125852,0.000000
1684926195.135770,0.000000
1684926195.145767,0.000000
1684926195.155804,0.000000
1684926195.165758,0.000000
1684926195.175880,0.000000
1684926195.185826,0.000000
1684926195.195815,0.000000
1684926195.205801,0.000000
1684926195.215845,0.000000
1684926195.225880,0.000000
1684926195.235831,0.000000
1684926195.245954,0.000000
1684926195.256021,0.000000
1684926195.266017,0.000000
1684926195.276081,0.000000
1684926195.286116,0.000000
1684926195.296185,0.000000
1684926195.306262,0.000000
1684926195.316308,0.000000
1684926195.326372,0.000000
1684926195.336440,0.000000
1684926195.346509,0.000000
1684926195.356562,0.000000
1684926195.366588,0.000000
1684926195.376751,0.000000
1684926195.385685,0.000000
1684926195.396762,0.000000
1684926195.405835,0.000000
1684926195.416696,0.000000
1684926195.426726,0.000000
1684926195.436683,0.000000
1684926195.446752,0.000000
1684926195.456816,0.000000
1684926195.466821,0.000000
1684926195.475889,0.000000
1684926195.475891,0.000000
1684926195.486764,0.000000
1684926195.495838,0.000000
1684926195.505766,0.000000
1684926195.515794,0.000000
1684926195.525765,0.000000
1684926195.536788,0.000000
1684926195.545808,0.000000
1684926195.555837,0.000000
1684926195.565784,0.000000
1684926195.565786,0.000000
1684926195.575811,0.000000
1684926195.586750,0.000000
1684926195.595864,0.000000
1684926195.605792,0.000000
1684926195.615797,0.000000
1684926195.625767,0.000000
1684926195.636829,0.000000
1684926195.645734,0.000000
1684926195.655787,0.000000
1684926195.665828,0.000000
1684926195.675867,0.000000
1684926195.686792,0.000000
1684926195.695831,0.000000
1684926195.705830,0.000000
1684926195.715780,0.000000
1684926195.725814,0.000000
1684926195.735779,0.000000
1684926195.745837,0.000000
1684926195.755813,0.000000
1684926195.765892,0.000000
1684926195.776868,0.000000
1684926195.785764,0.000000
1684926195.795819,0.000000
1684926195.805823,0.000000
1684926195.815935,0.000000
1684926195.825831,0.000000
1684926195.835815,0.000000
1684926195.846066,0.000000
1684926195.855791,0.000000
1684926195.865837,0.000000
1684926195.875910,0.000000
1684926195.885714,0.000000
1684926195.895990,0.000000
1684926195.905810,0.000000
1684926195.915822,0.000000
1684926195.925768,0.000000
1684926195.935849,0.000000
1684926195.946200,0.000000
1684926195.955850,0.000000
1684926195.957417,0.000000
1684926195.965918,0.000000
1684926195.975951,0.000000
1684926195.986066,0.000000
1684926195.996129,0.000000
1684926196.006176,0.000000
1684926196.016231,0.000000
1684926196.026291,0.000000
1684926196.036276,0.000000
1684926196.046388,0.000000
1684926196.056430,0.000000
1684926196.066460,0.000000
1684926196.076550,0.000000
1684926196.086553,0.000000
1684926196.096671,0.000000
1684926196.105704,0.000000
1684926196.116236,0.000000
1684926196.126850,0.000000
1684926196.135970,0.000000
1684926196.145966,0.000000
1684926196.156005,0.000000
1684926196.166069,0.000000
1684926196.176149,0.000000
1684926196.186179,0.000000
1684926196.196265,0.000000
1684926196.206329,0.000000
1684926196.216369,0.000000
1684926196.226440,0.000000
1684926196.236524,0.000000
1684926196.246552,0.000000
1684926196.256589,0.000000
1684926196.266653,0.000000
1684926196.276744,0.000000
1684926196.286803,0.000000
1684926196.296971,0.000000
1684926196.306839,0.000000
1684926196.316825,0.000000
1684926196.326802,0.000000
1684926196.336905,0.000000
1684926196.346808,0.000000
1684926196.356864,0.000000
1684926196.366786,0.000000
1684926196.376902,0.000000
1684926196.386842,0.000000
1684926196.396864,0.000000
1684926196.397015,0.000000
1684926196.405924,0.000000
1684926196.415888,0.000000
1684926196.426816,0.000000
1684926196.435905,0.000000
1684926196.446820,0.000000
1684926196.455907,0.000000
1684926196.465883,0.000000
1684926196.476846,0.000000
1684926196.485833,0.000000
1684926196.495861,0.000000
1684926196.505800,0.000000
1684926196.515899,0.000000
1684926196.525845,0.000000
1684926196.535864,0.000000
1684926196.545759,0.000000
1684926196.555851,0.000000
1684926196.565933,0.000000
1684926196.575821,0.000000
1684926196.585923,0.000000
1684926196.595896,0.000000
1684926196.605891,0.000000
1684926196.615823,0.000000
1684926196.625824,0.000000
1684926196.635905,0.000000
1684926196.645837,0.000000
1684926196.655908,0.000000
1684926196.665900,0.000000
1684926196.665960,0.000000
1684926196.675909,0.000000
1684926196.685850,0.000000
1684926196.695990,0.000000
1684926196.706762,0.000000
1684926196.715847,0.000000
1684926196.725804,0.000000
1684926196.735886,0.000000
1684926196.745813,0.000000
1684926196.756894,0.000000
1684926196.765886,0.000000
1684926196.776866,0.000000
1684926196.785793,0.000000
1684926196.795914,0.000000
1684926196.805824,0.000000
1684926196.815881,0.000000
1684926196.825786,0.000000
1684926196.835908,0.000000
1684926196.845783,0.000000
1684926196.855884,0.000000
1684926196.866847,0.000000
1684926196.875969,0.000000
1684926196.885916,0.000000
1684926196.895964,0.000000
1684926196.905858,0.000000
1684926196.916908,0.000000
1684926196.926722,0.000000
1684926196.935914,0.000000
1684926196.945914,0.000000
1684926196.955915,0.000000
1684926196.966906,0.000000
1684926196.975914,0.000000
1684926196.986360,0.000000
1684926196.995895,0.000000
1684926197.005830,0.000000
1684926197.016956,0.000000
1684926197.026668,0.000000
1684926197.035902,0.000000
1684926197.046558,0.000000
1684926197.055849,0.000000
1684926197.066851,0.000000
1684926197.075957,0.000000
1684926197.085869,0.000000
1684926197.095916,0.000000
1684926197.105853,0.000000
1684926197.116874,0.000000
1684926197.120009,0.000000
1684926197.126488,0.000000
1684926197.135914,0.000000
1684926197.145909,0.000000
1684926197.155911,0.000000
1684926197.165818,0.000000
1684926197.175914,0.000000
1684926197.185831,0.000000
1684926197.195933,0.000000
1684926197.205865,0.000000
1684926197.216018,0.000000
1684926197.226407,0.000000
1684926197.235940,0.000000
1684926197.246362,0.000000
1684926197.255933,0.000000
1684926197.265916,0.000000
1684926197.275903,0.000000
1684926197.285923,0.000000
1684926197.295943,0.000000
1684926197.305909,0.000000
1684926197.315925,0.000000
1684926197.326433,0.000000
1684926197.335974,0.000000
1684926197.345939,0.000000
1684926197.355916,0.000000
1684926197.366164,0.000000
1684926197.375964,0.000000
1684926197.385828,0.000000
1684926197.395897,0.000000
1684926197.405912,0.000000
1684926197.415971,0.000000
1684926197.426201,0.000000
1684926197.436197,0.000000
1684926197.446172,0.000000
1684926197.455943,0.000000
1684926197.465910,0.000000
1684926197.475863,0.000000
1684926197.485878,0.000000
1684926197.496011,0.000000
1684926197.505934,0.000000
1684926197.515871,0.000000
1684926197.526681,0.000000
1684926197.536061,0.000000
1684926197.545915,0.000000
1684926197.555995,0.000000
1684926197.565925,0.000000
1684926197.575951,0.000000
1684926197.585830,0.000000
1684926197.596889,0.000000
1684926197.606997,0.000000
1684926197.615903,0.000000
1684926197.626736,0.000000
1684926197.635923,0.000000
1684926197.646751,0.000000
1684926197.656835,0.000000
1684926197.666784,0.000000
1684926197.676800,0.000000
1684926197.686738,0.000000
1684926197.696763,0.000000
1684926197.706754,0.000000
1684926197.716745,0.000000
1684926197.725835,0.000000
1684926197.736837,0.000000
1684926197.745761,0.000000
1684926197.755989,0.000000
1684926197.766006,0.000000
1684926197.777105,0.000000
1684926197.785799,0.000000
1684926197.796216,0.000000
1684926197.806258,0.000000
1684926197.816313,0.000000
1684926197.825795,0.000000
1684926197.836520,0.000000
1684926197.846896,0.000000
1684926197.856542,0.000000
1684926197.866656,0.000000
1684926197.876655,0.000000
1684926197.886734,0.000000
1684926197.896776,0.000000
1684926197.907034,0.000000
1684926197.916998,0.000000
1684926197.926919,0.000000
1684926197.937005,0.000000
1684926197.946920,0.000000
1684926197.956939,0.000000
1684926197.966857,0.000000
1684926197.976929,0.000000
1684926197.986877,0.000000
1684926197.996920,0.000000
1684926198.006996,0.000000
1684926198.015996,0.000000
1684926198.025876,0.000000
1684926198.037316,0.000000
1684926198.045943,0.000000
1684926198.056428,0.000000
1684926198.065920,0.000000
1684926198.075968,0.000000
1684926198.085885,0.000000
1684926198.096072,0.000000
1684926198.105880,0.000000
1684926198.116466,0.000000
1684926198.125916,0.000000
1684926198.136024,0.000000
1684926198.145901,0.000000
1684926198.155999,0.000000
1684926198.165943,0.000000
1684926198.176010,0.000000
1684926198.186948,0.000000
1684926198.196078,0.000000
1684926198.205921,0.000000
1684926198.216074,0.000000
1684926198.225943,0.000000
1684926198.235972,0.000000
1684926198.245940,0.000000
1684926198.255929,0.000000
1684926198.265918,0.000000
1684926198.275880,0.000000
1684926198.285906,0.000000
1684926198.296026,0.000000
1684926198.305860,0.000000
1684926198.315975,0.000000
1684926198.325969,0.000000
1684926198.335994,0.000000
1684926198.345989,0.000000
1684926198.355987,0.000000
1684926198.365972,0.000000
1684926198.376011,0.000000
1684926198.386022,0.000000
1684926198.397046,0.000000
1684926198.405944,0.000000
1684926198.415944,0.000000
1684926198.426046,0.000000
1684926198.435954,0.000000
1684926198.446036,0.000000
1684926198.455902,0.000000
1684926198.465868,0.000000
1684926198.475988,0.000000
1684926198.485893,0.000000
1684926198.496969,0.000000
1684926198.505861,0.000000
1684926198.516032,0.000000
1684926198.526145,0.000000
1684926198.536115,0.000000
1684926198.546078,0.000000
1684926198.555995,0.000000
1684926198.565938,0.000000
1684926198.575969,0.000000
1684926198.585945,0.000000
1684926198.596001,0.000000
1684926198.605916,0.000000
1684926198.616016,0.000000
1684926198.625967,0.000000
1684926198.635961,0.000000
1684926198.645941,0.000000
1684926198.656038,0.000000
1684926198.665953,0.000000
1684926198.675988,0.000000
1684926198.686003,0.000000
1684926198.695991,0.000000
1684926198.705961,0.000000
1684926198.716022,0.000000
1684926198.726188,0.000000
1684926198.726259,0.000000
1684926198.735971,0.000000
1684926198.746240,0.000000
1684926198.755970,0.000000
1684926198.755969,0.000000
1684926198.765930,0.000000
1684926198.777014,0.000000
1684926198.785946,0.000000
1684926198.796001,0.000000
1684926198.805926,0.000000
1684926198.816053,0.000000
1684926198.825893,0.000000
1684926198.835952,0.000000
1684926198.845955,0.000000
1684926198.855975,0.000000
1684926198.865948,0.000000
1684926198.876956,0.000000
1684926198.885899,0.000000
1684926198.895973,0.000000
1684926198.905916,0.000000
1684926198.916023,0.000000
1684926198.926074,0.000000
1684926198.936025,0.000000
1684926198.946466,0.000000
1684926198.956012,0.000000
1684926198.965957,0.000000
1684926198.976001,0.000000
1684926198.985930,0.000000
1684926198.996006,0.000000
1684926199.005929,0.000000
1684926199.016021,0.000000
1684926199.025962,0.000000
1684926199.036034,0.000000
1684926199.045959,0.000000
1684926199.056045,0.000000
1684926199.065923,0.000000
1684926199.076032,0.000000
1684926199.087003,0.000000
1684926199.096045,0.000000
1684926199.106027,0.000000
1684926199.116022,0.000000
1684926199.126024,0.000000
1684926199.136119,0.000000
1684926199.146142,0.000000
1684926199.156205,0.000000
1684926199.166228,0.000000
1684926199.176350,0.000000
1684926199.176404,0.000000
1684926199.186329,0.000000
1684926199.196053,0.000000
1684926199.205994,0.000000
1684926199.216076,0.000000
1684926199.226335,0.000000
1684926199.237038,0.000000
1684926199.246310,0.000000
1684926199.255976,0.000000
1684926199.265956,0.000000
1684926199.275979,0.000000
1684926199.286939,0.000000
1684926199.296055,0.000000
1684926199.306078,0.000000
1684926199.316122,0.000000
1684926199.326207,0.000000
1684926199.336239,0.000000
1684926199.346409,0.000000
1684926199.356349,0.000000
1684926199.366549,0.000000
1684926199.376528,0.000000
1684926199.386559,0.000000
1684926199.396521,0.000000
1684926199.406558,0.000000
1684926199.416575,0.000000
1684926199.426584,0.000000
1684926199.436547,0.000000
1684926199.446542,0.000000
1684926199.456596,0.000000
1684926199.466560,0.000000
1684926199.476541,0.000000
1684926199.486559,0.000000
1684926199.496544,0.000000
1684926199.506855,0.000000
1684926199.516550,0.000000
1684926199.526598,0.000000
1684926199.536607,0.000000
1684926199.546606,0.000000
1684926199.556611,0.000000
1684926199.566633,0.000000
1684926199.576688,0.000000
1684926199.577192,0.000000
1684926199.586604,0.000000
1684926199.596606,0.000000
1684926199.606689,0.000000
1684926199.616749,0.000000
1684926199.626840,0.000000
1684926199.636878,0.000000
1684926199.646672,0.000000
1684926199.657008,0.000000
1684926199.667091,0.000000
1684926199.677091,0.000000
1684926199.687063,0.000000
1684926199.697109,0.000000
1684926199.706975,0.000000
1684926199.717075,0.000000
1684926199.727013,0.000000
1684926199.737084,0.000000
1684926199.746735,0.000000
1684926199.757068,0.000000
1684926199.767019,0.000000
1684926199.777133,0.000000
1684926199.786005,0.000000
1684926199.796048,0.000000
1684926199.807064,0.000000
1684926199.816182,0.000000
1684926199.827011,0.000000
1684926199.836071,0.000000
1684926199.846864,0.000000
1684926199.856005,0.000000
1684926199.866038,0.000000
1684926199.866103,0.000000
1684926199.877044,0.000000
1684926199.887064,0.000000
1684926199.896068,0.000000
1684926199.906000,0.000000
1684926199.916044,0.000000
1684926199.927026,0.000000
1684926199.935983,0.000000
1684926199.946880,0.000000
1684926199.956069,0.000000
1684926199.966990,0.000000
1684926199.976066,0.000000
1684926199.986072,0.000000
1684926199.996074,0.000000
1684926200.006092,0.000000
1684926200.016187,0.000000
1684926200.026095,0.000000
1684926200.036127,0.000000
1684926200.046200,0.000000
1684926200.056096,0.000000
1684926200.066160,0.000000
1684926200.076111,0.000000
1684926200.086169,0.000000
1684926200.096227,0.000000
1684926200.106242,0.000000
1684926200.116305,0.000000
1684926200.126131,0.000000
1684926200.136134,0.000000
1684926200.146144,0.000000
1684926200.156138,0.000000
1684926200.166252,0.000000
1684926200.176167,0.000000
1684926200.186219,0.000000
1684926200.196142,0.000000
1684926200.206192,0.000000
1684926200.216259,0.000000
1684926200.226264,0.000000
1684926200.236220,0.000000
1684926200.246265,0.000000
1684926200.256211,0.000000
1684926200.266184,0.000000
1684926200.276264,0.000000
1684926200.286289,0.000000
1684926200.296298,0.000000
1684926200.306266,0.000000
1684926200.316323,0.000000
1684926200.326492,0.000000
1684926200.336288,0.000000
1684926200.346314,0.000000
1684926200.356305,0.000000
1684926200.366322,0.000000
1684926200.376449,0.000000
1684926200.386428,0.000000
1684926200.396472,0.000000
1684926200.406553,0.000000
1684926200.416617,0.000000
1684926200.426782,0.000000
1684926200.436803,0.000000
1684926200.446933,0.000000
1684926200.456873,0.000000
1684926200.466966,0.000000
1684926200.476960,0.000000
1684926200.485974,0.000000
1684926200.496165,0.000000
1684926200.506212,0.000000
1684926200.516160,0.000000
1684926200.526301,0.000000
1684926200.536285,0.000000
1684926200.546366,0.000000
1684926200.556447,0.000000
1684926200.566472,0.000000
1684926200.576623,0.000000
1684926200.586581,0.000000
1684926200.596617,0.000000
1684926200.605972,0.000000
1684926200.617091,0.000000
1684926200.626137,0.000000
1684926200.636155,0.000000
1684926200.646244,0.000000
1684926200.656269,0.000000
1684926200.666437,0.000000
1684926200.676448,0.000000
1684926200.686463,0.000000
1684926200.696456,0.000000
1684926200.706494,0.000000
1684926200.716490,0.000000
1684926200.726643,0.000000
1684926200.736606,0.000000
1684926200.746652,0.000000
1684926200.756817,0.000000
1684926200.766638,0.000000
1684926200.777624,0.000000
1684926200.786630,0.000000
1684926200.796626,0.000000
1684926200.806616,0.000000
1684926200.816654,0.000000
1684926200.826643,0.000000
1684926200.836648,0.000000
1684926200.846650,0.000000
1684926200.856647,0.000000
1684926200.866633,0.000000
1684926200.876644,0.000000
1684926200.886683,0.000000
1684926200.896690,0.000000
1684926200.906585,0.787402
1684926200.916675,2.362205
1684926200.926547,3.937008
1684926200.936663,5.511811
1684926200.946521,7.086614
1684926200.956668,9.055119
1684926200.956684,9.055119
1684926200.966510,10.629921
1684926200.976702,13.385827
1684926200.986489,15.354331
1684926200.996744,14.566929
1684926201.006608,13.779528
1684926201.016692,14.173228
1684926201.026461,15.354331
1684926201.036711,17.322834
1684926201.046472,20.078741
1684926201.056765,22.047245
1684926201.066390,25.590551
1684926201.076745,27.952755
1684926201.086408,31.496063
1684926201.096732,33.858269
1684926201.106335,36.614174
1684926201.116334,38.976379
1684926201.126334,42.125984
1684926201.136785,44.488190
1684926201.148411,46.062992
1684926201.148456,46.062992
1684926201.156781,46.850395
1684926201.166316,47.244095
1684926201.176780,47.637794
1684926201.186371,47.637794
1684926201.196824,47.637794
1684926201.206328,47.637794
1684926201.216789,47.637794
1684926201.226232,47.637794
1684926201.236803,47.637794
1684926201.246240,47.637794
1684926201.256859,47.637794
1684926201.266210,47.637794
1684926201.276815,47.637794
1684926201.286198,47.637794
1684926201.296839,47.637794
1684926201.306153,47.637794
1684926201.316869,47.637794
1684926201.326157,47.637794
1684926201.336811,47.637794
1684926201.346155,47.637794
1684926201.356893,47.637794
1684926201.366107,47.637794
1684926201.376918,47.637794
1684926201.386088,47.637794
1684926201.396878,47.637794
1684926201.406087,47.637794
1684926201.416833,47.637794
1684926201.426038,47.637794
1684926201.436963,47.637794
1684926201.446194,47.637794
1684926201.456980,47.637794
1684926201.466008,47.637794
1684926201.477028,47.637794
1684926201.486084,47.637794
1684926201.497032,47.637794
1684926201.506006,47.637794
1684926201.517001,47.637794
1684926201.526004,47.637794
1684926201.537022,47.637794
1684926201.547051,48.031498
1684926201.557022,48.031498
1684926201.566030,48.031498
1684926201.577060,48.031498
1684926201.586030,47.637794
1684926201.597111,47.637794
1684926201.606028,47.637794
1684926201.617089,47.637794
1684926201.626028,47.637794
1684926201.637047,47.637794
1684926201.647087,47.637794
1684926201.657047,47.637794
1684926201.666090,47.637794
1684926201.677079,47.637794
1684926201.686080,47.637794
1684926201.697171,47.637794
1684926201.706072,47.637794
1684926201.717084,47.637794
1684926201.726110,47.637794
1684926201.737087,47.637794
1684926201.747165,47.637794
1684926201.757101,47.637794
1684926201.766093,47.637794
1684926201.778111,47.637794
1684926201.786116,47.637794
1684926201.797103,47.637794
1684926201.806110,47.637794
1684926201.817118,47.637794
1684926201.826112,47.637794
1684926201.837123,48.031498
1684926201.847140,48.031498
1684926201.857131,48.031498
1684926201.866114,48.031498
1684926201.877223,47.637794
1684926201.886206,47.637794
1684926201.897128,47.637794
1684926201.909508,47.637794
1684926201.917162,47.637794
1684926201.926259,47.637794
1684926201.937212,47.637794
1684926201.947156,47.637794
1684926201.957259,47.637794
1684926201.966213,47.637794
1684926201.977184,47.637794
1684926201.986215,47.637794
1684926201.997216,47.637794
1684926202.006361,47.637794
1684926202.017235,47.637794
1684926202.026363,47.637794
1684926202.036240,47.637794
1684926202.047278,47.637794
1684926202.057289,47.637794
1684926202.066234,47.637794
1684926202.077200,47.637794
1684926202.086269,47.637794
1684926202.097281,47.637794
1684926202.106213,47.637794
1684926202.117221,47.637794
1684926202.126135,47.637794
1684926202.137237,47.637794
1684926202.147162,47.244095
1684926202.147227,47.244095
1684926202.157282,47.244095
1684926202.166223,47.637794
1684926202.177310,47.637794
1684926202.186280,47.637794
1684926202.196340,47.637794
1684926202.206254,47.637794
1684926202.216470,47.637794
1684926202.226206,47.637794
1684926202.236594,47.637794
1684926202.247226,47.637794
1684926202.256730,47.637794
1684926202.266212,47.637794
1684926202.276824,47.637794
1684926202.286135,47.637794
1684926202.296907,47.637794
1684926202.306433,47.637794
1684926202.317039,47.637794
1684926202.326097,47.637794
1684926202.337141,47.637794
1684926202.347205,47.637794
1684926202.357214,47.637794
1684926202.366267,47.637794
1684926202.376349,47.637794
1684926202.386427,47.637794
1684926202.396446,47.637794
1684926202.406521,47.637794
1684926202.417591,45.669292
1684926202.426612,44.881889
1684926202.436690,44.488190
1684926202.446743,44.488190
1684926202.456886,42.519684
1684926202.467885,40.944881
1684926202.477911,39.763779
1684926202.488055,38.976379
1684926202.497972,38.188976
1684926202.508105,37.007874
1684926202.518204,35.433071
1684926202.527182,33.858269
1684926202.537949,31.102362
1684926202.547230,29.133858
1684926202.558285,26.771654
1684926202.567266,25.984251
1684926202.577829,23.622047
1684926202.587197,21.653543
1684926202.598259,21.653543
1684926202.607243,19.685040
1684926202.618272,18.897638
1684926202.627229,18.503937
1684926202.637740,17.716536
1684926202.647180,16.535433
1684926202.658306,15.748032
1684926202.667205,14.173228
1684926202.677703,13.385827
1684926202.687198,12.992126
1684926202.697354,12.204724
1684926202.706170,11.417323
1684926202.717680,10.629921
1684926202.726275,9.842520
1684926202.738282,9.448819
1684926202.748283,9.055119
1684926202.758271,9.055119
1684926202.766283,8.661417
1684926202.778367,7.874016
1684926202.786329,7.480315
1684926202.797314,6.692914
1684926202.806186,6.692914
1684926202.817306,6.299212
1684926202.826217,6.299212
1684926202.837338,5.511811
1684926202.846214,5.118110
1684926202.857308,5.118110
1684926202.866262,5.118110
1684926202.877221,5.118110
1684926202.886283,5.118110
1684926202.897316,5.118110
1684926202.906187,4.724410
1684926202.916580,5.118110
1684926202.926288,4.724410
1684926202.937324,4.724410
1684926202.947206,5.118110
1684926202.956415,5.511811
1684926202.966296,5.511811
1684926202.977374,5.905512
1684926202.977464,5.905512
1684926202.987362,6.299212
1684926202.997393,6.299212
1684926203.006183,7.086614
1684926203.017365,7.480315
1684926203.026304,8.661417
1684926203.037389,9.055119
1684926203.046271,9.448819
1684926203.057324,9.842520
1684926203.067179,10.629921
1684926203.077245,11.811024
1684926203.087270,12.204724
1684926203.097248,12.992126
1684926203.106320,14.173228
1684926203.117224,15.354331
1684926203.127262,16.929134
1684926203.137372,18.110237
1684926203.146254,18.503937
1684926203.157354,19.291338
1684926203.167274,20.078741
1684926203.177354,20.866142
1684926203.186261,21.259842
1684926203.197313,22.047245
1684926203.206274,23.622047
1684926203.217335,24.803150
1684926203.226349,25.590551
1684926203.237383,26.771654
1684926203.246311,27.952755
1684926203.257295,28.740158
1684926203.266247,32.283466
1684926203.276291,34.645668
1684926203.286252,36.614174
1684926203.296306,38.976379
1684926203.306284,40.944881
1684926203.317364,42.125984
1684926203.326299,43.700787
1684926203.337313,46.062992
1684926203.346272,46.456692
1684926203.357355,46.456692
1684926203.366314,47.244095
1684926203.377368,47.244095
1684926203.377702,47.244095
1684926203.386323,47.637794
1684926203.397372,47.637794
1684926203.406347,47.244095
1684926203.417494,47.244095
1684926203.426277,47.637794
1684926203.437410,47.637794
1684926203.446304,47.637794
1684926203.456337,47.637794
1684926203.466374,47.637794
1684926203.476309,47.637794
1684926203.486295,47.637794
1684926203.496365,47.244095
1684926203.506264,47.244095
1684926203.516325,47.244095
1684926203.526294,47.637794
1684926203.536333,47.244095
1684926203.546321,47.244095
1684926203.557346,47.244095
1684926203.558193,47.244095
1684926203.566351,47.244095
1684926203.577465,47.244095
1684926203.586362,47.244095
1684926203.597416,47.244095
1684926203.606291,47.244095
1684926203.617331,47.244095
1684926203.626315,47.244095
1684926203.637335,47.244095
1684926203.646192,47.244095
1684926203.657249,47.244095
1684926203.666413,47.244095
1684926203.677431,46.062992
1684926203.686363,45.669292
1684926203.697440,44.488190
1684926203.706487,42.913387
1684926203.717613,42.519684
1684926203.726588,42.125984
1684926203.737652,40.944881
1684926203.746687,39.763779
1684926203.757826,39.370079
1684926203.766857,38.188976
1684926203.777886,37.007874
1684926203.787980,37.007874
1684926203.798033,35.433071
1684926203.808043,33.858269
1684926203.818182,31.102362
1684926203.828174,29.921259
1684926203.838332,29.921259
1684926203.847394,28.346457
1684926203.858437,27.165354
1684926203.867425,25.984251
1684926203.878407,24.803150
1684926203.887281,24.803150
1684926203.898484,23.622047
1684926203.907364,23.622047
1684926203.918416,22.440945
1684926203.927366,21.653543
1684926203.938390,20.472441
1684926203.946256,18.503937
1684926203.958390,18.503937
1684926203.967386,18.110237
1684926203.978547,17.716536
1684926203.986275,16.535433
1684926203.998458,15.354331
1684926203.998962,15.354331
1684926204.008325,14.960629
1684926204.018433,13.779528
1684926204.026316,13.385827
1684926204.038424,12.204724
1684926204.046315,11.417323
1684926204.058518,10.629921
1684926204.067395,10.629921
1684926204.077384,9.842520
1684926204.086425,9.842520
1684926204.086688,9.842520
1684926204.096367,8.661417
1684926204.106288,8.267716
1684926204.116361,7.874016
1684926204.127314,7.086614
1684926204.137383,7.086614
1684926204.147321,6.299212
1684926204.157386,6.299212
1684926204.167384,5.511811
1684926204.177403,5.511811
1684926204.187268,5.511811
1684926204.197473,5.511811
1684926204.206304,5.511811
1684926204.217424,5.511811
1684926204.227316,5.511811
1684926204.237384,4.724410
1684926204.247324,4.724410
1684926204.257416,4.724410
1684926204.267361,4.724410
1684926204.277426,4.724410
1684926204.287388,4.724410
1684926204.297496,4.724410
1684926204.306262,4.724410
1684926204.317403,3.937008
1684926204.326322,4.330709
1684926204.337398,4.330709
1684926204.346298,4.330709
1684926204.357361,4.330709
1684926204.366263,4.724410
1684926204.377423,4.724410
1684926204.386396,4.724410
1684926204.396367,4.330709
1684926204.406360,4.724410
1684926204.417341,4.724410
1684926204.427384,4.724410
1684926204.437454,3.937008
1684926204.447323,4.330709
1684926204.457657,4.724410
1684926204.467426,4.724410
1684926204.477386,4.724410
1684926204.487385,4.724410
1684926204.497472,4.724410
1684926204.507415,4.330709
1684926204.517416,4.330709
1684926204.527308,3.937008
1684926204.537412,3.937008
1684926204.547351,3.937008
1684926204.557474,3.937008
1684926204.567349,3.937008
1684926204.577557,3.937008
1684926204.586316,3.543307
1684926204.597449,3.543307
1684926204.607442,3.937008
1684926204.617469,3.543307
1684926204.627324,3.543307
1684926204.637491,3.543307
1684926204.647309,3.543307
1684926204.657403,3.543307
1684926204.666328,3.543307
1684926204.677448,3.543307
1684926204.686449,3.543307
1684926204.697365,3.543307
1684926204.707374,3.543307
1684926204.717432,3.543307
1684926204.727394,3.543307
1684926204.737620,3.543307
1684926204.747349,3.543307
1684926204.757453,3.543307
1684926204.767298,3.937008
1684926204.777486,3.937008
1684926204.787336,3.937008
1684926204.797373,3.937008
1684926204.807347,3.937008
1684926204.817375,3.937008
1684926204.827349,3.543307
1684926204.837373,3.543307
1684926204.847346,3.543307
1684926204.857416,3.543307
1684926204.867414,3.543307
1684926204.877499,3.543307
1684926204.887391,3.543307
1684926204.897414,3.543307
1684926204.907416,2.755906
1684926204.917541,2.755906
1684926204.927369,2.755906
1684926204.937451,2.755906
1684926204.947389,2.755906
1684926204.957602,2.755906
1684926204.966431,2.755906
1684926204.977445,2.755906
1684926204.987326,2.755906
1684926204.997448,2.755906
1684926205.007367,2.755906
1684926205.017414,2.755906
1684926205.027349,2.755906
1684926205.037392,2.755906
1684926205.047573,2.755906
1684926205.047703,2.755906
1684926205.057397,2.755906
1684926205.067383,2.755906
1684926205.077502,2.755906
1684926205.087386,2.755906
1684926205.097410,3.149606
1684926205.107447,3.149606
1684926205.117469,3.149606
1684926205.127414,3.149606
1684926205.137457,3.149606
1684926205.147371,3.149606
1684926205.157579,3.149606
1684926205.167372,3.149606
1684926205.177377,3.149606
1684926205.187393,3.149606
1684926205.197479,3.149606
1684926205.207457,3.149606
1684926205.217524,3.149606
1684926205.226562,3.149606
1684926205.237735,3.149606
1684926205.246670,3.149606
1684926205.257694,3.149606
1684926205.266772,3.149606
1684926205.276982,3.149606
1684926205.286849,3.149606
1684926205.296943,3.149606
1684926205.306997,2.755906
1684926205.317027,2.755906
1684926205.317153,2.755906
1684926205.327105,3.149606
1684926205.337214,3.149606
1684926205.347210,3.149606
1684926205.357367,3.543307
1684926205.367337,4.330709
1684926205.377382,5.118110
1684926205.387465,5.511811
1684926205.397557,5.905512
1684926205.407566,6.299212
1684926205.417607,6.692914
1684926205.426628,7.480315
1684926205.437696,9.055119
1684926205.446738,9.842520
1684926205.446806,9.842520
1684926205.457875,11.417323
1684926205.466883,11.811024
1684926205.477056,11.811024
1684926205.487062,11.811024
1684926205.497046,12.204724
1684926205.507128,12.204724
1684926205.517181,12.992126
1684926205.527238,14.173228
1684926205.538321,14.566929
1684926205.547318,15.748032
1684926205.557402,18.110237
1684926205.567451,18.897638
1684926205.577509,19.685040
1684926205.587498,20.078741
1684926205.597412,20.078741
1684926205.607426,21.653543
1684926205.617421,22.440945
1684926205.627362,23.622047
1684926205.637427,25.196850
1684926205.647383,25.196850
1684926205.657460,27.952755
1684926205.667362,27.952755
1684926205.677421,29.133858
1684926205.687487,31.102362
1684926205.697530,32.677166
1684926205.707505,34.645668
1684926205.717528,36.614174
1684926205.727391,38.976379
1684926205.737556,40.157482
1684926205.747503,42.125984
1684926205.757500,44.094490
1684926205.767441,46.062992
1684926205.778402,46.456692
1684926205.787496,46.456692
1684926205.797463,46.456692
1684926205.807361,46.850395
1684926205.817402,46.850395
1684926205.827493,46.850395
1684926205.837512,46.850395
1684926205.847450,47.244095
1684926205.857461,47.244095
1684926205.867337,47.244095
1684926205.877426,47.244095
1684926205.887381,47.244095
1684926205.897453,47.244095
1684926205.907403,47.244095
1684926205.917372,47.244095
1684926205.927435,47.244095
1684926205.937493,46.850395
1684926205.947446,47.244095
1684926205.957462,47.244095
1684926205.967467,47.637794
1684926205.977469,47.637794
1684926205.987366,47.637794
1684926205.997492,47.637794
1684926206.007403,47.637794
1684926206.017212,47.637794
1684926206.027422,47.637794
1684926206.037529,47.244095
1684926206.047443,47.244095
1684926206.057620,46.850395
1684926206.067403,46.850395
1684926206.077586,46.850395
1684926206.087402,46.850395
1684926206.097149,46.850395
1684926206.107422,46.850395
1684926206.117157,46.850395
1684926206.127425,47.244095
1684926206.137130,47.244095
1684926206.147512,47.244095
1684926206.157483,47.244095
1684926206.167543,47.244095
1684926206.177038,47.244095
1684926206.187430,47.244095
1684926206.197544,47.244095
1684926206.207485,47.244095
1684926206.217066,47.244095
1684926206.227492,47.244095
1684926206.237486,47.244095
1684926206.247457,47.244095
1684926206.257513,47.244095
1684926206.267459,47.244095
1684926206.277524,47.244095
1684926206.287474,47.244095
1684926206.297514,47.244095
1684926206.307396,47.244095
1684926206.316889,47.244095
1684926206.327435,47.244095
1684926206.337435,47.244095
1684926206.347466,46.850395
1684926206.357451,46.850395
1684926206.367490,46.850395
1684926206.377518,46.850395
1684926206.387508,46.850395
1684926206.397552,46.850395
1684926206.407429,46.850395
1684926206.416962,46.850395
1684926206.427507,46.850395
1684926206.437506,46.850395
1684926206.447494,46.850395
1684926206.457584,46.850395
1684926206.467432,46.850395
1684926206.477617,46.850395
1684926206.487521,46.850395
1684926206.497524,46.850395
1684926206.507470,47.244095
1684926206.517534,47.244095
1684926206.517530,47.244095
1684926206.526574,47.244095
1684926206.531940,47.244095
1684926206.537626,47.244095
1684926206.547699,47.244095
1684926206.557694,47.244095
1684926206.566719,47.244095
1684926206.577781,47.244095
1684926206.586824,47.244095
1684926206.597890,47.244095
1684926206.607055,47.244095
1684926206.617004,47.244095
1684926206.627078,47.244095
1684926206.637103,47.244095
1684926206.647160,47.244095
1684926206.657225,47.244095
1684926206.667244,47.244095
1684926206.677331,47.244095
1684926206.687426,47.244095
1684926206.697617,46.850395
1684926206.707491,46.850395
1684926206.717547,46.850395
1684926206.727642,46.850395
1684926206.737685,46.850395
1684926206.746666,47.244095
1684926206.757720,47.637794
1684926206.767064,47.637794
1684926206.777404,47.637794
1684926206.787157,47.244095
1684926206.797226,47.244095
1684926206.807312,47.244095
1684926206.817408,47.244095
1684926206.827502,47.244095
1684926206.837468,47.244095
1684926206.847436,47.244095
1684926206.857487,47.244095
1684926206.867409,47.244095
1684926206.877578,47.244095
1684926206.887475,47.244095
1684926206.897495,47.244095
1684926206.907470,46.850395
1684926206.917586,46.850395
1684926206.927480,46.850395
1684926206.937518,46.850395
1684926206.947479,47.244095
1684926206.957509,46.850395
1684926206.967537,47.637794
1684926206.977531,47.244095
1684926206.987584,47.244095
1684926206.997897,47.244095
1684926207.007480,47.244095
1684926207.007538,47.244095
1684926207.017537,47.244095
1684926207.027516,47.244095
1684926207.037543,47.244095
1684926207.047474,47.244095
1684926207.057541,47.244095
1684926207.067542,47.244095
1684926207.077573,47.244095
1684926207.087524,47.244095
1684926207.097544,47.244095
1684926207.107399,47.244095
1684926207.117527,47.637794
1684926207.127532,47.244095
1684926207.137515,47.244095
1684926207.147739,47.244095
1684926207.157564,47.244095
1684926207.167522,47.637794
1684926207.177563,47.244095
1684926207.187538,47.244095
1684926207.197605,47.244095
1684926207.201328,47.244095
1684926207.207518,47.244095
1684926207.217578,46.850395
1684926207.227477,46.850395
1684926207.237478,46.850395
1684926207.247398,46.850395
1684926207.257494,46.850395
1684926207.267415,46.850395
1684926207.277461,47.244095
1684926207.287502,46.850395
1684926207.297462,46.850395
1684926207.307374,46.850395
1684926207.317477,47.244095
1684926207.327508,47.244095
1684926207.337572,47.244095
1684926207.347483,47.244095
1684926207.357455,47.244095
1684926207.367476,47.244095
1684926207.377485,47.244095
1684926207.387460,47.244095
1684926207.397564,47.244095
1684926207.407338,47.244095
1684926207.417462,47.637794
1684926207.427479,46.850395
1684926207.437479,45.275589
1684926207.447502,44.094490
1684926207.457521,42.125984
1684926207.467442,40.944881
1684926207.477543,40.157482
1684926207.487465,39.763779
1684926207.497462,39.370079
1684926207.507464,38.188976
1684926207.517569,35.826771
1684926207.527436,34.645668
1684926207.537535,33.464565
1684926207.547426,31.889763
1684926207.557530,31.496063
1684926207.567438,30.314960
1684926207.577437,27.559055
1684926207.587458,27.559055
1684926207.597504,27.165354
1684926207.607345,26.377953
1684926207.607524,26.377953
1684926207.617453,25.590551
1684926207.627419,25.196850
1684926207.637444,21.653543
1684926207.647413,20.472441
1684926207.657426,20.078741
1684926207.667435,19.291338
1684926207.677400,19.291338
1684926207.687421,19.291338
1684926207.697469,18.897638
1684926207.707314,18.897638
1684926207.717465,18.897638
1684926207.720920,18.897638
1684926207.727448,18.897638
1684926207.737486,18.503937
1684926207.747480,18.110237
1684926207.757528,18.110237
1684926207.767604,18.110237
1684926207.777539,16.929134
1684926207.787527,16.929134
1684926207.797575,17.322834
1684926207.807485,17.716536
1684926207.817666,17.716536
1684926207.827547,17.716536
1684926207.837555,17.716536
1684926207.847505,17.716536
1684926207.856755,17.716536
1684926207.867379,18.503937
1684926207.877391,18.897638
1684926207.887378,19.291338
1684926207.897356,19.685040
1684926207.907298,19.685040
1684926207.917362,19.685040
1684926207.927385,20.078741
1684926207.937403,20.078741
1684926207.947359,20.472441
1684926207.957366,20.472441
1684926207.966468,19.685040
1684926207.977403,20.866142
1684926207.986661,21.259842
1684926207.996516,21.653543
1684926208.007313,21.653543
1684926208.016615,21.653543
1684926208.027403,22.440945
1684926208.036718,22.440945
1684926208.047418,22.440945
1684926208.057243,22.440945
1684926208.067028,21.653543
1684926208.076986,21.653543
1684926208.087354,21.653543
1684926208.097120,21.653543
1684926208.107278,21.653543
1684926208.116977,21.653543
1684926208.127300,21.653543
1684926208.137364,22.834646
1684926208.137371,22.834646
1684926208.146547,23.228346
1684926208.156454,23.228346
1684926208.166492,22.440945
1684926208.176585,22.440945
1684926208.186639,22.047245
1684926208.196681,22.047245
1684926208.206764,22.834646
1684926208.216951,22.440945
1684926208.226798,22.834646
1684926208.236910,22.834646
1684926208.246951,23.622047
1684926208.256961,23.228346
1684926208.267079,22.834646
1684926208.277137,22.834646
1684926208.287285,22.440945
1684926208.297217,22.440945
1684926208.307314,21.653543
1684926208.317305,22.440945
1684926208.327406,22.440945
1684926208.337485,22.440945
1684926208.347467,22.047245
1684926208.357527,20.866142
1684926208.367658,20.866142
1684926208.377695,20.472441
1684926208.387778,20.866142
1684926208.397809,19.685040
1684926208.407861,19.685040
1684926208.417903,19.685040
1684926208.427948,18.897638
1684926208.438030,18.897638
1684926208.447313,18.503937
1684926208.458164,18.110237
1684926208.467293,18.110237
1684926208.477300,17.716536
1684926208.487284,17.716536
1684926208.497261,16.929134
1684926208.508145,16.535433
1684926208.517281,16.535433
1684926208.527290,16.141733
1684926208.537290,15.354331
1684926208.547285,15.354331
1684926208.557248,15.354331
1684926208.567287,15.354331
1684926208.577257,15.354331
1684926208.587295,15.354331
1684926208.597265,15.748032
1684926208.608177,15.748032
1684926208.617314,15.748032
1684926208.627323,15.354331
1684926208.637345,15.354331
1684926208.647374,14.960629
1684926208.657412,14.566929
1684926208.667406,14.173228
1684926208.677431,13.779528
1684926208.687414,13.385827
1684926208.697438,12.992126
1684926208.708333,12.992126
1684926208.717539,12.992126
1684926208.727279,12.992126
1684926208.737228,12.598425
1684926208.747235,12.598425
1684926208.757225,12.598425
1684926208.767204,12.992126
1684926208.777259,12.992126
1684926208.787207,12.992126
1684926208.797208,12.204724
1684926208.807168,11.417323
1684926208.817204,11.417323
1684926208.827224,10.236220
1684926208.837219,9.055119
1684926208.847207,8.661417
1684926208.857249,8.267716
1684926208.867236,7.086614
1684926208.877260,6.299212
1684926208.887285,5.511811
1684926208.897276,5.118110
1684926208.907225,3.937008
1684926208.917310,3.543307
1684926208.927309,2.755906
1684926208.937383,1.574803
1684926208.947352,1.181102
1684926208.957360,1.181102
1684926208.967389,0.393701
1684926208.977398,0.000000
1684926208.987392,0.000000
1684926208.997414,0.000000
1684926209.007200,0.000000
1684926209.017250,0.000000
1684926209.027208,0.000000
1684926209.037150,0.000000
1684926209.047163,0.000000
1684926209.057207,0.000000
1684926209.069340,0.000000
1684926209.077239,0.000000
1684926209.087172,0.000000
1684926209.097139,0.000000
1684926209.107056,0.000000
1684926209.117165,0.000000
1684926209.127152,0.000000
1684926209.137177,0.000000
1684926209.147174,0.000000
1684926209.157169,0.000000
1684926209.167225,0.000000
1684926209.177183,0.000000
1684926209.187211,0.000000
1684926209.197215,0.000000
1684926209.207118,0.000000
1684926209.217231,0.000000
1684926209.227293,0.000000
1684926209.237328,0.000000
1684926209.247293,0.000000
1684926209.257312,0.000000
1684926209.267385,0.000000
1684926209.277379,0.000000
1684926209.287354,0.000000
1684926209.297123,0.000000
1684926209.307039,0.000000
1684926209.317131,0.000000
1684926209.327105,0.000000
1684926209.337118,0.000000
1684926209.347136,0.000000
1684926209.357108,0.000000
1684926209.367087,0.000000
1684926209.377134,0.000000
1684926209.387104,0.000000
1684926209.397098,0.000000
1684926209.407033,0.000000
1684926209.417156,0.000000
1684926209.427100,0.000000
1684926209.437114,0.000000
1684926209.447126,0.000000
1684926209.457162,0.000000
1684926209.467149,0.000000
1684926209.477190,0.000000
1684926209.487185,0.000000
1684926209.497205,0.000000
1684926209.507089,0.000000
1684926209.517339,0.000000
1684926209.527232,0.000000
1684926209.537256,0.000000
1684926209.547274,0.000000
1684926209.557299,0.000000
1684926209.557297,0.000000
1684926209.567317,0.000000
1684926209.577316,0.000000
1684926209.587061,0.000000
1684926209.597044,0.000000
1684926209.606974,0.000000
1684926209.617122,0.000000
1684926209.627074,0.000000
1684926209.637052,0.000000
1684926209.647068,0.000000
1684926209.657044,0.000000
1684926209.667047,0.000000
1684926209.677072,0.000000
1684926209.687045,0.000000
1684926209.697054,0.000000
1684926209.706924,0.000000
1684926209.717059,0.000000
1684926209.727053,0.000000
1684926209.727104,0.000000
1684926209.737079,0.000000
1684926209.747097,0.000000
1684926209.757164,0.000000
1684926209.767163,0.000000
1684926209.777156,0.000000
1684926209.787153,0.000000
1684926209.797165,0.000000
1684926209.807281,0.000000
1684926209.817176,0.000000
1684926209.827309,0.000000
1684926209.837276,0.000000
1684926209.847369,0.000000
1684926209.856609,0.000000
1684926209.867239,0.000000
1684926209.877318,0.000000
1684926209.886458,0.000000
1684926209.897492,0.000000
1684926209.906477,0.000000
1684926209.916639,0.000000
1684926209.926602,0.000000
1684926209.936672,0.000000
1684926209.946703,0.000000
1684926209.956814,0.000000
1684926209.966829,0.000000
1684926209.976901,0.000000
1684926209.986945,0.000000
1684926209.997004,0.000000
1684926210.006419,0.000000
1684926210.017137,0.000000
1684926210.027217,0.000000
1684926210.037299,0.000000
1684926210.046314,0.000000
1684926210.057405,0.000000
1684926210.066439,0.000000
1684926210.077575,0.000000
1684926210.086583,0.000000
1684926210.097578,0.000000
1684926210.107751,0.000000
1684926210.116736,0.000000
1684926210.126739,0.000000
1684926210.137849,0.000000
1684926210.147951,0.000000
1684926210.156967,0.000000
1684926210.166964,0.000000
1684926210.176970,0.000000
1684926210.187035,0.000000
1684926210.197957,0.000000
1684926210.207820,0.000000
1684926210.217881,0.000000
1684926210.226970,0.000000
1684926210.237878,0.000000
1684926210.247963,0.000000
1684926210.257827,0.000000
1684926210.267946,0.000000
1684926210.277846,0.000000
1684926210.287961,0.000000
1684926210.297756,0.000000
1684926210.307800,0.000000
1684926210.317778,0.000000
1684926210.327966,0.000000
1684926210.337749,0.000000
1684926210.347019,0.000000
1684926210.358049,0.000000
1684926210.367082,0.000000
1684926210.377741,0.000000
1684926210.387078,0.000000
1684926210.397705,0.000000
1684926210.407219,0.000000
1684926210.417695,0.000000
1684926210.427166,0.000000
1684926210.436621,0.000000
1684926210.446906,0.000000
1684926210.456618,0.000000
1684926210.466926,0.000000
1684926210.476654,0.000000
1684926210.486939,0.000000
1684926210.496734,0.000000
1684926210.506798,0.000000
1684926210.516556,0.000000
1684926210.526952,0.000000
1684926210.537532,0.000000
1684926210.546996,0.000000
1684926210.557513,0.000000
1684926210.566919,0.000000
1684926210.577499,0.000000
1684926210.586932,0.000000
1684926210.597468,0.000000
1684926210.606806,0.000000
1684926210.606809,0.000000
1684926210.617439,0.000000
1684926210.626946,0.000000
1684926210.637427,0.000000
1684926210.647034,0.000000
1684926210.657418,0.000000
1684926210.667028,0.000000
1684926210.677388,0.000000
1684926210.687055,0.000000
1684926210.697433,0.000000
1684926210.706987,0.000000
1684926210.717328,0.000000
1684926210.726991,0.000000
1684926210.737372,0.000000
1684926210.746866,0.000000
1684926210.757307,0.000000
1684926210.766876,0.000000
1684926210.777350,0.000000
1684926210.786856,0.000000
1684926210.797249,0.000000
1684926210.806706,0.000000
1684926210.817263,0.000000
1684926210.826868,0.000000
1684926210.837276,0.000000
1684926210.846841,0.000000
1684926210.857201,0.000000
1684926210.866838,0.000000
1684926210.877286,0.000000
1684926210.886852,0.000000
1684926210.897181,0.000000
1684926210.906769,0.000000
1684926210.917171,0.000000
1684926210.926933,0.000000
1684926210.937132,0.000000
1684926210.946955,0.000000
1684926210.957138,0.000000
1684926210.967106,0.000000
1684926210.976871,0.000000
1684926210.987103,0.000000
1684926210.996892,0.000000
1684926210.996891,0.000000
1684926211.007016,0.000000
1684926211.017081,0.000000
1684926211.026827,0.000000
1684926211.036867,0.000000
1684926211.047018,0.000000
1684926211.056890,0.000000
1684926211.066848,0.000000
1684926211.077041,0.000000
1684926211.086807,0.000000
1684926211.097210,0.000000
1684926211.106627,0.000000
1684926211.117363,0.000000
1684926211.126645,0.000000
1684926211.137457,0.000000
1684926211.146607,0.000000
1684926211.156933,0.000000
1684926211.166717,0.000000
1684926211.176682,0.000000
1684926211.186769,0.000000
1684926211.196792,0.000000
1684926211.206953,0.000000
1684926211.216847,0.000000
1684926211.227020,0.000000
1684926211.236880,0.000000
1684926211.247061,0.000000
1684926211.247063,0.000000
1684926211.256963,0.000000
1684926211.267122,0.000000
1684926211.276790,0.000000
1684926211.287255,0.000000
1684926211.296726,0.000000
1684926211.307330,0.000000
1684926211.316729,0.000000
1684926211.326460,0.000000
1684926211.336725,0.000000
1684926211.346670,0.000000
1684926211.356920,0.000000
1684926211.366747,0.000000
1684926211.376842,0.000000
1684926211.386768,0.000000
1684926211.396739,0.000000
1684926211.406645,0.000000
1684926211.416768,0.000000
1684926211.426735,0.000000
1684926211.436719,0.000000
1684926211.446730,0.000000
1684926211.456980,0.000000
1684926211.466801,0.000000
1684926211.476755,0.000000
1684926211.486795,0.000000
1684926211.486850,0.000000
1684926211.497799,0.000000
1684926211.507686,0.000000
1684926211.517880,0.000000
1684926211.527924,0.000000
1684926211.537909,0.000000
1684926211.547984,0.000000
1684926211.558030,0.000000
1684926211.568011,0.000000
1684926211.577961,0.000000
1684926211.587692,0.000000
1684926211.597709,0.000000
1684926211.606599,0.000000
1684926211.617790,0.000000
1684926211.626716,0.000000
1684926211.636712,0.000000
1684926211.646693,0.000000
1684926211.657034,0.000000
1684926211.666699,0.000000
1684926211.677720,0.000000
1684926211.686708,0.000000
1684926211.696694,0.000000
1684926211.706530,0.000000
1684926211.716761,0.000000
1684926211.726690,0.000000
1684926211.736699,0.000000
1684926211.746743,0.000000
1684926211.757029,0.000000
1684926211.766719,0.000000
1684926211.777759,0.000000
1684926211.786786,0.000000
1684926211.796784,0.000000
1684926211.806700,0.000000
1684926211.816843,0.000000
1684926211.826821,0.000000
1684926211.836874,0.000000
1684926211.846859,0.000000
1684926211.857087,0.000000
1684926211.866884,0.000000
1684926211.876651,0.000000
1684926211.886620,0.000000
1684926211.896744,0.000000
1684926211.907529,0.000000
1684926211.916656,0.000000
1684926211.926697,0.000000
1684926211.937610,0.000000
1684926211.946615,0.000000
1684926211.956660,0.000000
1684926211.956727,0.000000
1684926211.966632,0.000000
1684926211.976641,0.000000
1684926211.986637,0.000000
1684926211.997650,0.000000
1684926212.006499,0.000000
1684926212.017653,0.000000
1684926212.026667,0.000000
1684926212.036647,0.000000
1684926212.046654,0.000000
1684926212.057713,0.000000
1684926212.066673,0.000000
1684926212.066720,0.000000
1684926212.076735,0.000000
1684926212.086738,0.000000
1684926212.096802,0.000000
1684926212.106658,0.000000
1684926212.116789,0.000000
1684926212.126837,0.000000
1684926212.136875,0.000000
1684926212.146822,0.000000
1684926212.148614,0.000000
1684926212.156618,0.000000
1684926212.166708,0.000000
1684926212.176811,0.000000
1684926212.186674,0.000000
1684926212.196680,0.000000
1684926212.206473,0.000000
1684926212.217683,0.000000
1684926212.226603,0.000000
1684926212.236601,0.000000
1684926212.246689,0.000000
1684926212.257635,0.000000
1684926212.257816,0.000000
1684926212.266585,0.000000
1684926212.277567,0.000000
1684926212.286683,0.000000
1684926212.297573,0.000000
1684926212.306469,0.000000
1684926212.316651,0.000000
1684926212.326648,0.000000
1684926212.336644,0.000000
1684926212.346635,0.000000
1684926212.356717,0.000000
1684926212.356717,0.000000
1684926212.366700,0.000000
1684926212.376701,0.000000
1684926212.386715,0.000000
1684926212.396848,0.000000
1684926212.406718,0.000000
1684926212.416862,0.000000
1684926212.426781,0.000000
1684926212.437817,0.000000
1684926212.446783,0.000000
1684926212.457562,0.000000
1684926212.466742,0.000000
1684926212.477541,0.000000
1684926212.486866,0.000000
1684926212.497531,0.000000
1684926212.506860,0.000000
1684926212.517529,0.000000
1684926212.526822,0.000000
1684926212.537524,0.000000
1684926212.546789,0.000000
1684926212.557563,0.000000
1684926212.566763,0.000000
1684926212.577548,0.000000
1684926212.586763,0.000000
1684926212.597221,0.000000
1684926212.606734,0.000000
1684926212.617240,0.000000
1684926212.626854,0.000000
1684926212.637231,0.000000
1684926212.646970,0.000000
1684926212.657318,0.000000
1684926212.667073,0.000000
1684926212.677229,0.000000
1684926212.687185,0.000000
1684926212.697245,0.000000
1684926212.707361,0.000000
1684926212.717381,0.000000
1684926212.726516,0.000000
1684926212.737511,0.000000
1684926212.747492,0.000000
1684926212.757499,0.000000
1684926212.766521,0.000000
1684926212.777481,0.000000
1684926212.787473,0.000000
1684926212.797499,0.000000
1684926212.807344,0.000000
1684926212.817474,0.000000
1684926212.826531,0.000000
1684926212.837538,0.000000
1684926212.847453,0.000000
1684926212.857466,0.000000
1684926212.867659,0.000000
1684926212.877491,0.000000
1684926212.887495,0.000000
1684926212.897518,0.000000
1684926212.907469,0.000000
1684926212.917547,0.000000
1684926212.927981,0.000000
1684926212.937579,0.000000
1684926212.947663,0.000000
1684926212.957726,0.000000
1684926212.967715,0.000000
1684926212.977669,0.000000
1684926212.987665,0.000000
1684926212.997703,0.000000
1684926213.007598,0.000000
1684926213.007731,0.000000
1684926213.017434,0.000000
1684926213.027464,0.000000
1684926213.037520,0.000000
1684926213.047435,0.000000
1684926213.057457,0.000000
1684926213.066491,0.000000
1684926213.077440,0.000000
1684926213.087420,0.000000
1684926213.097493,0.000000
1684926213.107350,0.000000
1684926213.117457,0.000000
1684926213.127471,0.000000
1684926213.137476,0.000000
1684926213.146396,0.000000
1684926213.157458,0.000000
1684926213.166418,0.000000
1684926213.177670,0.000000
1684926213.186469,0.000000
1684926213.197471,0.000000
1684926213.207349,0.000000
1684926213.217502,0.000000
1684926213.226590,0.000000
1684926213.226654,0.000000
1684926213.237600,0.000000
1684926213.246534,0.000000
1684926213.257556,0.000000
1684926213.266583,0.000000
1684926213.277577,0.000000
1684926213.286665,0.000000
1684926213.297695,0.000000
1684926213.307245,0.000000
1684926213.317378,0.000000
1684926213.327394,0.000000
1684926213.337454,0.000000
1684926213.346425,0.000000
1684926213.357421,0.000000
1684926213.367408,0.000000
1684926213.377375,0.000000
1684926213.387358,0.000000
1684926213.397399,0.000000
1684926213.406521,0.000000
1684926213.417351,0.000000
1684926213.426929,0.000000
1684926213.437393,0.000000
1684926213.438180,0.000000
1684926213.446555,0.000000
1684926213.457397,0.000000
1684926213.466665,0.000000
1684926213.477439,0.000000
1684926213.487580,0.000000
1684926213.497504,0.000000
1684926213.506857,0.000000
1684926213.517723,0.000000
1684926213.526847,0.000000
1684926213.537522,0.000000
1684926213.546885,0.000000
1684926213.557555,0.000000
1684926213.566921,0.000000
1684926213.577564,0.000000
1684926213.586871,0.000000
1684926213.597456,0.000000
1684926213.606592,0.000000
1684926213.617419,0.000000
1684926213.627048,0.000000
1684926213.637372,0.000000
1684926213.646886,0.000000
1684926213.657351,0.000000
1684926213.666503,0.000000
1684926213.677354,0.000000
1684926213.687418,0.000000
1684926213.697410,0.000000
1684926213.706920,0.000000
1684926213.717316,0.000000
1684926213.726902,0.000000
1684926213.737232,0.000000
1684926213.747482,0.000000
1684926213.757220,0.000000
1684926213.767446,0.000000
1684926213.777222,0.000000
1684926213.787463,0.000000
1684926213.797176,0.000000
1684926213.806556,0.000000
1684926213.817168,0.000000
1684926213.826895,0.000000
1684926213.837230,0.000000
1684926213.846494,0.000000
1684926213.857138,0.000000
1684926213.867272,0.000000
1684926213.877096,0.000000
1684926213.886469,0.000000
1684926213.897223,0.000000
1684926213.906934,0.000000
1684926213.917069,0.000000
1684926213.926901,0.000000
1684926213.937069,0.000000
1684926213.946486,0.000000
1684926213.957246,0.000000
1684926213.967514,0.000000
1684926213.977273,0.000000
1684926213.986505,0.000000
1684926213.997276,0.000000
1684926214.007131,0.000000
1684926214.017323,0.000000
1684926214.027305,0.000000
1684926214.037297,0.000000
1684926214.047390,0.000000
1684926214.057341,0.000000
1684926214.067354,0.000000
1684926214.077362,0.000000
1684926214.086733,0.000000
1684926214.097397,0.000000
1684926214.107028,0.000000
1684926214.117426,0.000000
1684926214.127446,0.000000
1684926214.137527,0.000000
1684926214.147468,0.000000
1684926214.157469,0.000000
1684926214.166601,0.000000
1684926214.177252,0.000000
1684926214.187590,0.000000
1684926214.197288,0.000000
1684926214.207575,0.000000
1684926214.217248,0.000000
1684926214.227643,0.000000
1684926214.227643,0.000000
1684926214.237236,0.000000
1684926214.247745,0.000000
1684926214.258260,0.000000
1684926214.267384,0.000000
1684926214.278212,0.000000
1684926214.287775,0.000000
1684926214.298234,0.000000
1684926214.307884,0.000000
1684926214.318319,0.000000
1684926214.326785,0.000000
1684926214.338263,0.000000
1684926214.346823,0.000000
1684926214.358296,0.000000
1684926214.366760,0.000000
1684926214.377341,0.000000
1684926214.386764,0.000000
1684926214.397346,0.000000
1684926214.407571,0.000000
1684926214.417386,0.000000
1684926214.426596,0.000000
1684926214.437403,0.000000
1684926214.446746,0.000000
1684926214.456868,0.000000
1684926214.467220,0.000000
1684926214.477175,0.000000
1684926214.486766,0.000000
1684926214.497158,0.000000
1684926214.506785,0.000000
1684926214.517291,0.000000
1684926214.526815,0.000000
1684926214.537250,0.000000
1684926214.546825,0.000000
1684926214.556911,0.000000
1684926214.567226,0.000000
1684926214.567261,0.000000
1684926214.577157,0.000000
1684926214.586822,0.000000
1684926214.597187,0.000000
1684926214.606830,0.000000
1684926214.617198,0.000000
1684926214.626788,0.000000
1684926214.637294,0.000000
1684926214.646830,0.000000
1684926214.656903,0.000000
1684926214.667298,0.000000
1684926214.677370,0.000000
1684926214.686850,0.000000
1684926214.697330,0.000000
1684926214.707638,0.000000
1684926214.717342,0.000000
1684926214.726830,0.000000
1684926214.737137,0.000000
1684926214.746860,0.000000
1684926214.757142,0.000000
1684926214.766929,0.000000
1684926214.777142,0.000000
1684926214.786912,0.000000
1684926214.797100,0.000000
1684926214.806763,0.000000
1684926214.817100,0.000000
1684926214.826852,0.000000
1684926214.837120,0.000000
1684926214.846884,0.000000
1684926214.857089,0.000000
1684926214.867223,0.000000
1684926214.877087,0.000000
1684926214.887220,0.000000
1684926214.897287,0.000000
1684926214.907307,0.000000
1684926214.917145,0.000000
1684926214.927157,0.000000
1684926214.937308,0.000000
1684926214.946822,0.000000
1684926214.957239,0.000000
1684926214.967346,0.000000
1684926214.976872,0.000000
1684926214.987267,0.000000
1684926214.997283,0.000000
1684926215.007174,0.000000
1684926215.017330,0.000000
1684926215.027121,0.000000
1684926215.037215,0.000000
1684926215.046913,0.000000
1684926215.057075,0.000000
1684926215.067241,0.000000
1684926215.077076,0.000000
1684926215.087221,0.000000
1684926215.097168,0.000000
1684926215.107058,0.000000
1684926215.117214,0.000000
1684926215.127039,0.000000
1684926215.137158,0.000000
1684926215.146903,0.000000
1684926215.157161,0.000000
1684926215.166901,0.000000
1684926215.177335,0.000000
1684926215.186875,0.000000
1684926215.197397,0.000000
1684926215.207033,0.000000
1684926215.216872,0.000000
1684926215.227095,0.000000
1684926215.236832,0.000000
1684926215.247067,0.000000
1684926215.256834,0.000000
1684926215.267042,0.000000
1684926215.276851,0.000000
1684926215.287067,0.000000
1684926215.296851,0.000000
1684926215.307041,0.000000
1684926215.316959,0.000000
1684926215.327081,0.000000
1684926215.336915,0.000000
1684926215.347104,0.000000
1684926215.356901,0.000000
1684926215.367081,0.000000
1684926215.376958,0.000000
1684926215.387132,0.000000
1684926215.396897,0.000000
1684926215.407099,0.000000
1684926215.416916,0.000000
1684926215.427101,0.000000
1684926215.436919,0.000000
1684926215.447148,0.000000
1684926215.456973,0.000000
1684926215.467124,0.000000
1684926215.476912,0.000000
1684926215.487110,0.000000
1684926215.497137,0.000000
1684926215.507121,0.000000
1684926215.516951,0.000000
1684926215.527146,0.000000
1684926215.536914,0.000000
1684926215.547142,0.000000
1684926215.556975,0.000000
1684926215.567147,0.000000
1684926215.576934,0.000000
1684926215.587144,0.000000
1684926215.596836,0.000000
1684926215.607255,0.000000
1684926215.616878,0.000000
1684926215.627252,0.000000
1684926215.636985,0.000000
1684926215.647207,0.000000
1684926215.657097,0.000000
1684926215.667206,0.000000
1684926215.676964,0.000000
1684926215.687251,0.000000
1684926215.696976,0.000000
1684926215.707236,0.000000
1684926215.717010,0.000000
1684926215.727267,0.000000
1684926215.737003,0.000000
1684926215.747207,0.000000
1684926215.756899,0.000000
1684926215.767304,0.000000
1684926215.777048,0.000000
1684926215.787292,0.000000
1684926215.797045,0.000000
1684926215.807225,0.000000
1684926215.817119,0.000000
1684926215.827294,0.000000
1684926215.837203,0.000000
1684926215.847245,0.000000
1684926215.856880,0.000000
1684926215.867254,0.000000
1684926215.876922,0.000000
1684926215.887418,0.000000
1684926215.896922,0.000000
1684926215.907341,0.000000
1684926215.916948,0.000000
1684926215.927634,0.000000
1684926215.937900,0.000000
1684926215.948027,0.000000
1684926215.957956,0.000000
1684926215.968112,0.000000
1684926215.977951,0.000000
1684926215.988062,0.000000
1684926215.997939,0.000000
1684926215.997937,0.000000
1684926216.007182,0.000000
1684926216.017924,0.000000
1684926216.027902,0.000000
1684926216.037945,0.000000
1684926216.046901,0.000000
1684926216.057947,0.000000
1684926216.067095,0.000000
1684926216.076969,0.000000
1684926216.087127,0.000000
1684926216.097014,0.000000
1684926216.106928,0.000000
1684926216.117052,0.000000
1684926216.126930,0.000000
1684926216.137056,0.000000
1684926216.147247,0.000000
1684926216.157037,0.000000
1684926216.166928,0.000000
1684926216.177022,0.000000
1684926216.186899,0.000000
1684926216.196986,0.000000
1684926216.207224,0.000000
1684926216.216987,0.000000
1684926216.226968,0.000000
1684926216.236971,0.000000
1684926216.246989,0.000000
1684926216.257234,0.000000
1684926216.266881,0.000000
1684926216.276986,0.000000
1684926216.286882,0.000000
1684926216.297057,0.000000
1684926216.307110,0.000000
1684926216.317061,0.000000
1684926216.326922,0.000000
1684926216.337035,0.000000
1684926216.346894,0.000000
1684926216.356986,0.000000
1684926216.367116,0.000000
1684926216.377017,0.000000
1684926216.387194,0.000000
1684926216.397010,0.000000
1684926216.407182,0.000000
1684926216.417011,0.000000
1684926216.427184,0.000000
1684926216.437081,0.000000
1684926216.447186,0.000000
1684926216.456927,0.000000
1684926216.466988,0.000000
1684926216.476964,0.000000
1684926216.486970,0.000000
1684926216.497055,0.000000
1684926216.507155,0.000000
1684926216.517023,0.000000
1684926216.526860,0.000000
1684926216.537013,0.000000
1684926216.546881,0.000000
1684926216.556956,0.000000
1684926216.566956,0.000000
1684926216.576952,0.000000
1684926216.586988,0.000000
1684926216.597032,0.000000
1684926216.607175,0.000000
1684926216.616988,0.000000
1684926216.626923,0.000000
1684926216.636930,0.000000
1684926216.646964,0.000000
1684926216.657114,0.000000
1684926216.666920,0.000000
1684926216.677097,0.000000
1684926216.686865,0.000000
1684926216.697061,0.000000
1684926216.706864,0.000000
1684926216.717113,0.000000
1684926216.726910,0.000000
1684926216.736969,0.000000
1684926216.747041,0.000000
1684926216.757181,0.000000
1684926216.766869,0.000000
1684926216.778022,0.000000
1684926216.786906,0.000000
1684926216.797015,0.000000
1684926216.807203,0.000000
1684926216.816992,0.000000
1684926216.826906,0.000000
1684926216.836994,0.000000
1684926216.846881,0.000000
1684926216.857016,0.000000
1684926216.866865,0.000000
1684926216.877013,0.000000
1684926216.886863,0.000000
1684926216.896911,0.000000
1684926216.906888,0.000000
1684926216.917020,0.000000
1684926216.926969,0.000000
1684926216.936906,0.000000
1684926216.946907,0.000000
1684926216.957019,0.000000
1684926216.966910,0.000000
1684926216.977057,0.000000
1684926216.986980,0.000000
1684926216.996942,0.000000
1684926217.007244,0.000000
1684926217.017118,0.000000
1684926217.027214,0.000000
1684926217.037026,0.000000
1684926217.047211,0.000000
1684926217.057163,0.000000
1684926217.067222,0.000000
1684926217.077032,0.000000
1684926217.087156,0.000000
1684926217.097156,0.000000
1684926217.107163,0.000000
1684926217.117064,0.000000
1684926217.127158,0.000000
1684926217.137028,0.000000
1684926217.147140,0.000000
1684926217.157256,0.000000
1684926217.167161,0.000000
1684926217.176945,0.000000
1684926217.187191,0.000000
1684926217.197188,0.000000
1684926217.207182,0.000000
1684926217.217184,0.000000
1684926217.227181,0.000000
1684926217.237188,0.000000
1684926217.237189,0.000000
1684926217.247199,0.000000
1684926217.257188,0.000000
1684926217.267200,0.000000
1684926217.277184,0.000000
1684926217.287220,0.000000
1684926217.297233,0.000000
1684926217.307214,0.000000
1684926217.317246,0.000000
1684926217.327227,0.000000
1684926217.327225,0.000000
1684926217.337240,0.000000
1684926217.347240,0.000000
1684926217.357207,0.000000
1684926217.367237,0.000000
1684926217.377249,0.000000
1684926217.387209,0.000000
1684926217.397229,0.000000
1684926217.407273,0.000000
1684926217.417247,0.000000
1684926217.427230,0.000000
1684926217.437212,0.000000
1684926217.447228,0.000000
1684926217.457238,0.000000
1684926217.467229,0.000000
1684926217.477289,0.000000
1684926217.487226,0.000000
1684926217.497247,0.000000
1684926217.507255,0.000000
1684926217.517321,0.000000
1684926217.527331,0.000000
1684926217.537244,0.000000
1684926217.547311,0.000000
1684926217.557401,0.000000
1684926217.567501,0.000000
1684926217.577547,0.000000
1684926217.579273,0.000000
1684926217.587594,0.000000
1684926217.597673,0.000000
1684926217.607729,0.000000
1684926217.617782,0.000000
1684926217.627916,0.000000
1684926217.638006,0.000000
1684926217.647914,0.000000
1684926217.658046,0.000000
1684926217.667950,0.000000
1684926217.678000,0.000000
1684926217.687937,0.000000
1684926217.698066,0.000000
1684926217.706888,0.000000
1684926217.718073,0.000000
1684926217.726978,0.000000
1684926217.738001,0.000000
1684926217.746999,0.000000
1684926217.758022,0.000000
1684926217.767011,0.000000
1684926217.778054,0.000000
1684926217.786962,0.000000
1684926217.786962,0.000000
1684926217.796965,0.000000
1684926217.807001,0.000000
1684926217.817025,0.000000
1684926217.826937,0.000000
1684926217.836989,0.000000
1684926217.846926,0.000000
1684926217.856981,0.000000
1684926217.867043,0.000000
1684926217.877074,0.000000
1684926217.886988,0.000000
1684926217.897102,0.000000
1684926217.906940,0.000000
1684926217.917111,0.000000
1684926217.927011,0.000000
1684926217.937166,0.000000
1684926217.946997,0.000000
1684926217.957095,0.000000
1684926217.966999,0.000000
1684926217.977056,0.000000
1684926217.986961,0.000000
1684926217.997023,0.000000
1684926218.006928,0.000000
1684926218.017046,0.000000
1684926218.027002,0.000000
1684926218.037106,0.000000
1684926218.046952,0.000000
1684926218.056997,0.000000
1684926218.066926,0.000000
1684926218.077051,0.000000
1684926218.087006,0.000000
1684926218.097016,0.000000
1684926218.107193,0.000000
1684926218.117055,0.000000
1684926218.126949,0.000000
1684926218.137078,0.000000
1684926218.146945,0.000000
1684926218.157063,0.000000
1684926218.167055,0.000000
1684926218.177076,0.000000
1684926218.177073,0.000000
1684926218.186968,0.000000
1684926218.197015,0.000000
1684926218.207001,0.000000
1684926218.217044,0.000000
1684926218.227000,0.000000
1684926218.237016,0.000000
1684926218.246991,0.000000
1684926218.257146,0.000000
1684926218.267085,0.000000
1684926218.276983,0.000000
1684926218.287008,0.000000
1684926218.297005,0.000000
1684926218.307296,0.000000
1684926218.317128,0.000000
1684926218.326958,0.000000
1684926218.337068,0.000000
1684926218.347009,0.000000
1684926218.357057,0.000000
1684926218.367006,0.000000
1684926218.377137,0.000000
1684926218.377031,0.000000
1684926218.387131,0.000000
1684926218.396998,0.000000
1684926218.407008,0.000000
1684926218.417029,0.000000
1684926218.427016,0.000000
1684926218.436994,0.000000
1684926218.447162,0.000000
1684926218.457010,0.000000
1684926218.466955,0.000000
1684926218.477007,0.000000
1684926218.487020,0.000000
1684926218.497254,0.000000
1684926218.507076,0.000000
1684926218.517041,0.000000
1684926218.526956,0.000000
1684926218.537035,0.000000
1684926218.547005,0.000000
1684926218.557054,0.000000
1684926218.567026,0.000000
1684926218.577156,0.000000
1684926218.587010,0.000000
1684926218.597135,0.000000
1684926218.607348,0.000000
1684926218.617175,0.000000
1684926218.627391,0.000000
1684926218.637060,0.000000
1684926218.647467,0.000000
1684926218.657548,0.000000
1684926218.667508,0.000000
1684926218.677071,0.000000
1684926218.687556,0.000000
1684926218.697577,0.000000
1684926218.707434,0.000000
1684926218.717097,0.000000
1684926218.727515,0.000000
1684926218.737132,0.000000
1684926218.747550,0.000000
1684926218.757534,0.000000
1684926218.767403,0.000000
1684926218.778142,0.000000
1684926218.787520,0.000000
1684926218.797557,0.000000
1684926218.807407,0.000000
1684926218.817143,0.000000
1684926218.827531,0.000000
1684926218.837118,0.000000
1684926218.848128,0.000000
1684926218.857647,0.000000
1684926218.867565,0.000000
1684926218.877110,0.000000
1684926218.887601,0.000000
1684926218.897591,0.000000
1684926218.907431,0.000000
1684926218.917107,0.000000
1684926218.927545,0.000000
1684926218.937035,0.000000
1684926218.947536,0.000000
1684926218.957602,0.000000
1684926218.967576,0.000000
1684926218.977586,0.000000
1684926218.987638,0.000000
1684926218.997657,0.000000
1684926219.007429,0.000000
1684926219.017576,0.000000
1684926219.027627,0.000000
1684926219.037579,0.000000
1684926219.047583,0.000000
1684926219.057575,0.000000
1684926219.067570,0.000000
1684926219.077597,0.000000
1684926219.087638,0.000000
1684926219.097602,0.000000
1684926219.107461,0.000000
1684926219.117607,0.000000
1684926219.127686,0.000000
1684926219.137599,0.000000
1684926219.147579,0.000000
1684926219.157667,0.000000
1684926219.167570,0.000000
1684926219.177597,0.000000
1684926219.187653,0.000000
1684926219.197592,0.000000
1684926219.207592,0.000000
1684926219.217618,0.000000
1684926219.227618,0.000000
1684926219.237686,0.000000
1684926219.247713,0.000000
1684926219.257926,0.000000
1684926219.267606,0.000000
1684926219.278069,0.000000
1684926219.287639,0.000000
1684926219.298043,0.000000
1684926219.307865,0.000000
1684926219.318099,0.000000
1684926219.327705,0.000000
1684926219.338083,0.000000
1684926219.347690,0.000000
1684926219.358087,0.000000
1684926219.367618,0.000000
1684926219.378152,0.000000
1684926219.387655,0.000000
1684926219.398139,0.000000
1684926219.407619,0.000000
1684926219.417113,0.000000
1684926219.427670,0.000000
1684926219.437147,0.000000
1684926219.447665,0.000000
1684926219.457146,0.000000
1684926219.467660,0.000000
1684926219.477023,0.000000
1684926219.487664,0.000000
1684926219.497165,0.000000
1684926219.507662,0.000000
1684926219.517210,0.000000
1684926219.527679,0.000000
1684926219.537066,0.000000
1684926219.547680,0.000000
1684926219.557224,0.000000
1684926219.567679,0.000000
1684926219.577172,0.000000
1684926219.587705,0.000000
1684926219.587763,0.000000
1684926219.597189,0.000000
1684926219.607734,0.000000
1684926219.617102,0.000000
1684926219.627692,0.000000
1684926219.637105,0.000000
1684926219.647685,0.000000
1684926219.657149,0.000000
1684926219.667722,0.000000
1684926219.677089,0.000000
1684926219.687700,0.000000
1684926219.697114,0.000000
1684926219.707725,0.000000
1684926219.717107,0.000000
1684926219.727712,0.000000
1684926219.737066,0.000000
1684926219.747727,0.000000
1684926219.757057,0.000000
1684926219.767193,0.000000
1684926219.778126,0.000000
1684926219.787716,0.000000
1684926219.797192,0.000000
1684926219.807753,0.000000
1684926219.817148,0.000000
1684926219.826809,0.000000
1684926219.837151,0.000000
1684926219.847716,0.000000
1684926219.857127,0.000000
1684926219.867774,0.000000
1684926219.877110,0.000000
1684926219.886776,0.000000
1684926219.897168,0.000000
1684926219.907139,0.000000
1684926219.917166,0.000000
1684926219.927045,0.000000
1684926219.937103,0.000000
1684926219.947146,0.000000
1684926219.957189,0.000000
1684926219.967144,0.000000
1684926219.977151,0.000000
1684926219.987349,0.000000
1684926219.997143,0.000000
1684926220.007376,0.000000
1684926220.017243,0.000000
1684926220.027438,0.000000
1684926220.037186,0.000000
1684926220.047653,0.000000
1684926220.057351,0.000000
1684926220.067336,0.000000
1684926220.077177,0.000000
1684926220.087141,0.000000
1684926220.097192,0.000000
1684926220.107543,0.000000
1684926220.117174,0.000000
1684926220.127115,0.000000
1684926220.137224,0.000000
1684926220.147184,0.000000
1684926220.157173,0.000000
1684926220.157175,0.000000
1684926220.167069,0.000000
1684926220.177194,0.000000
1684926220.187100,0.000000
1684926220.197189,0.000000
1684926220.207527,0.000000
1684926220.217156,0.000000
1684926220.227160,0.000000
1684926220.237155,0.000000
1684926220.247533,0.000000
1684926220.257384,0.000000
1684926220.261290,0.000000
1684926220.267152,0.000000
1684926220.277168,0.000000
1684926220.287064,0.000000
1684926220.297148,0.000000
1684926220.307382,0.000000
1684926220.317179,0.000000
1684926220.327095,0.000000
1684926220.337243,0.000000
1684926220.347682,0.000000
1684926220.357343,0.000000
1684926220.367595,0.000000
1684926220.377463,0.000000
1684926220.387654,0.000000
1684926220.397591,0.000000
1684926220.407654,0.000000
1684926220.417719,0.000000
1684926220.426861,0.000000
1684926220.437286,0.000000
1684926220.447861,0.000000
1684926220.457904,0.000000
1684926220.466880,0.000000
1684926220.477373,0.000000
1684926220.487946,0.000000
1684926220.497937,0.000000
1684926220.506872,0.000000
1684926220.517238,0.000000
1684926220.526865,0.000000
1684926220.537205,0.000000
1684926220.546906,0.000000
1684926220.557929,0.000000
1684926220.566918,0.000000
1684926220.577195,0.000000
1684926220.587911,0.000000
1684926220.597920,0.000000
1684926220.606904,0.000000
1684926220.617173,0.000000
1684926220.626883,0.000000
1684926220.637222,0.000000
1684926220.647068,0.000000
1684926220.657943,0.000000
1684926220.666915,0.000000
1684926220.677225,0.000000
1684926220.686904,0.000000
1684926220.698013,0.000000
1684926220.706954,0.000000
1684926220.717264,0.000000
1684926220.726931,0.000000
1684926220.737947,0.000000
1684926220.746932,0.000000
1684926220.757948,0.000000
1684926220.767037,0.000000
1684926220.777956,0.000000
1684926220.786928,0.000000
1684926220.797947,0.000000
1684926220.806949,0.000000
1684926220.817948,0.000000
1684926220.826955,0.000000
1684926220.837943,0.000000
1684926220.846925,0.000000
1684926220.857970,0.000000
1684926220.867047,0.000000
1684926220.877964,0.000000
1684926220.886997,0.000000
1684926220.897983,0.000000
1684926220.906973,0.000000
1684926220.916999,0.000000
1684926220.927994,0.000000
1684926220.937951,0.000000
1684926220.947998,0.000000
1684926220.958027,0.000000
1684926220.968030,0.000000
1684926220.978008,0.000000
1684926220.978019,0.000000
1684926220.988012,0.000000
1684926220.998060,0.000000
1684926221.008126,0.000000
1684926221.018198,0.000000
1684926221.028153,0.000000
1684926221.038208,0.000000
1684926221.048237,0.000000
1684926221.058302,0.000000
1684926221.068223,0.000000
1684926221.078345,0.000000
1684926221.087175,0.000000
1684926221.098281,0.000000
1684926221.107686,0.000000
1684926221.118284,0.000000
1684926221.127128,0.000000
1684926221.137240,0.000000
1684926221.147161,0.000000
1684926221.157221,0.000000
1684926221.167145,0.000000
1684926221.177387,0.000000
1684926221.187174,0.000000
1684926221.197243,0.000000
1684926221.207157,0.000000
1684926221.217292,0.000000
1684926221.227218,0.000000
1684926221.237309,0.000000
1684926221.247199,0.000000
1684926221.257281,0.000000
1684926221.267210,0.000000
1684926221.277292,0.000000
1684926221.287227,0.000000
1684926221.297281,0.000000
1684926221.307300,0.000000
1684926221.317253,0.000000
1684926221.327227,0.000000
1684926221.337226,0.000000
1684926221.347241,0.393701
1684926221.357244,0.787402
1684926221.367229,1.181102
1684926221.377305,1.574803
1684926221.387182,1.574803
1684926221.397243,1.968504
1684926221.407395,2.362205
1684926221.417259,2.755906
1684926221.427201,3.543307
1684926221.437287,4.330709
1684926221.447209,4.724410
1684926221.457326,4.724410
1684926221.467229,5.118110
1684926221.477327,5.905512
1684926221.487198,6.299212
1684926221.497224,6.299212
1684926221.507343,6.692914
1684926221.517264,6.692914
1684926221.527407,7.086614
1684926221.537264,7.480315
1684926221.547446,8.267716
1684926221.557246,8.661417
1684926221.567388,8.661417
1684926221.577244,8.661417
1684926221.587432,8.661417
1684926221.597243,8.661417
1684926221.607387,8.661417
1684926221.617294,9.055119
1684926221.627158,9.448819
1684926221.637260,9.448819
1684926221.647142,9.055119
1684926221.657278,9.842520
1684926221.667157,10.629921
1684926221.677286,11.023623
1684926221.687163,11.417323
1684926221.697228,11.417323
1684926221.707387,11.417323
1684926221.717306,11.023623
1684926221.727303,11.023623
1684926221.737366,11.417323
1684926221.747475,11.811024
1684926221.757308,11.811024
1684926221.767465,11.811024
1684926221.778316,11.417323
1684926221.787574,11.417323
1684926221.797305,11.417323
1684926221.807394,11.417323
1684926221.817282,11.417323
1684926221.827227,11.417323
1684926221.837297,11.417323
1684926221.837375,11.417323
1684926221.847239,11.417323
1684926221.857276,11.417323
1684926221.867167,11.811024
1684926221.877380,11.811024
1684926221.887298,11.417323
1684926221.897248,10.629921
1684926221.907229,10.236220
1684926221.917259,10.236220
1684926221.927147,10.236220
1684926221.937216,10.236220
1684926221.947231,10.629921
1684926221.957289,10.629921
1684926221.967217,10.629921
1684926221.977322,9.842520
1684926221.987151,9.842520
1684926221.997225,9.842520
1684926222.007386,9.842520
1684926222.017476,9.842520
1684926222.027190,9.448819
1684926222.037234,8.661417
1684926222.047267,8.661417
1684926222.057323,8.267716
1684926222.067203,8.267716
1684926222.077343,7.874016
1684926222.087245,7.874016
1684926222.097237,7.480315
1684926222.107378,7.480315
1684926222.117281,7.086614
1684926222.127787,7.086614
1684926222.137324,7.086614
1684926222.147791,7.086614
1684926222.157263,7.086614
1684926222.167796,7.086614
1684926222.177354,7.086614
1684926222.187809,7.086614
1684926222.197383,7.086614
1684926222.207797,7.086614
1684926222.217319,6.692914
1684926222.227858,6.299212
1684926222.237195,5.905512
1684926222.247797,5.511811
1684926222.257258,5.905512
1684926222.267982,5.905512
1684926222.277252,5.905512
1684926222.287796,5.511811
1684926222.297251,5.511811
1684926222.307793,5.511811
1684926222.317549,5.511811
1684926222.327799,5.511811
1684926222.337441,5.511811
1684926222.347792,4.724410
1684926222.357363,4.724410
1684926222.367788,4.330709
1684926222.377327,4.330709
1684926222.387788,4.330709
1684926222.398063,3.937008
1684926222.407190,3.937008
1684926222.417306,3.149606
1684926222.427789,3.149606
1684926222.437296,3.149606
1684926222.447856,2.755906
1684926222.457318,2.755906
1684926222.467830,2.362205
1684926222.477993,2.362205
1684926222.487794,2.362205
1684926222.498044,2.362205
1684926222.507824,2.362205
1684926222.518005,2.362205
1684926222.527831,1.968504
1684926222.538045,1.574803
1684926222.547799,1.574803
1684926222.558103,1.181102
1684926222.567879,1.181102
1684926222.578127,0.787402
1684926222.587829,0.787402
1684926222.598142,0.393701
1684926222.607884,0.393701
1684926222.617647,0.393701
1684926222.627909,0.393701
1684926222.637759,0.393701
1684926222.647823,0.393701
1684926222.657263,0.000000
1684926222.667973,0.000000
1684926222.678066,0.000000
1684926222.678371,0.000000
1684926222.688110,0.000000
1684926222.698249,0.000000
1684926222.708263,0.000000
1684926222.718285,0.000000
1684926222.728299,0.000000
1684926222.738348,0.000000
1684926222.748296,0.000000
1684926222.758303,0.000000
1684926222.768339,0.000000
1684926222.778404,0.000000
1684926222.787313,0.000000
1684926222.798332,0.000000
1684926222.807296,0.000000
1684926222.817346,0.000000
1684926222.827211,0.000000
1684926222.837322,0.000000
1684926222.847258,0.000000
1684926222.857441,0.000000
1684926222.867223,0.000000
1684926222.877351,0.000000
1684926222.887251,0.000000
1684926222.897357,0.000000
1684926222.907296,0.000000
1684926222.917306,0.000000
1684926222.927297,0.000000
1684926222.937355,0.000000
1684926222.947307,0.000000
1684926222.957343,0.000000
1684926222.967318,0.000000
1684926222.977342,0.000000
1684926222.987281,0.000000
1684926222.997348,0.000000
1684926223.007305,0.000000
1684926223.017366,0.000000
1684926223.027298,0.000000
1684926223.037423,0.000000
1684926223.047306,0.000000
1684926223.057383,0.000000
1684926223.067267,0.000000
1684926223.077472,0.000000
1684926223.087355,0.000000
1684926223.097387,0.000000
1684926223.107296,0.000000
1684926223.117451,0.000000
1684926223.127270,0.000000
1684926223.137365,0.000000
1684926223.147306,0.000000
1684926223.157411,0.000000
1684926223.167342,0.000000
1684926223.177303,0.000000
1684926223.187453,0.000000
1684926223.197351,0.000000
1684926223.207477,0.000000
1684926223.217375,0.000000
1684926223.227612,0.000000
1684926223.237403,0.000000
1684926223.247531,0.000000
1684926223.257471,0.000000
1684926223.267253,0.000000
1684926223.277389,0.000000
1684926223.287303,0.000000
1684926223.297386,0.000000
1684926223.307237,0.000000
1684926223.317292,0.000000
1684926223.327250,0.000000
1684926223.337348,0.000000
1684926223.347328,0.000000
1684926223.357536,0.000000
1684926223.367344,0.000000
1684926223.377371,0.000000
1684926223.387345,0.000000
1684926223.397394,0.000000
1684926223.407546,0.000000
1684926223.417389,0.000000
1684926223.421288,0.000000
1684926223.427530,0.000000
1684926223.437296,0.000000
1684926223.447295,0.000000
1684926223.457454,0.000000
1684926223.467222,0.000000
1684926223.477390,0.000000
1684926223.487324,0.000000
1684926223.497345,0.000000
1684926223.507290,0.000000
1684926223.517310,0.000000
1684926223.527241,0.000000
1684926223.537331,0.000000
1684926223.547202,0.000000
1684926223.557319,0.000000
1684926223.567342,0.000000
1684926223.577367,0.000000
1684926223.587291,0.000000
1684926223.597372,0.000000
1684926223.607324,0.000000
1684926223.617334,0.000000
1684926223.627347,0.000000
1684926223.637377,0.000000
1684926223.647406,0.000000
1684926223.657408,0.000000
1684926223.667337,0.000000
1684926223.677374,0.000000
1684926223.687280,0.000000
1684926223.697308,0.000000
1684926223.707278,0.000000
1684926223.717312,0.000000
1684926223.727357,0.000000
1684926223.737373,0.000000
1684926223.747873,0.000000
1684926223.757499,0.000000
1684926223.767806,0.000000
1684926223.777539,0.000000
1684926223.787803,0.000000
1684926223.797660,0.000000
1684926223.807746,0.000000
1684926223.817635,0.000000
1684926223.827729,0.000000
1684926223.837624,0.000000
1684926223.847754,0.000000
1684926223.857753,0.000000
1684926223.867771,0.000000
1684926223.877686,0.000000
1684926223.887739,0.000000
1684926223.897469,0.000000
1684926223.907658,0.000000
1684926223.917433,0.000000
1684926223.927662,0.000000
1684926223.937445,0.000000
1684926223.947624,0.000000
1684926223.957484,0.000000
1684926223.967591,0.000000
1684926223.977415,0.000000
1684926223.987577,0.000000
1684926223.997415,0.000000
1684926224.007563,0.000000
1684926224.017465,0.000000
1684926224.027563,0.000000
1684926224.037437,0.000000
1684926224.047516,0.000000
1684926224.057457,0.000000
1684926224.067495,0.000000
1684926224.077516,0.000000
1684926224.087567,0.000000
1684926224.097548,0.000000
1684926224.107687,0.000000
1684926224.117591,0.000000
1684926224.127581,0.000000
1684926224.137672,0.000000
1684926224.147627,0.000000
1684926224.157627,0.000000
1684926224.167428,0.000000
1684926224.177445,0.000000
1684926224.185284,0.000000
1684926224.187391,0.000000
1684926224.197398,0.000000
1684926224.207568,0.000000
1684926224.217432,0.000000
1684926224.227485,0.000000
1684926224.237366,0.000000
1684926224.247354,0.000000
1684926224.257402,0.000000
1684926224.267291,0.000000
1684926224.277394,0.000000
1684926224.287374,0.000000
1684926224.297374,0.000000
1684926224.307284,0.000000
1684926224.317400,0.000000
1684926224.327435,0.000000
1684926224.337422,0.000000
1684926224.348212,0.000000
1684926224.357552,0.000000
1684926224.368202,0.000000
1684926224.377456,0.000000
1684926224.387607,0.000000
1684926224.398725,0.000000
1684926224.407669,0.000000
1684926224.418560,0.000000
1684926224.428503,0.000000
1684926224.438582,0.000000
1684926224.448373,0.000000
1684926224.458448,0.000000
1684926224.468446,0.000000
1684926224.478554,0.000000
1684926224.487632,0.000000
1684926224.498414,0.000000
1684926224.507339,0.000000
1684926224.518572,0.000000
1684926224.518690,0.000000
1684926224.527026,0.000000
1684926224.538463,0.000000
1684926224.547647,0.000000
1684926224.557493,0.000000
1684926224.567651,0.000000
1684926224.577467,0.000000
1684926224.587615,0.000000
1684926224.597316,0.000000
1684926224.607546,0.000000
1684926224.617358,0.000000
1684926224.627338,0.000000
1684926224.637439,0.000000
1684926224.647400,0.000000
1684926224.657442,0.000000
1684926224.667356,0.000000
1684926224.677457,0.000000
1684926224.687604,0.000000
1684926224.697521,0.000000
1684926224.707586,0.000000
1684926224.717547,0.000000
1684926224.727611,0.000000
1684926224.737450,0.000000
1684926224.747571,0.000000
1684926224.757308,0.000000
1684926224.767479,0.000000
1684926224.778480,0.000000
1684926224.787571,0.000000
1684926224.797334,0.000000
1684926224.807434,0.000000
1684926224.817544,0.000000
1684926224.827629,0.000000
1684926224.837501,0.000000
1684926224.847604,0.000000
1684926224.857501,0.000000
1684926224.867792,0.000000
1684926224.877494,0.000000
1684926224.887594,0.000000
1684926224.897321,0.000000
1684926224.907483,0.000000
1684926224.917423,0.000000
1684926224.927570,0.000000
1684926224.937451,0.000000
1684926224.947613,0.000000
1684926224.957494,0.000000
1684926224.967363,0.000000
1684926224.977479,0.000000
1684926224.987420,0.000000
1684926224.997862,0.000000
1684926225.007537,0.000000
1684926225.017452,0.000000
1684926225.027384,0.000000
1684926225.037426,0.000000
1684926225.047378,0.000000
1684926225.057409,0.000000
1684926225.067507,0.000000
1684926225.077487,0.000000
1684926225.087359,0.000000
1684926225.087363,0.000000
1684926225.097498,0.000000
1684926225.107487,0.000000
1684926225.117453,0.000000
1684926225.127401,0.000000
1684926225.137464,0.000000
1684926225.147378,0.000000
1684926225.157472,0.000000
1684926225.167072,0.000000
1684926225.177579,0.000000
1684926225.187441,0.000000
1684926225.197428,0.000000
1684926225.197573,0.000000
1684926225.207566,0.000000
1684926225.217443,0.000000
1684926225.227380,0.000000
1684926225.237431,0.000000
1684926225.247103,0.000000
1684926225.257383,0.000000
1684926225.267095,0.000000
1684926225.277422,0.000000
1684926225.287073,0.000000
1684926225.297500,0.000000
1684926225.308066,0.000000
1684926225.318215,0.000000
1684926225.327112,0.000000
1684926225.338204,0.000000
1684926225.347340,0.000000
1684926225.358217,0.000000
1684926225.368109,0.000000
1684926225.378192,0.000000
1684926225.387141,0.000000
1684926225.398190,0.000000
1684926225.407330,0.000000
1684926225.418193,0.000000
1684926225.427107,0.000000
1684926225.438155,0.000000
1684926225.447121,0.000000
1684926225.457435,0.000000
1684926225.468092,0.000000
1684926225.478244,0.000000
1684926225.487112,0.000000
1684926225.498314,0.000000
1684926225.507135,0.000000
1684926225.518395,0.000000
1684926225.527117,0.000000
1684926225.537319,0.000000
1684926225.547117,0.000000
1684926225.558322,0.000000
1684926225.568143,0.000000
1684926225.577406,0.000000
1684926225.587101,0.000000
1684926225.598136,0.000000
1684926225.607243,0.000000
1684926225.618160,0.000000
1684926225.627153,0.000000
1684926225.638154,0.000000
1684926225.648150,0.000000
1684926225.658142,0.000000
1684926225.668159,0.000000
1684926225.678141,0.000000
1684926225.688164,0.000000
1684926225.698191,0.000000
1684926225.708221,0.000000
1684926225.718230,0.000000
1684926225.728325,0.000000
1684926225.738345,0.000000
1684926225.748477,0.000000
1684926225.758125,0.000000
1684926225.768452,0.000000
1684926225.778453,0.000000
1684926225.788348,0.000000
1684926225.798433,0.000000
1684926225.807350,0.000000
1684926225.818448,0.000000
1684926225.827372,0.000000
1684926225.838536,0.000000
1684926225.847365,0.000000
1684926225.857435,0.000000
1684926225.867322,0.000000
1684926225.877414,0.000000
1684926225.887393,0.000000
1684926225.898080,0.000000
1684926225.907457,0.000000
1684926225.917442,0.000000
1684926225.927450,0.000000
1684926225.937478,0.000000
1684926225.947478,0.000000
1684926225.958099,0.000000
1684926225.967531,0.000000
1684926225.977435,0.000000
1684926225.987173,0.000000
1684926225.998080,0.000000
1684926226.007410,0.000000
1684926226.017480,0.000000
1684926226.027185,0.000000
1684926226.037569,0.000000
1684926226.047431,0.000000
1684926226.058135,0.000000
1684926226.067332,0.000000
1684926226.077410,0.000000
1684926226.087413,0.000000
1684926226.098197,0.000000
1684926226.107160,0.000000
1684926226.117492,0.000000
1684926226.127166,0.000000
1684926226.137512,0.000000
1684926226.147173,0.000000
1684926226.157556,0.000000
1684926226.167233,0.000000
1684926226.177559,0.000000
1684926226.187234,0.000000
1684926226.198073,0.000000
1684926226.207165,0.000000
1684926226.217466,0.000000
1684926226.227599,0.000000
1684926226.237432,0.000000
1684926226.247617,0.000000
1684926226.258026,0.000000
1684926226.267183,0.000000
1684926226.278020,0.000000
1684926226.287186,0.000000
1684926226.298024,0.000000
1684926226.307158,0.000000
1684926226.318055,0.000000
1684926226.318049,0.000000
1684926226.327918,0.000000
1684926226.337550,0.000000
1684926226.348038,0.000000
1684926226.358162,0.000000
1684926226.367442,0.000000
1684926226.377529,0.000000
1684926226.387456,0.000000
1684926226.397502,0.000000
1684926226.407662,0.000000
1684926226.417689,0.000000
1684926226.427669,0.000000
1684926226.437661,0.000000
1684926226.447691,0.000000
1684926226.457680,0.000000
1684926226.467767,0.000000
1684926226.477835,0.000000
1684926226.487854,0.000000
1684926226.498202,0.000000
1684926226.508166,0.000000
1684926226.517504,0.000000
1684926226.527304,0.000000
1684926226.537722,0.000000
1684926226.547228,0.000000
1684926226.557709,0.000000
1684926226.567243,0.000000
1684926226.577926,0.000000
1684926226.587240,0.000000
1684926226.597720,0.000000
1684926226.607228,0.000000
1684926226.617780,0.000000
1684926226.627229,0.000000
1684926226.637835,0.000000
1684926226.647253,0.000000
1684926226.652786,0.000000
1684926226.658058,0.000000
1684926226.667205,0.000000
1684926226.677560,0.000000
1684926226.687236,0.000000
1684926226.697467,0.000000
1684926226.707241,0.000000
1684926226.717469,0.000000
1684926226.727236,0.000000
1684926226.737480,0.000000
1684926226.747250,0.000000
1684926226.757925,0.000000
1684926226.767283,0.000000
1684926226.777962,0.000000
1684926226.787258,0.000000
1684926226.797921,0.000000
1684926226.807295,0.000000
1684926226.817954,0.000000
1684926226.827347,0.000000
1684926226.837941,0.000000
1684926226.847274,0.000000
1684926226.857919,0.000000
1684926226.867236,0.000000
1684926226.877957,0.000000
1684926226.887324,0.000000
1684926226.897942,0.000000
1684926226.907399,0.000000
1684926226.917944,0.000000
1684926226.927501,0.000000
1684926226.938043,0.000000
1684926226.947657,0.000000
1684926226.958015,0.000000
1684926226.967769,0.000000
1684926226.978028,0.000000
1684926226.987900,0.000000
1684926226.998081,0.000000
1684926227.007256,0.000000
1684926227.018121,0.000000
1684926227.027259,0.000000
1684926227.037914,0.000000
1684926227.037914,0.000000
1684926227.047900,0.000000
1684926227.057903,0.000000
1684926227.067923,0.000000
1684926227.077884,0.000000
1684926227.087979,0.000000
1684926227.097911,0.000000
1684926227.107962,0.000000
1684926227.117932,0.000000
1684926227.127905,0.000000
1684926227.137924,0.000000
1684926227.147968,0.000000
1684926227.157977,0.000000
1684926227.167962,0.000000
1684926227.177995,0.000000
1684926227.187945,0.000000
1684926227.197945,0.000000
1684926227.207957,0.000000
1684926227.217965,0.000000
1684926227.227962,0.000000
1684926227.237969,0.000000
1684926227.247967,0.000000
1684926227.258045,0.000000
1684926227.267966,0.000000
1684926227.278025,0.000000
1684926227.287981,0.000000
1684926227.298048,0.000000
1684926227.307300,0.000000
1684926227.317969,0.000000
1684926227.327986,0.000000
1684926227.337988,0.000000
1684926227.347997,0.000000
1684926227.358140,0.000000
1684926227.368008,0.000000
1684926227.378129,0.000000
1684926227.387981,0.000000
1684926227.397823,0.000000
1684926227.408027,0.000000
1684926227.418036,0.000000
1684926227.428062,0.000000
1684926227.438022,0.000000
1684926227.448014,0.000000
1684926227.458074,0.000000
1684926227.468062,0.000000
1684926227.479025,0.000000
1684926227.488072,0.000000
1684926227.498037,0.000000
1684926227.508095,0.000000
1684926227.518043,0.000000
1684926227.528113,0.000000
1684926227.528301,0.000000
1684926227.538069,0.000000
1684926227.548091,0.000000
1684926227.558071,0.000000
1684926227.568074,0.000000
1684926227.578105,0.000000
1684926227.588170,0.000000
1684926227.598119,0.000000
1684926227.607145,0.000000
1684926227.618162,0.000000
1684926227.628157,0.000000
1684926227.638219,0.000000
1684926227.647213,0.000000
1684926227.658221,0.000000
1684926227.668214,0.000000
1684926227.678199,0.000000
1684926227.687238,0.000000
1684926227.698198,0.000000
1684926227.707179,0.000000
1684926227.718249,0.000000
1684926227.727213,0.000000
1684926227.738235,0.000000
1684926227.747221,0.000000
1684926227.758219,0.000000
1684926227.768220,0.000000
1684926227.778247,0.000000
1684926227.787328,0.000000
1684926227.798237,0.000000
1684926227.807309,0.000000
1684926227.818238,0.000000
1684926227.827240,0.000000
1684926227.838238,0.000000
1684926227.847229,0.000000
1684926227.858257,0.000000
1684926227.867250,0.000000
1684926227.877397,0.000000
1684926227.887260,0.000000
1684926227.898332,0.000000
1684926227.907270,0.000000
1684926227.917283,0.000000
1684926227.927278,0.000000
1684926227.937295,0.000000
1684926227.947280,0.000000
1684926227.958318,0.000000
1684926227.967281,0.000000
1684926227.978305,0.000000
1684926227.987302,0.000000
1684926227.998302,0.000000
1684926228.007301,0.000000
1684926228.018329,0.000000
1684926228.027346,0.000000
1684926228.038316,0.000000
1684926228.047340,0.000000
1684926228.058342,0.000000
1684926228.067476,0.000000
1684926228.078367,0.000000
1684926228.087333,0.000000
1684926228.098386,0.000000
1684926228.107336,0.000000
1684926228.118369,0.000000
1684926228.127348,0.000000
1684926228.138356,0.000000
1684926228.147367,0.000000
1684926228.158374,0.000000
1684926228.167367,0.000000
1684926228.178370,0.000000
1684926228.187397,0.000000
1684926228.198393,0.000000
1684926228.207394,0.000000
1684926228.218365,0.000000
1684926228.227393,0.000000
1684926228.237646,0.000000
1684926228.247403,0.000000
1684926228.258390,0.000000
1684926228.267455,0.000000
1684926228.278426,0.000000
1684926228.287406,0.000000
1684926228.297662,0.000000
1684926228.307428,0.000000
1684926228.318449,0.000000
1684926228.327424,0.000000
1684926228.329295,0.000000
1684926228.338468,0.000000
1684926228.347550,0.000000
1684926228.358434,0.000000
1684926228.367472,0.000000
1684926228.377482,0.000000
1684926228.387464,0.000000
1684926228.397791,0.000000
1684926228.407447,0.000000
1684926228.417793,0.000000
1684926228.427475,0.000000
1684926228.437861,0.000000
1684926228.447483,0.000000
1684926228.457858,0.000000
1684926228.467498,0.000000
1684926228.477597,0.000000
1684926228.487479,0.000000
1684926228.497608,0.000000
1684926228.507515,0.000000
1684926228.517685,0.000000
1684926228.527413,0.000000
1684926228.537680,0.000000
1684926228.547431,0.000000
1684926228.557580,0.000000
1684926228.567446,0.000000
1684926228.577608,0.000000
1684926228.587433,0.000000
1684926228.597599,0.000000
1684926228.607542,0.000000
1684926228.617616,0.000000
1684926228.627642,0.000000
1684926228.637672,0.000000
1684926228.647707,0.000000
1684926228.657884,0.000000
1684926228.667830,0.000000
1684926228.677871,0.000000
1684926228.688001,0.000000
1684926228.698162,0.000000
1684926228.708218,0.000000
1684926228.718158,0.000000
1684926228.727242,0.000000
1684926228.738288,0.000000
1684926228.747408,0.000000
1684926228.758435,0.000000
1684926228.767501,0.000000
1684926228.778640,0.000000
1684926228.787669,0.000000
1684926228.797642,0.000000
1684926228.807743,0.000000
1684926228.817628,0.000000
1684926228.827616,0.000000
1684926228.837604,0.000000
1684926228.847637,0.000000
1684926228.857638,0.000000
1684926228.867643,0.000000
1684926228.877641,0.000000
1684926228.877642,0.000000
1684926228.887648,0.000000
1684926228.897650,0.000000
1684926228.907647,0.000000
1684926228.917660,0.000000
1684926228.927656,0.000000
1684926228.937645,0.000000
1684926228.947709,0.000000
1684926228.957668,0.000000
1684926228.967701,0.000000
1684926228.977667,0.000000
1684926228.987750,0.000000
1684926228.997745,0.000000
1684926229.007689,0.000000
1684926229.017712,0.000000
1684926229.027695,0.000000
1684926229.037729,0.000000
1684926229.047728,0.000000
1684926229.057717,0.000000
1684926229.068707,0.000000
1684926229.078767,0.000000
1684926229.088794,0.000000
1684926229.098732,0.000000
1684926229.108767,0.000000
1684926229.118714,0.000000
1684926229.128755,0.000000
1684926229.138833,0.000000
1684926229.147762,0.000000
1684926229.158747,0.000000
1684926229.167778,0.000000
1684926229.167822,0.000000
1684926229.178828,0.000000
1684926229.187836,0.000000
1684926229.197737,0.000000
1684926229.207812,0.000000
1684926229.217864,0.000000
1684926229.227774,0.000000
1684926229.237827,0.000000
1684926229.247783,0.000000
1684926229.257763,0.000000
1684926229.267868,0.000000
1684926229.277799,0.000000
1684926229.287874,0.000000
1684926229.297891,0.000000
1684926229.307944,0.000000
1684926229.317792,0.000000
1684926229.327852,0.000000
1684926229.337825,0.000000
1684926229.347854,0.000000
1684926229.357817,0.000000
1684926229.367879,0.000000
1684926229.377825,0.000000
1684926229.387830,0.000000
1684926229.397877,0.000000
1684926229.407850,0.000000
1684926229.417816,0.000000
1684926229.427860,0.000000
1684926229.437851,0.000000
1684926229.447850,0.000000
1684926229.457880,0.000000
1684926229.467856,0.000000
1684926229.477813,0.000000
1684926229.487856,0.000000
1684926229.497775,0.000000
1684926229.507852,0.000000
1684926229.517776,0.000000
1684926229.527854,0.000000
1684926229.537861,0.000000
1684926229.547929,0.000000
1684926229.557670,0.000000
1684926229.567894,0.000000
1684926229.577715,0.000000
1684926229.587942,0.000000
1684926229.597641,0.000000
1684926229.607956,0.000000
1684926229.617655,0.000000
1684926229.627859,0.000000
1684926229.637613,0.000000
1684926229.647900,0.000000
1684926229.657608,0.000000
1684926229.668019,0.000000
1684926229.677556,0.000000
1684926229.687915,0.000000
1684926229.697532,0.000000
1684926229.707896,0.000000
1684926229.718528,0.000000
1684926229.727898,0.000000
1684926229.738478,0.000000
1684926229.747899,0.000000
1684926229.758505,0.000000
1684926229.767918,0.000000
1684926229.778462,0.000000
1684926229.787900,0.000000
1684926229.797448,0.000000
1684926229.807934,0.000000
1684926229.818420,0.000000
1684926229.827934,0.000000
1684926229.837624,0.000000
1684926229.847924,0.000000
1684926229.858387,0.000000
1684926229.867970,0.000000
1684926229.878337,0.000000
1684926229.887950,0.000000
1684926229.898363,0.000000
1684926229.907946,0.000000
1684926229.917969,0.000000
1684926229.927949,0.000000
1684926229.938336,0.000000
1684926229.947943,0.000000
1684926229.958359,0.000000
1684926229.967951,0.000000
1684926229.978349,0.000000
1684926229.987343,0.000000
1684926229.998318,0.000000
1684926230.008198,0.000000
1684926230.018361,0.000000
1684926230.027363,0.000000
1684926230.038319,0.000000
1684926230.047359,0.000000
1684926230.047360,0.000000
1684926230.058375,0.000000
1684926230.067404,0.000000
1684926230.078468,0.000000
1684926230.087558,0.000000
1684926230.097608,0.000000
1684926230.107664,0.000000
1684926230.117814,0.000000
1684926230.127900,0.000000
1684926230.137858,0.000000
1684926230.147927,0.000000
1684926230.157952,0.000000
1684926230.168024,0.000000
1684926230.178041,0.000000
1684926230.188128,0.000000
1684926230.198051,0.000000
1684926230.208275,0.000000
1684926230.218058,0.000000
1684926230.227396,0.000000
1684926230.237999,0.000000
1684926230.247520,0.000000
1684926230.258082,0.000000
1684926230.267597,0.000000
1684926230.277949,0.000000
1684926230.287696,0.000000
1684926230.297912,0.000000
1684926230.307882,0.000000
1684926230.318033,0.000000
1684926230.328053,0.000000
1684926230.338007,0.000000
1684926230.348045,0.000000
1684926230.358077,0.000000
1684926230.368032,0.000000
1684926230.378062,0.000000
1684926230.388034,0.000000
1684926230.398036,0.000000
1684926230.408052,0.000000
1684926230.418055,0.000000
1684926230.428053,0.000000
1684926230.438199,0.000000
1684926230.448052,0.000000
1684926230.458057,0.000000
1684926230.468073,0.000000
1684926230.478053,0.000000
1684926230.488076,0.000000
1684926230.498122,0.000000
1684926230.498127,0.000000
1684926230.508081,0.000000
1684926230.518080,0.000000
1684926230.528059,0.000000
1684926230.538084,0.000000
1684926230.548099,0.000000
1684926230.558125,0.000000
1684926230.568123,0.000000
1684926230.578121,0.000000
1684926230.588073,0.000000
1684926230.598136,0.000000
1684926230.608175,0.000000
1684926230.619102,0.000000
1684926230.628095,0.000000
1684926230.639167,0.000000
1684926230.648104,0.000000
1684926230.658118,0.000000
1684926230.668118,0.000000
1684926230.679126,0.000000
1684926230.688101,0.000000
1684926230.698142,0.000000
1684926230.708190,0.000000
1684926230.718166,0.000000
1684926230.728121,0.000000
1684926230.738159,0.000000
1684926230.748117,0.000000
1684926230.758157,0.000000
1684926230.768164,0.000000
1684926230.778175,0.000000
1684926230.788134,0.000000
1684926230.798150,0.000000
1684926230.808117,0.000000
1684926230.818141,0.000000
1684926230.828116,0.000000
1684926230.838151,0.000000
1684926230.847408,0.000000
1684926230.858141,0.000000
1684926230.868160,0.000000
1684926230.878141,0.000000
1684926230.888167,0.000000
1684926230.898159,0.000000
1684926230.908225,0.000000
1684926230.918285,0.000000
1684926230.928229,0.000000
1684926230.938164,0.000000
1684926230.948187,0.000000
1684926230.958161,0.000000
1684926230.968164,0.000000
1684926230.968215,0.000000
1684926230.978218,0.000000
1684926230.988249,0.000000
1684926230.998187,0.000000
1684926231.008180,0.000000
1684926231.018188,0.000000
1684926231.028182,0.000000
1684926231.038187,0.000000
1684926231.048183,0.000000
1684926231.058366,0.000000
1684926231.068182,0.000000
1684926231.078223,0.000000
1684926231.088179,0.000000
1684926231.098215,0.000000
1684926231.108210,0.000000
1684926231.118207,0.000000
1684926231.128182,0.000000
1684926231.138391,0.000000
1684926231.148204,0.000000
1684926231.158246,0.000000
1684926231.168237,0.000000
1684926231.178256,0.000000
1684926231.188207,0.000000
1684926231.198244,0.000000
1684926231.208230,0.000000
1684926231.218247,0.000000
1684926231.228209,0.000000
1684926231.238211,0.000000
1684926231.248237,0.000000
1684926231.258336,0.000000
1684926231.268252,0.000000
1684926231.278255,0.000000
1684926231.288226,0.000000
1684926231.298245,0.000000
1684926231.308226,0.000000
1684926231.318266,0.000000
1684926231.328522,0.000000
1684926231.338252,0.000000
1684926231.348261,0.000000
1684926231.358252,0.000000
1684926231.368229,0.000000
1684926231.378306,0.000000
1684926231.388280,0.000000
1684926231.398277,0.000000
1684926231.408249,0.000000
1684926231.418311,0.000000
1684926231.428251,0.000000
1684926231.438342,0.000000
1684926231.448353,0.000000
1684926231.458287,0.000000
1684926231.468277,0.000000
1684926231.478288,0.000000
1684926231.488269,0.000000
1684926231.498287,0.000000
1684926231.508291,0.000000
1684926231.518296,0.000000
1684926231.528290,0.000000
1684926231.538273,0.000000
1684926231.548293,0.000000
1684926231.558291,0.000000
1684926231.568300,0.000000
1684926231.578311,0.000000
1684926231.588304,0.000000
1684926231.598294,0.000000
1684926231.608293,0.000000
1684926231.618357,0.000000
1684926231.628296,0.000000
1684926231.638303,0.000000
1684926231.648370,0.000000
1684926231.658376,0.000000
1684926231.668315,0.000000
1684926231.668371,0.000000
1684926231.678343,0.000000
1684926231.687303,0.000000
1684926231.698358,0.000000
1684926231.708315,0.000000
1684926231.718318,0.000000
1684926231.728323,0.000000
1684926231.738362,0.000000
1684926231.748558,0.000000
1684926231.758350,0.000000
1684926231.768506,0.000000
1684926231.778337,0.000000
1684926231.787687,0.000000
1684926231.798360,0.000000
1684926231.798361,0.000000
1684926231.808001,0.000000
1684926231.818129,0.000000
1684926231.827776,0.000000
1684926231.838268,0.000000
1684926231.847944,0.000000
1684926231.858249,0.000000
1684926231.868263,0.000000
1684926231.878256,0.000000
1684926231.888243,0.000000
1684926231.898247,0.000000
1684926231.908251,0.000000
1684926231.918313,0.000000
1684926231.928260,0.000000
1684926231.937402,0.000000
1684926231.947568,0.000000
1684926231.957489,0.000000
1684926231.967590,1.574803
1684926231.977623,1.968504
1684926231.987689,2.362205
1684926231.997754,3.149606
1684926232.007756,3.543307
1684926232.017856,3.543307
1684926232.027911,4.724410
1684926232.038007,5.118110
1684926232.048147,5.511811
1684926232.058177,5.511811
1684926232.068172,6.299212
1684926232.078250,6.299212
1684926232.088390,7.086614
1684926232.097752,8.267716
1684926232.108378,9.055119
1684926232.108377,9.055119
1684926232.118427,9.448819
1684926232.128406,9.842520
1684926232.138439,9.842520
1684926232.148463,11.023623
1684926232.158439,11.417323
1684926232.168430,12.598425
1684926232.178439,13.385827
1684926232.188436,14.566929
1684926232.198442,15.748032
1684926232.208442,16.929134
1684926232.218446,17.716536
1684926232.228430,18.503937
1684926232.238449,19.685040
1684926232.248496,20.472441
1684926232.258471,20.472441
1684926232.268453,20.472441
1684926232.278466,20.472441
1684926232.288475,20.866142
1684926232.298476,20.866142
1684926232.308449,20.866142
1684926232.318510,20.472441
1684926232.328444,19.685040
1684926232.338469,19.291338
1684926232.348465,19.291338
1684926232.358470,18.503937
1684926232.368513,18.110237
1684926232.378482,17.716536
1684926232.388487,17.716536
1684926232.398488,17.322834
1684926232.408522,17.322834
1684926232.418498,17.322834
1684926232.428500,17.322834
1684926232.437497,16.535433
1684926232.447478,16.141733
1684926232.457490,15.354331
1684926232.467510,14.960629
1684926232.477484,13.779528
1684926232.487531,12.992126
1684926232.497503,11.811024
1684926232.507514,11.417323
1684926232.517515,9.842520
1684926232.527515,9.055119
1684926232.537536,8.267716
1684926232.547508,7.874016
1684926232.557507,7.086614
1684926232.567525,6.692914
1684926232.577517,6.299212
1684926232.587552,5.905512
1684926232.597532,4.724410
1684926232.607519,4.724410
1684926232.617549,4.724410
1684926232.627584,3.937008
1684926232.637532,3.543307
1684926232.647511,3.149606
1684926232.657523,3.149606
1684926232.667531,2.755906
1684926232.677528,2.362205
1684926232.687534,2.362205
1684926232.697629,1.968504
1684926232.707543,1.574803
1684926232.717580,1.574803
1684926232.727605,1.574803
1684926232.737541,1.574803
1684926232.747561,1.574803
1684926232.757567,1.968504
1684926232.767579,2.362205
1684926232.778569,2.362205
1684926232.787603,2.755906
1684926232.797585,3.149606
1684926232.807559,3.543307
1684926232.817576,3.937008
1684926232.827627,4.724410
1684926232.837623,4.724410
1684926232.847574,5.511811
1684926232.857635,5.511811
1684926232.867583,6.299212
1684926232.877601,6.692914
1684926232.887582,6.692914
1684926232.898190,6.692914
1684926232.908207,6.692914
1684926232.918295,6.692914
1684926232.928252,7.086614
1684926232.938276,7.480315
1684926232.948363,8.267716
1684926232.958422,9.055119
1684926232.968540,9.448819
1684926232.978722,9.842520
1684926232.988633,11.417323
1684926232.998640,12.204724
1684926233.008675,12.992126
1684926233.018703,13.385827
1684926233.028631,14.173228
1684926233.038641,14.960629
1684926233.047637,15.748032
1684926233.057651,16.929134
1684926233.067616,17.716536
1684926233.077644,18.110237
1684926233.087643,18.503937
1684926233.097644,18.503937
1684926233.107623,19.291338
1684926233.117643,19.685040
1684926233.117641,19.685040
1684926233.127646,20.078741
1684926233.137642,20.078741
1684926233.147642,20.078741
1684926233.157684,20.078741
1684926233.167668,20.866142
1684926233.177672,21.653543
1684926233.187663,22.047245
1684926233.197665,22.047245
1684926233.207881,21.653543
1684926233.217664,21.259842
1684926233.227644,20.866142
1684926233.237682,20.472441
1684926233.247727,20.078741
1684926233.257744,20.078741
1684926233.267734,19.685040
1684926233.277700,19.291338
1684926233.287665,18.897638
1684926233.297666,16.929134
1684926233.307821,15.748032
1684926233.317701,15.748032
1684926233.327674,15.354331
1684926233.337691,14.566929
1684926233.347939,14.566929
1684926233.357701,12.992126
1684926233.367854,12.992126
1684926233.377705,12.598425
1684926233.387717,12.204724
1684926233.397775,12.204724
1684926233.407721,12.204724
1684926233.417708,11.811024
1684926233.427688,11.417323
1684926233.437706,10.629921
1684926233.447690,10.236220
1684926233.457725,10.236220
1684926233.467706,10.629921
1684926233.477737,10.629921
1684926233.487759,10.236220
1684926233.497726,9.448819
1684926233.507722,9.055119
1684926233.509296,9.055119
1684926233.517828,9.055119
1684926233.527755,9.055119
1684926233.537730,8.661417
1684926233.547734,8.267716
1684926233.557738,7.874016
1684926233.567734,7.874016
1684926233.577740,7.874016
1684926233.587759,7.874016
1684926233.597775,8.267716
1684926233.607804,7.874016
1684926233.617766,7.480315
1684926233.627779,7.480315
1684926233.647737,7.480315
1684926233.657784,7.086614
1684926233.667757,7.086614
1684926233.677765,7.086614
1684926233.687776,7.086614
1684926233.697749,7.086614
1684926233.707765,7.086614
1684926233.717865,7.086614
1684926233.727769,7.086614
1684926233.737777,7.086614
1684926233.747771,8.661417
1684926233.757798,9.055119
1684926233.768004,9.842520
1684926233.778843,11.023623
1684926233.787997,11.417323
1684926233.797984,11.417323
1684926233.808156,12.598425
1684926233.818068,13.385827
1684926233.828146,14.173228
1684926233.838187,14.566929
1684926233.848268,14.566929
1684926233.858354,15.354331
1684926233.868400,15.748032
1684926233.878392,16.141733
1684926233.888496,17.322834
1684926233.898561,17.716536
1684926233.908586,18.110237
1684926233.918736,18.503937
1684926233.928727,19.685040
1684926233.938810,20.078741
1684926233.947812,20.472441
1684926233.957932,20.866142
1684926233.967979,20.866142
1684926233.978107,20.866142
1684926233.988106,20.866142
1684926233.998169,20.866142
1684926234.008250,21.653543
1684926234.018316,22.440945
1684926234.028339,22.440945
1684926234.038416,22.834646
1684926234.048433,23.228346
1684926234.058555,23.228346
1684926234.068588,23.228346
1684926234.078899,23.622047
1684926234.088706,23.622047
1684926234.098523,23.228346
1684926234.098593,23.228346
1684926234.108850,22.834646
1684926234.118863,22.834646
1684926234.128873,22.440945
1684926234.138894,22.440945
1684926234.148874,21.653543
1684926234.158857,20.078741
1684926234.168879,18.503937
1684926234.178903,17.322834
1684926234.188897,16.535433
1684926234.198880,15.748032
1684926234.208874,15.354331
1684926234.218898,14.173228
1684926234.228880,13.385827
1684926234.238892,12.204724
1684926234.249000,11.811024
1684926234.258923,11.417323
1684926234.268876,11.417323
1684926234.278893,10.629921
1684926234.288714,9.842520
1684926234.299041,9.055119
1684926234.308957,8.661417
1684926234.309004,8.661417
1684926234.319023,8.661417
1684926234.328991,8.661417
1684926234.338896,8.267716
1684926234.348959,8.267716
1684926234.358898,7.874016
1684926234.368933,7.086614
1684926234.378906,6.299212
1684926234.388611,6.299212
1684926234.398927,6.299212
1684926234.408908,6.299212
1684926234.418915,5.905512
1684926234.428917,5.905512
1684926234.438958,5.118110
1684926234.447905,5.118110
1684926234.457919,5.118110
1684926234.468002,5.118110
1684926234.477983,5.118110
1684926234.488635,4.724410
1684926234.497944,4.330709
1684926234.507932,4.330709
1684926234.507935,4.330709
1684926234.517935,4.330709
1684926234.527954,4.330709
1684926234.537944,3.937008
1684926234.547939,3.543307
1684926234.557946,3.543307
1684926234.567945,3.543307
1684926234.577967,3.543307
1684926234.588390,3.543307
1684926234.588861,3.543307
1684926234.597988,4.330709
1684926234.608015,4.330709
1684926234.617966,4.724410
1684926234.627943,5.118110
1684926234.637965,5.905512
1684926234.647954,7.086614
1684926234.647952,7.086614
1684926234.657985,7.874016
1684926234.667999,8.267716
1684926234.677983,9.055119
1684926234.688280,9.448819
1684926234.697976,9.842520
1684926234.707943,10.236220
1684926234.717993,11.417323
1684926234.727975,12.204724
1684926234.737997,12.204724
1684926234.748152,12.598425
1684926234.758032,12.598425
1684926234.767967,13.779528
1684926234.779023,14.173228
1684926234.788235,15.354331
1684926234.798026,15.748032
1684926234.808081,15.748032
1684926234.818028,15.748032
1684926234.827989,16.535433
1684926234.838126,16.535433
1684926234.848012,18.503937
1684926234.858023,19.291338
1684926234.868048,20.078741
1684926234.878007,20.472441
1684926234.888151,20.472441
1684926234.898034,20.866142
1684926234.908015,21.259842
1684926234.918046,21.653543
1684926234.928028,22.047245
1684926234.938031,22.047245
1684926234.948016,22.440945
1684926234.958027,22.834646
1684926234.968107,23.622047
1684926234.978047,24.015749
1684926234.988055,24.803150
1684926234.998076,24.803150
1684926235.008027,24.803150
1684926235.008029,24.803150
1684926235.018051,24.803150
1684926235.028074,24.803150
1684926235.038056,24.409449
1684926235.048033,24.409449
1684926235.058072,23.622047
1684926235.068050,22.834646
1684926235.078064,22.834646
1684926235.088071,22.834646
1684926235.098053,22.834646
1684926235.108100,22.834646
1684926235.118081,23.228346
1684926235.128079,22.834646
1684926235.138083,22.440945
1684926235.148148,22.047245
1684926235.158096,21.653543
1684926235.168094,21.653543
1684926235.178071,21.259842
1684926235.188783,21.259842
1684926235.198193,21.259842
1684926235.208168,21.259842
1684926235.218096,21.259842
1684926235.228080,21.259842
1684926235.238201,21.259842
1684926235.248096,20.866142
1684926235.258143,20.078741
1684926235.268496,19.291338
1684926235.278093,19.291338
1684926235.288653,18.897638
1684926235.298119,18.503937
1684926235.308124,18.503937
1684926235.318153,18.503937
1684926235.328104,18.110237
1684926235.338137,18.110237
1684926235.348207,18.110237
1684926235.348417,18.110237
1684926235.358121,18.110237
1684926235.368129,17.716536
1684926235.378120,17.716536
1684926235.388292,16.929134
1684926235.398134,16.141733
1684926235.408141,16.141733
1684926235.418126,16.535433
1684926235.428377,16.535433
1684926235.438147,16.535433
1684926235.448388,16.535433
1684926235.458136,15.748032
1684926235.468307,15.748032
1684926235.478268,15.354331
1684926235.488470,15.354331
1684926235.498396,15.748032
1684926235.508441,15.748032
1684926235.518485,15.748032
1684926235.528495,15.748032
1684926235.538575,16.141733
1684926235.548668,16.535433
1684926235.558704,16.141733
1684926235.567794,15.748032
1684926235.577833,15.354331
1684926235.588418,15.354331
1684926235.598103,15.354331
1684926235.608020,15.748032
1684926235.618096,15.354331
1684926235.628187,15.354331
1684926235.638247,15.354331
1684926235.648292,14.960629
1684926235.658332,14.960629
1684926235.668499,14.960629
1684926235.678469,15.354331
1684926235.688495,16.141733
1684926235.698581,16.141733
1684926235.708711,16.141733
1684926235.708771,16.141733
1684926235.718763,16.141733
1684926235.728779,16.535433
1684926235.738744,16.929134
1684926235.748808,17.322834
1684926235.758867,17.322834
1684926235.769005,17.322834
1684926235.779055,16.929134
1684926235.789109,16.929134
1684926235.799223,17.716536
1684926235.809204,18.503937
1684926235.819247,18.503937
1684926235.829228,19.291338
1684926235.839289,19.291338
1684926235.849296,19.291338
1684926235.859277,19.291338
1684926235.868382,19.685040
1684926235.878263,20.078741
1684926235.888297,23.228346
1684926235.898246,27.559055
1684926235.908285,29.133858
1684926235.918255,29.921259
1684926235.928310,30.708662
1684926235.938253,31.496063
1684926235.948290,31.496063
1684926235.958245,32.283466
1684926235.968281,32.283466
1684926235.978265,32.283466
1684926235.988264,32.283466
1684926235.998278,31.889763
1684926236.008301,31.889763
1684926236.018274,32.283466
1684926236.028290,32.283466
1684926236.038512,33.070866
1684926236.048268,33.070866
1684926236.058276,33.070866
1684926236.068289,33.070866
1684926236.078305,33.070866
1684926236.088300,32.283466
1684926236.098330,32.283466
1684926236.108299,32.283466
1684926236.118309,32.283466
1684926236.128299,32.283466
1684926236.138391,32.283466
1684926236.148430,32.283466
1684926236.158317,32.283466
1684926236.168338,31.496063
1684926236.178316,31.496063
1684926236.188292,31.496063
1684926236.198352,31.496063
1684926236.208308,31.496063
1684926236.218314,31.496063
1684926236.228314,30.708662
1684926236.238351,29.921259
1684926236.248321,29.921259
1684926236.258317,29.921259
1684926236.268332,29.921259
1684926236.278340,29.921259
1684926236.288337,29.133858
1684926236.298348,29.133858
1684926236.308413,29.133858
1684926236.318351,29.133858
1684926236.328346,29.133858
1684926236.338343,29.133858
1684926236.348336,29.133858
1684926236.358359,29.133858
1684926236.368382,28.346457
1684926236.378359,27.952755
1684926236.388355,27.559055
1684926236.398383,27.559055
1684926236.408361,27.559055
1684926236.418357,27.952755
1684926236.428356,27.165354
1684926236.438392,26.771654
1684926236.448369,27.559055
1684926236.458380,28.346457
1684926236.468448,28.346457
1684926236.478379,28.346457
1684926236.488596,27.952755
1684926236.498385,27.165354
1684926236.508362,27.165354
1684926236.518377,27.165354
1684926236.528418,27.559055
1684926236.538417,27.559055
1684926236.548388,27.559055
1684926236.558379,27.559055
1684926236.568367,27.559055
1684926236.578402,27.559055
1684926236.588391,27.559055
1684926236.598380,27.559055
1684926236.608423,26.771654
1684926236.618411,26.771654
1684926236.628422,26.771654
1684926236.638404,26.771654
1684926236.648382,26.771654
1684926236.658395,27.165354
1684926236.668439,27.559055
1684926236.678403,27.559055
1684926236.688412,27.559055
1684926236.698430,27.952755
1684926236.708427,27.952755
1684926236.718423,27.952755
1684926236.728430,27.559055
1684926236.738426,27.559055
1684926236.748412,27.559055
1684926236.758521,27.559055
1684926236.768496,27.952755
1684926236.778572,27.952755
1684926236.788726,27.952755
1684926236.798742,27.952755
1684926236.808802,27.952755
1684926236.818861,27.952755
1684926236.828921,28.346457
1684926236.838918,27.952755
1684926236.847970,27.559055
1684926236.858066,27.559055
1684926236.868128,27.559055
1684926236.878134,27.559055
1684926236.888190,27.952755
1684926236.898264,27.952755
1684926236.908344,27.952755
1684926236.918405,27.952755
1684926236.928419,27.952755
1684926236.938513,27.952755
1684926236.948571,27.559055
1684926236.958596,27.559055
1684926236.968634,27.559055
1684926236.978760,27.559055
1684926236.988764,26.771654
1684926236.998814,27.165354
1684926237.008932,27.952755
1684926237.018924,29.133858
1684926237.029002,29.527559
1684926237.039064,29.527559
1684926237.039064,29.527559
1684926237.049147,29.527559
1684926237.059170,29.527559
1684926237.069213,29.527559
1684926237.079292,29.527559
1684926237.079295,29.527559
1684926237.089341,29.527559
1684926237.099518,29.527559
1684926237.109486,29.133858
1684926237.119514,28.346457
1684926237.129498,28.346457
1684926237.139496,29.133858
1684926237.149632,29.133858
1684926237.159512,29.133858
1684926237.169481,28.346457
1684926237.179509,28.346457
1684926237.189507,29.527559
1684926237.199521,29.527559
1684926237.209522,29.921259
1684926237.219541,29.921259
1684926237.229510,30.708662
1684926237.239545,30.708662
1684926237.239545,30.708662
1684926237.249610,30.314960
1684926237.259534,29.921259
1684926237.269528,29.921259
1684926237.279529,29.921259
1684926237.289529,30.314960
1684926237.299578,30.314960
1684926237.309523,30.314960
1684926237.319555,30.314960
1684926237.329547,30.708662
1684926237.339540,30.708662
1684926237.348533,30.708662
1684926237.358549,30.708662
1684926237.368531,30.708662
1684926237.378557,30.708662
1684926237.388533,30.314960
1684926237.398532,29.921259
1684926237.408563,29.921259
1684926237.418555,30.314960
1684926237.428571,30.314960
1684926237.438553,30.314960
1684926237.448585,30.314960
1684926237.458588,31.102362
1684926237.468487,31.102362
1684926237.478674,31.496063
1684926237.488690,30.708662
1684926237.498573,29.921259
1684926237.508446,29.921259
1684926237.518603,29.921259
1684926237.528577,29.921259
1684926237.538603,29.921259
1684926237.548425,29.921259
1684926237.558570,29.921259
1684926237.568639,29.133858
1684926237.578679,29.133858
1684926237.588592,29.527559
1684926237.598599,29.527559
1684926237.608623,29.527559
1684926237.618600,29.527559
1684926237.628602,29.133858
1684926237.638616,29.133858
1684926237.648624,29.133858
1684926237.658629,29.133858
1684926237.668624,29.921259
1684926237.678686,30.314960
1684926237.688658,30.314960
1684926237.698635,30.314960
1684926237.698685,30.314960
1684926237.708625,29.133858
1684926237.718649,29.133858
1684926237.728683,29.133858
1684926237.738705,29.527559
1684926237.748221,29.527559
1684926237.758634,29.527559
1684926237.768649,29.527559
1684926237.778699,29.133858
1684926237.788649,29.133858
1684926237.798679,29.921259
1684926237.808643,29.133858
1684926237.818736,29.133858
1684926237.828645,29.133858
1684926237.838687,29.527559
1684926237.848685,29.133858
1684926237.858735,29.133858
1684926237.868680,29.133858
1684926237.878744,29.133858
1684926237.888692,29.133858
1684926237.898690,29.133858
1684926237.908657,29.133858
1684926237.918676,29.527559
1684926237.928773,29.921259
1684926237.938720,30.708662
1684926237.949048,30.708662
1684926237.958677,30.708662
1684926237.968677,30.708662
1684926237.978676,30.708662
1684926237.988683,30.708662
1684926237.998704,30.708662
1684926238.008695,30.708662
1684926238.018704,30.708662
1684926238.028776,29.527559
1684926238.038700,29.527559
1684926238.048709,29.527559
1684926238.058701,29.921259
1684926238.068745,30.314960
1684926238.078729,30.708662
1684926238.088684,29.921259
1684926238.098713,29.527559
1684926238.108789,29.527559
1684926238.118742,29.527559
1684926238.128786,29.527559
1684926238.138808,29.527559
1684926238.148810,29.527559
1684926238.158721,29.527559
1684926238.168722,29.921259
1684926238.178732,30.314960
1684926238.188722,30.708662
1684926238.198730,31.496063
1684926238.208780,31.102362
1684926238.218746,31.102362
1684926238.228731,31.889763
1684926238.238811,31.889763
1684926238.248734,31.889763
1684926238.258744,31.889763
1684926238.268726,31.496063
1684926238.278773,31.496063
1684926238.279759,31.496063
1684926238.288902,31.496063
1684926238.298746,31.496063
1684926238.308757,31.889763
1684926238.318771,32.283466
1684926238.328746,32.283466
1684926238.338753,31.102362
1684926238.348755,30.708662
1684926238.358768,31.496063
1684926238.368743,31.496063
1684926238.378812,32.283466
1684926238.388767,31.889763
1684926238.398843,31.496063
1684926238.408835,31.102362
1684926238.418806,31.102362
1684926238.428825,31.102362
1684926238.438802,31.496063
1684926238.448852,31.102362
1684926238.458841,30.708662
1684926238.468807,29.921259
1684926238.478817,29.921259
1684926238.488892,29.921259
1684926238.498917,29.921259
1684926238.508983,29.921259
1684926238.519181,29.921259
1684926238.529095,29.133858
1684926238.539217,29.133858
1684926238.549284,29.133858
1684926238.559247,29.527559
1684926238.569338,29.921259
1684926238.578371,30.314960
1684926238.588412,30.314960
1684926238.598460,30.314960
1684926238.608696,30.708662
1684926238.618701,30.708662
1684926238.628689,30.708662
1684926238.639303,30.708662
1684926238.649327,30.708662
1684926238.659375,29.921259
1684926238.669415,29.527559
1684926238.679479,29.921259
1684926238.689559,29.921259
1684926238.699607,30.708662
1684926238.709656,30.708662
1684926238.719739,30.314960
1684926238.720729,30.314960
1684926238.729846,30.314960
1684926238.739930,30.314960
1684926238.749856,30.708662
1684926238.759872,30.708662
1684926238.769855,29.921259
1684926238.779878,29.921259
1684926238.789835,29.921259
1684926238.799851,29.921259
1684926238.809850,29.921259
1684926238.819875,29.921259
1684926238.829852,29.921259
1684926238.839871,29.921259
1684926238.849851,29.921259
1684926238.859868,29.921259
1684926238.869876,29.921259
1684926238.879887,29.921259
1684926238.889853,29.921259
1684926238.899895,29.921259
1684926238.909878,29.527559
1684926238.919880,29.133858
1684926238.929873,29.133858
1684926238.939895,29.527559
1684926238.949886,29.921259
1684926238.959889,30.314960
1684926238.969886,30.314960
1684926238.973289,30.314960
1684926238.978933,29.921259
1684926238.988961,29.133858
1684926238.998875,29.133858
1684926239.008904,29.133858
1684926239.018905,29.133858
1684926239.028898,29.527559
1684926239.038894,29.527559
1684926239.048887,28.346457
1684926239.059028,28.346457
1684926239.068881,28.346457
1684926239.068878,28.346457
1684926239.078915,28.740158
1684926239.088903,28.740158
1684926239.099029,28.740158
1684926239.108977,27.559055
1684926239.118972,27.559055
1684926239.128984,27.559055
1684926239.138921,27.952755
1684926239.148926,27.952755
1684926239.158943,27.952755
1684926239.168937,27.952755
1684926239.178949,27.952755
1684926239.189021,27.952755
1684926239.198929,27.559055
1684926239.209293,27.952755
1684926239.218964,27.952755
1684926239.228930,27.952755
1684926239.238966,27.559055
1684926239.248945,27.952755
1684926239.258967,28.346457
1684926239.268943,28.346457
1684926239.278967,28.346457
1684926239.288965,27.952755
1684926239.298976,27.952755
1684926239.308964,27.559055
1684926239.318988,27.559055
1684926239.328969,27.559055
1684926239.339001,28.346457
1684926239.348962,28.346457
1684926239.358981,28.740158
1684926239.368972,28.740158
1684926239.378990,28.346457
1684926239.388970,28.346457
1684926239.399009,28.346457
1684926239.408985,28.346457
1684926239.419008,28.346457
1684926239.428990,28.346457
1684926239.439006,28.346457
1684926239.449011,28.346457
1684926239.459010,28.346457
1684926239.469078,27.952755
1684926239.479038,27.952755
1684926239.479128,27.952755
1684926239.488986,27.559055
1684926239.498983,26.771654
1684926239.509106,26.771654
1684926239.519009,27.165354
1684926239.528990,27.559055
1684926239.539027,27.559055
1684926239.549012,27.559055
1684926239.559030,27.559055
1684926239.569073,27.952755
1684926239.579035,28.346457
1684926239.589063,28.740158
1684926239.589064,28.740158
1684926239.599027,29.527559
1684926239.609115,29.133858
1684926239.619038,28.346457
1684926239.629010,27.952755
1684926239.639283,27.952755
1684926239.649024,27.952755
1684926239.659049,27.952755
1684926239.669083,29.133858
1684926239.679080,29.527559
1684926239.689070,28.740158
1684926239.699243,28.346457
1684926239.709072,28.346457
1684926239.719106,28.346457
1684926239.729070,27.952755
1684926239.739082,27.952755
1684926239.749075,27.952755
1684926239.759048,27.952755
1684926239.769114,27.952755
1684926239.779084,27.952755
1684926239.789102,28.346457
1684926239.799086,28.346457
1684926239.809077,27.952755
1684926239.819131,27.952755
1684926239.829077,27.952755
1684926239.839115,27.952755
1684926239.849055,29.133858
1684926239.859128,29.133858
1684926239.869090,28.346457
1684926239.879102,27.165354
1684926239.889071,27.165354
1684926239.899070,20.866142
1684926239.909096,18.110237
1684926239.919177,16.535433
1684926239.929111,14.960629
1684926239.939340,14.960629
1684926239.949101,14.960629
1684926239.959113,14.566929
1684926239.969091,14.566929
1684926239.979099,14.960629
1684926239.989113,14.173228
1684926239.999091,14.173228
1684926240.009073,13.779528
1684926240.019226,12.992126
1684926240.029112,14.173228
1684926240.039162,14.960629
1684926240.049050,14.960629
1684926240.059072,14.960629
1684926240.069130,14.566929
1684926240.079125,14.566929
1684926240.089298,14.566929
1684926240.099138,15.354331
1684926240.109076,15.354331
1684926240.119159,15.354331
1684926240.129139,15.354331
1684926240.139096,14.960629
1684926240.149139,14.566929
1684926240.159274,15.354331
1684926240.169139,15.354331
1684926240.179230,15.354331
1684926240.189126,15.354331
1684926240.199268,15.354331
1684926240.209223,16.141733
1684926240.219321,16.929134
1684926240.229373,17.322834
1684926240.239468,17.716536
1684926240.249475,17.716536
1684926240.259538,17.716536
1684926240.269548,17.322834
1684926240.279731,17.716536
1684926240.288637,17.716536
1684926240.299727,18.110237
1684926240.308792,18.110237
1684926240.318851,18.503937
1684926240.328888,18.897638
1684926240.339158,19.291338
1684926240.348991,20.078741
1684926240.359053,20.078741
1684926240.369118,20.078741
1684926240.379155,20.078741
1684926240.389260,20.078741
1684926240.399295,20.078741
1684926240.409391,20.472441
1684926240.419636,21.653543
1684926240.429500,21.653543
1684926240.439556,21.653543
1684926240.439558,21.653543
1684926240.449634,21.653543
1684926240.459653,21.653543
1684926240.469716,21.653543
1684926240.479769,22.047245
1684926240.489830,22.047245
1684926240.499866,22.047245
1684926240.509991,22.440945
1684926240.519994,22.440945
1684926240.530095,22.834646
1684926240.540096,22.834646
1684926240.550104,22.834646
1684926240.561199,22.834646
1684926240.570137,22.834646
1684926240.580180,22.834646
1684926240.590095,24.015749
1684926240.601252,25.196850
1684926240.610271,25.196850
1684926240.620113,25.196850
1684926240.620114,25.196850
1684926240.630099,24.409449
1684926240.640112,24.409449
1684926240.650177,24.803150
1684926240.660158,24.409449
1684926240.670262,24.015749
1684926240.680173,23.622047
1684926240.690151,23.622047
1684926240.700102,23.622047
1684926240.710195,24.409449
1684926240.720181,24.803150
1684926240.730140,24.803150
1684926240.740147,24.409449
1684926240.750108,23.622047
1684926240.760269,23.228346
1684926240.769165,22.440945
1684926240.781158,22.834646
1684926240.789094,22.834646
1684926240.799125,22.834646
1684926240.809196,22.834646
1684926240.819248,22.834646
1684926240.829154,22.834646
1684926240.839131,22.834646
1684926240.849102,22.834646
1684926240.859203,23.228346
1684926240.869146,21.653543
1684926240.879143,21.653543
1684926240.889249,21.259842
1684926240.899186,20.866142
1684926240.909168,21.259842
1684926240.919168,21.259842
1684926240.929185,22.047245
1684926240.939158,22.047245
1684926240.949126,22.047245
1684926240.959242,21.653543
1684926240.969161,21.653543
1684926240.979113,20.472441
1684926240.989171,20.472441
1684926240.999220,19.291338
1684926241.009075,19.291338
1684926241.019329,19.291338
1684926241.029138,19.291338
1684926241.039283,20.078741
1684926241.049115,20.078741
1684926241.059206,20.078741
1684926241.069101,19.685040
1684926241.079170,19.685040
1684926241.089127,19.685040
1684926241.099275,20.078741
1684926241.109322,20.078741
1684926241.119238,20.078741
1684926241.129151,20.078741
1684926241.139194,20.078741
1684926241.149110,20.078741
1684926241.159142,19.291338
1684926241.169169,20.078741
1684926241.179207,20.866142
1684926241.189099,20.866142
1684926241.199344,20.472441
1684926241.209207,20.078741
1684926241.219167,19.685040
1684926241.229089,19.685040
1684926241.239147,20.078741
1684926241.249148,20.078741
1684926241.259253,19.291338
1684926241.269146,19.291338
1684926241.279251,19.291338
1684926241.289285,19.291338
1684926241.299145,19.685040
1684926241.309149,19.685040
1684926241.319165,19.291338
1684926241.329103,19.685040
1684926241.339283,19.685040
1684926241.349350,20.078741
1684926241.359206,20.866142
1684926241.369132,20.866142
1684926241.379254,20.866142
1684926241.389304,20.078741
1684926241.399304,19.291338
1684926241.409152,18.897638
1684926241.419173,18.897638
1684926241.429276,18.897638
1684926241.439147,19.291338
1684926241.449143,19.291338
1684926241.459184,19.291338
1684926241.469214,19.291338
1684926241.479148,19.685040
1684926241.479561,19.685040
1684926241.489138,20.078741
1684926241.499211,20.078741
1684926241.509152,20.078741
1684926241.519167,20.078741
1684926241.529206,19.291338
1684926241.539195,19.291338
1684926241.549204,18.897638
1684926241.559209,19.291338
1684926241.569149,19.291338
1684926241.579212,19.685040
1684926241.589207,19.685040
1684926241.599230,19.291338
1684926241.609205,19.291338
1684926241.619126,19.685040
1684926241.628817,19.685040
1684926241.639190,19.291338
1684926241.649165,19.291338
1684926241.659212,18.110237
1684926241.669140,18.503937
1684926241.679212,18.503937
1684926241.689213,18.503937
1684926241.699171,18.897638
1684926241.709285,18.897638
1684926241.719344,18.503937
1684926241.729395,18.110237
1684926241.739482,18.503937
1684926241.749522,18.503937
1684926241.759546,19.291338
1684926241.769612,19.291338
1684926241.779715,18.503937
1684926241.789715,18.503937
1684926241.798808,18.110237
1684926241.808937,18.110237
1684926241.818885,18.110237
1684926241.828880,18.110237
1684926241.838981,18.110237
1684926241.849028,18.110237
1684926241.859058,17.716536
1684926241.869071,18.110237
1684926241.879291,18.110237
1684926241.889219,18.110237
1684926241.899254,18.110237
1684926241.909275,18.503937
1684926241.919369,18.503937
1684926241.929428,19.291338
1684926241.939510,19.685040
1684926241.949634,19.685040
1684926241.959636,19.685040
1684926241.969710,19.685040
1684926241.979729,19.291338
1684926241.989832,18.897638
1684926242.000111,18.897638
1684926242.009924,18.897638
1684926242.019995,18.897638
1684926242.030116,18.897638
1684926242.040067,18.503937
1684926242.050153,18.503937
1684926242.060252,19.291338
1684926242.070157,19.291338
1684926242.080239,19.291338
1684926242.090274,19.291338
1684926242.100216,19.291338
1684926242.110244,19.291338
1684926242.120176,19.291338
1684926242.130168,19.685040
1684926242.140239,20.078741
1684926242.150301,20.078741
1684926242.160304,19.685040
1684926242.170225,19.685040
1684926242.180172,20.078741
1684926242.190257,20.472441
1684926242.200222,20.472441
1684926242.210225,20.866142
1684926242.220174,20.866142
1684926242.229133,20.866142
1684926242.240234,20.866142
1684926242.249221,20.866142
1684926242.259173,21.653543
1684926242.269194,22.440945
1684926242.279170,22.440945
1684926242.289256,22.440945
1684926242.299221,22.047245
1684926242.309158,22.047245
1684926242.320274,22.440945
1684926242.329193,22.834646
1684926242.339228,22.834646
1684926242.349178,23.228346
1684926242.359175,23.622047
1684926242.369335,23.228346
1684926242.379191,24.015749
1684926242.389213,24.015749
1684926242.399264,24.409449
1684926242.409112,25.196850
1684926242.419253,25.590551
1684926242.429303,25.984251
1684926242.429381,25.984251
1684926242.439251,26.771654
1684926242.449236,27.165354
1684926242.459153,27.559055
1684926242.469243,27.559055
1684926242.480281,27.952755
1684926242.489387,28.346457
1684926242.499226,28.346457
1684926242.509138,29.133858
1684926242.519297,30.314960
1684926242.529247,30.708662
1684926242.539231,31.496063
1684926242.549166,31.496063
1684926242.559485,32.283466
1684926242.569199,32.677166
1684926242.580338,33.070866
1684926242.589170,33.464565
1684926242.600236,33.464565
1684926242.609232,33.858269
1684926242.619177,34.251968
1684926242.629352,34.251968
1684926242.639233,35.039371
1684926242.649218,35.433071
1684926242.659180,35.433071
1684926242.669129,35.433071
1684926242.680338,35.433071
1684926242.689213,35.039371
1684926242.699226,35.039371
1684926242.709167,35.826771
1684926242.719217,36.614174
1684926242.729244,36.614174
1684926242.739784,37.401573
1684926242.749175,38.188976
1684926242.759295,38.582676
1684926242.769416,38.976379
1684926242.780270,39.370079
1684926242.789225,39.370079
1684926242.799199,38.976379
1684926242.809164,38.582676
1684926242.819177,38.582676
1684926242.829222,38.582676
1684926242.839239,38.976379
1684926242.849198,38.976379
1684926242.859196,39.370079
1684926242.869136,38.188976
1684926242.879238,37.401573
1684926242.889216,37.401573
1684926242.899248,37.401573
1684926242.909157,37.401573
1684926242.919184,36.614174
1684926242.929198,36.220474
1684926242.940291,36.220474
1684926242.949159,36.220474
1684926242.959240,36.220474
1684926242.969182,36.220474
1684926242.980250,35.826771
1684926242.989215,35.433071
1684926242.999219,35.039371
1684926243.009215,35.039371
1684926243.019236,34.251968
1684926243.029242,33.858269
1684926243.039275,33.464565
1684926243.049185,32.677166
1684926243.060297,32.283466
1684926243.069285,32.283466
1684926243.079288,33.070866
1684926243.089293,33.070866
1684926243.099262,33.464565
1684926243.110221,33.070866
1684926243.119203,32.283466
1684926243.129218,32.283466
1684926243.139284,32.283466
1684926243.149159,31.889763
1684926243.160300,31.889763
1684926243.169379,31.889763
1684926243.179269,32.677166
1684926243.189263,31.102362
1684926243.199195,30.314960
1684926243.209273,30.314960
1684926243.220454,31.496063
1684926243.229238,31.102362
1684926243.239236,31.102362
1684926243.249199,29.921259
1684926243.259245,29.921259
1684926243.269286,30.314960
1684926243.279219,30.708662
1684926243.289246,31.102362
1684926243.299343,31.496063
1684926243.308394,31.496063
1684926243.320446,31.496063
1684926243.329528,31.496063
1684926243.339596,31.889763
1684926243.348795,32.283466
1684926243.359712,33.070866
1684926243.369997,33.070866
1684926243.379885,33.070866
1684926243.389879,33.070866
1684926243.398907,33.070866
1684926243.408021,33.858269
1684926243.420102,34.251968
1684926243.430167,33.464565
1684926243.440202,33.070866
1684926243.448204,32.677166
1684926243.459891,33.070866
1684926243.469972,33.070866
1684926243.480016,33.858269
1684926243.490061,33.858269
1684926243.500303,33.858269
1684926243.510272,33.070866
1684926243.520268,33.070866
1684926243.530252,33.070866
1684926243.540326,33.858269
1684926243.550260,33.858269
1684926243.560205,34.645668
1684926243.570246,34.251968
1684926243.580293,34.251968
1684926243.590348,34.645668
1684926243.600253,34.645668
1684926243.608168,34.645668
1684926243.620329,34.645668
1684926243.628227,34.645668
1684926243.638258,34.645668
1684926243.648190,33.858269
1684926243.658213,33.858269
1684926243.668252,34.251968
1684926243.680308,34.251968
1684926243.688202,34.251968
1684926243.700311,33.858269
1684926243.708236,33.858269
1684926243.720308,33.858269
1684926243.728267,33.858269
1684926243.738244,33.858269
1684926243.750292,33.070866
1684926243.758284,33.070866
1684926243.768372,31.496063
1684926243.780274,31.496063
1684926243.788302,32.283466
1684926243.789304,32.283466
1684926243.800377,32.677166
1684926243.808246,31.496063
1684926243.818256,31.102362
1684926243.828272,30.314960
1684926243.838229,30.314960
1684926243.848260,30.314960
1684926243.858272,30.314960
1684926243.868246,30.314960
1684926243.879311,29.921259
1684926243.888207,29.133858
1684926243.900349,29.133858
1684926243.909382,29.133858
1684926243.918288,29.133858
1684926243.928222,27.559055
1684926243.938205,27.559055
1684926243.949308,27.165354
1684926243.960398,26.771654
1684926243.968231,26.771654
1684926243.978246,25.984251
1684926243.988280,25.984251
1684926243.998263,25.984251
1684926244.010312,25.196850
1684926244.018229,24.803150
1684926244.028387,24.015749
1684926244.038322,23.622047
1684926244.048175,22.834646
1684926244.060424,22.834646
1684926244.068252,22.047245
1684926244.078304,21.653543
1684926244.088225,20.472441
1684926244.098232,20.472441
1684926244.110323,20.866142
1684926244.118318,20.078741
1684926244.128228,20.078741
1684926244.138211,20.078741
1684926244.148396,19.685040
1684926244.159469,18.897638
1684926244.168249,17.716536
1684926244.178235,17.322834
1684926244.188206,16.535433
1684926244.198424,15.748032
1684926244.208251,15.354331
1684926244.218295,15.354331
1684926244.228230,15.354331
1684926244.238238,14.960629
1684926244.248241,14.566929
1684926244.258279,14.173228
1684926244.268324,13.779528
1684926244.278271,12.598425
1684926244.288238,12.204724
1684926244.298230,11.811024
1684926244.308264,11.417323
1684926244.318411,11.417323
1684926244.328233,11.417323
1684926244.338238,10.629921
1684926244.348306,10.629921
1684926244.358338,10.236220
1684926244.368275,10.236220
1684926244.378240,9.842520
1684926244.388249,9.448819
1684926244.398256,9.448819
1684926244.408240,9.448819
1684926244.420396,8.661417
1684926244.428270,8.661417
1684926244.440353,8.661417
1684926244.448258,8.661417
1684926244.458289,8.661417
1684926244.468229,7.480315
1684926244.478319,7.086614
1684926244.488385,7.086614
1684926244.498276,6.692914
1684926244.508234,6.299212
1684926244.518270,6.299212
1684926244.528206,6.299212
1684926244.538371,6.299212
1684926244.548308,6.299212
1684926244.558275,6.299212
1684926244.568303,6.299212
1684926244.580343,5.905512
1684926244.588335,5.905512
1684926244.598356,5.118110
1684926244.608273,5.118110
1684926244.608276,5.118110
1684926244.618276,4.724410
1684926244.628194,4.724410
1684926244.638333,5.118110
1684926244.648319,5.118110
1684926244.658312,5.118110
1684926244.668249,5.118110
1684926244.678276,4.724410
1684926244.688306,5.118110
1684926244.700386,5.118110
1684926244.708234,5.118110
1684926244.718273,4.724410
1684926244.728272,4.330709
1684926244.738234,4.330709
1684926244.748362,4.724410
1684926244.758299,4.724410
1684926244.768355,5.118110
1684926244.778262,5.118110
1684926244.788237,5.118110
1684926244.798424,4.724410
1684926244.808275,4.724410
1684926244.818281,4.330709
1684926244.828197,3.543307
1684926244.838278,3.543307
1684926244.848289,3.543307
1684926244.858342,3.149606
1684926244.868479,3.149606
1684926244.878462,3.149606
1684926244.888489,3.543307
1684926244.898590,3.149606
1684926244.908755,3.149606
1684926244.918659,3.149606
1684926244.928676,2.755906
1684926244.938764,2.362205
1684926244.948795,2.362205
1684926244.958860,2.362205
1684926244.967922,2.362205
1684926244.977955,2.362205
1684926244.988032,2.362205
1684926244.998039,2.362205
1684926245.008107,2.362205
1684926245.018237,2.362205
1684926245.028234,2.362205
1684926245.038309,2.362205
1684926245.048502,2.362205
1684926245.058449,2.362205
1684926245.068424,2.362205
1684926245.078564,2.362205
1684926245.088590,2.362205
1684926245.098656,2.362205
1684926245.108385,1.968504
1684926245.118779,1.968504
1684926245.128861,1.968504
1684926245.139901,1.968504
1684926245.150386,1.574803
1684926245.160035,1.574803
1684926245.170144,0.787402
1684926245.180170,0.787402
1684926245.190303,0.787402
1684926245.200339,0.787402
1684926245.210346,0.787402
1684926245.220304,0.787402
1684926245.230385,0.787402
1684926245.240640,0.787402
1684926245.250389,0.393701
1684926245.260360,0.393701
1684926245.268304,0.393701
1684926245.280380,0.393701
1684926245.288341,0.393701
1684926245.298357,0.393701
1684926245.308332,0.000000
1684926245.318273,0.000000
1684926245.328300,0.000000
1684926245.340421,0.000000
1684926245.348321,0.000000
1684926245.358279,0.000000
1684926245.368347,0.000000
1684926245.378352,0.000000
1684926245.388345,0.000000
1684926245.398307,0.000000
1684926245.408294,0.000000
1684926245.418592,0.000000
1684926245.428277,0.000000
1684926245.438366,0.000000
1684926245.448287,0.000000
1684926245.458378,0.000000
1684926245.468301,0.000000
1684926245.478255,0.000000
1684926245.488357,0.000000
1684926245.498371,0.000000
1684926245.508331,0.000000
1684926245.518351,0.000000
1684926245.528295,0.000000
1684926245.538410,0.000000
1684926245.548341,0.000000
1684926245.558299,0.000000
1684926245.568261,0.000000
1684926245.578353,0.000000
1684926245.588358,0.000000
1684926245.598407,0.000000
1684926245.608244,0.000000
1684926245.618296,0.000000
1684926245.628330,0.000000
1684926245.638282,0.000000
1684926245.648309,0.000000
1684926245.658308,0.000000
1684926245.668282,0.000000
1684926245.678269,0.000000
1684926245.688335,0.000000
1684926245.698438,0.000000
1684926245.708319,0.000000
1684926245.718269,0.000000
1684926245.728271,0.000000
1684926245.738434,0.000000
1684926245.748307,0.000000
1684926245.758375,0.000000
1684926245.768247,0.000000
1684926245.778269,0.000000
1684926245.788345,0.000000
1684926245.798351,0.000000
1684926245.808339,0.000000
1684926245.818389,0.000000
1684926245.828337,0.000000
1684926245.838372,0.000000
1684926245.848340,0.393701
1684926245.858303,0.393701
1684926245.868342,0.787402
1684926245.878321,0.787402
1684926245.888327,0.787402
1684926245.898293,0.787402
1684926245.908309,1.181102
1684926245.918453,1.181102
1684926245.928286,1.574803
1684926245.938325,1.574803
1684926245.948301,1.574803
1684926245.958318,1.574803
1684926245.968371,1.574803
1684926245.978362,1.574803
1684926245.988380,1.574803
1684926245.998365,1.574803
1684926246.008239,1.968504
1684926246.018395,1.968504
1684926246.028307,1.968504
1684926246.038373,2.362205
1684926246.048338,2.362205
1684926246.058283,2.362205
1684926246.068366,2.755906
1684926246.080428,2.755906
1684926246.088559,3.543307
1684926246.098453,3.543307
1684926246.108578,3.543307
1684926246.118362,3.543307
1684926246.128482,3.543307
1684926246.138473,3.543307
1684926246.148432,3.543307
1684926246.158370,3.937008
1684926246.168267,4.330709
1684926246.178348,4.724410
1684926246.188351,4.724410
1684926246.198366,4.330709
1684926246.208241,4.330709
1684926246.218387,4.724410
1684926246.228329,5.118110
1684926246.238421,5.118110
1684926246.248397,5.511811
1684926246.258289,5.511811
1684926246.268362,5.511811
1684926246.278244,5.511811
1684926246.288369,5.511811
1684926246.298396,5.905512
1684926246.308366,6.299212
1684926246.318377,6.299212
1684926246.328349,6.692914
1684926246.338367,6.692914
1684926246.348321,7.480315
1684926246.358307,7.874016
1684926246.368377,8.267716
1684926246.378156,8.267716
1684926246.388374,8.267716
1684926246.398370,8.267716
1684926246.408358,8.267716
1684926246.418286,8.267716
1684926246.428330,8.267716
1684926246.438393,8.661417
1684926246.448319,8.661417
1684926246.458292,9.448819
1684926246.468455,9.448819
1684926246.479144,10.236220
1684926246.488393,11.023623
1684926246.498366,11.023623
1684926246.508476,11.023623
1684926246.518331,10.629921
1684926246.528465,10.629921
1684926246.538451,10.236220
1684926246.548300,9.448819
1684926246.558400,9.055119
1684926246.568569,7.874016
1684926246.578477,7.480315
1684926246.589053,7.086614
1684926246.598598,6.299212
1684926246.608641,5.905512
1684926246.618746,5.118110
1684926246.628762,4.724410
1684926246.638869,3.937008
1684926246.648921,3.937008
1684926246.658972,3.937008
1684926246.667977,3.937008
1684926246.678063,3.543307
1684926246.688122,3.149606
1684926246.699164,2.755906
1684926246.708229,2.755906
1684926246.718333,2.755906
1684926246.728524,2.755906
1684926246.738415,2.362205
1684926246.748460,2.362205
1684926246.758567,2.362205
1684926246.768625,1.968504
1684926246.780672,1.968504
1684926246.788652,1.968504
1684926246.798740,1.968504
1684926246.809857,1.968504
1684926246.819871,1.968504
1684926246.829912,1.574803
1684926246.839976,1.181102
1684926246.850030,1.181102
1684926246.860069,1.181102
1684926246.870152,1.181102
1684926246.880689,1.181102
1684926246.890282,0.787402
1684926246.900410,0.787402
1684926246.910479,0.787402
1684926246.920460,0.787402
1684926246.930539,0.787402
1684926246.940415,0.787402
1684926246.950334,0.787402
1684926246.958350,0.787402
1684926246.970417,0.787402
1684926246.980556,0.787402
1684926246.988393,0.787402
1684926246.998340,0.787402
1684926247.008376,1.181102
1684926247.020504,1.181102
1684926247.028316,1.181102
1684926247.028397,1.181102
1684926247.038394,1.574803
1684926247.048301,1.968504
1684926247.058513,2.362205
1684926247.068339,2.362205
1684926247.078417,2.362205
1684926247.090224,3.149606
1684926247.098379,3.149606
1684926247.108339,3.543307
1684926247.118398,3.543307
1684926247.128357,3.937008
1684926247.139419,3.937008
1684926247.148294,3.937008
1684926247.158328,3.937008
1684926247.169403,4.330709
1684926247.180385,4.330709
1684926247.188357,4.330709
1684926247.198322,4.330709
1684926247.208295,4.330709
1684926247.218400,4.330709
1684926247.228356,4.330709
1684926247.238470,4.330709
1684926247.248388,4.724410
1684926247.248460,4.724410
1684926247.258496,4.724410
1684926247.268402,4.724410
1684926247.278375,4.724410
1684926247.288359,4.724410
1684926247.300478,4.330709
1684926247.308377,4.330709
1684926247.308904,4.330709
1684926247.318377,4.330709
1684926247.328343,4.724410
1684926247.338371,4.724410
1684926247.349421,4.724410
1684926247.359374,4.330709
1684926247.369383,4.330709
1684926247.379376,4.330709
1684926247.388352,4.330709
1684926247.399461,4.330709
1684926247.409384,4.330709
1684926247.419470,4.330709
1684926247.429438,4.330709
1684926247.439371,4.330709
1684926247.449439,4.330709
1684926247.460418,4.330709
1684926247.469422,4.330709
1684926247.479442,4.330709
1684926247.489354,4.330709
1684926247.499464,4.330709
1684926247.509368,4.724410
1684926247.519427,4.724410
1684926247.528403,4.724410
1684926247.539478,4.724410
1684926247.548409,4.724410
1684926247.560486,4.724410
1684926247.568408,4.724410
1684926247.578427,4.724410
1684926247.588391,4.724410
1684926247.598388,3.937008
1684926247.608490,3.937008
1684926247.618409,3.543307
1684926247.629469,3.543307
1684926247.639374,3.937008
1684926247.649347,3.937008
1684926247.660596,3.937008
1684926247.669419,3.937008
1684926247.679429,3.149606
1684926247.689361,3.149606
1684926247.699403,3.149606
1684926247.709399,2.362205
1684926247.719629,2.362205
1684926247.729348,1.968504
1684926247.739359,1.181102
1684926247.749416,0.787402
1684926247.759469,0.787402
1684926247.769381,0.393701
1684926247.769384,0.393701
1684926247.779406,0.000000
1684926247.789356,0.000000
1684926247.799467,0.000000
1684926247.809382,0.000000
1684926247.819408,0.000000
1684926247.828354,0.000000
1684926247.838438,0.000000
1684926247.848334,0.000000
1684926247.859423,0.000000
1684926247.868438,0.000000
1684926247.878404,0.000000
1684926247.888338,0.000000
1684926247.898343,0.000000
1684926247.908415,0.000000
1684926247.919451,0.000000
1684926247.929400,0.000000
1684926247.939542,0.000000
1684926247.949361,0.000000
1684926247.949360,0.000000
1684926247.959447,0.000000
1684926247.969365,0.000000
1684926247.979392,0.000000
1684926247.989356,0.000000
1684926247.999452,0.000000
1684926248.009297,0.000000
1684926248.019449,0.000000
1684926248.029286,0.000000
1684926248.039525,0.000000
1684926248.049246,0.000000
1684926248.059448,0.000000
1684926248.069298,0.000000
1684926248.079377,0.000000
1684926248.090841,0.000000
1684926248.099383,0.000000
1684926248.109177,0.000000
1684926248.119446,0.000000
1684926248.129158,0.000000
1684926248.139829,0.000000
1684926248.149130,0.000000
1684926248.159445,0.000000
1684926248.169167,0.000000
1684926248.178387,0.000000
1684926248.189193,0.000000
1684926248.199510,0.000000
1684926248.209223,0.000000
1684926248.219408,0.000000
1684926248.229199,0.000000
1684926248.239500,0.000000
1684926248.249261,0.000000
1684926248.259426,0.000000
1684926248.269433,0.000000
1684926248.279449,0.000000
1684926248.289474,0.000000
1684926248.299507,0.000000
1684926248.308590,0.000000
1684926248.318645,0.000000
1684926248.328743,0.000000
1684926248.338725,0.000000
1684926248.348843,0.000000
1684926248.358884,0.000000
1684926248.358884,0.000000
1684926248.368927,0.000000
1684926248.379268,0.000000
1684926248.389088,0.000000
1684926248.399187,0.000000
1684926248.409198,0.000000
1684926248.419214,0.000000
1684926248.429260,0.000000
1684926248.439392,0.000000
1684926248.449412,0.000000
1684926248.459519,0.000000
1684926248.469488,0.000000
1684926248.478550,0.000000
1684926248.488584,0.000000
1684926248.498773,0.000000
1684926248.508766,0.000000
1684926248.518872,0.000000
1684926248.528861,0.000000
1684926248.538992,0.000000
1684926248.549795,0.000000
1684926248.559049,0.000000
1684926248.569819,0.000000
1684926248.579139,0.000000
1684926248.590706,0.000000
1684926248.600283,0.000000
1684926248.610687,0.000000
1684926248.620413,0.000000
1684926248.630697,0.000000
1684926248.660533,0.000000
1684926248.670758,0.000000
1684926248.680453,0.000000
1684926248.690594,0.000000
1684926248.700514,0.000000
1684926248.710560,0.000000
1684926248.720437,0.000000
1684926248.730556,0.000000
1684926248.740506,0.000000
1684926248.749513,0.000000
1684926248.759433,0.000000
1684926248.769491,0.000000
1684926248.780545,0.000000
1684926248.788513,0.000000
1684926248.799435,0.000000
1684926248.809463,0.000000
1684926248.819437,0.000000
1684926248.829451,0.000000
1684926248.839516,0.000000
1684926248.849435,0.000000
1684926248.859521,0.000000
1684926248.869399,0.000000
1684926248.879621,0.000000
1684926248.888641,0.000000
1684926248.899509,0.000000
1684926248.909482,0.000000
1684926248.919413,0.000000
1684926248.929516,0.000000
1684926248.939567,0.000000
1684926248.949413,0.000000
1684926248.959430,0.000000
1684926248.969471,0.000000
1684926248.979472,0.000000
1684926248.989466,0.000000
1684926248.999487,0.000000
1684926249.009478,0.000000
1684926249.019460,0.000000
1684926249.029409,0.000000
1684926249.039560,0.000000
1684926249.049453,0.000000
1684926249.059510,0.000000
1684926249.069282,0.000000
1684926249.079459,0.000000
1684926249.089171,0.000000
1684926249.099509,0.000000
1684926249.109121,0.000000
1684926249.119396,0.000000
1684926249.129452,0.000000
1684926249.139582,0.000000
1684926249.149105,0.000000
1684926249.159453,0.000000
1684926249.169375,0.000000
1684926249.179513,0.000000
1684926249.189571,0.000000
1684926249.199521,0.000000
1684926249.209388,0.000000
1684926249.219510,0.000000
1684926249.229418,0.000000
1684926249.239508,0.000000
1684926249.249538,0.000000
1684926249.259521,0.000000
1684926249.269484,0.000000
1684926249.279435,0.000000
1684926249.289471,0.000000
1684926249.299455,0.000000
1684926249.309430,0.000000
1684926249.319399,0.000000
1684926249.329389,0.000000
1684926249.339501,0.000000
1684926249.349045,0.000000
1684926249.349010,0.000000
1684926249.359452,0.000000
1684926249.369505,0.000000
1684926249.379456,0.000000
1684926249.389005,0.000000
1684926249.399513,0.000000
1684926249.409399,0.000000
1684926249.419558,0.000000
1684926249.428820,0.000000
1684926249.439575,0.000000
1684926249.449444,0.000000
1684926249.459498,0.000000
1684926249.469473,0.000000
1684926249.479468,0.000000
1684926249.489442,0.000000
1684926249.499511,0.000000
1684926249.509418,0.000000
1684926249.509557,0.000000
1684926249.519556,0.000000
1684926249.529477,0.000000
1684926249.539485,0.000000
1684926249.549476,0.000000
1684926249.559410,0.000000
1684926249.569517,0.000000
1684926249.579521,0.000000
1684926249.589498,0.000000
1684926249.599563,0.000000
1684926249.609372,0.000000
1684926249.619520,0.000000
1684926249.629452,0.000000
1684926249.639515,0.000000
1684926249.648607,0.000000
1684926249.659515,0.000000
1684926249.669455,0.000000
1684926249.679543,0.000000
1684926249.688655,0.000000
1684926249.699515,0.000000
1684926249.708841,0.000000
1684926249.719491,0.000000
1684926249.729483,0.000000
1684926249.739493,0.000000
1684926249.748703,0.000000
1684926249.759581,0.000000
1684926249.769455,0.000000
1684926249.779629,0.000000
1684926249.789478,0.000000
1684926249.799582,0.000000
1684926249.809391,0.000000
1684926249.819461,0.000000
1684926249.829479,0.000000
1684926249.839564,0.000000
1684926249.849426,0.000000
1684926249.859462,0.000000
1684926249.859529,0.000000
1684926249.869477,0.000000
1684926249.879584,0.000000
1684926249.888627,0.000000
1684926249.899439,0.000000
1684926249.909411,0.000000
1684926249.919507,0.000000
1684926249.928654,0.000000
1684926249.939480,0.000000
1684926249.948629,0.393701
1684926249.959454,0.787402
1684926249.968646,0.787402
1684926249.979502,6.299212
1684926249.988638,12.204724
1684926249.999680,15.748032
1684926250.008687,17.322834
1684926250.018678,18.503937
1684926250.028702,20.078741
1684926250.038775,20.472441
1684926250.048666,20.866142
1684926250.058896,22.047245
1684926250.068653,22.834646
1684926250.079030,23.228346
1684926250.089656,23.622047
1684926250.099147,24.015749
1684926250.108739,24.803150
1684926250.119229,24.803150
1684926250.128702,25.196850
1684926250.139379,25.196850
1684926250.148655,25.984251
1684926250.159486,26.377953
1684926250.168647,26.771654
1684926250.178612,26.771654
1684926250.188679,26.771654
1684926250.198714,26.771654
1684926250.208753,27.165354
1684926250.219012,27.165354
1684926250.229062,27.165354
1684926250.239075,27.165354
1684926250.249155,27.559055
1684926250.259158,27.559055
1684926250.269204,27.952755
1684926250.279308,28.346457
1684926250.289321,28.346457
1684926250.299444,28.346457
1684926250.309464,28.346457
1684926250.319471,28.346457
1684926250.329466,28.346457
1684926250.339449,28.346457
1684926250.349475,28.740158
1684926250.359471,28.740158
1684926250.369462,28.740158
1684926250.379471,28.740158
1684926250.389458,28.740158
1684926250.399757,28.740158
1684926250.409485,28.740158
1684926250.419580,28.740158
1684926250.429534,28.740158
1684926250.439527,28.740158
1684926250.449549,28.740158
1684926250.459459,29.527559
1684926250.469671,29.527559
1684926250.479549,29.527559
1684926250.489431,29.527559
1684926250.499299,29.527559
1684926250.509546,29.527559
1684926250.519406,29.921259
1684926250.529450,29.921259
1684926250.539424,29.921259
1684926250.549419,29.921259
1684926250.559416,29.921259
1684926250.569397,29.921259
1684926250.579425,29.921259
1684926250.589442,29.921259
1684926250.599408,29.921259
1684926250.609413,29.921259
1684926250.619399,29.921259
1684926250.629398,29.921259
1684926250.639400,21.653543
1684926250.649424,16.141733
1684926250.659453,13.779528
1684926250.669509,12.992126
1684926250.679485,12.598425
1684926250.689530,12.204724
1684926250.699486,12.204724
1684926250.709436,12.204724
1684926250.719525,11.811024
1684926250.729503,11.811024
1684926250.739526,11.811024
1684926250.749439,11.811024
1684926250.759463,12.204724
1684926250.769503,12.204724
1684926250.779530,12.204724
1684926250.789358,12.204724
1684926250.799233,12.204724
1684926250.809356,12.204724
1684926250.819343,12.204724
1684926250.829400,12.204724
1684926250.839358,9.055119
1684926250.849373,7.480315
1684926250.859356,6.299212
1684926250.869380,5.905512
1684926250.879336,5.511811
1684926250.889400,5.511811
1684926250.899251,4.724410
1684926250.909349,4.724410
1684926250.919337,3.937008
1684926250.929402,3.937008
1684926250.939360,3.543307
1684926250.949398,3.543307
1684926250.959385,3.149606
1684926250.969402,3.149606
1684926250.979424,2.755906
1684926250.989446,2.755906
1684926250.999323,2.362205
1684926251.009488,1.968504
1684926251.019482,1.968504
1684926251.029514,1.968504
1684926251.039512,1.968504
1684926251.049532,1.968504
1684926251.059552,1.968504
1684926251.068827,1.968504
1684926251.078544,1.968504
1684926251.088740,1.968504
1684926251.098578,1.574803
1684926251.108804,1.574803
1684926251.118619,1.574803
1684926251.128782,1.181102
1684926251.138676,1.181102
1684926251.148740,1.574803
1684926251.158877,1.574803
1684926251.168909,1.574803
1684926251.178557,1.574803
1684926251.188985,1.574803
1684926251.199112,1.574803
1684926251.209093,1.181102
1684926251.219151,1.181102
1684926251.229214,1.181102
1684926251.239231,1.181102
1684926251.249322,1.181102
1684926251.259411,0.787402
1684926251.269403,0.787402
1684926251.278659,0.787402
1684926251.289510,0.787402
1684926251.299592,0.393701
1684926251.308637,0.393701
1684926251.318722,0.393701
1684926251.328794,0.393701
1684926251.339041,0.393701
1684926251.348960,0.393701
1684926251.359088,0.393701
1684926251.369090,0.393701
1684926251.379153,0.000000
1684926251.389248,0.000000
1684926251.399155,0.000000
1684926251.409317,0.000000
1684926251.419285,0.000000
1684926251.429305,0.000000
1684926251.439308,0.000000
1684926251.449252,0.000000
1684926251.459266,0.000000
1684926251.469298,0.000000
1684926251.479352,0.000000
1684926251.489252,0.000000
1684926251.499167,0.000000
1684926251.509241,0.000000
1684926251.519261,0.000000
1684926251.529264,0.000000
1684926251.539289,0.000000
1684926251.549304,0.000000
1684926251.559377,0.000000
1684926251.569328,0.000000
1684926251.579346,0.000000
1684926251.589365,0.000000
1684926251.599367,0.000000
1684926251.609415,0.000000
1684926251.619429,0.000000
1684926251.629458,0.000000
1684926251.639221,0.000000
1684926251.649213,0.000000
1684926251.659209,0.000000
1684926251.669217,0.000000
1684926251.679199,0.000000
1684926251.689177,0.000000
1684926251.699059,0.000000
1684926251.709182,0.000000
1684926251.719175,0.000000
1684926251.729197,0.000000
1684926251.739268,0.000000
1684926251.749226,0.000000
1684926251.759242,0.000000
1684926251.769213,0.000000
1684926251.779193,0.000000
1684926251.789199,0.000000
1684926251.799181,0.000000
1684926251.809285,0.000000
1684926251.819225,0.000000
1684926251.829244,0.000000
1684926251.839265,0.000000
1684926251.849304,0.000000
1684926251.859325,0.000000
1684926251.869309,0.000000
1684926251.879328,0.000000
1684926251.889354,0.000000
1684926251.899231,0.000000
1684926251.909374,0.000000
1684926251.919415,0.000000
1684926251.929170,0.000000
1684926251.939160,0.000000
1684926251.949145,0.000000
1684926251.959143,0.000000
1684926251.969177,0.000000
1684926251.979160,0.000000
1684926251.989140,0.000000
1684926251.999012,0.000000
1684926252.009206,0.000000
1684926252.019138,0.000000
1684926252.029161,0.000000
1684926252.039175,0.000000
1684926252.049293,0.000000
1684926252.059124,0.000000
1684926252.069124,0.000000
1684926252.079252,0.000000
1684926252.089144,0.000000
1684926252.099038,0.000000
1684926252.109187,0.000000
1684926252.119178,0.000000
1684926252.129257,0.000000
1684926252.139238,0.000000
1684926252.149246,0.000000
1684926252.159284,0.000000
1684926252.169279,0.000000
1684926252.179283,0.000000
1684926252.188994,0.000000
1684926252.199189,0.000000
1684926252.209315,0.000000
1684926252.219104,0.000000
1684926252.229099,0.000000
1684926252.239101,0.000000
1684926252.249076,0.000000
1684926252.259154,0.000000
1684926252.269096,0.000000
1684926252.279093,0.000000
1684926252.289086,0.000000
1684926252.298958,0.000000
1684926252.309097,0.000000
1684926252.319084,0.000000
1684926252.329107,0.000000
1684926252.339081,0.000000
1684926252.349083,0.000000
1684926252.359077,0.000000
1684926252.369118,0.000000
1684926252.379123,0.000000
1684926252.388869,0.000000
1684926252.399037,0.000000
1684926252.409162,0.000000
1684926252.419192,0.000000
1684926252.429177,0.000000
1684926252.429180,0.000000
1684926252.439220,0.000000
1684926252.439220,0.000000
1684926252.449238,0.000000
1684926252.459334,0.000000
1684926252.469278,0.000000
1684926252.479300,0.000000
1684926252.489290,0.000000
1684926252.498938,0.000000
1684926252.509036,0.000000
1684926252.519040,0.000000
1684926252.529108,0.000000
1684926252.539127,0.000000
1684926252.548921,0.000000
1684926252.559019,0.000000
1684926252.569126,0.000000
1684926252.579036,0.000000
1684926252.588944,0.000000
1684926252.598888,0.000000
1684926252.609052,0.000000
1684926252.619039,0.000000
1684926252.628917,0.000000
1684926252.639085,0.000000
1684926252.649023,0.000000
1684926252.659101,0.000000
1684926252.669042,0.000000
1684926252.679105,0.000000
1684926252.689095,0.000000
1684926252.699163,0.000000
1684926252.709133,0.000000
1684926252.719143,0.000000
1684926252.728919,0.000000
1684926252.739158,0.000000
1684926252.748952,0.000000
1684926252.759132,0.000000
1684926252.769048,0.000000
1684926252.779171,0.000000
1684926252.789004,0.000000
1684926252.799163,0.000000
1684926252.808937,0.000000
1684926252.819129,0.000000
1684926252.828941,0.000000
1684926252.838234,0.000000
1684926252.848939,0.000000
1684926252.858441,0.000000
1684926252.868975,0.000000
1684926252.879189,0.000000
1684926252.888948,0.000000
1684926252.898575,0.000000
1684926252.908970,0.000000
1684926252.918704,0.000000
1684926252.929194,0.000000
1684926252.938805,0.000000
1684926252.948920,0.000000
1684926252.959149,0.000000
1684926252.968951,0.000000
1684926252.979209,0.000000
1684926252.989090,0.000000
1684926252.999036,0.000000
1684926253.009112,0.000000
1684926253.019282,0.000000
1684926253.029125,0.000000
1684926253.039289,0.000000
1684926253.049291,0.000000
1684926253.059200,0.000000
1684926253.059203,0.000000
1684926253.068986,0.000000
1684926253.079319,0.000000
1684926253.089007,0.000000
1684926253.099808,0.000000
1684926253.108966,0.000000
1684926253.118952,0.000000
1684926253.128951,0.000000
1684926253.138956,0.000000
1684926253.148978,0.000000
1684926253.158946,0.000000
1684926253.169130,0.000000
1684926253.179343,0.000000
1684926253.179391,0.000000
1684926253.188962,0.000000
1684926253.198797,0.000000
1684926253.208956,0.000000
1684926253.218920,0.000000
1684926253.228975,0.000000
1684926253.228977,0.000000
1684926253.239065,0.000000
1684926253.248965,0.000000
1684926253.258986,0.000000
1684926253.269042,0.000000
1684926253.279358,0.000000
1684926253.289048,0.000000
1684926253.299045,0.000000
1684926253.309062,0.000000
1684926253.319156,0.000000
1684926253.329089,0.000000
1684926253.339156,0.000000
1684926253.348994,0.000000
1684926253.358944,0.000000
1684926253.368969,0.000000
1684926253.379332,0.000000
1684926253.389003,0.000000
1684926253.398801,0.000000
1684926253.408962,0.000000
1684926253.418893,0.000000
1684926253.428984,0.000000
1684926253.438879,0.000000
1684926253.449000,0.000000
1684926253.458863,0.000000
1684926253.468991,0.000000
1684926253.478436,0.000000
1684926253.489047,0.000000
1684926253.498764,0.000000
1684926253.508985,0.000000
1684926253.518902,0.000000
1684926253.529043,0.000000
1684926253.538964,0.000000
1684926253.549042,0.000000
1684926253.558961,0.000000
1684926253.569040,0.000000
1684926253.578399,0.000000
1684926253.589029,0.000000
1684926253.598920,0.000000
1684926253.609044,0.000000
1684926253.619050,0.000000
1684926253.629230,0.000000
1684926253.638822,0.000000
1684926253.649057,0.000000
1684926253.658823,0.000000
1684926253.669042,0.000000
1684926253.678421,0.000000
1684926253.689054,0.000000
1684926253.698720,0.000000
1684926253.709070,0.000000
1684926253.718820,0.000000
1684926253.729050,0.000000
1684926253.738823,0.000000
1684926253.749056,0.000000
1684926253.758815,0.000000
1684926253.769056,0.000000
1684926253.779540,0.000000
1684926253.789094,0.000000
1684926253.799699,0.000000
1684926253.809018,0.000000
1684926253.818967,0.000000
1684926253.829044,0.000000
1684926253.838926,0.000000
1684926253.849039,0.000000
1684926253.858936,0.000000
1684926253.869083,0.000000
1684926253.878557,0.000000
1684926253.889074,0.000000
1684926253.898864,0.000000
1684926253.909049,0.000000
1684926253.918782,0.000000
1684926253.929069,0.000000
1684926253.938762,0.000000
1684926253.949064,0.000000
1684926253.949183,0.000000
1684926253.958807,0.000000
1684926253.969076,0.000000
1684926253.978593,0.000000
1684926253.989053,0.000000
1684926253.998673,0.000000
1684926254.009025,0.000000
1684926254.018803,0.000000
1684926254.029057,0.000000
1684926254.038966,0.000000
1684926254.049074,0.000000
1684926254.058799,0.000000
1684926254.069044,0.000000
1684926254.078596,0.000000
1684926254.089033,0.000000
1684926254.098707,0.000000
1684926254.109064,0.000000
1684926254.118838,0.000000
1684926254.129094,0.000000
1684926254.138867,0.000000
1684926254.149083,0.000000
1684926254.158893,0.000000
1684926254.169067,0.000000
1684926254.178661,0.000000
1684926254.189075,0.000000
1684926254.198872,0.000000
1684926254.209054,0.000000
1684926254.218755,0.000000
1684926254.229051,0.000000
1684926254.238736,0.000000
1684926254.249090,0.000000
1684926254.258909,0.000000
1684926254.269072,0.000000
1684926254.278656,0.000000
1684926254.289093,0.000000
1684926254.298685,0.000000
1684926254.309067,0.000000
1684926254.318777,0.000000
1684926254.329175,0.000000
1684926254.338716,0.000000
1684926254.349084,0.000000
1684926254.358723,0.000000
1684926254.369098,0.000000
1684926254.378698,0.000000
1684926254.389093,0.000000
1684926254.398700,0.000000
1684926254.409093,0.000000
1684926254.418850,0.000000
1684926254.428854,0.000000
1684926254.438941,0.000000
1684926254.448855,0.000000
1684926254.458853,0.000000
1684926254.469176,0.000000
1684926254.478747,0.000000
1684926254.488919,0.000000
1684926254.498748,0.000000
1684926254.508908,0.000000
1684926254.518770,0.000000
1684926254.528802,0.000000
1684926254.538763,0.000000
1684926254.548905,0.000000
1684926254.558839,0.000000
1684926254.568932,0.000000
1684926254.578804,0.000000
1684926254.589051,0.000000
1684926254.598898,0.000000
1684926254.608788,0.000000
1684926254.618917,0.000000
1684926254.628834,0.000000
1684926254.638829,0.000000
1684926254.648871,0.000000
1684926254.658851,0.000000
1684926254.668561,0.000000
1684926254.678852,0.000000
1684926254.688808,0.000000
1684926254.698838,0.000000
1684926254.709288,0.000000
1684926254.718966,0.000000
1684926254.728944,0.787402
1684926254.738958,1.181102
1684926254.739028,1.181102
1684926254.749146,1.574803
1684926254.759046,3.149606
1684926254.769175,3.149606
1684926254.779187,3.149606
1684926254.789134,3.937008
1684926254.799320,4.330709
1684926254.799323,4.330709
1684926254.809173,5.511811
1684926254.818376,5.511811
1684926254.829185,5.905512
1684926254.838523,6.299212
1684926254.849195,7.086614
1684926254.858621,7.086614
1684926254.869120,7.480315
1684926254.878726,7.480315
1684926254.889189,7.874016
1684926254.898881,8.661417
1684926254.909182,8.661417
1684926254.919057,8.661417
1684926254.929179,8.661417
1684926254.939117,9.055119
1684926254.949192,9.448819
1684926254.959236,9.448819
1684926254.969177,9.842520
1684926254.978309,9.842520
1684926254.989181,10.236220
1684926254.999427,10.629921
1684926255.009176,10.629921
1684926255.018545,10.629921
1684926255.029183,10.629921
1684926255.038730,10.629921
1684926255.049184,10.629921
1684926255.058790,11.417323
1684926255.069257,11.417323
1684926255.078890,11.417323
1684926255.089017,11.417323
1684926255.099034,11.417323
1684926255.109184,11.417323
1684926255.119037,11.417323
1684926255.129178,11.417323
1684926255.139110,11.811024
1684926255.149188,11.811024
1684926255.159065,11.811024
1684926255.169272,11.811024
1684926255.179056,12.204724
1684926255.189188,12.204724
1684926255.199137,11.811024
1684926255.209232,11.811024
1684926255.219056,11.811024
1684926255.229182,11.811024
1684926255.239059,11.811024
1684926255.249175,11.811024
1684926255.259118,11.811024
1684926255.269196,11.811024
1684926255.279100,11.811024
1684926255.289233,11.811024
1684926255.299122,11.811024
1684926255.309186,11.811024
1684926255.319120,11.811024
1684926255.329208,11.811024
1684926255.339103,11.811024
1684926255.349318,11.811024
1684926255.359126,11.811024
1684926255.369182,11.811024
1684926255.379160,11.417323
1684926255.389201,8.661417
1684926255.400120,7.874016
1684926255.409159,7.480315
1684926255.409163,7.480315
1684926255.419148,7.086614
1684926255.429184,6.299212
1684926255.439146,6.299212
1684926255.449208,6.299212
1684926255.459234,6.299212
1684926255.469289,5.905512
1684926255.479229,5.905512
1684926255.489206,5.511811
1684926255.500165,5.118110
1684926255.509202,5.118110
1684926255.519163,5.118110
1684926255.529185,5.118110
1684926255.539187,5.118110
1684926255.549189,4.724410
1684926255.559183,4.724410
1684926255.569205,4.330709
1684926255.579328,4.330709
1684926255.589205,3.937008
1684926255.599213,3.937008
1684926255.609205,3.937008
1684926255.619220,3.543307
1684926255.629209,3.543307
1684926255.639208,3.543307
1684926255.649240,3.543307
1684926255.659206,3.543307
1684926255.669241,3.149606
1684926255.679226,3.149606
1684926255.689262,2.755906
1684926255.699278,2.755906
1684926255.709262,2.755906
1684926255.719281,2.755906
1684926255.728364,2.755906
1684926255.738238,2.755906
1684926255.749245,2.362205
1684926255.759273,2.362205
1684926255.769254,2.362205
1684926255.779459,2.362205
1684926255.788272,2.362205
1684926255.799358,1.968504
1684926255.808288,1.968504
1684926255.818309,1.968504
1684926255.829315,1.968504
1684926255.838336,1.574803
1684926255.848336,1.574803
1684926255.859355,1.574803
1684926255.868395,1.574803
1684926255.879334,1.574803
1684926255.888459,1.574803
1684926255.899360,1.574803
1684926255.908333,1.574803
1684926255.919371,1.574803
1684926255.929351,1.574803
1684926255.938334,1.574803
1684926255.948356,1.574803
1684926255.959364,1.574803
1684926255.968359,1.574803
1684926255.979437,1.574803
1684926255.988365,1.968504
1684926255.998362,1.968504
1684926256.008353,2.362205
1684926256.018384,2.362205
1684926256.028371,2.362205
1684926256.039449,2.755906
1684926256.048383,2.755906
1684926256.058460,3.149606
1684926256.068437,3.937008
1684926256.078408,3.937008
1684926256.089430,3.937008
1684926256.098397,3.937008
1684926256.108399,3.937008
1684926256.118410,4.724410
1684926256.128420,4.724410
1684926256.138437,5.118110
1684926256.148504,5.511811
1684926256.158424,6.299212
1684926256.168433,6.299212
1684926256.178469,7.086614
1684926256.188443,7.480315
1684926256.198434,7.480315
1684926256.208468,7.874016
1684926256.218338,8.267716
1684926256.228347,8.661417
1684926256.239382,8.661417
1684926256.248345,8.661417
1684926256.258382,9.055119
1684926256.268736,9.842520
1684926256.268806,9.842520
1684926256.279333,10.629921
1684926256.288587,10.629921
1684926256.299291,10.629921
1684926256.308379,11.023623
1684926256.319357,11.811024
1684926256.329314,12.204724
1684926256.339320,12.598425
1684926256.348349,13.385827
1684926256.358346,13.385827
1684926256.368380,13.385827
1684926256.378358,14.566929
1684926256.388394,14.566929
1684926256.398437,14.566929
1684926256.408467,14.960629
1684926256.418574,14.960629
1684926256.428461,15.354331
1684926256.438675,15.354331
1684926256.448491,15.748032
1684926256.458774,16.929134
1684926256.468313,17.322834
1684926256.478899,16.929134
1684926256.489315,16.929134
1684926256.499069,16.929134
1684926256.508319,16.929134
1684926256.519152,17.716536
1684926256.528296,17.716536
1684926256.539301,17.322834
1684926256.549315,16.929134
1684926256.558340,16.929134
1684926256.569313,16.535433
1684926256.578726,16.929134
1684926256.589326,16.929134
1684926256.598588,16.929134
1684926256.608319,16.535433
1684926256.618733,16.141733
1684926256.628318,16.141733
1684926256.638904,16.141733
1684926256.649327,16.535433
1684926256.659414,16.535433
1684926256.669390,15.748032
1684926256.679357,15.354331
1684926256.689409,15.354331
1684926256.699236,15.354331
1684926256.708358,15.354331
1684926256.719406,14.960629
1684926256.729405,13.779528
1684926256.738484,13.779528
1684926256.748427,13.385827
1684926256.759470,12.992126
1684926256.769329,12.992126
1684926256.779502,12.992126
1684926256.789317,12.992126
1684926256.799109,12.992126
1684926256.809320,12.992126
1684926256.819238,12.992126
1684926256.829325,12.992126
1684926256.839258,12.992126
1684926256.849319,11.811024
1684926256.859268,11.811024
1684926256.869441,11.811024
1684926256.879375,11.811024
1684926256.889432,11.417323
1684926256.899091,11.417323
1684926256.909371,11.417323
1684926256.919285,11.417323
1684926256.929362,11.023623
1684926256.939260,11.023623
1684926256.948317,11.023623
1684926256.959299,11.023623
1684926256.969340,10.629921
1684926256.979348,10.236220
1684926256.988412,10.236220
1684926256.999220,9.842520
1684926257.008359,9.842520
1684926257.019406,9.842520
1684926257.028339,9.842520
1684926257.038435,9.842520
1684926257.048499,9.842520
1684926257.058436,9.842520
1684926257.068341,9.842520
1684926257.079215,9.055119
1684926257.089349,9.055119
1684926257.099191,9.055119
1684926257.108432,9.055119
1684926257.119207,9.448819
1684926257.128365,9.448819
1684926257.139172,9.448819
1684926257.148361,9.448819
1684926257.159236,9.842520
1684926257.168344,9.842520
1684926257.179152,9.842520
1684926257.188405,9.842520
1684926257.199106,9.448819
1684926257.208373,9.055119
1684926257.219201,9.055119
1684926257.229362,9.448819
1684926257.239208,9.448819
1684926257.248541,8.661417
1684926257.259235,8.661417
1684926257.268385,8.661417
1684926257.279259,8.661417
1684926257.289407,8.661417
1684926257.299183,7.874016
1684926257.309363,7.874016
1684926257.319349,7.874016
1684926257.328390,7.874016
1684926257.339366,7.874016
1684926257.348389,7.874016
1684926257.359169,7.874016
1684926257.368509,7.874016
1684926257.379317,6.692914
1684926257.389499,6.299212
1684926257.398994,6.299212
1684926257.409389,6.299212
1684926257.419127,6.299212
1684926257.428383,6.299212
1684926257.429295,6.299212
1684926257.439148,6.299212
1684926257.448397,6.299212
1684926257.459139,6.299212
1684926257.469393,6.299212
1684926257.479139,6.299212
1684926257.488408,5.905512
1684926257.499017,5.118110
1684926257.508399,4.330709
1684926257.519176,4.330709
1684926257.528391,4.330709
1684926257.539201,4.330709
1684926257.548398,4.330709
1684926257.559246,4.330709
1684926257.569515,4.330709
1684926257.579267,3.937008
1684926257.589434,3.937008
1684926257.599173,3.937008
1684926257.608559,3.937008
1684926257.619315,3.937008
1684926257.628387,3.937008
1684926257.639096,3.937008
1684926257.648395,3.543307
1684926257.659072,3.543307
1684926257.669441,3.543307
1684926257.679077,3.543307
1684926257.688432,3.149606
1684926257.698982,3.149606
1684926257.708411,2.755906
1684926257.719063,2.755906
1684926257.729096,2.755906
1684926257.739079,2.755906
1684926257.749213,2.755906
1684926257.759073,2.755906
1684926257.769201,2.755906
1684926257.779090,2.755906
1684926257.789196,2.755906
1684926257.798972,2.755906
1684926257.809105,2.755906
1684926257.819116,2.362205
1684926257.829282,2.362205
1684926257.839198,1.968504
1684926257.848459,1.968504
1684926257.859195,1.968504
1684926257.869155,1.968504
1684926257.879199,2.362205
1684926257.888597,2.362205
1684926257.888656,2.362205
1684926257.899122,2.362205
1684926257.908288,2.362205
1684926257.909285,2.362205
1684926257.919241,2.362205
1684926257.929055,2.362205
1684926257.939203,2.362205
1684926257.949040,1.968504
1684926257.959175,1.968504
1684926257.969141,1.968504
1684926257.979153,2.362205
1684926257.989185,2.362205
1684926257.999359,2.362205
1684926258.009305,2.362205
1684926258.019334,2.362205
1684926258.028435,2.362205
1684926258.038461,1.968504
1684926258.049455,1.968504
1684926258.058626,1.968504
1684926258.068493,1.968504
1684926258.078703,1.968504
1684926258.088479,1.968504
1684926258.098895,1.968504
1684926258.108453,1.968504
1684926258.118951,1.968504
1684926258.128458,1.968504
1684926258.139101,1.968504
1684926258.149488,1.968504
1684926258.159141,1.968504
1684926258.168516,1.968504
1684926258.179327,1.968504
1684926258.188480,1.968504
1684926258.199410,1.968504
1684926258.209470,1.968504
1684926258.218501,1.968504
1684926258.228476,1.968504
1684926258.238692,1.968504
1684926258.248558,1.968504
1684926258.259791,1.968504
1684926258.268474,1.968504
1684926258.278979,1.968504
1684926258.288470,1.968504
1684926258.298865,1.968504
1684926258.309483,1.968504
1684926258.319000,1.968504
1684926258.328480,1.968504
1684926258.338960,1.968504
1684926258.348476,1.968504
1684926258.358997,1.968504
1684926258.368476,1.968504
1684926258.379045,1.968504
1684926258.388478,1.968504
1684926258.398896,1.968504
1684926258.409517,1.968504
1684926258.419050,1.968504
1684926258.428534,1.968504
1684926258.439175,1.968504
1684926258.448499,1.968504
1684926258.459152,1.968504
1684926258.469492,1.968504
1684926258.479202,1.968504
1684926258.489523,1.968504
1684926258.498940,1.968504
1684926258.509506,1.968504
1684926258.518942,1.968504
1684926258.529502,1.968504
1684926258.538967,1.968504
1684926258.549513,1.968504
1684926258.558936,1.968504
1684926258.569462,1.968504
1684926258.580020,1.968504
1684926258.589566,1.968504
1684926258.599770,1.968504
1684926258.609551,1.968504
1684926258.619914,1.968504
1684926258.629526,1.968504
1684926258.639993,1.968504
1684926258.649575,1.968504
1684926258.659965,1.968504
1684926258.669395,1.968504
1684926258.678971,1.968504
1684926258.689517,1.968504
1684926258.698894,1.968504
1684926258.708525,1.968504
1684926258.719079,1.968504
1684926258.728518,1.968504
1684926258.739081,2.362205
1684926258.748502,2.362205
1684926258.759101,2.362205
1684926258.769292,2.362205
1684926258.778919,2.362205
1684926258.788561,1.968504
1684926258.798833,1.968504
1684926258.808563,1.968504
1684926258.818869,1.968504
1684926258.828608,1.968504
1684926258.838879,1.968504
1684926258.848585,1.968504
1684926258.858832,1.968504
1684926258.868644,1.968504
1684926258.878864,1.968504
1684926258.888579,1.968504
1684926258.899731,1.968504
1684926258.908629,1.968504
1684926258.919407,1.968504
1684926258.928708,1.968504
1684926258.938900,1.968504
1684926258.949620,1.968504
1684926258.958984,2.362205
1684926258.969029,2.362205
1684926258.978833,2.362205
1684926258.988625,2.362205
1684926258.998797,2.362205
1684926259.008647,2.362205
1684926259.018775,2.362205
1684926259.028693,2.362205
1684926259.038750,2.362205
1684926259.049674,2.362205
1684926259.058841,2.362205
1684926259.069017,2.362205
1684926259.078741,2.362205
1684926259.088741,2.362205
1684926259.098882,2.362205
1684926259.108732,2.362205
1684926259.118823,2.362205
1684926259.128720,2.362205
1684926259.138841,2.362205
1684926259.148732,2.362205
1684926259.158763,2.362205
1684926259.168739,2.362205
1684926259.178808,2.362205
1684926259.188765,2.362205
1684926259.198796,2.362205
1684926259.208757,2.362205
1684926259.218771,2.362205
1684926259.228739,2.362205
1684926259.238753,2.362205
1684926259.249633,1.968504
1684926259.258794,1.968504
1684926259.268829,1.968504
1684926259.278737,1.968504
1684926259.288834,1.968504
1684926259.298819,1.968504
1684926259.308776,1.968504
1684926259.318777,1.968504
1684926259.328785,1.968504
1684926259.338793,1.968504
1684926259.348838,1.968504
1684926259.358811,1.968504
1684926259.369476,1.968504
1684926259.378848,2.362205
1684926259.389035,2.362205
1684926259.398842,2.362205
1684926259.409476,2.362205
1684926259.418752,2.362205
1684926259.429519,2.362205
1684926259.438898,2.362205
1684926259.448804,2.362205
1684926259.458798,2.755906
1684926259.469457,2.755906
1684926259.478877,3.149606
1684926259.488971,3.149606
1684926259.498795,3.149606
1684926259.509319,2.755906
1684926259.518944,2.755906
1684926259.529296,2.755906
1684926259.538857,2.755906
1684926259.548835,2.755906
1684926259.558862,2.755906
1684926259.569571,2.755906
1684926259.578930,2.755906
1684926259.588989,2.755906
1684926259.598916,2.755906
1684926259.609651,2.755906
1684926259.618819,2.755906
1684926259.628863,2.755906
1684926259.639086,2.755906
1684926259.648762,2.755906
1684926259.658863,2.755906
1684926259.668808,2.755906
1684926259.678971,2.755906
1684926259.689028,2.755906
1684926259.699089,2.755906
1684926259.708827,2.755906
1684926259.719049,2.755906
1684926259.728739,2.755906
1684926259.740049,2.362205
1684926259.749056,2.362205
1684926259.759004,2.362205
1684926259.768761,1.968504
1684926259.779023,1.968504
1684926259.789690,1.968504
1684926259.798943,1.968504
1684926259.809651,1.968504
1684926259.819110,1.968504
1684926259.828822,1.968504
1684926259.838949,2.362205
1684926259.849627,2.362205
1684926259.858905,2.362205
1684926259.868636,2.362205
1684926259.878929,2.362205
1684926259.889659,2.362205
1684926259.898840,2.362205
1684926259.908652,2.362205
1684926259.918969,2.362205
1684926259.928656,2.362205
1684926259.938913,2.362205
1684926259.949670,2.362205
1684926259.958835,2.362205
1684926259.968664,2.362205
1684926259.979880,2.362205
1684926259.989651,2.362205
1684926259.998807,2.362205
1684926260.009759,2.362205
1684926260.019135,2.362205
1684926260.029670,2.362205
1684926260.039739,2.362205
1684926260.049684,2.362205
1684926260.059716,2.362205
1684926260.069845,2.362205
1684926260.079842,2.362205
1684926260.089672,2.755906
1684926260.099661,2.755906
1684926260.109659,2.755906
1684926260.119765,2.755906
1684926260.129847,2.755906
1684926260.139879,2.755906
1684926260.149792,2.755906
1684926260.159841,2.755906
1684926260.169909,2.755906
1684926260.178959,2.755906
1684926260.188848,2.755906
1684926260.199941,2.755906
1684926260.208828,2.755906
1684926260.220015,3.149606
1684926260.228805,3.149606
1684926260.238865,3.149606
1684926260.248849,3.149606
1684926260.258804,2.755906
1684926260.269292,2.755906
1684926260.278931,2.755906
1684926260.288980,2.362205
1684926260.298863,2.362205
1684926260.308776,2.362205
1684926260.318905,2.362205
1684926260.328969,2.362205
1684926260.338861,2.362205
1684926260.348823,2.362205
1684926260.358845,2.362205
1684926260.368855,2.362205
1684926260.379046,2.362205
1684926260.388812,2.362205
1684926260.398848,2.362205
1684926260.408828,2.362205
1684926260.418780,2.362205
1684926260.428969,2.362205
1684926260.438929,2.362205
1684926260.448858,2.362205
1684926260.458878,2.362205
1684926260.468867,2.362205
1684926260.478968,2.362205
1684926260.489060,2.362205
1684926260.498871,2.362205
1684926260.508789,2.362205
1684926260.518802,2.362205
1684926260.529035,2.362205
1684926260.538843,2.362205
1684926260.548804,2.362205
1684926260.558788,2.362205
1684926260.568870,1.968504
1684926260.578887,1.574803
1684926260.588880,0.787402
1684926260.598845,0.787402
1684926260.598843,0.787402
1684926260.608800,0.787402
1684926260.618880,0.787402
1684926260.628829,0.787402
1684926260.638866,0.787402
1684926260.648809,0.393701
1684926260.658842,0.393701
1684926260.668797,0.393701
1684926260.678842,0.393701
1684926260.688865,0.000000
1684926260.700067,0.000000
1684926260.708786,0.000000
1684926260.718784,0.000000
1684926260.728897,0.000000
1684926260.738867,0.000000
1684926260.748904,0.000000
1684926260.758843,0.000000
1684926260.768813,0.000000
1684926260.779885,0.000000
1684926260.788920,0.000000
1684926260.798853,0.000000
1684926260.808900,0.000000
1684926260.819862,0.000000
1684926260.828892,0.000000
1684926260.839881,0.000000
1684926260.848832,0.000000
1684926260.859017,0.000000
1684926260.869823,0.000000
1684926260.878850,0.000000
1684926260.888851,0.000000
1684926260.899850,0.000000
1684926260.908969,0.000000
1684926260.918908,0.000000
1684926260.928877,0.000000
1684926260.938891,0.000000
1684926260.948766,0.000000
1684926260.958896,0.000000
1684926260.968877,0.000000
1684926260.978911,0.000000
1684926260.988883,0.000000
1684926260.999842,0.000000
1684926261.008854,0.000000
1684926261.019042,0.000000
1684926261.028851,0.000000
1684926261.039843,0.000000
1684926261.048789,0.000000
1684926261.059015,0.000000
1684926261.068974,0.000000
1684926261.078840,0.000000
1684926261.088972,0.000000
1684926261.098908,0.000000
1684926261.108869,0.000000
1684926261.119026,0.000000
1684926261.128845,0.000000
1684926261.138881,0.000000
1684926261.148848,0.000000
1684926261.158840,0.000000
1684926261.169004,0.000000
1684926261.179924,0.000000
1684926261.188901,0.000000
1684926261.198850,0.000000
1684926261.208767,0.000000
1684926261.219189,0.000000
1684926261.228975,0.000000
1684926261.238876,0.000000
1684926261.248809,0.000000
1684926261.259022,0.000000
1684926261.268973,0.000000
1684926261.278848,0.000000
1684926261.288831,0.000000
1684926261.298845,0.000000
1684926261.308896,0.000000
1684926261.318838,0.000000
1684926261.328856,0.000000
1684926261.338853,0.000000
1684926261.348831,0.000000
1684926261.359828,0.000000
1684926261.368855,0.000000
1684926261.378869,0.000000
1684926261.388854,0.000000
1684926261.398099,0.000000
1684926261.408789,0.000000
1684926261.418895,0.000000
1684926261.428856,0.000000
1684926261.438872,0.000000
1684926261.448799,0.000000
1684926261.458859,0.000000
1684926261.468954,0.000000
1684926261.478895,0.000000
1684926261.488825,0.000000
1684926261.499287,0.000000
1684926261.508811,0.000000
1684926261.519431,0.000000
1684926261.528852,0.000000
1684926261.539469,0.000000
1684926261.548983,0.000000
1684926261.559493,0.000000
1684926261.568813,0.000000
1684926261.578506,0.000000
1684926261.588811,0.000000
1684926261.599437,0.000000
1684926261.608798,0.000000
1684926261.619584,0.000000
1684926261.628927,0.000000
1684926261.638598,0.000000
1684926261.648913,0.000000
1684926261.658357,0.000000
1684926261.669020,0.000000
1684926261.679328,0.000000
1684926261.688809,0.000000
1684926261.699204,0.000000
1684926261.709301,0.000000
1684926261.719426,0.000000
1684926261.729388,0.000000
1684926261.739421,0.000000
1684926261.749479,0.000000
1684926261.759480,0.000000
1684926261.769542,0.000000
1684926261.779603,0.000000
1684926261.789667,0.000000
1684926261.799707,0.000000
1684926261.809774,0.000000
1684926261.819906,0.000000
1684926261.829894,0.000000
1684926261.839893,0.000000
1684926261.848831,0.000000
1684926261.860025,0.000000
1684926261.869876,0.000000
1684926261.879977,0.000000
1684926261.888901,0.000000
1684926261.899858,0.000000
1684926261.909027,0.000000
1684926261.919945,0.000000
1684926261.928874,0.000000
1684926261.938852,0.000000
1684926261.948881,0.000000
1684926261.959049,0.000000
1684926261.968901,0.000000
1684926261.978874,0.000000
1684926261.988864,0.000000
1684926261.999021,0.000000
1684926262.008947,0.000000
1684926262.018895,0.000000
1684926262.028964,0.000000
1684926262.038889,0.000000
1684926262.048969,0.000000
1684926262.058903,0.000000
1684926262.068873,0.000000
1684926262.078886,0.000000
1684926262.088855,0.000000
1684926262.098863,0.000000
1684926262.108930,0.000000
1684926262.119029,0.000000
1684926262.128900,0.000000
1684926262.138874,0.000000
1684926262.148816,0.000000
1684926262.158975,0.000000
1684926262.168923,0.000000
1684926262.178897,0.000000
1684926262.189107,0.000000
1684926262.198856,0.000000
1684926262.208920,0.000000
1684926262.208918,0.000000
1684926262.218897,0.000000
1684926262.228830,0.000000
1684926262.238976,0.000000
1684926262.248919,0.000000
1684926262.258921,0.000000
1684926262.268902,0.000000
1684926262.278870,0.000000
1684926262.289125,0.000000
1684926262.298906,0.000000
1684926262.308896,0.000000
1684926262.318897,0.000000
1684926262.328858,0.000000
1684926262.338974,0.000000
1684926262.348856,0.000000
1684926262.358902,0.000000
1684926262.368939,0.000000
1684926262.378885,0.000000
1684926262.388988,0.000000
1684926262.398979,0.000000
1684926262.408904,0.000000
1684926262.418936,0.000000
1684926262.428832,0.000000
1684926262.439007,0.000000
1684926262.449096,0.000000
1684926262.458988,0.000000
1684926262.468868,0.000000
1684926262.478873,0.000000
1684926262.488981,0.000000
1684926262.499156,0.000000
1684926262.508889,0.000000
1684926262.518903,0.000000
1684926262.528898,0.000000
1684926262.538944,1.574803
1684926262.548985,2.362205
1684926262.559035,3.149606
1684926262.569035,4.330709
1684926262.578984,5.511811
1684926262.588839,6.299212
1684926262.599055,7.480315
1684926262.608924,8.661417
1684926262.618978,9.448819
1684926262.628832,9.448819
1684926262.638854,11.417323
1684926262.649100,12.598425
1684926262.658991,13.779528
1684926262.668882,14.566929
1684926262.678870,14.566929
1684926262.688944,14.960629
1684926262.699089,16.141733
1684926262.708858,16.535433
1684926262.719011,16.535433
1684926262.728872,16.535433
1684926262.739052,17.716536
1684926262.748876,17.716536
1684926262.758935,17.716536
1684926262.768908,18.110237
1684926262.778931,18.110237
1684926262.788846,18.503937
1684926262.798951,18.503937
1684926262.808928,18.503937
1684926262.818936,18.503937
1684926262.828845,18.503937
1684926262.838880,19.291338
1684926262.848931,20.078741
1684926262.858959,20.472441
1684926262.868911,20.472441
1684926262.878918,20.078741
1684926262.888879,19.685040
1684926262.899003,19.685040
1684926262.908926,18.503937
1684926262.918883,17.322834
1684926262.928947,17.322834
1684926262.938919,15.748032
1684926262.949023,15.354331
1684926262.958927,15.354331
1684926262.968882,14.566929
1684926262.979094,14.173228
1684926262.988924,13.779528
1684926262.998971,13.779528
1684926263.008862,11.811024
1684926263.018879,11.023623
1684926263.028952,11.023623
1684926263.038974,9.842520
1684926263.048966,9.055119
1684926263.058932,9.055119
1684926263.068260,8.661417
1684926263.078985,8.267716
1684926263.089048,7.874016
1684926263.098984,7.874016
1684926263.108965,7.086614
1684926263.118954,6.692914
1684926263.128967,6.692914
1684926263.139055,5.905512
1684926263.148973,5.511811
1684926263.159114,5.118110
1684926263.168860,5.118110
1684926263.179025,4.724410
1684926263.189066,4.724410
1684926263.199001,4.724410
1684926263.208968,4.330709
1684926263.219071,3.937008
1684926263.228947,3.937008
1684926263.239113,3.543307
1684926263.249326,3.543307
1684926263.259446,3.543307
1684926263.269460,3.543307
1684926263.279485,3.543307
1684926263.289532,3.543307
1684926263.299631,3.543307
1684926263.309386,3.937008
1684926263.319737,4.330709
1684926263.329781,4.330709
1684926263.339786,5.511811
1684926263.350035,6.299212
1684926263.359963,7.480315
1684926263.369886,8.267716
1684926263.380043,9.842520
1684926263.390146,10.629921
1684926263.400084,10.629921
1684926263.408891,12.992126
1684926263.418986,14.173228
1684926263.429005,14.173228
1684926263.438991,16.929134
1684926263.449027,17.322834
1684926263.458918,18.503937
1684926263.469334,19.291338
1684926263.479029,20.866142
1684926263.488967,22.047245
1684926263.498998,22.834646
1684926263.509165,23.622047
1684926263.518986,24.803150
1684926263.528863,24.803150
1684926263.538991,27.559055
1684926263.548903,28.740158
1684926263.558980,29.527559
1684926263.568902,29.133858
1684926263.578910,29.133858
1684926263.588959,29.133858
1684926263.598923,30.314960
1684926263.608880,30.708662
1684926263.618971,31.889763
1684926263.628883,31.889763
1684926263.658906,33.464565
1684926263.668970,33.464565
1684926263.678945,33.858269
1684926263.688967,33.858269
1684926263.698986,33.858269
1684926263.708961,33.858269
1684926263.719084,33.858269
1684926263.728948,33.858269
1684926263.739025,34.251968
1684926263.748927,34.251968
1684926263.758931,33.070866
1684926263.769013,33.070866
1684926263.778917,31.496063
1684926263.788977,31.496063
1684926263.798988,31.889763
1684926263.808862,31.889763
1684926263.819017,31.496063
1684926263.828950,31.102362
1684926263.838986,31.102362
1684926263.849039,30.708662
1684926263.858917,30.708662
1684926263.868990,30.708662
1684926263.879112,29.921259
1684926263.888990,28.740158
1684926263.899001,28.740158
1684926263.908929,27.952755
1684926263.919088,27.559055
1684926263.929144,27.165354
1684926263.938955,27.165354
1684926263.948946,27.165354
1684926263.958973,26.771654
1684926263.968955,26.771654
1684926263.979127,25.984251
1684926263.988954,25.984251
1684926263.998999,24.409449
1684926264.008950,23.228346
1684926264.018907,22.834646
1684926264.029086,22.047245
1684926264.039099,22.047245
1684926264.048955,22.047245
1684926264.058905,21.653543
1684926264.068898,21.653543
1684926264.079200,20.472441
1684926264.089003,20.472441
1684926264.098984,20.472441
1684926264.108911,20.472441
1684926264.119276,19.685040
1684926264.129106,19.685040
1684926264.138932,18.110237
1684926264.148910,17.716536
1684926264.158938,17.716536
1684926264.168995,17.322834
1684926264.178995,17.322834
1684926264.188990,17.322834
1684926264.198966,17.322834
1684926264.208917,15.748032
1684926264.218904,15.748032
1684926264.228952,15.748032
1684926264.238998,16.141733
1684926264.248955,16.141733
1684926264.258918,16.141733
1684926264.268892,16.141733
1684926264.279017,16.141733
1684926264.289105,16.141733
1684926264.298949,16.141733
1684926264.308907,16.141733
1684926264.318949,16.141733
1684926264.328968,16.141733
1684926264.338999,16.141733
1684926264.348927,16.141733
1684926264.358995,16.535433
1684926264.368968,16.929134
1684926264.379043,16.929134
1684926264.388957,18.110237
1684926264.398958,17.716536
1684926264.409053,17.716536
1684926264.418971,17.322834
1684926264.428962,17.322834
1684926264.438953,18.110237
1684926264.448909,18.110237
1684926264.459180,18.897638
1684926264.468934,18.503937
1684926264.479005,18.503937
1684926264.488998,20.078741
1684926264.498936,20.078741
1684926264.509063,20.866142
1684926264.519000,21.259842
1684926264.529003,21.259842
1684926264.539145,22.440945
1684926264.548940,22.440945
1684926264.559042,24.015749
1684926264.569045,24.409449
1684926264.579070,24.409449
1684926264.589026,24.015749
1684926264.589097,24.015749
1684926264.598937,24.015749
1684926264.609030,23.622047
1684926264.619216,24.803150
1684926264.628911,24.803150
1684926264.638977,24.803150
1684926264.649056,24.803150
1684926264.659043,25.196850
1684926264.669164,25.590551
1684926264.678991,25.590551
1684926264.689225,25.590551
1684926264.699001,25.590551
1684926264.708988,27.165354
1684926264.719628,27.165354
1684926264.729095,27.165354
1684926264.739621,27.559055
1684926264.748924,28.346457
1684926264.759620,29.133858
1684926264.769631,30.314960
1684926264.779620,30.314960
1684926264.788991,29.921259
1684926264.798700,29.921259
1684926264.808867,29.527559
1684926264.818818,28.740158
1684926264.828868,28.740158
1684926264.838930,28.346457
1684926264.848980,28.346457
1684926264.858998,28.346457
1684926264.868624,28.346457
1684926264.879159,29.133858
1684926264.888181,29.133858
1684926264.898257,29.133858
1684926264.909458,29.133858
1684926264.919370,26.771654
1684926264.929460,26.377953
1684926264.939520,25.590551
1684926264.949571,25.196850
1684926264.959731,23.622047
1684926264.969745,22.047245
1684926264.979809,20.472441
1684926264.989780,19.291338
1684926264.999831,19.291338
1684926265.008978,16.535433
1684926265.020079,15.748032
1684926265.028956,14.566929
1684926265.038969,13.385827
1684926265.049041,11.417323
1684926265.058629,11.023623
1684926265.069051,9.842520
1684926265.080024,9.055119
1684926265.088973,7.874016
1684926265.099124,7.874016
1684926265.108997,7.086614
1684926265.119061,7.086614
1684926265.129028,7.086614
1684926265.139040,6.692914
1684926265.149111,5.905512
1684926265.159544,5.511811
1684926265.168978,4.724410
1684926265.179074,4.724410
1684926265.188962,3.937008
1684926265.199092,3.937008
1684926265.209026,3.543307
1684926265.219002,3.149606
1684926265.229024,2.755906
1684926265.238963,2.755906
1684926265.249046,2.362205
1684926265.258420,1.968504
1684926265.268996,1.574803
1684926265.279028,0.787402
1684926265.288992,0.787402
1684926265.299136,0.787402
1684926265.299143,0.787402
1684926265.309122,0.000000
1684926265.319041,0.000000
1684926265.328976,0.000000
1684926265.339002,0.000000
1684926265.349005,0.000000
1684926265.359343,0.000000
1684926265.368985,0.000000
1684926265.379024,0.000000
1684926265.388996,0.000000
1684926265.399021,0.000000
1684926265.409096,0.000000
1684926265.419025,0.000000
1684926265.429046,0.000000
1684926265.439032,0.000000
1684926265.448936,0.000000
1684926265.459265,0.000000
1684926265.469021,0.000000
1684926265.479060,0.000000
1684926265.488971,0.000000
1684926265.488977,0.000000
1684926265.499061,0.000000
1684926265.509146,0.000000
1684926265.519037,0.000000
1684926265.529031,0.000000
1684926265.538958,0.000000
1684926265.549026,0.000000
1684926265.559243,0.000000
1684926265.569033,0.000000
1684926265.579037,0.000000
1684926265.588974,0.000000
1684926265.599058,0.000000
1684926265.608996,0.000000
1684926265.619020,0.000000
1684926265.628977,0.000000
1684926265.638992,0.000000
1684926265.648942,0.000000
1684926265.659044,0.000000
1684926265.669026,0.000000
1684926265.679038,0.000000
1684926265.688983,0.000000
1684926265.698967,0.000000
1684926265.709079,0.000000
1684926265.719034,0.000000
1684926265.728958,0.000000
1684926265.738988,0.000000
1684926265.749002,0.000000
1684926265.759043,0.000000
1684926265.769028,0.000000
1684926265.779026,0.000000
1684926265.789023,0.000000
1684926265.798985,0.000000
1684926265.809046,0.000000
1684926265.819045,0.000000
1684926265.828957,0.000000
1684926265.839133,0.000000
1684926265.849004,0.000000
1684926265.859084,0.000000
1684926265.869008,0.000000
1684926265.869285,0.000000
1684926265.879000,0.000000
1684926265.889117,0.000000
1684926265.899022,0.000000
1684926265.909006,0.000000
1684926265.919066,0.000000
1684926265.928986,0.000000
1684926265.939050,0.000000
1684926265.949057,0.000000
1684926265.959071,0.000000
1684926265.969089,0.000000
1684926265.978988,0.000000
1684926265.989080,0.000000
1684926265.999290,0.000000
1684926266.009044,0.000000
1684926266.009120,0.000000
1684926266.019028,0.000000
1684926266.028969,0.000000
1684926266.039111,0.000000
1684926266.049157,0.000000
1684926266.059001,0.000000
1684926266.069000,0.000000
1684926266.078442,0.000000
1684926266.089071,0.000000
1684926266.099281,0.000000
1684926266.109001,0.000000
1684926266.119072,0.000000
1684926266.129028,0.000000
1684926266.138980,0.000000
1684926266.149135,0.000000
1684926266.159067,0.000000
1684926266.169047,0.000000
1684926266.178988,0.000000
1684926266.188972,0.000000
1684926266.199389,0.000000
1684926266.209063,0.000000
1684926266.219177,0.000000
1684926266.229078,0.000000
1684926266.239069,0.000000
1684926266.249171,0.000000
1684926266.259032,0.000000
1684926266.269004,0.000000
1684926266.279002,0.000000
1684926266.289088,0.000000
1684926266.299145,0.000000
1684926266.309307,0.000000
1684926266.319104,0.000000
1684926266.329011,0.000000
1684926266.339067,0.000000
1684926266.349072,0.000000
1684926266.359254,0.000000
1684926266.369039,0.000000
1684926266.378420,0.000000
1684926266.389014,0.000000
1684926266.398476,0.000000
1684926266.409114,0.000000
1684926266.418534,0.000000
1684926266.429105,0.000000
1684926266.438810,0.000000
1684926266.448997,0.000000
1684926266.459210,0.000000
1684926266.469014,0.000000
1684926266.479923,0.000000
1684926266.489035,0.000000
1684926266.499059,0.000000
1684926266.509044,0.000000
1684926266.519236,0.000000
1684926266.529172,0.000000
1684926266.539255,0.000000
1684926266.549309,0.000000
1684926266.559494,0.000000
1684926266.569535,0.000000
1684926266.579696,0.000000
1684926266.589711,0.000000
1684926266.599754,0.000000
1684926266.609913,0.000000
1684926266.619828,0.000000
1684926266.629804,0.000000
1684926266.639041,0.000000
1684926266.640801,0.000000
1684926266.648832,0.000000
1684926266.660089,0.000000
1684926266.669773,0.000000
1684926266.680135,0.000000
1684926266.689801,0.000000
1684926266.699133,0.000000
1684926266.708694,0.787402
1684926266.719026,2.755906
1684926266.729695,4.330709
1684926266.740263,6.692914
1684926266.748719,8.661417
1684926266.759072,10.629921
1684926266.768632,12.992126
1684926266.780091,16.141733
1684926266.789647,19.291338
1684926266.799197,19.291338
1684926266.808594,23.622047
1684926266.819107,23.622047
1684926266.828545,24.015749
1684926266.839162,25.984251
1684926266.848551,28.346457
1684926266.859153,33.464565
1684926266.868598,35.039371
1684926266.879151,35.039371
1684926266.889697,35.039371
1684926266.899103,35.039371
1684926266.909533,36.614174
1684926266.919017,38.976379
1684926266.928449,40.551182
1684926266.939286,40.551182
1684926266.949588,40.551182
1684926266.959090,39.763779
1684926266.968587,39.763779
1684926266.979111,40.944881
1684926266.988405,41.732285
1684926266.999054,41.732285
1684926267.008428,43.307087
1684926267.019038,43.307087
1684926267.028380,43.307087
1684926267.039095,46.062992
1684926267.048328,46.456692
1684926267.059054,46.850395
1684926267.068401,47.244095
1684926267.079121,47.244095
1684926267.079125,47.244095
1684926267.089331,47.244095
1684926267.099135,47.244095
1684926267.108295,47.244095
1684926267.119034,46.850395
1684926267.128286,46.850395
1684926267.139142,46.062992
1684926267.149351,46.062992
1684926267.159030,45.669292
1684926267.169216,45.669292
1684926267.179028,46.062992
1684926267.189253,45.669292
1684926267.199115,45.669292
1684926267.208239,45.275589
1684926267.219181,45.275589
1684926267.229220,45.275589
1684926267.239206,44.881889
1684926267.249234,43.700787
1684926267.259031,42.519684
1684926267.269193,40.944881
1684926267.279083,39.763779
1684926267.289260,39.763779
1684926267.299056,39.763779
1684926267.309242,38.976379
1684926267.319172,38.188976
1684926267.328364,36.614174
1684926267.339073,35.433071
1684926267.349309,35.433071
1684926267.359065,35.826771
1684926267.369221,35.826771
1684926267.379098,33.464565
1684926267.389219,31.496063
1684926267.389285,31.496063
1684926267.399137,31.496063
1684926267.408323,29.921259
1684926267.419160,28.740158
1684926267.428420,28.740158
1684926267.439118,27.559055
1684926267.448547,26.377953
1684926267.459051,26.377953
1684926267.468610,24.409449
1684926267.479250,23.228346
1684926267.488378,23.228346
1684926267.499059,22.440945
1684926267.509079,21.653543
1684926267.519091,17.716536
1684926267.529231,15.748032
1684926267.539088,14.960629
1684926267.549254,14.566929
1684926267.559159,14.566929
1684926267.569221,14.566929
1684926267.569224,14.566929
1684926267.579270,14.566929
1684926267.588395,11.417323
1684926267.599282,11.417323
1684926267.608293,8.661417
1684926267.619056,8.661417
1684926267.629274,7.480315
1684926267.639178,7.480315
1684926267.649254,6.299212
1684926267.659042,5.511811
1684926267.669274,5.511811
1684926267.679457,4.724410
1684926267.689325,4.724410
1684926267.699080,4.330709
1684926267.709301,3.937008
1684926267.719159,3.937008
1684926267.729289,2.362205
1684926267.739184,2.362205
1684926267.748289,2.362205
1684926267.759063,2.362205
1684926267.768259,2.362205
1684926267.779122,2.362205
1684926267.789298,2.362205
1684926267.799117,2.362205
1684926267.808243,1.574803
1684926267.819036,1.968504
1684926267.829295,2.362205
1684926267.839111,2.362205
1684926267.848330,2.362205
1684926267.859105,2.362205
1684926267.868260,2.362205
1684926267.879136,2.755906
1684926267.888414,2.755906
1684926267.899035,2.755906
1684926267.909306,3.149606
1684926267.919062,3.543307
1684926267.929308,3.543307
1684926267.939151,3.937008
1684926267.948357,4.724410
1684926267.959218,5.118110
1684926267.969312,5.511811
1684926267.979126,5.511811
1684926267.989053,5.511811
1684926267.999099,6.692914
1684926268.008332,7.086614
1684926268.019077,8.267716
1684926268.028317,9.055119
1684926268.039097,10.236220
1684926268.048333,11.023623
1684926268.059419,12.204724
1684926268.068350,13.779528
1684926268.078328,15.354331
1684926268.088486,16.929134
1684926268.098305,18.503937
1684926268.109356,18.503937
1684926268.119373,18.897638
1684926268.128344,19.685040
1684926268.138395,21.259842
1684926268.148402,22.834646
1684926268.158557,23.622047
1684926268.169359,24.015749
1684926268.178624,24.015749
1684926268.188355,24.409449
1684926268.198794,24.803150
1684926268.208759,26.771654
1684926268.220356,28.346457
1684926268.228358,28.346457
1684926268.238976,27.952755
1684926268.248354,28.346457
1684926268.259098,28.346457
1684926268.269379,29.527559
1684926268.279272,30.314960
1684926268.288538,30.708662
1684926268.298349,31.496063
1684926268.308467,32.283466
1684926268.319441,33.070866
1684926268.329517,34.251968
1684926268.339099,34.251968
1684926268.349063,34.645668
1684926268.359086,34.645668
1684926268.369244,34.645668
1684926268.379119,34.251968
1684926268.389057,34.251968
1684926268.399058,36.220474
1684926268.409177,36.614174
1684926268.419196,36.614174
1684926268.429135,36.220474
1684926268.439085,36.220474
1684926268.449042,36.220474
1684926268.459175,37.007874
1684926268.469149,37.007874
1684926268.471783,37.007874
1684926268.479166,37.007874
1684926268.489141,37.007874
1684926268.499107,36.614174
1684926268.509038,37.401573
1684926268.519188,37.401573
1684926268.529170,37.401573
1684926268.539129,37.401573
1684926268.549062,37.401573
1684926268.559082,36.614174
1684926268.569184,34.251968
1684926268.579128,33.464565
1684926268.589063,32.283466
1684926268.599148,31.496063
1684926268.609065,28.346457
1684926268.619191,26.771654
1684926268.629237,24.409449
1684926268.639078,23.622047
1684926268.649145,22.047245
1684926268.659124,20.078741
1684926268.669155,20.078741
1684926268.679148,14.173228
1684926268.689151,12.204724
1684926268.699306,9.448819
1684926268.709139,8.661417
1684926268.719144,8.661417
1684926268.729132,5.511811
1684926268.739112,3.543307
1684926268.749183,3.149606
1684926268.759169,1.968504
1684926268.769089,1.181102
1684926268.779166,1.181102
1684926268.789058,0.000000
1684926268.799191,0.000000
1684926268.809146,0.000000
1684926268.819272,0.000000
1684926268.829140,0.000000
1684926268.839109,0.000000
1684926268.849111,0.000000
1684926268.859269,0.000000
1684926268.869142,0.000000
1684926268.879085,0.000000
1684926268.889133,0.000000
1684926268.899212,0.000000
1684926268.909346,0.000000
1684926268.919174,0.000000
1684926268.929203,0.000000
1684926268.939259,0.000000
1684926268.949147,0.000000
1684926268.959281,0.000000
1684926268.969143,0.000000
1684926268.979165,0.000000
1684926268.989132,0.000000
1684926268.999079,0.000000
1684926269.009227,0.000000
1684926269.019191,0.000000
1684926269.029155,0.000000
1684926269.039083,0.000000
1684926269.049065,0.000000
1684926269.059332,0.000000
1684926269.069124,0.000000
1684926269.078639,0.000000
1684926269.089094,0.000000
1684926269.099178,0.000000
1684926269.109251,0.000000
1684926269.119127,0.000000
1684926269.129090,0.000000
1684926269.139127,0.000000
1684926269.149174,0.000000
1684926269.159137,0.000000
1684926269.169169,0.000000
1684926269.179112,0.000000
1684926269.189117,0.000000
1684926269.199082,0.000000
1684926269.209152,0.000000
1684926269.219145,0.000000
1684926269.229151,0.000000
1684926269.239088,0.000000
1684926269.249068,0.000000
1684926269.259147,0.000000
1684926269.269131,0.000000
1684926269.279128,0.000000
1684926269.289095,0.000000
1684926269.299113,0.000000
1684926269.309246,0.000000
1684926269.319171,0.000000
1684926269.329140,0.000000
1684926269.339169,0.000000
1684926269.349101,0.000000
1684926269.359290,0.000000
1684926269.369287,0.000000
1684926269.370567,0.000000
1684926269.379250,0.000000
1684926269.389253,0.000000
1684926269.399148,0.000000
1684926269.409131,0.000000
1684926269.419198,0.000000
1684926269.429098,0.000000
1684926269.439280,0.000000
1684926269.448594,0.000000
1684926269.459147,0.000000
1684926269.468643,0.000000
1684926269.478642,0.000000
1684926269.489206,0.000000
1684926269.498650,0.000000
1684926269.508623,0.000000
1684926269.518633,0.000000
1684926269.528653,0.000000
1684926269.538690,0.000000
1684926269.548697,0.000000
1684926269.559024,0.000000
1684926269.568650,0.000000
1684926269.579045,0.000000
1684926269.589074,0.000000
1684926269.600155,0.000000
1684926269.608723,0.000000
1684926269.619219,0.000000
1684926269.628762,0.000000
1684926269.639449,0.000000
1684926269.648777,0.000000
1684926269.658492,0.000000
1684926269.669672,0.000000
1684926269.678542,0.000000
1684926269.678603,0.000000
1684926269.689631,0.000000
1684926269.699722,0.000000
1684926269.709809,0.000000
1684926269.719839,0.000000
1684926269.729877,0.000000
1684926269.739967,0.000000
1684926269.750040,0.000000
1684926269.760103,0.000000
1684926269.769167,0.000000
1684926269.780350,0.000000
1684926269.789178,0.000000
1684926269.800320,0.000000
1684926269.809168,0.000000
1684926269.819149,0.000000
1684926269.829094,0.000000
1684926269.839189,0.000000
1684926269.849178,0.000000
1684926269.859172,0.000000
1684926269.869113,0.000000
1684926269.879152,0.000000
1684926269.889192,0.000000
1684926269.899182,0.000000
1684926269.909150,0.000000
1684926269.919168,0.000000
1684926269.929147,0.000000
1684926269.939147,0.000000
1684926269.939253,0.000000
1684926269.949161,0.000000
1684926269.959587,0.000000
1684926269.969151,0.000000
1684926269.979219,0.000000
1684926269.989112,0.000000
1684926269.999256,0.000000
1684926270.009115,0.000000
1684926270.019125,0.000000
1684926270.029151,0.000000
1684926270.039150,0.000000
1684926270.049181,0.000000
1684926270.059176,0.000000
1684926270.069277,0.000000
1684926270.079319,0.000000
1684926270.089199,0.000000
1684926270.099240,0.000000
1684926270.109153,0.000000
1684926270.119213,0.000000
1684926270.129308,0.000000
1684926270.139175,0.000000
1684926270.149152,0.000000
1684926270.159196,0.000000
1684926270.169181,0.000000
1684926270.179271,0.000000
1684926270.189200,0.000000
1684926270.199152,0.000000
1684926270.209183,0.000000
1684926270.219109,0.000000
1684926270.229214,0.000000
1684926270.239195,0.000000
1684926270.249305,0.000000
1684926270.259199,0.000000
1684926270.269090,0.000000
1684926270.279191,0.000000
1684926270.289322,0.000000
1684926270.299215,0.000000
1684926270.309161,0.000000
1684926270.319139,0.000000
1684926270.329220,0.000000
1684926270.339344,0.000000
1684926270.349153,0.000000
1684926270.359159,0.000000
1684926270.369193,0.000000
1684926270.379188,0.000000
1684926270.389434,0.000000
1684926270.399202,0.000000
1684926270.409181,0.000000
1684926270.419219,0.000000
1684926270.429288,0.000000
1684926270.439306,0.000000
1684926270.449200,0.000000
1684926270.459219,0.000000
1684926270.469092,0.000000
1684926270.479131,0.000000
1684926270.489527,0.000000
1684926270.499298,0.000000
1684926270.509161,0.000000
1684926270.519138,0.000000
1684926270.529204,0.000000
1684926270.539478,0.000000
1684926270.549184,0.000000
1684926270.559183,0.000000
1684926270.569185,0.000000
1684926270.579259,0.000000
1684926270.589189,0.000000
1684926270.599192,0.000000
1684926270.609133,0.000000
1684926270.619150,0.000000
1684926270.629101,0.000000
1684926270.639210,0.000000
1684926270.649202,0.000000
1684926270.659250,0.000000
1684926270.668590,0.000000
1684926270.679153,0.000000
1684926270.689238,0.000000
1684926270.699220,0.000000
1684926270.708550,0.000000
1684926270.719137,0.000000
1684926270.729132,0.000000
1684926270.739223,0.000000
1684926270.749207,0.000000
1684926270.759155,0.000000
1684926270.769375,0.000000
1684926270.779178,0.000000
1684926270.789263,0.000000
1684926270.799200,0.000000
1684926270.809152,0.000000
1684926270.819314,0.000000
1684926270.829182,0.000000
1684926270.839225,0.000000
1684926270.849273,0.000000
1684926270.859239,0.000000
1684926270.869284,0.000000
1684926270.879197,0.000000
1684926270.889176,0.000000
1684926270.899199,0.000000
1684926270.909137,0.000000
1684926270.919256,0.000000
1684926270.929202,0.000000
1684926270.939300,0.000000
1684926270.949219,0.000000
1684926270.959159,0.000000
1684926270.969297,0.000000
1684926270.969381,0.000000
1684926270.979312,0.000000
1684926270.989264,0.000000
1684926270.999219,0.000000
1684926271.009135,0.000000
1684926271.019261,0.000000
1684926271.029324,0.000000
1684926271.039227,0.000000
1684926271.049176,0.000000
1684926271.059236,0.000000
1684926271.068589,0.000000
1684926271.078607,0.000000
1684926271.089200,0.000000
1684926271.099240,0.000000
1684926271.109203,0.000000
1684926271.118573,0.000000
1684926271.128593,0.000000
1684926271.139265,0.000000
1684926271.148605,0.000000
1684926271.149025,0.000000
1684926271.158721,0.000000
1684926271.168622,0.000000
1684926271.179813,0.000000
1684926271.188755,0.000000
1684926271.198635,0.000000
1684926271.208682,0.000000
1684926271.218845,0.000000
1684926271.229638,0.000000
1684926271.238935,0.000000
1684926271.248620,0.000000
1684926271.258969,0.000000
1684926271.268721,0.000000
1684926271.279096,0.000000
1684926271.288776,0.000000
1684926271.299219,0.000000
1684926271.308868,0.000000
1684926271.319407,0.000000
1684926271.328776,0.000000
1684926271.339454,0.000000
1684926271.348786,0.000000
1684926271.358557,0.000000
1684926271.368813,0.000000
1684926271.379747,0.000000
1684926271.389827,0.000000
1684926271.399832,0.000000
1684926271.409910,0.000000
1684926271.419945,0.000000
1684926271.429990,0.000000
1684926271.440108,0.000000
1684926271.449141,0.000000
1684926271.460265,0.000000
1684926271.469165,0.000000
1684926271.479300,0.000000
1684926271.489288,0.000000
1684926271.499259,0.000000
1684926271.509361,0.000000
1684926271.519381,0.000000
1684926271.529264,0.000000
1684926271.539229,0.000000
1684926271.549286,0.000000
1684926271.559330,0.000000
1684926271.569353,0.000000
1684926271.579249,0.000000
1684926271.589206,0.000000
1684926271.599278,0.000000
1684926271.609264,0.000000
1684926271.619199,0.000000
1684926271.629167,0.000000
1684926271.639258,0.000000
1684926271.649183,0.000000
1684926271.659353,0.000000
1684926271.669251,0.000000
1684926271.679277,0.000000
1684926271.689302,0.000000
1684926271.699184,0.000000
1684926271.709240,0.000000
1684926271.709247,0.000000
1684926271.719382,0.000000
1684926271.729290,0.000000
1684926271.739223,0.000000
1684926271.749171,0.000000
1684926271.759331,0.000000
1684926271.769371,0.000000
1684926271.779229,0.000000
1684926271.789222,0.000000
1684926271.799242,0.000000
1684926271.809145,0.000000
1684926271.819417,0.000000
1684926271.829242,0.000000
1684926271.839290,0.000000
1684926271.849208,0.000000
1684926271.859266,0.000000
1684926271.869335,0.000000
1684926271.879286,0.000000
1684926271.889284,0.000000
1684926271.899199,0.000000
1684926271.909167,0.000000
1684926271.919460,0.000000
1684926271.929204,0.000000
1684926271.939224,0.000000
1684926271.949149,0.787402
1684926271.959264,2.362205
1684926271.969388,2.362205
1684926271.979204,3.937008
1684926271.989288,4.724410
1684926271.999200,5.511811
1684926272.009223,6.692914
1684926272.019305,7.874016
1684926272.029227,8.661417
1684926272.039206,9.842520
1684926272.049193,10.629921
1684926272.059201,11.417323
1684926272.069206,12.598425
1684926272.078657,12.992126
1684926272.089292,13.779528
1684926272.099182,14.566929
1684926272.109164,14.960629
1684926272.119289,15.748032
1684926272.129236,16.535433
1684926272.139206,16.535433
1684926272.149257,17.322834
1684926272.159224,17.716536
1684926272.169295,19.291338
1684926272.179286,19.291338
1684926272.189219,19.685040
1684926272.199270,20.078741
1684926272.209196,20.078741
1684926272.209210,20.078741
1684926272.219293,20.078741
1684926272.229216,20.866142
1684926272.239254,21.653543
1684926272.249307,21.653543
1684926272.259275,22.047245
1684926272.269223,22.047245
1684926272.279237,21.653543
1684926272.289230,20.078741
1684926272.299414,20.078741
1684926272.309229,18.897638
1684926272.319225,17.322834
1684926272.329233,16.141733
1684926272.339226,15.354331
1684926272.349221,14.566929
1684926272.359270,12.992126
1684926272.369279,11.811024
1684926272.379270,10.629921
1684926272.389224,9.055119
1684926272.399335,7.086614
1684926272.409312,4.330709
1684926272.419609,4.330709
1684926272.429192,3.543307
1684926272.439235,3.149606
1684926272.449305,2.362205
1684926272.459394,1.574803
1684926272.469208,1.574803
1684926272.479254,1.181102
1684926272.489276,0.787402
1684926272.499369,0.000000
1684926272.509514,0.000000
1684926272.519229,0.000000
1684926272.529254,0.000000
1684926272.539266,0.000000
1684926272.549182,0.000000
1684926272.559494,0.000000
1684926272.569296,0.000000
1684926272.579316,0.000000
1684926272.589190,0.000000
1684926272.599206,0.000000
1684926272.609415,0.000000
1684926272.619289,0.000000
1684926272.629213,0.000000
1684926272.639208,0.000000
1684926272.649285,0.000000
1684926272.659384,0.000000
1684926272.669277,0.000000
1684926272.679231,0.000000
1684926272.689292,0.000000
1684926272.699297,0.000000
1684926272.709296,0.000000
1684926272.719271,0.000000
1684926272.729288,0.000000
1684926272.739247,0.000000
1684926272.749289,0.000000
1684926272.759275,0.000000
1684926272.769284,0.000000
1684926272.779275,0.000000
1684926272.789297,0.000000
1684926272.799255,0.000000
1684926272.809426,0.000000
1684926272.819272,0.000000
1684926272.829280,0.000000
1684926272.839223,0.000000
1684926272.849261,0.000000
1684926272.859295,0.000000
1684926272.869227,0.000000
1684926272.879252,0.000000
1684926272.889232,0.000000
1684926272.899164,0.000000
1684926272.909328,0.000000
1684926272.919230,0.000000
1684926272.929230,0.000000
1684926272.939253,0.000000
1684926272.949315,0.000000
1684926272.959378,0.000000
1684926272.968512,0.000000
1684926272.978554,0.000000
1684926272.988612,0.000000
1684926272.998674,0.000000
1684926273.009701,0.000000
1684926273.019791,0.000000
1684926273.029898,0.000000
1684926273.039897,0.000000
1684926273.049984,0.000000
1684926273.059981,0.000000
1684926273.069409,0.000000
1684926273.080214,0.000000
1684926273.090208,0.000000
1684926273.099318,0.000000
1684926273.109292,0.000000
1684926273.119307,0.000000
1684926273.129237,0.000000
1684926273.139335,0.000000
1684926273.150447,0.000000
1684926273.159302,0.000000
1684926273.169260,0.000000
1684926273.179297,0.000000
1684926273.189302,0.000000
1684926273.199483,0.000000
1684926273.209364,0.000000
1684926273.219415,0.000000
1684926273.229359,0.000000
1684926273.239317,0.000000
1684926273.249297,0.000000
1684926273.259390,0.000000
1684926273.269327,0.000000
1684926273.279292,0.000000
1684926273.289228,0.000000
1684926273.289226,0.000000
1684926273.299436,0.000000
1684926273.309299,0.000000
1684926273.319321,0.000000
1684926273.329196,0.000000
1684926273.339254,0.000000
1684926273.349407,0.000000
1684926273.359295,0.000000
1684926273.369258,0.000000
1684926273.379254,0.000000
1684926273.389340,0.000000
1684926273.399426,0.000000
1684926273.409236,0.000000
1684926273.419276,0.000000
1684926273.429243,0.000000
1684926273.439322,0.000000
1684926273.449291,0.000000
1684926273.459307,0.000000
1684926273.469243,0.000000
1684926273.479254,0.000000
1684926273.489232,0.000000
1684926273.499340,0.000000
1684926273.509297,0.000000
1684926273.519307,0.000000
1684926273.529214,0.000000
1684926273.539253,20.078741
1684926273.549343,22.047245
1684926273.559298,22.834646
1684926273.569230,23.228346
1684926273.579257,24.015749
1684926273.589236,25.196850
1684926273.599313,26.377953
1684926273.609257,27.952755
1684926273.619265,29.527559
1684926273.629290,31.102362
1684926273.629290,31.102362
1684926273.639294,32.283466
1684926273.649322,33.858269
1684926273.659293,35.433071
1684926273.669504,36.614174
1684926273.679383,36.614174
1684926273.689298,36.220474
1684926273.699302,33.858269
1684926273.709255,30.314960
1684926273.719254,25.590551
1684926273.729365,20.472441
1684926273.739331,14.566929
1684926273.749253,8.661417
1684926273.759318,2.362205
1684926273.769255,0.000000
1684926273.779323,0.000000
1684926273.789301,0.000000
1684926273.799409,0.000000
1684926273.809333,0.000000
1684926273.819314,0.000000
1684926273.829347,0.000000
1684926273.839501,0.000000
1684926273.849345,0.000000
1684926273.859321,0.000000
1684926273.869219,0.000000
1684926273.879380,0.000000
1684926273.889446,0.000000
1684926273.899299,0.000000
1684926273.909248,0.000000
1684926273.919323,0.000000
1684926273.929282,0.000000
1684926273.939467,0.000000
1684926273.949256,0.000000
1684926273.959317,0.000000
1684926273.969296,0.000000
1684926273.979300,0.000000
1684926273.989436,0.000000
1684926273.999344,0.000000
1684926274.009298,0.000000
1684926274.019240,0.000000
1684926274.029223,0.000000
1684926274.039496,0.000000
1684926274.049182,0.000000
1684926274.059302,0.000000
1684926274.069240,0.000000
1684926274.079337,0.000000
1684926274.089464,0.000000
1684926274.099321,0.000000
1684926274.109120,0.000000
1684926274.119255,0.000000
1684926274.129413,0.000000
1684926274.139362,0.000000
1684926274.149151,0.000000
1684926274.159355,0.000000
1684926274.169257,0.000000
1684926274.179379,0.000000
1684926274.189308,0.000000
1684926274.199340,0.000000
1684926274.209274,0.000000
1684926274.219304,0.000000
1684926274.229219,0.000000
1684926274.239322,0.000000
1684926274.249008,0.000000
1684926274.259319,0.000000
1684926274.269239,0.000000
1684926274.279300,0.000000
1684926274.289345,0.000000
1684926274.299344,0.000000
1684926274.308995,0.000000
1684926274.319345,0.000000
1684926274.329278,0.000000
1684926274.339380,0.000000
1684926274.349046,0.000000
1684926274.359297,0.000000
1684926274.369410,0.000000
1684926274.379333,0.000000
1684926274.389343,0.000000
1684926274.399338,0.000000
1684926274.409289,0.000000
1684926274.419453,0.000000
1684926274.429289,0.000000
1684926274.439306,0.000000
1684926274.449099,0.000000
1684926274.459307,0.000000
1684926274.469235,0.000000
1684926274.479324,0.000000
1684926274.489326,0.000000
1684926274.499362,0.000000
1684926274.508981,0.000000
1684926274.518906,0.000000
1684926274.528945,0.000000
1684926274.539035,0.000000
1684926274.549010,0.000000
1684926274.558933,0.000000
1684926274.568928,0.000000
1684926274.579948,0.000000
1684926274.588947,0.000000
1684926274.598961,0.000000
1684926274.608947,0.000000
1684926274.619053,0.000000
1684926274.628928,0.000000
1684926274.639308,0.000000
1684926274.648929,0.000000
1684926274.659298,0.000000
1684926274.668954,0.000000
1684926274.679429,0.000000
1684926274.688986,0.000000
1684926274.699531,0.000000
1684926274.709054,0.000000
1684926274.718661,0.000000
1684926274.730073,0.000000
1684926274.738780,0.000000
1684926274.749079,0.000000
1684926274.759873,0.000000
1684926274.770136,0.000000
1684926274.779999,0.000000
1684926274.790191,0.000000
1684926274.800139,0.000000
1684926274.809253,0.000000
1684926274.820284,0.000000
1684926274.829363,0.000000
1684926274.840426,0.000000
1684926274.848884,0.000000
1684926274.859354,0.000000
1684926274.869364,0.000000
1684926274.879491,0.000000
1684926274.889345,0.000000
1684926274.899329,0.000000
1684926274.908850,0.000000
1684926274.919388,0.000000
1684926274.929340,0.000000
1684926274.939375,0.000000
1684926274.948861,0.000000
1684926274.959457,0.000000
1684926274.969262,0.000000
1684926274.979412,0.000000
1684926274.989355,0.000000
1684926274.999326,0.000000
1684926275.009288,0.000000
1684926275.009291,0.000000
1684926275.019302,0.000000
1684926275.029323,0.000000
1684926275.039374,0.000000
1684926275.049051,0.000000
1684926275.059460,0.000000
1684926275.069288,0.000000
1684926275.079391,0.000000
1684926275.089372,0.000000
1684926275.099332,0.000000
1684926275.108808,0.000000
1684926275.119644,0.000000
1684926275.129336,0.000000
1684926275.139329,0.000000
1684926275.148807,0.000000
1684926275.159429,0.000000
1684926275.169291,0.000000
1684926275.179367,0.000000
1684926275.189348,0.000000
1684926275.199386,0.000000
1684926275.209371,0.000000
1684926275.219368,0.000000
1684926275.229362,0.000000
1684926275.239393,0.000000
1684926275.248865,0.000000
1684926275.259430,0.000000
1684926275.269436,0.000000
1684926275.279416,0.000000
1684926275.289302,0.000000
1684926275.299369,0.000000
1684926275.309425,0.000000
1684926275.319504,0.000000
1684926275.329392,0.000000
1684926275.339307,0.000000
1684926275.349472,0.000000
1684926275.359363,0.000000
1684926275.369501,0.000000
1684926275.379382,0.000000
1684926275.389398,0.000000
1684926275.399373,0.000000
1684926275.409261,0.000000
1684926275.419550,0.000000
1684926275.429358,0.000000
1684926275.439403,0.000000
1684926275.449275,0.000000
1684926275.459320,0.000000
1684926275.469748,0.000000
1684926275.479412,0.000000
1684926275.488760,0.000000
1684926275.499312,0.000000
1684926275.508759,0.000000
1684926275.519501,0.000000
1684926275.529286,0.000000
1684926275.539330,0.000000
1684926275.548813,0.000000
1684926275.559433,0.000000
1684926275.568830,0.000000
1684926275.579444,0.000000
1684926275.589423,0.000000
1684926275.599420,0.000000
1684926275.609282,0.000000
1684926275.619371,0.000000
1684926275.629327,0.000000
1684926275.639382,0.000000
1684926275.648950,0.000000
1684926275.659317,0.000000
1684926275.668725,0.000000
1684926275.679290,0.000000
1684926275.688718,0.000000
1684926275.699597,0.000000
1684926275.708513,0.000000
1684926275.719271,0.000000
1684926275.728703,0.000000
1684926275.739267,0.000000
1684926275.748749,0.000000
1684926275.759205,0.000000
1684926275.768686,0.000000
1684926275.779738,0.000000
1684926275.788703,0.000000
1684926275.799596,0.000000
1684926275.808720,0.000000
1684926275.818702,0.000000
1684926275.828740,0.000000
1684926275.838760,0.000000
1684926275.848762,0.000000
1684926275.858891,0.000000
1684926275.868827,0.000000
1684926275.878857,0.000000
1684926275.881305,0.000000
1684926275.888853,0.000000
1684926275.898871,0.000000
1684926275.908873,0.000000
1684926275.920734,0.000000
1684926275.928920,0.000000
1684926275.938931,0.000000
1684926275.948685,0.000000
1684926275.959664,0.000000
1684926275.968680,0.000000
1684926275.979671,0.000000
1684926275.988695,0.000000
1684926275.999776,0.000000
1684926276.008796,0.000000
1684926276.019986,0.000000
1684926276.029944,0.000000
1684926276.039940,0.000000
1684926276.049692,0.000000
1684926276.060022,0.000000
1684926276.069786,0.000000
1684926276.078885,0.000000
1684926276.090312,0.000000
1684926276.098924,0.000000
1684926276.109403,0.000000
1684926276.118963,0.000000
1684926276.129424,0.000000
1684926276.138815,0.000000
1684926276.149316,0.000000
1684926276.159935,0.000000
1684926276.169391,0.000000
1684926276.178768,0.000000
1684926276.189315,0.000000
1684926276.198787,0.000000
1684926276.209496,0.000000
1684926276.218832,0.000000
1684926276.229311,0.000000
1684926276.238707,0.000000
1684926276.249444,0.000000
1684926276.258714,0.000000
1684926276.268705,0.000000
1684926276.278913,0.000000
1684926276.289357,0.000000
1684926276.298738,0.000000
1684926276.309379,0.000000
1684926276.318729,0.000000
1684926276.329362,0.000000
1684926276.338725,0.000000
1684926276.349309,0.000000
1684926276.358829,0.000000
1684926276.369397,0.000000
1684926276.378748,0.000000
1684926276.389319,0.000000
1684926276.398815,0.000000
1684926276.409467,0.000000
1684926276.418776,0.000000
1684926276.429333,0.000000
1684926276.438823,0.000000
1684926276.449322,0.000000
1684926276.458819,0.000000
1684926276.468802,0.000000
1684926276.478998,0.000000
1684926276.489425,0.000000
1684926276.498816,0.000000
1684926276.509387,0.000000
1684926276.518807,0.000000
1684926276.529366,0.000000
1684926276.538816,0.000000
1684926276.549380,0.000000
1684926276.558815,0.000000
1684926276.569371,0.000000
1684926276.578856,0.000000
1684926276.589460,0.000000
1684926276.598954,0.000000
1684926276.609334,0.000000
1684926276.618837,0.000000
1684926276.629319,0.000000
1684926276.638857,0.000000
1684926276.649423,0.000000
1684926276.658934,0.000000
1684926276.668859,0.000000
1684926276.678875,0.000000
1684926276.689461,0.000000
1684926276.698923,0.000000
1684926276.709423,0.000000
1684926276.718894,0.000000
1684926276.729333,0.000000
1684926276.739545,0.000000
1684926276.749525,0.000000
1684926276.758940,0.000000
1684926276.769357,0.000000
1684926276.779937,0.000000
1684926276.789401,0.000000
1684926276.789400,0.000000
1684926276.799572,0.000000
1684926276.809358,0.000000
1684926276.818936,0.000000
1684926276.829413,0.000000
1684926276.838938,0.000000
1684926276.849512,0.000000
1684926276.858940,0.000000
1684926276.869413,0.000000
1684926276.879506,0.000000
1684926276.889506,0.000000
1684926276.899608,0.000000
1684926276.909676,0.000000
1684926276.919461,0.000000
1684926276.929523,0.000000
1684926276.939481,0.000000
1684926276.949536,0.000000
1684926276.959499,0.000000
1684926276.969524,0.000000
1684926276.979542,0.000000
1684926276.989547,0.000000
1684926276.999464,0.000000
1684926277.009380,0.000000
1684926277.019681,0.000000
1684926277.029339,0.000000
1684926277.038630,0.000000
1684926277.048684,0.000000
1684926277.058686,0.000000
1684926277.068770,0.000000
1684926277.079372,0.000000
1684926277.089484,0.000000
1684926277.099419,0.000000
1684926277.109463,0.000000
1684926277.119439,0.000000
1684926277.129512,0.000000
1684926277.139461,0.000000
1684926277.149487,0.000000
1684926277.159458,0.000000
1684926277.169538,0.000000
1684926277.179635,0.000000
1684926277.188666,0.000000
1684926277.199728,0.000000
1684926277.208755,0.000000
1684926277.218859,0.000000
1684926277.228873,0.000000
1684926277.238940,0.000000
1684926277.248902,0.000000
1684926277.259094,0.000000
1684926277.269177,0.000000
1684926277.279086,0.000000
1684926277.289129,0.000000
1684926277.299408,0.000000
1684926277.309116,0.000000
1684926277.319120,0.000000
1684926277.329448,0.000000
1684926277.339112,0.000000
1684926277.348753,0.000000
1684926277.359139,0.000000
1684926277.369190,0.000000
1684926277.379155,0.000000
1684926277.389174,0.000000
1684926277.399139,0.000000
1684926277.409133,0.000000
1684926277.419173,0.000000
1684926277.429152,0.000000
1684926277.440170,0.000000
1684926277.448703,0.000000
1684926277.459157,0.000000
1684926277.469196,0.000000
1684926277.479150,0.000000
1684926277.490172,0.000000
1684926277.499180,0.000000
1684926277.509189,0.000000
1684926277.519173,0.000000
1684926277.529361,0.000000
1684926277.540191,0.000000
1684926277.549580,0.000000
1684926277.559214,0.000000
1684926277.569222,0.000000
1684926277.579203,0.000000
1684926277.589790,0.000000
1684926277.599193,0.000000
1684926277.609282,0.000000
1684926277.619214,0.000000
1684926277.629221,0.000000
1684926277.639236,0.000000
1684926277.649591,0.000000
1684926277.659214,0.000000
1684926277.669275,0.000000
1684926277.679233,0.000000
1684926277.689291,0.000000
1684926277.699232,0.000000
1684926277.709253,0.000000
1684926277.719257,0.000000
1684926277.729306,0.000000
1684926277.739318,0.000000
1684926277.749463,0.000000
1684926277.759717,0.000000
1684926277.769327,0.000000
1684926277.780286,0.000000
1684926277.790282,0.000000
1684926277.800346,0.000000
1684926277.810315,0.000000
1684926277.820374,0.000000
1684926277.829340,0.000000
1684926277.840381,0.000000
1684926277.849409,0.000000
1684926277.859404,0.000000
1684926277.869532,0.000000
1684926277.879438,0.000000
1684926277.890513,0.000000
1684926277.899567,0.000000
1684926277.909399,0.000000
1684926277.919484,0.000000
1684926277.929421,0.000000
1684926277.939477,0.000000
1684926277.949464,0.000000
1684926277.959445,0.000000
1684926277.969532,0.000000
1684926277.979423,0.000000
1684926277.989426,0.000000
1684926277.999470,0.000000
1684926278.009366,0.000000
1684926278.019575,0.000000
1684926278.029363,0.000000
1684926278.039448,0.000000
1684926278.049470,0.000000
1684926278.059420,0.000000
1684926278.069620,0.000000
1684926278.079468,0.000000
1684926278.079543,0.000000
1684926278.089485,0.000000
1684926278.099498,0.000000
1684926278.109450,0.000000
1684926278.119463,0.000000
1684926278.129602,0.000000
1684926278.139490,0.000000
1684926278.149424,0.000000
1684926278.159416,0.000000
1684926278.169507,0.000000
1684926278.179610,0.000000
1684926278.189428,0.000000
1684926278.199495,0.000000
1684926278.209468,0.000000
1684926278.219438,0.000000
1684926278.229485,0.000000
1684926278.239465,0.000000
1684926278.249455,0.000000
1684926278.259500,0.000000
1684926278.269456,0.000000
1684926278.279571,0.000000
1684926278.289512,0.000000
1684926278.299471,0.000000
1684926278.309570,0.000000
1684926278.319492,0.000000
1684926278.329642,0.000000
1684926278.339507,0.000000
1684926278.349484,0.000000
1684926278.359494,0.000000
1684926278.369542,0.000000
1684926278.379588,0.000000
1684926278.389544,0.000000
1684926278.399538,0.000000
1684926278.409556,0.000000
1684926278.419569,0.000000
1684926278.429534,0.000000
1684926278.439464,0.000000
1684926278.449530,0.000000
1684926278.459407,0.000000
1684926278.470079,0.000000
1684926278.479476,0.000000
1684926278.489552,0.000000
1684926278.499474,0.000000
1684926278.509536,0.000000
1684926278.519405,0.000000
1684926278.529550,0.000000
1684926278.539477,0.000000
1684926278.549555,0.000000
1684926278.559446,0.000000
1684926278.569551,0.000000
1684926278.579510,0.000000
1684926278.589557,0.000000
1684926278.599482,0.000000
